review_batch,reviewed_at,epic_id,manual_label,manual_label_family,training_eligibility,cnn_score,cnn_interpretation,manual_vs_cnn_status,error_family,candidate_survivor_score,gatevetter_score,primary_depth_snr,odd_even_depth_ratio,oot_to_depth,candidate_period_count,alias_risk,trusted_period_validation,manual_reason,reason_status
gatevetter_v0_2_batch_next_top_hold_review,2026-06-16,EPIC_211432946,low_priority_negative,negative,exclude_for_now,0.9650353789329529,very_high_morphology_score,manual_negative_vs_cnn_positive_morphology,cnn_morphology_false_positive_or_overcall,0.702652,0.55,5.160458478200994,0.7266037970356642,0.7827408868485567,15,low,true,"Trusted refreshed period and high CNN morphology score with low alias risk and no clear secondary, but primary SNR is modest, odd/even ratio is borderline-poor at 0.727, OOT variability is high relative to depth at 0.783, and candidate_period_count is very large. Not candidate_like.",complete_user_supplied
gatevetter_v0_2_batch_next_top_hold_review,2026-06-16,EPIC_211504682,reject_as_noise_or_artifact,negative,exclude_for_now,0.679133415222168,moderate_high_morphology_score,manual_negative_vs_cnn_positive_morphology,cnn_morphology_false_positive_or_overcall,0.48561,0.48561,1.1184237607935978,0.8303017005320215,0.9181745712292836,20,low,true,"Trusted refreshed period and low alias risk, but the signal is extremely weak with primary_depth_snr=1.12 and primary_depth only 5.56e-05. OOT variability is high relative to depth at 0.918 and candidate_period_count is very large. Odd/even is acceptable but cannot rescue a near-non-detection.",complete_user_supplied
gatevetter_v0_2_batch_next_top_hold_review,2026-06-16,EPIC_211518347,low_priority_negative,negative,exclude_for_now,0.9943699240684509,very_high_morphology_score,manual_negative_vs_cnn_positive_morphology,cnn_morphology_false_positive_or_overcall,0.687466,0.55,2.4702777833549527,0.8843183490034259,0.9040543095048562,31,low,true,"Trusted refreshed period, low alias risk, good odd/even ratio, and high CNN morphology score, but the transit evidence is weak. Primary_depth_snr is only 2.47, event support is low at 5, and OOT variability is high relative to depth at 0.904. Secondary metric is not a clean EB detection, but the phase/secondary region is not reassuring. Not candidate_like.",complete_user_supplied
gatevetter_v0_2_batch_next_top_hold_review,2026-06-16,EPIC_211592536,reject_as_noise_or_artifact,negative,exclude_for_now,0.5555700063705444,low_to_moderate_morphology_score,manual_negative_with_nonhigh_cnn_score,not_primary_cnn_error,0.290007,0.05,0.5569389400838022,,,22,period_ambiguous,false,"Period is ambiguous and untrusted, duration fraction is too large at 0.201, primary_depth_snr is only 0.56, odd/even and OOT diagnostics are unavailable due to period ambiguity, candidate_period_count is high at 970, and no convincing transit-like signal is visible.",complete_user_supplied
gatevetter_v0_2_batch_next_top_hold_review,2026-06-16,EPIC_211707161,uncertain_hold_positive,hold,exclude_for_now,0.6523032188415527,moderate_high_morphology_score,manual_hold_excluded_from_training_for_now,not_error_hold_case,0.680899,0.6,4.53106006882454,0.9207766587063917,0.04866715247641532,16,low,true,"Promising hold. Trusted refreshed period with low alias risk, good odd/even ratio, very low OOT/d",incomplete_user_supplied_truncated
gatevetter_v0_2_batch_next_top_hold_review,2026-06-16,EPIC_211781289,reject_as_noise_or_artifact,negative,exclude_for_now,0.7903218865394592,moderate_high_morphology_score,manual_negative_vs_cnn_positive_morphology,cnn_morphology_false_positive_or_overcall,0.595645,0.55,1.1482282817394556,0.8763362156836852,1.1271771233513923,28,moderate,true,"Trusted refreshed period and acceptable odd/even/secondary metrics, but the primary signal is extremely weak with primary_depth_snr=1.15. OOT variability exceeds the transit depth at oot_to_depth=1.13, event support is low, and CNN morphology score is not enough to rescue a near-non-detection.",complete_user_supplied
gatevetter_v0_2_batch_next_top_hold_review,2026-06-16,EPIC_211792360,low_priority_negative,negative,exclude_for_now,0.6074951887130737,low_to_moderate_morphology_score,manual_negative_with_nonhigh_cnn_score,not_primary_cnn_error,0.56043,0.55,4.342717542674303,0.9853365206762844,1.0768649099043672,14,low,true,"Trusted refreshed period with excellent odd/even agreement, no measured secondary, low alias risk, and good event-family support. However, primary SNR is only modest, duration is long-ish, candidate_period_count is very high, and OOT variability exceeds the transit depth at oot_to_depth=1.077. Not candidate_like.",complete_user_supplied
gatevetter_v0_2_batch_next_top_hold_review,2026-06-16,EPIC_211892055,low_priority_negative,negative,exclude_for_now,0.7108688354492188,moderate_high_morphology_score,manual_negative_vs_cnn_positive_morphology,cnn_morphology_false_positive_or_overcall,0.559891,0.55,1.0576102806333858,0.9236701826746204,0.9200643525329399,19,moderate,true,"Trusted refreshed period with good odd/even agreement and no measured secondary, but the primary signal is extremely weak with primary_depth_snr=1.06. OOT variability is high relative to transit depth at oot_to_depth=0.920, alias risk is moderate, event support is limited, and candidate_period_count remains high. Not candidate_like.",complete_user_supplied
gatevetter_v0_2_batch_next_top_hold_review,2026-06-16,EPIC_211894518,low_priority_negative,negative,exclude_for_now,0.8457432389259338,moderate_high_morphology_score,manual_negative_vs_cnn_positive_morphology,cnn_morphology_false_positive_or_overcall,0.580584,0.55,1.8611970513057585,0.8899798338310015,0.5513386323672995,26,moderate,true,"Trusted refreshed period with acceptable odd/even ratio and moderate/high CNN morphology score, but the signal is weak with primary_depth_snr=1.86. OOT variability exceeds 50% of transit depth, duration fraction is high at 0.15 for a short 1.29-day period, and event support is limited. Not candidate_like.",complete_user_supplied
gatevetter_v0_2_batch_next_top_hold_review,2026-06-16,EPIC_211939094,uncertain_hold_period_ambiguous,hold,exclude_for_now,0.9656868577003479,very_high_morphology_score,manual_hold_excluded_from_training_for_now,not_error_hold_case,0.641813,0.6,4.464233087362185,,,13,period_ambiguous,false,"Clear dip-like morphology and high CNN score, with moderate primary SNR and reasonable duration fraction, but period validation is untrusted/ambiguous. Odd/even and OOT diagnostics are unavailable, alias risk is period_ambiguous, and candidate_period_count is high. Do not promote to candidate_like until period is confirmed and odd/even/OOT diagnostics can be trusted.",complete_user_supplied
gatevetter_v0_2_batch_next_top_hold_review,2026-06-17,EPIC_211945502,low_priority_negative,negative,exclude_for_now,0.9337005615234375,very_high_morphology_score,manual_negative_vs_cnn_positive_morphology,cnn_morphology_false_positive_or_overcall,0.660165,0.55,2.590519119179006,0.9939257227883731,0.8624445669736938,15,low,true,"Trusted refreshed period, excellent odd/even, low alias risk, good event count, but weak SNR=2.59, high OOT/depth=0.862, very short period, high candidate_period_count. Not candidate_like.",complete_user_supplied
gatevetter_v0_2_batch_next_top_hold_review,2026-06-17,EPIC_211964543,uncertain_hold_period_ambiguous,hold,exclude_for_now,0.761160671710968,moderate_high_morphology_score,manual_hold_excluded_from_training_for_now,not_error_hold_case,0.552343,0.552343,6.0436529450834815,,,23,period_ambiguous,false,"Visible dip-like features and SNR=6.04, no measured secondary, but period is ambiguous/untrusted, odd/even and OOT missing, alias_risk=period_ambiguous, candidate_period_count=1491. Needs period confirmation.",complete_user_supplied
gatevetter_v0_2_batch_next_top_hold_review,2026-06-17,EPIC_211998546,reject_as_noise_or_artifact,negative,exclude_for_now,0.6017098426818848,low_to_moderate_morphology_score,manual_negative_with_nonhigh_cnn_score,not_primary_cnn_error,0.410769,0.410769,2.904263316834605,0.8440048149006283,0.5426116212010157,28,low,true,"Trusted period and low alias risk, but weak SNR=2.90, OOT/depth=0.543, long-ish duration_fraction=0.124, low event support. Reject/noise.",complete_user_supplied
gatevetter_v0_2_batch_next_top_hold_review,2026-06-17,EPIC_212005801,uncertain_hold_positive,hold,exclude_for_now,0.6874094009399414,moderate_high_morphology_score,manual_hold_excluded_from_training_for_now,not_error_hold_case,0.531435,0.531435,13.600314639209568,,,17,period_ambiguous,false,"Visually promising coherent dip, strong SNR=13.6, reasonable duration, moderate event support, no obvious secondary, but period is ambiguous/untrusted and odd/even, OOT, secondary_snr are missing. Needs period confirmation and diagnostic recompute.",complete_user_supplied
gatevetter_v0_2_batch_next_top_hold_review,2026-06-17,EPIC_212011152,reject_as_noise_or_artifact,negative,exclude_for_now,0.6663674116134644,moderate_high_morphology_score,manual_negative_vs_cnn_positive_morphology,cnn_morphology_false_positive_or_overcall,0.506695,0.506695,4.203060827778526,,,27,period_ambiguous,false,"Period ambiguous/untrusted, long P=30.89d, very low event support=4, tiny depth, missing odd/even/OOT, alias_risk=period_ambiguous. Reject/noise.",complete_user_supplied
gatevetter_v0_2_batch_next_top_hold_review,2026-06-17,EPIC_212015396,uncertain_hold_positive,hold,exclude_for_now,0.8327879309654236,moderate_high_morphology_score,manual_hold_excluded_from_training_for_now,not_error_hold_case,0.58851,0.58851,8.464762581634035,,,16,period_ambiguous,false,"Visually promising shallow dip, SNR=8.46, no obvious secondary, short duration_fraction, but period ambiguous/untrusted, odd/even and OOT missing, alias_risk=period_ambiguous, candidate_period_count=1242. Needs period confirmation and diagnostic recompute.",complete_user_supplied
gatevetter_v0_2_batch_next_manual_reject_sanity_review,2026-06-22,EPIC_211972837,false_positive_eb_or_variable,negative,exclude_for_now,0.7281253933906555,moderate_high_morphology_score,manual_negative_vs_cnn_positive_morphology,cnn_morphology_false_positive_or_overcall,0.0,0.0,2.566045124740027,0.9729270676024682,0.2705479639108514,13,low,true,Manual sanity review confirms the EB/variable-gate reject is correct.,complete_user_supplied
gatevetter_v0_2_batch_next_manual_reject_sanity_review,2026-06-22,EPIC_211703338,false_positive_eb_or_variable,negative,exclude_for_now,0.6497282981872559,low_to_moderate_morphology_score,manual_negative_with_nonhigh_cnn_score,not_primary_cnn_error,0.0,0.0,5.371281312759729,0.6237437265602954,0.01406872766627033,21,low,true,Manual sanity review confirms the EB/variable-gate reject is correct.,complete_user_supplied
gatevetter_v0_2_batch_next_manual_reject_sanity_review,2026-06-22,EPIC_211938794,false_positive_eb_or_variable,negative,exclude_for_now,0.9436482191085815,very_high_morphology_score,manual_negative_vs_cnn_positive_morphology,cnn_morphology_false_positive_or_overcall,0.0,0.0,1.567234865882843,,,22,period_ambiguous,false,Manual sanity review confirms the EB/variable-gate reject is correct.,complete_user_supplied
gatevetter_v0_2_batch_next_manual_reject_sanity_review,2026-06-22,EPIC_211548229,noise_or_variable,negative,exclude_for_now,0.9589669108390808,very_high_morphology_score,manual_negative_vs_cnn_positive_morphology,cnn_morphology_false_positive_or_overcall,0.0,0.0,0.771491195425674,,,23,period_ambiguous,false,Manual sanity review confirms the reject is correct; best interpretation is noise/variable.,complete_user_supplied
gatevetter_v0_2_batch_next_manual_reject_sanity_review,2026-06-22,EPIC_211973836,reject_as_noise_or_artifact,negative,exclude_for_now,0.9505089521408081,very_high_morphology_score,manual_negative_vs_cnn_positive_morphology,cnn_morphology_false_positive_or_overcall,0.0,0.0,0.12125352562925916,,,25,period_ambiguous,false,Manual sanity review confirms the reject is correct; best interpretation is noise/artifact.,complete_user_supplied
gatevetter_v0_2_batch_next_manual_reject_sanity_review,2026-06-22,EPIC_212012387,reject_as_noise_or_artifact,negative,exclude_for_now,0.9351791739463806,very_high_morphology_score,manual_negative_vs_cnn_positive_morphology,cnn_morphology_false_positive_or_overcall,0.540831,0.35,1.2451502533903427,,,21,period_ambiguous,false,Manual sanity review confirms the weak/incomplete-gate reject is correct as noise/artifact.,complete_user_supplied
gatevetter_v0_2_batch_next_manual_reject_sanity_review,2026-06-22,EPIC_212013215,reject_as_noise_or_artifact,negative,exclude_for_now,0.8594058752059937,moderate_high_morphology_score,manual_negative_vs_cnn_positive_morphology,cnn_morphology_false_positive_or_overcall,0.466733,0.35,1.7224044847031703,,,18,period_ambiguous,false,Manual sanity review confirms the weak/incomplete-gate reject is correct as noise/artifact.,complete_user_supplied
gatevetter_v0_2_batch_next_manual_reject_sanity_review,2026-06-22,EPIC_211812160,reject_as_noise_or_artifact,negative,exclude_for_now,0.9868557453155518,very_high_morphology_score,manual_negative_vs_cnn_positive_morphology,cnn_morphology_false_positive_or_overcall,0.564085,0.35,0.6215851589228855,,,30,period_ambiguous,false,Manual sanity review confirms the weak/incomplete-gate reject is correct as noise/artifact.,complete_user_supplied
gatevetter_v0_2_batch_next_manual_reject_sanity_review,2026-06-22,EPIC_211954593,reject_as_noise_or_artifact,negative,exclude_for_now,0.8445345163345337,moderate_high_morphology_score,manual_negative_vs_cnn_positive_morphology,cnn_morphology_false_positive_or_overcall,0.500041,0.35,1.1269290738731346,,,22,period_ambiguous,false,Manual sanity review confirms the weak/incomplete-gate reject is correct as noise/artifact.,complete_user_supplied
gatevetter_v0_2_batch_next_manual_reject_sanity_review,2026-06-22,EPIC_211933828,reject_as_noise_or_artifact,negative,exclude_for_now,0.8879664540290833,moderate_high_morphology_score,manual_negative_vs_cnn_positive_morphology,cnn_morphology_false_positive_or_overcall,0.519585,0.35,0.7399077150130144,,,29,period_ambiguous,false,Manual sanity review confirms the weak/incomplete-gate reject is correct as noise/artifact.,complete_user_supplied
gatevetter_v0_2_batch_3_top_hold_review,2026-06-22,EPIC_211912465,uncertain_hold_period_ambiguous,hold,exclude_for_now,0.7354157567024231,moderate_high_morphology_score,manual_hold_excluded_from_training_for_now,not_error_hold_case,0.578549,0.578549,29.29961609618495,,,24,period_ambiguous,false,User-supplied batch-3 top-hold manual review label: uncertain_hold_period_ambiguous.,complete_user_supplied
gatevetter_v0_2_batch_3_top_hold_review,2026-06-22,EPIC_211384981,reject_as_noise_or_artifact,negative,exclude_for_now,0.674346923828125,moderate_high_morphology_score,manual_negative_vs_cnn_positive_morphology,cnn_morphology_false_positive_or_overcall,0.52747,0.52747,14.778035231822583,,,24,period_ambiguous,false,User-supplied batch-3 top-hold manual review label: reject_as_noise_or_artifact.,complete_user_supplied
gatevetter_v0_2_batch_3_top_hold_review,2026-06-22,EPIC_211490678,low_priority_negative,negative,exclude_for_now,0.570981502532959,low_to_moderate_morphology_score,manual_negative_with_nonhigh_cnn_score,not_primary_cnn_error,0.584246,0.55,4.4948073761686596,0.8898753960393517,1.0598759382105896,18,moderate,true,User-supplied batch-3 top-hold manual review label: low_priority_negative.,complete_user_supplied
gatevetter_v0_2_batch_3_top_hold_review,2026-06-22,EPIC_211504156,variable_or_possible_eb,negative,exclude_for_now,0.777080774307251,moderate_high_morphology_score,manual_negative_vs_cnn_positive_morphology,cnn_morphology_false_positive_or_overcall,0.639447,0.55,6.007038416155969,0.9398029608953625,0.6256661090763701,17,moderate,true,User-supplied batch-3 top-hold manual review label: variable_or_possible_eb.,complete_user_supplied
gatevetter_v0_2_batch_3_top_hold_review,2026-06-22,EPIC_211613728,reject_as_noise_or_artifact,negative,exclude_for_now,0.6516250371932983,moderate_high_morphology_score,manual_negative_vs_cnn_positive_morphology,cnn_morphology_false_positive_or_overcall,0.502139,0.502139,5.48194317031437,,,23,period_ambiguous,false,User-supplied batch-3 top-hold manual review label: reject_as_noise_or_artifact.,complete_user_supplied
gatevetter_v0_2_batch_3_top_hold_review,2026-06-22,EPIC_211705654,reject_as_noise_or_artifact,negative,exclude_for_now,0.507875919342041,low_to_moderate_morphology_score,manual_negative_with_nonhigh_cnn_score,not_primary_cnn_error,0.428544,0.428544,2.6591702152257217,0.9602763762271179,1.6480273136732317,14,low,true,User-supplied batch-3 top-hold manual review label: reject_as_noise_or_artifact.,complete_user_supplied
gatevetter_v0_2_batch_3_top_hold_review,2026-06-22,EPIC_211322563,reject_as_noise_or_artifact,negative,exclude_for_now,0.761850893497467,moderate_high_morphology_score,manual_negative_vs_cnn_positive_morphology,cnn_morphology_false_positive_or_overcall,0.582833,0.55,0.7206859586613807,0.9071061027896792,2.0688181586642944,22,moderate,true,User-supplied batch-3 top-hold manual review label: reject_as_noise_or_artifact.,complete_user_supplied
gatevetter_v0_2_batch_3_top_hold_review,2026-06-22,EPIC_211914980,low_priority_negative,negative,exclude_for_now,0.5697023868560791,low_to_moderate_morphology_score,manual_negative_with_nonhigh_cnn_score,not_primary_cnn_error,0.456366,0.456366,2.7425676588802643,0.9874792955315429,0.43777491381861827,19,low,true,User-supplied batch-3 top-hold manual review label: low_priority_negative.,complete_user_supplied
gatevetter_v0_2_batch_3_top_hold_review,2026-06-22,EPIC_212029715,low_priority_negative,negative,exclude_for_now,0.5273394584655762,low_to_moderate_morphology_score,manual_negative_with_nonhigh_cnn_score,not_primary_cnn_error,0.437303,0.437303,3.404968463789304,0.8727606473275716,0.4705754673765165,18,low,true,User-supplied batch-3 top-hold manual review label: low_priority_negative.,complete_user_supplied
gatevetter_v0_2_batch_3_manual_review,2026-06-22,EPIC_211912465,uncertain_hold_period_ambiguous,hold,exclude_for_now,0.7354157567024231,moderate_high_morphology_score,manual_hold_excluded_from_training_for_now,not_error_hold_case,0.578549,0.578549,29.29961609618495,,,24,period_ambiguous,false,Consolidated GateVetter v0.2 Batch 3 manual review label: uncertain_hold_period_ambiguous.,complete_user_supplied
gatevetter_v0_2_batch_3_manual_review,2026-06-22,EPIC_211384981,reject_as_noise_or_artifact,negative,possible_future_training_example,0.674346923828125,moderate_high_morphology_score,manual_negative_vs_cnn_positive_morphology,cnn_morphology_false_positive_or_overcall,0.52747,0.52747,14.778035231822583,,,24,period_ambiguous,false,Consolidated GateVetter v0.2 Batch 3 manual review label: reject_as_noise_or_artifact.,complete_user_supplied
gatevetter_v0_2_batch_3_manual_review,2026-06-22,EPIC_211490678,low_priority_negative,negative,possible_future_training_example,0.570981502532959,low_to_moderate_morphology_score,manual_negative_with_nonhigh_cnn_score,not_primary_cnn_error,0.584246,0.55,4.4948073761686596,0.8898753960393517,1.0598759382105896,18,moderate,true,Consolidated GateVetter v0.2 Batch 3 manual review label: low_priority_negative.,complete_user_supplied
gatevetter_v0_2_batch_3_manual_review,2026-06-22,EPIC_211504156,variable_or_possible_eb,negative,possible_future_training_example,0.777080774307251,moderate_high_morphology_score,manual_negative_vs_cnn_positive_morphology,cnn_morphology_false_positive_or_overcall,0.639447,0.55,6.007038416155969,0.9398029608953625,0.6256661090763701,17,moderate,true,Consolidated GateVetter v0.2 Batch 3 manual review label: variable_or_possible_eb.,complete_user_supplied
gatevetter_v0_2_batch_3_manual_review,2026-06-22,EPIC_211613728,reject_as_noise_or_artifact,negative,possible_future_training_example,0.6516250371932983,moderate_high_morphology_score,manual_negative_vs_cnn_positive_morphology,cnn_morphology_false_positive_or_overcall,0.502139,0.502139,5.48194317031437,,,23,period_ambiguous,false,Consolidated GateVetter v0.2 Batch 3 manual review label: reject_as_noise_or_artifact.,complete_user_supplied
gatevetter_v0_2_batch_3_manual_review,2026-06-22,EPIC_211705654,reject_as_noise_or_artifact,negative,possible_future_training_example,0.507875919342041,low_to_moderate_morphology_score,manual_negative_with_nonhigh_cnn_score,not_primary_cnn_error,0.428544,0.428544,2.6591702152257217,0.9602763762271179,1.6480273136732317,14,low,true,Consolidated GateVetter v0.2 Batch 3 manual review label: reject_as_noise_or_artifact.,complete_user_supplied
gatevetter_v0_2_batch_3_manual_review,2026-06-22,EPIC_211322563,reject_as_noise_or_artifact,negative,possible_future_training_example,0.761850893497467,moderate_high_morphology_score,manual_negative_vs_cnn_positive_morphology,cnn_morphology_false_positive_or_overcall,0.582833,0.55,0.7206859586613807,0.9071061027896792,2.0688181586642944,22,moderate,true,Consolidated GateVetter v0.2 Batch 3 manual review label: reject_as_noise_or_artifact.,complete_user_supplied
gatevetter_v0_2_batch_3_manual_review,2026-06-22,EPIC_211914980,low_priority_negative,negative,possible_future_training_example,0.5697023868560791,low_to_moderate_morphology_score,manual_negative_with_nonhigh_cnn_score,not_primary_cnn_error,0.456366,0.456366,2.7425676588802643,0.9874792955315429,0.43777491381861827,19,low,true,Consolidated GateVetter v0.2 Batch 3 manual review label: low_priority_negative.,complete_user_supplied
gatevetter_v0_2_batch_3_manual_review,2026-06-22,EPIC_212029715,low_priority_negative,negative,possible_future_training_example,0.5273394584655762,low_to_moderate_morphology_score,manual_negative_with_nonhigh_cnn_score,not_primary_cnn_error,0.437303,0.437303,3.404968463789304,0.8727606473275716,0.4705754673765165,18,low,true,Consolidated GateVetter v0.2 Batch 3 manual review label: low_priority_negative.,complete_user_supplied
gatevetter_v0_2_batch_3_manual_review,2026-06-22,EPIC_211959779,false_positive_eb_or_variable,negative,possible_future_training_example,0.6302798390388489,low_to_moderate_morphology_score,manual_negative_with_nonhigh_cnn_score,not_primary_cnn_error,0.0,0.0,4.350198728452244,0.630441016736007,1.0808419364590671,17,moderate,true,Consolidated GateVetter v0.2 Batch 3 manual review label: false_positive_eb_or_variable.,complete_user_supplied
gatevetter_v0_2_batch_3_manual_review,2026-06-22,EPIC_212011476,false_positive_eb_or_variable,negative,possible_future_training_example,0.9633581638336182,very_high_morphology_score,manual_negative_vs_cnn_positive_morphology,cnn_morphology_false_positive_or_overcall,0.0,0.0,3.351116089872258,0.9939368952751712,0.7490177615062392,12,low,true,Consolidated GateVetter v0.2 Batch 3 manual review label: false_positive_eb_or_variable.,complete_user_supplied
gatevetter_v0_2_batch_4_manual_review,2026-06-22,EPIC_211624954,uncertain_hold_positive,hold,exclude_for_now,0.7979992032051086,moderate_high_morphology_score,manual_hold_excluded_from_training_for_now,not_error_hold_case,0.746833,0.6,4.758680827173873,0.9849944811416169,0.2679599086531153,13,moderate,true,"Plausible transit-like folded dip with trusted refreshed period, but conservative hold remains appropriate because evidence is not Stage-G clean.",complete_codex_visual_review
gatevetter_v0_2_batch_4_manual_review,2026-06-22,EPIC_211524158,variable_or_possible_eb,negative,possible_future_training_example,0.651032567024231,moderate_high_morphology_score,manual_negative_vs_cnn_positive_morphology,cnn_morphology_false_positive_or_overcall,0.568849,0.55,9.774464346272836,0.8438626560660321,0.42489844747304517,19,low,true,"Strong raw variability, OOT variability hold, and secondary/phase structure are more consistent with variable or EB contamination than a clean planet candidate.",complete_codex_visual_review
gatevetter_v0_2_batch_4_manual_review,2026-06-22,EPIC_211687388,uncertain_hold_positive,hold,exclude_for_now,0.8278518915176392,moderate_high_morphology_score,manual_hold_excluded_from_training_for_now,not_error_hold_case,0.745433,0.55,7.938532293634828,0.7239831552614334,0.1384341265086153,16,low,true,"Sharp transit-like event with good CNN support, but odd/even hold and remaining variability keep it as a positive hold rather than candidate-like promotion.",complete_codex_visual_review
gatevetter_v0_2_batch_4_manual_review,2026-06-22,EPIC_212017960,low_priority_negative,negative,possible_future_training_example,0.6674181818962097,moderate_high_morphology_score,manual_negative_vs_cnn_positive_morphology,cnn_morphology_false_positive_or_overcall,0.480338,0.480338,2.715831857801009,0.6719289894922877,0.4622531473488113,16,moderate,true,Low primary SNR with odd/even and OOT hold gates; visual evidence is not candidate-like enough to keep as a positive hold.,complete_codex_visual_review
gatevetter_v0_2_batch_4_manual_review,2026-06-22,EPIC_211958260,variable_or_possible_eb,negative,possible_future_training_example,0.6119179725646973,low_to_moderate_morphology_score,manual_negative_with_nonhigh_cnn_score,not_primary_cnn_error,0.475363,0.475363,,0.9694195733582118,1.0430820293456862,19,low,true,High OOT-to-depth with missing key diagnostics and strong structured variability; treat as variable or possible EB.,complete_codex_visual_review
gatevetter_v0_2_batch_4_manual_review,2026-06-22,EPIC_211480475,false_positive_eb_or_variable,negative,possible_future_training_example,0.9589287042617798,very_high_morphology_score,manual_negative_vs_cnn_positive_morphology,cnn_morphology_false_positive_or_overcall,0.0,0.0,3.3725595814879097,0.9488647360272298,0.8686331735205884,13,low,true,Large coherent stellar/EB-like modulation and deep phase structure; no missed planet-like reject.,complete_codex_visual_review
gatevetter_v0_2_batch_4_manual_review,2026-06-22,EPIC_211992776,variable_or_possible_eb,negative,possible_future_training_example,0.8277655839920044,moderate_high_morphology_score,manual_negative_vs_cnn_positive_morphology,cnn_morphology_false_positive_or_overcall,0.0,0.0,1.1081177293127393,0.6038736396419891,0.7244382532584864,29,moderate,true,Weak shallow folded feature on structured variability with EB/variable gate context; no candidate-like recovery.,complete_codex_visual_review
gatevetter_v0_2_batch_4_manual_review,2026-06-22,EPIC_211719484,false_positive_eb_or_variable,negative,possible_future_training_example,0.9927183389663696,very_high_morphology_score,manual_negative_vs_cnn_positive_morphology,cnn_morphology_false_positive_or_overcall,0.0,0.0,0.3579617441127724,,,25,period_ambiguous,false,Period-ambiguous EB-like morphology with secondary/shape concerns; reject remains valid.,complete_codex_visual_review
gatevetter_v0_2_batch_4_manual_review,2026-06-22,EPIC_211944122,reject_as_noise_or_artifact,negative,possible_future_training_example,0.8382551670074463,moderate_high_morphology_score,manual_negative_vs_cnn_positive_morphology,cnn_morphology_false_positive_or_overcall,0.0,0.0,0.6458440745348205,,,29,period_ambiguous,false,"No coherent transit-like signal in folded, zoom, or event-stack views; reject remains valid.",complete_codex_visual_review
gatevetter_v0_2_batch_4_manual_review,2026-06-22,EPIC_211705299,reject_as_noise_or_artifact,negative,possible_future_training_example,0.8378925323486328,moderate_high_morphology_score,manual_negative_vs_cnn_positive_morphology,cnn_morphology_false_positive_or_overcall,0.0,0.0,0.5940696521481112,,,29,period_ambiguous,false,No reliable transit-like family; period ambiguity and noisy folded structure support reject.,complete_codex_visual_review
gatevetter_v0_2_batch_4_manual_review,2026-06-22,EPIC_211355462,reject_as_noise_or_artifact,negative,possible_future_training_example,0.9403738379478455,very_high_morphology_score,manual_negative_vs_cnn_positive_morphology,cnn_morphology_false_positive_or_overcall,0.543168,0.35,1.5766048645645683,,,28,period_ambiguous,false,Weak/ambiguous dip with period ambiguity and poor event support; reject remains valid.,complete_codex_visual_review
gatevetter_v0_2_batch_4_manual_review,2026-06-22,EPIC_211963291,reject_as_noise_or_artifact,negative,possible_future_training_example,0.8650718927383423,moderate_high_morphology_score,manual_negative_vs_cnn_positive_morphology,cnn_morphology_false_positive_or_overcall,0.509282,0.35,0.8764218638318716,,,23,period_ambiguous,false,Period-ambiguous noisy structure without a convincing repeated transit family.,complete_codex_visual_review
gatevetter_v0_2_batch_4_manual_review,2026-06-22,EPIC_211797554,reject_as_noise_or_artifact,negative,possible_future_training_example,0.848864734172821,moderate_high_morphology_score,manual_negative_vs_cnn_positive_morphology,cnn_morphology_false_positive_or_overcall,0.501989,0.35,0.7419714215970811,,,27,period_ambiguous,false,No convincing transit-like signal; noisy/ambiguous folded and event-stack views.,complete_codex_visual_review
gatevetter_v0_2_batch_4_manual_review,2026-06-22,EPIC_211330591,reject_as_noise_or_artifact,negative,possible_future_training_example,0.8452200889587402,moderate_high_morphology_score,manual_negative_vs_cnn_positive_morphology,cnn_morphology_false_positive_or_overcall,0.500349,0.35,0.7776030589803956,,,28,period_ambiguous,false,Noisy period-ambiguous folded structure; no missed candidate-like evidence.,complete_codex_visual_review
gatevetter_v0_2_batch_4_manual_review,2026-06-22,EPIC_211803640,reject_as_noise_or_artifact,negative,possible_future_training_example,0.8220585584640503,moderate_high_morphology_score,manual_negative_vs_cnn_positive_morphology,cnn_morphology_false_positive_or_overcall,0.489926,0.35,0.8304374868232735,,,29,period_ambiguous,false,Noisy period-ambiguous folded structure and weak event support; reject remains valid.,complete_codex_visual_review
gatevetter_v0_2_batch_5_manual_review,2026-06-22,EPIC_211351798,false_positive_eb_or_variable,negative,possible_future_training_example,0.6727136373519897,moderate_high_morphology_score,manual_negative_vs_cnn_positive_morphology,cnn_morphology_false_positive_or_overcall,0.622651,0.55,36.880185274920855,0.7977102095052904,0.576434242870734,13,low,true,"Strong sinusoidal variability, OOT variability, and secondary-like structure; not a planet-candidate hold.",complete_codex_visual_review
gatevetter_v0_2_batch_5_manual_review,2026-06-22,EPIC_211768304,uncertain_hold_positive,hold,exclude_for_now,0.8395941257476807,moderate_high_morphology_score,manual_hold_excluded_from_training_for_now,not_error_hold_case,0.645859,0.55,4.948995371239028,0.7618304954739153,0.37910226258404306,26,moderate,true,"Sharp transit-like dip with good CNN support, but variability/secondary context keeps it as a positive hold rather than Stage G.",complete_codex_visual_review
gatevetter_v0_2_batch_5_manual_review,2026-06-22,EPIC_212029934,false_positive_eb_or_variable,negative,possible_future_training_example,0.8764703273773193,moderate_high_morphology_score,manual_negative_vs_cnn_positive_morphology,cnn_morphology_false_positive_or_overcall,0.634412,0.55,3.290929609043281,0.9677255055372925,0.7653733590824818,23,low,true,Large coherent modulation and broad EB-like phased structure; reject from planet-candidate queue.,complete_codex_visual_review
gatevetter_v0_2_batch_5_manual_review,2026-06-22,EPIC_211485867,uncertain_hold_period_ambiguous,hold,exclude_for_now,0.7152086496353149,moderate_high_morphology_score,manual_hold_excluded_from_training_for_now,not_error_hold_case,0.530655,0.530655,5.422340741753158,,,19,period_ambiguous,false,"Transit-like dip is visible, but period ambiguity and missing/NA cross-checks prevent positive promotion.",complete_codex_visual_review
gatevetter_v0_2_batch_5_manual_review,2026-06-22,EPIC_211775796,variable_or_possible_eb,negative,possible_future_training_example,0.6858513355255127,moderate_high_morphology_score,manual_negative_vs_cnn_positive_morphology,cnn_morphology_false_positive_or_overcall,0.516275,0.516275,4.702961428642093,,,20,period_ambiguous,false,Structured stellar variability and secondary/phase features outweigh the weak primary dip.,complete_codex_visual_review
gatevetter_v0_2_batch_5_manual_review,2026-06-22,EPIC_211775229,variable_or_possible_eb,negative,possible_future_training_example,0.6702765226364136,moderate_high_morphology_score,manual_negative_vs_cnn_positive_morphology,cnn_morphology_false_positive_or_overcall,0.514166,0.514166,7.718042172876392,,,23,period_ambiguous,false,Variable/EB-like morphology with period ambiguity and secondary structure; not a planet candidate.,complete_codex_visual_review
gatevetter_v0_2_batch_5_manual_review,2026-06-22,EPIC_211328173,reject_as_noise_or_artifact,negative,possible_future_training_example,0.7321066856384277,moderate_high_morphology_score,manual_negative_vs_cnn_positive_morphology,cnn_morphology_false_positive_or_overcall,0.369448,0.05,-0.0982893148101059,,,34,period_ambiguous,false,No convincing transit-like signal and invalid/negative primary-depth evidence.,complete_codex_visual_review
gatevetter_v0_2_batch_5_manual_review,2026-06-22,EPIC_211918830,false_positive_eb_or_variable,negative,possible_future_training_example,0.899479329586029,moderate_high_morphology_score,manual_negative_vs_cnn_positive_morphology,cnn_morphology_false_positive_or_overcall,0.0,0.0,1.7249473194406142,0.9825329184153644,1.0923721292548654,14,moderate,true,Deep coherent EB-like modulation and high OOT-to-depth; reject sanity remains valid.,complete_codex_visual_review
gatevetter_v0_2_batch_5_manual_review,2026-06-22,EPIC_211308816,reject_as_noise_or_artifact,negative,possible_future_training_example,0.8090390563011169,moderate_high_morphology_score,manual_negative_vs_cnn_positive_morphology,cnn_morphology_false_positive_or_overcall,0.0,0.0,0.7989352043258047,,,34,period_ambiguous,false,No coherent transit-like family in folded or event-stack views; high-CNN reject remains valid.,complete_codex_visual_review
gatevetter_v0_2_batch_5_manual_review,2026-06-22,EPIC_212031287,reject_as_noise_or_artifact,negative,possible_future_training_example,0.7816839218139648,moderate_high_morphology_score,manual_negative_vs_cnn_positive_morphology,cnn_morphology_false_positive_or_overcall,0.0,0.0,0.19808662870413424,,,28,period_ambiguous,false,Period-ambiguous spike/noise structure without repeatable transit evidence.,complete_codex_visual_review
gatevetter_v0_2_batch_5_manual_review,2026-06-22,EPIC_211947216,reject_as_noise_or_artifact,negative,possible_future_training_example,0.7910603284835815,moderate_high_morphology_score,manual_negative_vs_cnn_positive_morphology,cnn_morphology_false_positive_or_overcall,0.0,0.0,0.0725349798398391,,,31,period_ambiguous,false,Noisy folded/zoom views and period ambiguity; no missed candidate-like signal.,complete_codex_visual_review
gatevetter_v0_2_batch_5_manual_review,2026-06-22,EPIC_211600288,reject_as_noise_or_artifact,negative,possible_future_training_example,0.7542585134506226,moderate_high_morphology_score,manual_negative_vs_cnn_positive_morphology,cnn_morphology_false_positive_or_overcall,0.0,0.0,0.12634576240165776,,,27,period_ambiguous,false,Period-ambiguous spike/noise morphology with no reliable event family.,complete_codex_visual_review
gatevetter_v0_2_batch_5_manual_review,2026-06-22,EPIC_212020821,reject_as_noise_or_artifact,negative,possible_future_training_example,0.871651291847229,moderate_high_morphology_score,manual_negative_vs_cnn_positive_morphology,cnn_morphology_false_positive_or_overcall,0.512243,0.35,2.1350828308006995,,,31,period_ambiguous,false,Isolated narrow feature in noisy period-ambiguous context; reject remains valid.,complete_codex_visual_review
gatevetter_v0_2_batch_5_manual_review,2026-06-22,EPIC_211796395,reject_as_noise_or_artifact,negative,possible_future_training_example,0.9205952286720276,very_high_morphology_score,manual_negative_vs_cnn_positive_morphology,cnn_morphology_false_positive_or_overcall,0.534268,0.35,0.5686140922596379,,,28,period_ambiguous,false,Noisy ambiguous folded structure with no convincing planet-like transit family.,complete_codex_visual_review
gatevetter_v0_2_batch_5_manual_review,2026-06-22,EPIC_211496260,reject_as_noise_or_artifact,negative,possible_future_training_example,0.8358789682388306,moderate_high_morphology_score,manual_negative_vs_cnn_positive_morphology,cnn_morphology_false_positive_or_overcall,0.496146,0.35,0.7104655956495062,,,31,period_ambiguous,false,Weak/noisy period-ambiguous dip; no candidate-like recovery.,complete_codex_visual_review
gatevetter_v0_2_batch_5_manual_review,2026-06-22,EPIC_212032390,reject_as_noise_or_artifact,negative,possible_future_training_example,0.9534561634063721,very_high_morphology_score,manual_negative_vs_cnn_positive_morphology,cnn_morphology_false_positive_or_overcall,0.549055,0.35,0.3977319158160692,,,32,period_ambiguous,false,Tiny period-ambiguous feature in otherwise noisy folded view; reject remains valid.,complete_codex_visual_review
gatevetter_v0_2_batch_5_manual_review,2026-06-22,EPIC_211610944,reject_as_noise_or_artifact,negative,possible_future_training_example,0.832402229309082,moderate_high_morphology_score,manual_negative_vs_cnn_positive_morphology,cnn_morphology_false_positive_or_overcall,0.494581,0.35,0.6481271912153505,,,27,period_ambiguous,false,Noisy/structured period-ambiguous signal without reliable transit evidence.,complete_codex_visual_review
gatevetter_v0_2_batch_6_manual_review,2026-06-22,EPIC_211816343,variable_or_possible_eb,negative,possible_future_training_example,0.8701506853103638,moderate_high_morphology_score,manual_negative_vs_cnn_positive_morphology,cnn_morphology_false_positive_or_overcall,0.718736,0.55,4.4113181825129155,0.943175679597295,0.8651597915703519,22,low,true,Deep coherent sinusoidal/EB-like modulation and high OOT-to-depth dominate the folded view; not candidate-like despite high CNN morphology score.,complete_codex_visual_review
gatevetter_v0_2_batch_6_manual_review,2026-06-22,EPIC_211996306,uncertain_hold_positive,hold,exclude_for_now,0.8169479370117188,moderate_high_morphology_score,manual_hold_excluded_from_training_for_now,not_error_hold_case,0.607627,0.55,2.870019594635078,0.898879730796232,1.0496573492711998,17,low,true,"Shallow transit-like dip is repeatable enough to keep as a positive hold, but weak primary SNR and high OOT-to-depth prevent promotion.",complete_codex_visual_review
gatevetter_v0_2_batch_6_manual_review,2026-06-22,EPIC_211387236,uncertain_hold_period_ambiguous,hold,exclude_for_now,0.6735423803329468,moderate_high_morphology_score,manual_hold_excluded_from_training_for_now,not_error_hold_case,0.526128,0.526128,14.174849471910072,,,18,period_ambiguous,false,"Narrow transit-like dip is visible, but saved-period ambiguity and variable-star context keep it excluded from promotion and training.",complete_codex_visual_review
gatevetter_v0_2_batch_6_manual_review,2026-06-22,EPIC_211483149,low_priority_negative,negative,possible_future_training_example,0.763238787651062,moderate_high_morphology_score,manual_negative_vs_cnn_positive_morphology,cnn_morphology_false_positive_or_overcall,0.523457,0.523457,0.5622417445919778,0.6915386908111494,1.2785327625686669,29,moderate,true,Only a weak low-SNR dip in a noisy folded view with OOT variability; visual evidence is not candidate-like enough to keep positive.,complete_codex_visual_review
gatevetter_v0_2_batch_6_manual_review,2026-06-22,EPIC_200008917,reject_as_noise_or_artifact,negative,possible_future_training_example,0.7605996131896973,moderate_high_morphology_score,manual_negative_vs_cnn_positive_morphology,cnn_morphology_false_positive_or_overcall,0.52227,0.52227,0.06753809574539643,0.6874159584648661,8.579161601627343,33,low,true,Sparse events and noisy folded/event-stack views do not show a reliable repeatable transit signal.,complete_codex_visual_review
gatevetter_v0_2_batch_6_manual_review,2026-06-22,EPIC_211960228,variable_or_possible_eb,negative,possible_future_training_example,0.6816869974136353,moderate_high_morphology_score,manual_negative_vs_cnn_positive_morphology,cnn_morphology_false_positive_or_overcall,0.513536,0.513536,4.170527192527752,,,17,period_ambiguous,false,"Variable-star morphology, period ambiguity, and secondary/phase structure outweigh the primary-dip evidence.",complete_codex_visual_review
gatevetter_v0_2_batch_6_manual_review,2026-06-22,EPIC_211812028,reject_as_noise_or_artifact,negative,possible_future_training_example,0.6146804094314575,low_to_moderate_morphology_score,manual_negative_with_nonhigh_cnn_score,not_primary_cnn_error,0.476606,0.476606,0.3207268799151269,0.9080648829194361,1.811602220316102,30,high,true,Broad noisy period-ambiguous structure without a convincing event family; reject from candidate queue.,complete_codex_visual_review
gatevetter_v0_2_batch_6_manual_review,2026-06-22,EPIC_211635232,variable_or_possible_eb,negative,possible_future_training_example,0.7432163953781128,moderate_high_morphology_score,manual_negative_vs_cnn_positive_morphology,cnn_morphology_false_positive_or_overcall,0.374447,0.05,1.3433085116238146,,,21,period_ambiguous,false,Broad coherent modulation with period ambiguity and no clean transit isolation; more consistent with variable/EB contamination than a planet candidate.,complete_codex_visual_review
gatevetter_v0_2_batch_6_manual_review,2026-06-22,EPIC_211693443,false_positive_eb_or_variable,negative,possible_future_training_example,0.8810192942619324,moderate_high_morphology_score,manual_negative_vs_cnn_positive_morphology,cnn_morphology_false_positive_or_overcall,0.0,0.0,1.1528035463141155,,,15,period_ambiguous,false,Very strong coherent EB-like modulation with deep primary/secondary structure; reject sanity remains valid.,complete_codex_visual_review
gatevetter_v0_2_batch_6_manual_review,2026-06-22,EPIC_211923932,false_positive_eb_or_variable,negative,possible_future_training_example,0.901690661907196,very_high_morphology_score,manual_negative_vs_cnn_positive_morphology,cnn_morphology_false_positive_or_overcall,0.0,0.0,0.5496344034075361,,,21,period_ambiguous,false,Periodic sawtooth/variable morphology and period ambiguity dominate over any transit-like interpretation.,complete_codex_visual_review
gatevetter_v0_2_batch_6_manual_review,2026-06-22,EPIC_211813818,false_positive_eb_or_variable,negative,possible_future_training_example,0.768168032169342,moderate_high_morphology_score,manual_negative_vs_cnn_positive_morphology,cnn_morphology_false_positive_or_overcall,0.0,0.0,1.2912502013786649,,,15,period_ambiguous,false,Variable raw light curve with period ambiguity and secondary/phase structure; not a missed planet candidate.,complete_codex_visual_review
gatevetter_v0_2_batch_6_manual_review,2026-06-22,EPIC_211346827,reject_as_noise_or_artifact,negative,possible_future_training_example,0.7843966484069824,moderate_high_morphology_score,manual_negative_vs_cnn_positive_morphology,cnn_morphology_false_positive_or_overcall,0.0,0.0,0.8221503985621377,,,32,period_ambiguous,false,Low-SNR ambiguous folded feature with no reliable transit family in the event stack.,complete_codex_visual_review
gatevetter_v0_2_batch_6_manual_review,2026-06-22,EPIC_211578168,reject_as_noise_or_artifact,negative,possible_future_training_example,0.8359324336051941,moderate_high_morphology_score,manual_negative_vs_cnn_positive_morphology,cnn_morphology_false_positive_or_overcall,0.0,0.0,0.47568052531292465,,,29,period_ambiguous,false,"Isolated narrow feature in a period-ambiguous, systematics-dominated light curve; reject remains valid.",complete_codex_visual_review
gatevetter_v0_2_batch_6_manual_review,2026-06-22,EPIC_211927125,false_positive_eb_or_variable,negative,possible_future_training_example,0.9317942261695862,very_high_morphology_score,manual_negative_vs_cnn_positive_morphology,cnn_morphology_false_positive_or_overcall,0.539307,0.35,3.4025202039182276,,,21,period_ambiguous,false,"Large coherent sinusoidal modulation and broad eclipse-like folded shape are variable/EB-like, not planet-like.",complete_codex_visual_review
gatevetter_v0_2_batch_6_manual_review,2026-06-22,EPIC_211940500,reject_as_noise_or_artifact,negative,possible_future_training_example,0.9306262731552124,very_high_morphology_score,manual_negative_vs_cnn_positive_morphology,cnn_morphology_false_positive_or_overcall,0.538782,0.35,0.8725514010586294,,,33,period_ambiguous,false,Tiny narrow feature with unavailable odd/even evidence and period ambiguity; no candidate-like recovery.,complete_codex_visual_review
gatevetter_v0_2_batch_6_manual_review,2026-06-22,EPIC_211428897,reject_as_noise_or_artifact,negative,possible_future_training_example,0.8146892189979553,moderate_high_morphology_score,manual_negative_vs_cnn_positive_morphology,cnn_morphology_false_positive_or_overcall,0.48661,0.35,2.1699028164578213,,,15,period_ambiguous,false,Systematics-dominated raw trend and isolated narrow dip without trustworthy support; reject remains valid.,complete_codex_visual_review
gatevetter_v0_2_batch_6_manual_review,2026-06-22,EPIC_211599622,reject_as_noise_or_artifact,negative,possible_future_training_example,0.7804560661315918,moderate_high_morphology_score,manual_negative_vs_cnn_positive_morphology,cnn_morphology_false_positive_or_overcall,0.471205,0.35,1.651706169157021,,,26,period_ambiguous,false,Weak period-ambiguous feature in noisy folded views with no convincing repeatable event stack.,complete_codex_visual_review
gatevetter_v0_2_batch_6_manual_review,2026-06-22,EPIC_211700210,reject_as_noise_or_artifact,negative,possible_future_training_example,0.816519558429718,moderate_high_morphology_score,manual_negative_vs_cnn_positive_morphology,cnn_morphology_false_positive_or_overcall,0.487434,0.35,0.8585726119337133,,,24,period_ambiguous,false,Noisy period-ambiguous folded signal and inconsistent event-stack support; no missed candidate-like signal.,complete_codex_visual_review
gatevetter_v0_2_batch_7_manual_review,2026-06-22,EPIC_211959909,uncertain_hold_positive,hold,exclude_for_now,0.7090475559234619,moderate_high_morphology_score,manual_hold_excluded_from_training_for_now,not_error_hold_case,0.559071,0.55,1.770029155350045,0.9013999607307065,0.607799282001473,14,moderate,true,"Repeatable transit-like dip is visible at the trusted refreshed period, but raw variability, OOT variability, and weak primary SNR keep it as a positive hold only.",complete_codex_visual_review
gatevetter_v0_2_batch_7_manual_review,2026-06-22,EPIC_211769243,variable_or_possible_eb,negative,possible_future_training_example,0.6774837970733643,moderate_high_morphology_score,manual_negative_vs_cnn_positive_morphology,cnn_morphology_false_positive_or_overcall,0.516774,0.516774,7.327026836423819,,,21,period_ambiguous,false,Strong coherent stellar variability and period ambiguity dominate; the narrow folded feature is not clean candidate-like evidence.,complete_codex_visual_review
gatevetter_v0_2_batch_7_manual_review,2026-06-22,EPIC_200008977,reject_as_noise_or_artifact,negative,possible_future_training_example,0.7461224794387817,moderate_high_morphology_score,manual_negative_vs_cnn_positive_morphology,cnn_morphology_false_positive_or_overcall,0.515755,0.515755,0.14207122773460876,0.6556387738445453,3.9037779419150627,25,low,true,Sparse noisy events and inconsistent event-stack support do not show a reliable repeatable transit signal.,complete_codex_visual_review
gatevetter_v0_2_batch_7_manual_review,2026-06-22,EPIC_211980815,variable_or_possible_eb,negative,possible_future_training_example,0.6702978610992432,moderate_high_morphology_score,manual_negative_vs_cnn_positive_morphology,cnn_morphology_false_positive_or_overcall,0.510811,0.510811,5.647681292796993,,,17,period_ambiguous,false,Coherent long-period variability with period ambiguity and only a tiny folded dip; not a planet-candidate hold.,complete_codex_visual_review
gatevetter_v0_2_batch_7_manual_review,2026-06-22,EPIC_211485234,variable_or_possible_eb,negative,possible_future_training_example,0.6702479124069214,moderate_high_morphology_score,manual_negative_vs_cnn_positive_morphology,cnn_morphology_false_positive_or_overcall,0.509685,0.509685,4.968130299882084,,,25,period_ambiguous,false,"Large sinusoidal variability, period ambiguity, and secondary/phase structure outweigh the primary-dip evidence.",complete_codex_visual_review
gatevetter_v0_2_batch_7_manual_review,2026-06-22,EPIC_211811904,variable_or_possible_eb,negative,possible_future_training_example,0.6565333604812622,moderate_high_morphology_score,manual_negative_vs_cnn_positive_morphology,cnn_morphology_false_positive_or_overcall,0.502954,0.502954,4.624127258244515,,,29,period_ambiguous,false,Strong variable-star morphology with period ambiguity and weak transit isolation; exclude from candidate queue.,complete_codex_visual_review
gatevetter_v0_2_batch_7_manual_review,2026-06-22,EPIC_211421801,variable_or_possible_eb,negative,possible_future_training_example,0.5765455961227417,low_to_moderate_morphology_score,manual_negative_with_nonhigh_cnn_score,not_primary_cnn_error,0.499446,0.499446,3.0403082903789618,0.9005631518110161,0.5412481018294314,16,moderate,true,Broad EB/variable-like folded morphology and high OOT-to-depth keep this out of candidate-like promotion.,complete_codex_visual_review
gatevetter_v0_2_batch_7_manual_review,2026-06-22,EPIC_211799289,variable_or_possible_eb,negative,possible_future_training_example,0.5998400449752808,low_to_moderate_morphology_score,manual_negative_with_nonhigh_cnn_score,not_primary_cnn_error,0.449928,0.449928,3.6337263834564344,0.7469050602978896,0.5618096888531324,18,moderate,true,Broad variable/EB-like phased structure with OOT variability; not a clean transit candidate.,complete_codex_visual_review
gatevetter_v0_2_batch_7_manual_review,2026-06-22,EPIC_211804680,reject_as_noise_or_artifact,negative,possible_future_training_example,0.8387136459350586,moderate_high_morphology_score,manual_negative_vs_cnn_positive_morphology,cnn_morphology_false_positive_or_overcall,0.0,0.0,0.7743913487867308,,,31,period_ambiguous,false,Systematics-dominated raw trend and weak ambiguous folded feature; reject sanity remains valid.,complete_codex_visual_review
gatevetter_v0_2_batch_7_manual_review,2026-06-22,EPIC_211584718,reject_as_noise_or_artifact,negative,possible_future_training_example,0.833813488483429,moderate_high_morphology_score,manual_negative_vs_cnn_positive_morphology,cnn_morphology_false_positive_or_overcall,0.0,0.0,0.7394534749142662,,,31,period_ambiguous,false,Noisy period-ambiguous folded feature without reliable event-stack support.,complete_codex_visual_review
gatevetter_v0_2_batch_7_manual_review,2026-06-22,EPIC_212019055,false_positive_eb_or_variable,negative,possible_future_training_example,0.8742818832397461,moderate_high_morphology_score,manual_negative_vs_cnn_positive_morphology,cnn_morphology_false_positive_or_overcall,0.0,0.0,0.450701549464447,0.9748205512170872,18.737352609366077,19,moderate,true,Very deep coherent eclipsing/variable morphology with strong secondary structure; not planet-like.,complete_codex_visual_review
gatevetter_v0_2_batch_7_manual_review,2026-06-22,EPIC_211790174,reject_as_noise_or_artifact,negative,possible_future_training_example,0.8385383486747742,moderate_high_morphology_score,manual_negative_vs_cnn_positive_morphology,cnn_morphology_false_positive_or_overcall,0.0,0.0,0.41661412077468146,,,29,period_ambiguous,false,Low-SNR ambiguous folded feature with no candidate-like repeatable transit family.,complete_codex_visual_review
gatevetter_v0_2_batch_7_manual_review,2026-06-22,EPIC_211790348,reject_as_noise_or_artifact,negative,possible_future_training_example,0.787287712097168,moderate_high_morphology_score,manual_negative_vs_cnn_positive_morphology,cnn_morphology_false_positive_or_overcall,0.0,0.0,0.622999527738648,,,31,period_ambiguous,false,Period-ambiguous noisy spike structure and no convincing transit evidence.,complete_codex_visual_review
gatevetter_v0_2_batch_7_manual_review,2026-06-22,EPIC_211990732,reject_as_noise_or_artifact,negative,possible_future_training_example,0.879393994808197,moderate_high_morphology_score,manual_negative_vs_cnn_positive_morphology,cnn_morphology_false_positive_or_overcall,0.515727,0.35,1.2233713458860902,,,26,period_ambiguous,false,"Systematics/noise-dominated folded view with weak, ambiguous features only.",complete_codex_visual_review
gatevetter_v0_2_batch_7_manual_review,2026-06-22,EPIC_211957146,variable_or_possible_eb,negative,possible_future_training_example,0.843381404876709,moderate_high_morphology_score,manual_negative_vs_cnn_positive_morphology,cnn_morphology_false_positive_or_overcall,0.499522,0.35,0.9367477147314215,,,24,period_ambiguous,false,Large coherent variability and EB-like folded/event-stack morphology; reject from planet-candidate queue.,complete_codex_visual_review
gatevetter_v0_2_batch_7_manual_review,2026-06-22,EPIC_211486822,variable_or_possible_eb,negative,possible_future_training_example,0.7809110879898071,moderate_high_morphology_score,manual_negative_vs_cnn_positive_morphology,cnn_morphology_false_positive_or_overcall,0.65141,0.35,1.9871757134471035,0.9666748574462758,0.2626685814189502,25,low,true,Raw light curve shows coherent variability and the folded feature is too weak for candidate-like recovery.,complete_codex_visual_review
gatevetter_v0_2_batch_7_manual_review,2026-06-22,EPIC_211899798,reject_as_noise_or_artifact,negative,possible_future_training_example,0.844186544418335,moderate_high_morphology_score,manual_negative_vs_cnn_positive_morphology,cnn_morphology_false_positive_or_overcall,0.499884,0.35,0.6392668686940652,,,29,period_ambiguous,false,Noisy period-ambiguous narrow feature with no reliable supporting event stack.,complete_codex_visual_review
gatevetter_v0_2_batch_7_manual_review,2026-06-22,EPIC_211378170,reject_as_noise_or_artifact,negative,possible_future_training_example,0.8087126612663269,moderate_high_morphology_score,manual_negative_vs_cnn_positive_morphology,cnn_morphology_false_positive_or_overcall,0.483921,0.35,0.7020343395379749,,,29,period_ambiguous,false,Weak ambiguous folded dip in a systematics-dominated light curve; no missed candidate-like signal.,complete_codex_visual_review
gatevetter_v0_2_batch_8_manual_review,2026-06-23,EPIC_211349119,variable_or_possible_eb,negative,possible_future_training_example,0.6535662412643433,moderate_high_morphology_score,manual_negative_vs_cnn_positive_morphology,cnn_morphology_false_positive_or_overcall,0.534105,0.534105,1.420369346374855,0.9212988024973964,0.9417661816338011,25,low,true,Trusted refreshed period but folded/zoom views are dominated by variable-like structure and high OOT-to-depth; not a clean transit candidate.,complete_codex_visual_review
gatevetter_v0_2_batch_8_manual_review,2026-06-23,EPIC_200008725,reject_as_noise_or_artifact,negative,possible_future_training_example,0.7671298384666443,moderate_high_morphology_score,manual_negative_vs_cnn_positive_morphology,cnn_morphology_false_positive_or_overcall,0.525208,0.525208,0.026227251829371252,0.6783810104844278,26.60564738825306,28,low,true,No reliable repeatable transit signal in noisy K2 views; event stack is sparse and inconsistent.,complete_codex_visual_review
gatevetter_v0_2_batch_8_manual_review,2026-06-23,EPIC_211889082,uncertain_hold_period_ambiguous,hold,exclude_for_now,0.6996341943740845,moderate_high_morphology_score,manual_hold_excluded_from_training_for_now,not_error_hold_case,0.482963,0.482963,5.001946095525592,,,15,period_ambiguous,false,"Broad transit-like dip is visible, but period ambiguity, strong raw variability, and missing cross-checks keep it excluded from promotion and training.",complete_codex_visual_review
gatevetter_v0_2_batch_8_manual_review,2026-06-23,EPIC_211626213,variable_or_possible_eb,negative,possible_future_training_example,0.6787263751029968,moderate_high_morphology_score,manual_negative_vs_cnn_positive_morphology,cnn_morphology_false_positive_or_overcall,0.465427,0.465427,676.4469253091048,,,21,period_ambiguous,false,Strong raw variability and sharp period-ambiguous folded feature are more consistent with variable or EB contamination than a planet candidate.,complete_codex_visual_review
gatevetter_v0_2_batch_8_manual_review,2026-06-23,EPIC_211377847,variable_or_possible_eb,negative,possible_future_training_example,0.5025738477706909,low_to_moderate_morphology_score,manual_negative_with_nonhigh_cnn_score,not_primary_cnn_error,0.426158,0.426158,1.8562367357515293,0.9540918874141092,0.5299260629263871,25,moderate,true,Broad variable/EB-like phase structure and OOT variability dominate the candidate-looking dip.,complete_codex_visual_review
gatevetter_v0_2_batch_8_manual_review,2026-06-23,EPIC_212015640,reject_as_noise_or_artifact,negative,possible_future_training_example,0.5273072719573975,low_to_moderate_morphology_score,manual_negative_with_nonhigh_cnn_score,not_primary_cnn_error,0.277288,0.05,0.17243694362792322,,,29,period_ambiguous,false,Duration-fraction hold with weak/noisy folded evidence and no convincing repeatable transit family.,complete_codex_visual_review
gatevetter_v0_2_batch_8_manual_review,2026-06-23,EPIC_212034839,reject_as_noise_or_artifact,negative,possible_future_training_example,0.8320125341415405,moderate_high_morphology_score,manual_negative_vs_cnn_positive_morphology,cnn_morphology_false_positive_or_overcall,0.0,0.0,0.7821613001892695,,,28,period_ambiguous,false,Period-ambiguous noisy folded feature with no reliable event-stack support; reject sanity remains valid.,complete_codex_visual_review
gatevetter_v0_2_batch_8_manual_review,2026-06-23,EPIC_200008962,reject_as_noise_or_artifact,negative,possible_future_training_example,0.8054315447807312,moderate_high_morphology_score,manual_negative_vs_cnn_positive_morphology,cnn_morphology_false_positive_or_overcall,0.0,0.0,0.31693515227520774,,,28,period_ambiguous,false,Noisy K2 signal with sparse inconsistent event stack and no candidate-like recovery.,complete_codex_visual_review
gatevetter_v0_2_batch_8_manual_review,2026-06-23,EPIC_211825860,reject_as_noise_or_artifact,negative,possible_future_training_example,0.7451095581054688,moderate_high_morphology_score,manual_negative_vs_cnn_positive_morphology,cnn_morphology_false_positive_or_overcall,0.0,0.0,0.4825541934382217,,,28,period_ambiguous,false,Systematics-dominated raw trend and weak ambiguous folded feature; no missed candidate-like signal.,complete_codex_visual_review
gatevetter_v0_2_batch_8_manual_review,2026-06-23,EPIC_211499454,reject_as_noise_or_artifact,negative,possible_future_training_example,0.7390854954719543,moderate_high_morphology_score,manual_negative_vs_cnn_positive_morphology,cnn_morphology_false_positive_or_overcall,0.0,0.0,0.632775728972199,,,28,period_ambiguous,false,Low-SNR ambiguous folded dip with no reliable supporting transit family.,complete_codex_visual_review
gatevetter_v0_2_batch_8_manual_review,2026-06-23,EPIC_211507490,false_positive_eb_or_variable,negative,possible_future_training_example,0.8334931135177612,moderate_high_morphology_score,manual_negative_vs_cnn_positive_morphology,cnn_morphology_false_positive_or_overcall,0.0,0.0,0.17135117354668689,,,32,period_ambiguous,false,Phase structure and secondary/odd-even context are EB/variable-like rather than planet-like.,complete_codex_visual_review
gatevetter_v0_2_batch_8_manual_review,2026-06-23,EPIC_211499472,reject_as_noise_or_artifact,negative,possible_future_training_example,0.8611424565315247,moderate_high_morphology_score,manual_negative_vs_cnn_positive_morphology,cnn_morphology_false_positive_or_overcall,0.507514,0.35,0.7758822957788514,,,28,period_ambiguous,false,High-CNN weak reject remains noise/systematics dominated with ambiguous period support.,complete_codex_visual_review
gatevetter_v0_2_batch_8_manual_review,2026-06-23,EPIC_200008785,reject_as_noise_or_artifact,negative,possible_future_training_example,0.8669130206108093,moderate_high_morphology_score,manual_negative_vs_cnn_positive_morphology,cnn_morphology_false_positive_or_overcall,0.510111,0.35,0.7329195049679315,,,27,period_ambiguous,false,Noisy K2 packet with sparse event stack and no stable transit-like recurrence.,complete_codex_visual_review
gatevetter_v0_2_batch_8_manual_review,2026-06-23,EPIC_211566160,reject_as_noise_or_artifact,negative,possible_future_training_example,0.8258071541786194,moderate_high_morphology_score,manual_negative_vs_cnn_positive_morphology,cnn_morphology_false_positive_or_overcall,0.451613,0.35,0.8050540701330909,,,30,period_ambiguous,false,Period-ambiguous cadence-like banding and unavailable odd/even evidence; no clean transit signal.,complete_codex_visual_review
gatevetter_v0_2_batch_8_manual_review,2026-06-23,EPIC_211977134,reject_as_noise_or_artifact,negative,possible_future_training_example,0.7794129848480225,moderate_high_morphology_score,manual_negative_vs_cnn_positive_morphology,cnn_morphology_false_positive_or_overcall,0.470736,0.35,1.0923859434781442,,,30,period_ambiguous,false,Weak ambiguous folded feature in a systematics-dominated light curve; reject remains valid.,complete_codex_visual_review
gatevetter_v0_2_batch_8_manual_review,2026-06-23,EPIC_211780791,reject_as_noise_or_artifact,negative,possible_future_training_example,0.8432753682136536,moderate_high_morphology_score,manual_negative_vs_cnn_positive_morphology,cnn_morphology_false_positive_or_overcall,0.499474,0.35,0.6349188342644919,,,30,period_ambiguous,false,Long-period ambiguous spike/noise morphology without reliable candidate-like support.,complete_codex_visual_review
gatevetter_v0_2_batch_9_manual_review,2026-06-23,EPIC_211431812,variable_or_possible_eb,negative,possible_future_training_example,0.6944165229797363,moderate_high_morphology_score,manual_negative_vs_cnn_positive_morphology,cnn_morphology_false_positive_or_overcall,0.580244,0.55,4.773446555354443,0.7855084360125588,0.5259506550259003,17,low,true,Large coherent raw variability and secondary/phase structure dominate the shallow folded dip; not a clean planet-like hold.,complete_codex_visual_review
gatevetter_v0_2_batch_9_manual_review,2026-06-23,EPIC_212021367,reject_as_noise_or_artifact,negative,possible_future_training_example,0.665681004524231,moderate_high_morphology_score,manual_negative_vs_cnn_positive_morphology,cnn_morphology_false_positive_or_overcall,0.479556,0.479556,1.6873319352506528,0.7013175308028216,0.3039859819072673,25,low,true,Weak low-SNR folded dip in a variable raw light curve with sparse event-stack support; no reliable transit family.,complete_codex_visual_review
gatevetter_v0_2_batch_9_manual_review,2026-06-23,EPIC_211593145,variable_or_possible_eb,negative,possible_future_training_example,0.3474382162094116,low_to_moderate_morphology_score,manual_negative_with_nonhigh_cnn_score,not_primary_cnn_error,0.448775,0.448775,7.6477587314226305,0.6892616988063184,0.2791256227764542,13,low,true,Deep broad eclipse/variable-like morphology with secondary/phase structure; exclude from planet-candidate promotion.,complete_codex_visual_review
gatevetter_v0_2_batch_9_manual_review,2026-06-23,EPIC_211610125,false_positive_eb_or_variable,negative,possible_future_training_example,0.7902117371559143,moderate_high_morphology_score,manual_negative_vs_cnn_positive_morphology,cnn_morphology_false_positive_or_overcall,0.0,0.0,2.127441193152872,,,21,period_ambiguous,false,Period-ambiguous short-period variability with primary/secondary-like structure and broad phased modulation; not planet-like.,complete_codex_visual_review
gatevetter_v0_2_batch_9_manual_review,2026-06-23,EPIC_211716614,reject_as_noise_or_artifact,negative,possible_future_training_example,0.8311887979507446,moderate_high_morphology_score,manual_negative_vs_cnn_positive_morphology,cnn_morphology_false_positive_or_overcall,0.0,0.0,0.31587375073432566,,,34,period_ambiguous,false,No coherent folded transit; event stack and zoom are noisy and period ambiguous despite high CNN score.,complete_codex_visual_review
gatevetter_v0_2_batch_9_manual_review,2026-06-23,EPIC_211432167,reject_as_noise_or_artifact,negative,possible_future_training_example,0.7813312411308289,moderate_high_morphology_score,manual_negative_vs_cnn_positive_morphology,cnn_morphology_false_positive_or_overcall,0.0,0.0,0.4554013943682703,,,28,period_ambiguous,false,Very shallow ambiguous structure with no convincing transit zoom or event-stack support.,complete_codex_visual_review
gatevetter_v0_2_batch_9_manual_review,2026-06-23,EPIC_200008946,reject_as_noise_or_artifact,negative,possible_future_training_example,0.8514007925987244,moderate_high_morphology_score,manual_negative_vs_cnn_positive_morphology,cnn_morphology_false_positive_or_overcall,0.0,0.0,0.075611795053948,,,29,period_ambiguous,false,K2 noise/banding dominates the packet; folded and event-stack evidence are sparse and inconsistent.,complete_codex_visual_review
gatevetter_v0_2_batch_9_manual_review,2026-06-23,EPIC_211685323,reject_as_noise_or_artifact,negative,possible_future_training_example,0.7898876070976257,moderate_high_morphology_score,manual_negative_vs_cnn_positive_morphology,cnn_morphology_false_positive_or_overcall,0.0,0.0,0.22183296377933814,,,25,period_ambiguous,false,Systematics-dominated raw trend and period-ambiguous weak folded feature; no missed candidate-like signal.,complete_codex_visual_review
gatevetter_v0_2_batch_9_manual_review,2026-06-23,EPIC_211534290,reject_as_noise_or_artifact,negative,possible_future_training_example,0.9209124445915222,very_high_morphology_score,manual_negative_vs_cnn_positive_morphology,cnn_morphology_false_positive_or_overcall,0.534411,0.35,1.2062567922008116,,,32,period_ambiguous,false,Ambiguous low-SNR folded feature in a variable/systematics-dominated light curve without stable transit support.,complete_codex_visual_review
gatevetter_v0_2_batch_9_manual_review,2026-06-23,EPIC_211766291,false_positive_eb_or_variable,negative,possible_future_training_example,0.8025738596916199,moderate_high_morphology_score,manual_negative_vs_cnn_positive_morphology,cnn_morphology_false_positive_or_overcall,0.481158,0.35,1.5588961679777438,,,31,period_ambiguous,false,Sharp eclipse-like dip occurs in strong stellar variability with period ambiguity and non-planet-like odd/even context.,complete_codex_visual_review
gatevetter_v0_2_batch_9_manual_review,2026-06-23,EPIC_211383838,reject_as_noise_or_artifact,negative,possible_future_training_example,0.7919552326202393,moderate_high_morphology_score,manual_negative_vs_cnn_positive_morphology,cnn_morphology_false_positive_or_overcall,0.47638,0.35,1.2926415676567196,,,20,period_ambiguous,false,Low-amplitude ambiguous folded trend with no reliable event-stack recurrence; reject sanity remains valid.,complete_codex_visual_review
gatevetter_v0_2_batch_9_manual_review,2026-06-23,EPIC_211946205,reject_as_noise_or_artifact,negative,possible_future_training_example,0.7848796844482422,moderate_high_morphology_score,manual_negative_vs_cnn_positive_morphology,cnn_morphology_false_positive_or_overcall,0.473196,0.35,1.2347233294409274,,,27,period_ambiguous,false,Period-ambiguous feature in a systematics-dominated light curve; event stack is not strong enough for a candidate-like hold.,complete_codex_visual_review
gatevetter_v0_2_batch_9_manual_review,2026-06-23,EPIC_211976999,reject_as_noise_or_artifact,negative,possible_future_training_example,0.8452466130256653,moderate_high_morphology_score,manual_negative_vs_cnn_positive_morphology,cnn_morphology_false_positive_or_overcall,0.500361,0.35,0.5939268520801737,,,31,period_ambiguous,false,Noisy high-CNN packet with period ambiguity and inconsistent event-stack support; no candidate-like recovery.,complete_codex_visual_review
gatevetter_v0_2_batch_10_manual_review,2026-06-23,EPIC_211411882,variable_or_possible_eb,negative,possible_future_training_example,0.634781002998352,low_to_moderate_morphology_score,manual_negative_with_nonhigh_cnn_score,not_primary_cnn_error,0.552188,0.55,4.022836495522236,0.7878735351240049,0.5722962449582402,19,moderate,true,"Broad primary-like phase structure, secondary/phase context, and raw variability make this EB/variable-like rather than a clean planet hold.",complete_codex_visual_review
gatevetter_v0_2_batch_10_manual_review,2026-06-23,EPIC_211696209,reject_as_noise_or_artifact,negative,possible_future_training_example,0.647198498249054,low_to_moderate_morphology_score,manual_negative_with_nonhigh_cnn_score,not_primary_cnn_error,0.571239,0.55,1295.9006975065056,0.8827304676105221,0.35155693496535034,17,low,true,Weak shallow folded feature in a strongly variable raw light curve with poor candidate isolation; no reliable transit family.,complete_codex_visual_review
gatevetter_v0_2_batch_10_manual_review,2026-06-23,EPIC_211768258,variable_or_possible_eb,negative,possible_future_training_example,0.6338663101196289,low_to_moderate_morphology_score,manual_negative_with_nonhigh_cnn_score,not_primary_cnn_error,0.552637,0.55,4.552071555416434,0.7658236360818308,0.5363642381951682,17,moderate,true,Coherent stellar variability and broad folded/secondary context dominate the shallow dip.,complete_codex_visual_review
gatevetter_v0_2_batch_10_manual_review,2026-06-23,EPIC_211845034,variable_or_possible_eb,negative,possible_future_training_example,0.7680732011795044,moderate_high_morphology_score,manual_negative_vs_cnn_positive_morphology,cnn_morphology_false_positive_or_overcall,0.612272,0.55,4.085369817164888,0.8328765330779406,0.5237218652929974,18,low,true,Deep broad EB/variable-like morphology with strong periodic raw variability and non-planet-like event structure.,complete_codex_visual_review
gatevetter_v0_2_batch_10_manual_review,2026-06-23,EPIC_211905009,reject_as_noise_or_artifact,negative,possible_future_training_example,0.6366862058639526,low_to_moderate_morphology_score,manual_negative_with_nonhigh_cnn_score,not_primary_cnn_error,0.526509,0.526509,0.446409103510806,0.9199467573419821,2.498447803569859,25,low,true,Low-SNR ambiguous folded feature with sparse event-stack support and no clean recurrence.,complete_codex_visual_review
gatevetter_v0_2_batch_10_manual_review,2026-06-23,EPIC_211931266,reject_as_noise_or_artifact,negative,possible_future_training_example,0.7650788426399231,moderate_high_morphology_score,manual_negative_vs_cnn_positive_morphology,cnn_morphology_false_positive_or_overcall,0.524285,0.524285,0.7504810266641823,0.7445915963144052,1.544608365009945,29,moderate,true,Noisy period-ambiguous packet with weak folded evidence and no convincing transit family.,complete_codex_visual_review
gatevetter_v0_2_batch_10_manual_review,2026-06-23,EPIC_211778092,variable_or_possible_eb,negative,possible_future_training_example,0.6681172847747803,moderate_high_morphology_score,manual_negative_vs_cnn_positive_morphology,cnn_morphology_false_positive_or_overcall,0.507518,0.507518,4.22473025820619,,,19,period_ambiguous,false,Raw light curve is dominated by coherent variability and the folded feature is broad/ambiguous rather than candidate-like.,complete_codex_visual_review
gatevetter_v0_2_batch_10_manual_review,2026-06-23,EPIC_211950430,variable_or_possible_eb,negative,possible_future_training_example,0.3510212302207947,low_to_moderate_morphology_score,manual_negative_with_nonhigh_cnn_score,not_primary_cnn_error,0.445378,0.445378,4.565004424883991,0.9392617409935399,0.3316961262790405,16,low,true,"Deep broad eclipse-like morphology, strong raw variability, and large secondary/phase structure are EB/variable-like.",complete_codex_visual_review
gatevetter_v0_2_batch_10_manual_review,2026-06-23,EPIC_211396385,reject_as_noise_or_artifact,negative,possible_future_training_example,0.7836157083511353,moderate_high_morphology_score,manual_negative_vs_cnn_positive_morphology,cnn_morphology_false_positive_or_overcall,0.0,0.0,0.6715909672168959,,,26,period_ambiguous,false,High-CNN period-ambiguous reject has a narrow noisy dip but inconsistent event-stack and secondary context; no candidate recovery.,complete_codex_visual_review
gatevetter_v0_2_batch_10_manual_review,2026-06-23,EPIC_211953962,reject_as_noise_or_artifact,negative,possible_future_training_example,0.8109058141708374,moderate_high_morphology_score,manual_negative_vs_cnn_positive_morphology,cnn_morphology_false_positive_or_overcall,0.0,0.0,0.33926392355872026,,,28,period_ambiguous,false,Very shallow noisy folded dip with weak event-stack support and no stable transit-like recurrence.,complete_codex_visual_review
gatevetter_v0_2_batch_10_manual_review,2026-06-23,EPIC_211721876,reject_as_noise_or_artifact,negative,possible_future_training_example,0.9282636046409607,very_high_morphology_score,manual_negative_vs_cnn_positive_morphology,cnn_morphology_false_positive_or_overcall,0.0,0.0,0.15223501721674962,,,29,period_ambiguous,false,High-CNN packet is dominated by systematics and isolated spikes; folded/zoom support is not candidate-like.,complete_codex_visual_review
gatevetter_v0_2_batch_10_manual_review,2026-06-23,EPIC_211722736,false_positive_eb_or_variable,negative,possible_future_training_example,0.7189310789108276,moderate_high_morphology_score,manual_negative_vs_cnn_positive_morphology,cnn_morphology_false_positive_or_overcall,0.0,0.0,1.3093307447863978,0.5453394678554762,0.9037601758453272,28,low,true,Broad variable-like folded morphology with OOT structure and weak odd/even support; reject remains valid.,complete_codex_visual_review
gatevetter_v0_2_batch_10_manual_review,2026-06-23,EPIC_211492164,false_positive_eb_or_variable,negative,possible_future_training_example,0.6493303179740906,low_to_moderate_morphology_score,manual_negative_with_nonhigh_cnn_score,not_primary_cnn_error,0.0,0.0,14.711557493523955,,,16,period_ambiguous,false,"Strong raw variability plus primary/secondary eclipse-like features indicate EB/variable contamination, not a planet candidate.",complete_codex_visual_review
gatevetter_v0_2_batch_10_manual_review,2026-06-23,EPIC_211563488,reject_as_noise_or_artifact,negative,possible_future_training_example,0.7944686412811279,moderate_high_morphology_score,manual_negative_vs_cnn_positive_morphology,cnn_morphology_false_positive_or_overcall,0.477511,0.35,1.251423082443181,,,30,period_ambiguous,false,Systematics-dominated raw trend and noisy period-ambiguous fold; no missed candidate-like signal.,complete_codex_visual_review
gatevetter_v0_2_batch_10_manual_review,2026-06-23,EPIC_211753405,reject_as_noise_or_artifact,negative,possible_future_training_example,0.8222863674163818,moderate_high_morphology_score,manual_negative_vs_cnn_positive_morphology,cnn_morphology_false_positive_or_overcall,0.490029,0.35,0.8108525515274343,,,28,period_ambiguous,false,Noisy ambiguous folded feature with weak inconsistent event-stack support; reject sanity remains valid.,complete_codex_visual_review
gatevetter_v0_2_batch_10_manual_review,2026-06-23,EPIC_212021968,reject_as_noise_or_artifact,negative,possible_future_training_example,0.8039118647575378,moderate_high_morphology_score,manual_negative_vs_cnn_positive_morphology,cnn_morphology_false_positive_or_overcall,0.48176,0.35,0.7270818213561308,,,32,period_ambiguous,false,High-CNN noise/systematics packet with broad scatter and no coherent repeatable transit signal.,complete_codex_visual_review
gatevetter_v0_2_batch_10_manual_review,2026-06-23,EPIC_211978488,reject_as_noise_or_artifact,negative,possible_future_training_example,0.7940189242362976,moderate_high_morphology_score,manual_negative_vs_cnn_positive_morphology,cnn_morphology_false_positive_or_overcall,0.477309,0.35,0.8029781056272711,,,24,period_ambiguous,false,Weak period-ambiguous dip in a trend/systematics-dominated light curve; no candidate-like recovery.,complete_codex_visual_review
gatevetter_v0_2_batch_10_manual_review,2026-06-23,EPIC_212009056,reject_as_noise_or_artifact,negative,possible_future_training_example,0.832016110420227,moderate_high_morphology_score,manual_negative_vs_cnn_positive_morphology,cnn_morphology_false_positive_or_overcall,0.494407,0.35,0.6237841923823934,,,30,period_ambiguous,false,Noisy folded evidence and inconsistent event stack do not support a reliable candidate-like signal.,complete_codex_visual_review
gatevetter_v0_2_batch_11_manual_review,2026-06-23,EPIC_211311608,variable_or_possible_eb,negative,possible_future_training_example,0.7356254458427429,moderate_high_morphology_score,manual_negative_vs_cnn_positive_morphology,cnn_morphology_false_positive_or_overcall,0.571031,0.55,2.739596537924537,0.997734157943285,1.0182622057896416,18,low,true,"Broad phase structure, secondary context, and odd/even scatter are EB/variable-like rather than a clean planet hold.",complete_codex_visual_review
gatevetter_v0_2_batch_11_manual_review,2026-06-23,EPIC_212019726,variable_or_possible_eb,negative,possible_future_training_example,0.6865441799163818,moderate_high_morphology_score,manual_negative_vs_cnn_positive_morphology,cnn_morphology_false_positive_or_overcall,0.548945,0.548945,2.880100029298208,0.8673582814999931,0.5989679953643524,14,low,true,Strong stellar variability and broad deep folded morphology dominate; not a planet-like transit recovery.,complete_codex_visual_review
gatevetter_v0_2_batch_11_manual_review,2026-06-23,EPIC_200008990,reject_as_noise_or_artifact,negative,possible_future_training_example,0.7572017312049866,moderate_high_morphology_score,manual_negative_vs_cnn_positive_morphology,cnn_morphology_false_positive_or_overcall,0.520741,0.520741,0.17011114308409958,0.6766014190491838,2.601739221806045,20,moderate,true,K2 packet is noise/systematics dominated with no reliable repeatable transit family.,complete_codex_visual_review
gatevetter_v0_2_batch_11_manual_review,2026-06-23,EPIC_212075775,variable_or_possible_eb,negative,possible_future_training_example,0.6695659160614014,moderate_high_morphology_score,manual_negative_vs_cnn_positive_morphology,cnn_morphology_false_positive_or_overcall,0.514963,0.514963,8.4050887949031,,,19,period_ambiguous,false,Coherent raw variability plus primary/secondary phase structure make this EB/variable-like.,complete_codex_visual_review
gatevetter_v0_2_batch_11_manual_review,2026-06-23,EPIC_211358886,variable_or_possible_eb,negative,possible_future_training_example,0.5941582322120667,low_to_moderate_morphology_score,manual_negative_with_nonhigh_cnn_score,not_primary_cnn_error,0.507371,0.507371,2.286690270236189,0.8509033782793896,0.5704578464499306,20,low,true,Strong periodic raw variability and broad folded/event-stack morphology are variable-like rather than candidate-like.,complete_codex_visual_review
gatevetter_v0_2_batch_11_manual_review,2026-06-23,EPIC_211995639,false_positive_eb_or_variable,negative,possible_future_training_example,0.7145642042160034,moderate_high_morphology_score,manual_negative_vs_cnn_positive_morphology,cnn_morphology_false_positive_or_overcall,0.0,0.0,1.5635526072335935,,,27,period_ambiguous,false,Broad phase modulation and period ambiguity indicate a variable/EB false positive rather than a clean transit.,complete_codex_visual_review
gatevetter_v0_2_batch_11_manual_review,2026-06-23,EPIC_211915085,reject_as_noise_or_artifact,negative,possible_future_training_example,0.8188912272453308,moderate_high_morphology_score,manual_negative_vs_cnn_positive_morphology,cnn_morphology_false_positive_or_overcall,0.0,0.0,0.2864094144819592,,,15,period_ambiguous,false,Dominated by a large instrumental/artifact excursion and sparse inconsistent event support.,complete_codex_visual_review
gatevetter_v0_2_batch_11_manual_review,2026-06-23,EPIC_211972431,false_positive_eb_or_variable,negative,possible_future_training_example,0.7517145276069641,moderate_high_morphology_score,manual_negative_vs_cnn_positive_morphology,cnn_morphology_false_positive_or_overcall,0.0,0.0,0.42714464510099787,,,27,period_ambiguous,false,"Low-SNR periodic phase structure and broad event-stack trend are variable-like, not planet-like.",complete_codex_visual_review
gatevetter_v0_2_batch_11_manual_review,2026-06-23,EPIC_211755452,reject_as_noise_or_artifact,negative,possible_future_training_example,0.7361118793487549,moderate_high_morphology_score,manual_negative_vs_cnn_positive_morphology,cnn_morphology_false_positive_or_overcall,0.0,0.0,0.3404779863344821,,,30,period_ambiguous,false,Noisy high-CNN packet with isolated spike-like structure and no coherent repeatable transit.,complete_codex_visual_review
gatevetter_v0_2_batch_11_manual_review,2026-06-23,EPIC_211698963,false_positive_eb_or_variable,negative,possible_future_training_example,0.682655394077301,moderate_high_morphology_score,manual_negative_vs_cnn_positive_morphology,cnn_morphology_false_positive_or_overcall,0.0,0.0,0.842266710936327,,,23,period_ambiguous,false,Variable-like raw trend and broad phased structure outweigh the shallow ambiguous dip.,complete_codex_visual_review
gatevetter_v0_2_batch_11_manual_review,2026-06-23,EPIC_211904513,reject_as_noise_or_artifact,negative,possible_future_training_example,0.7749831676483154,moderate_high_morphology_score,manual_negative_vs_cnn_positive_morphology,cnn_morphology_false_positive_or_overcall,0.468742,0.35,1.6426690040220104,,,31,period_ambiguous,false,Systematics-dominated raw trend with ambiguous noisy folded evidence and no candidate recovery.,complete_codex_visual_review
gatevetter_v0_2_batch_11_manual_review,2026-06-23,EPIC_211895138,reject_as_noise_or_artifact,negative,possible_future_training_example,0.8135552406311035,moderate_high_morphology_score,manual_negative_vs_cnn_positive_morphology,cnn_morphology_false_positive_or_overcall,0.4861,0.35,0.9535126002656348,,,31,period_ambiguous,false,Period-ambiguous noisy dip with unavailable odd/even and weak event-stack support.,complete_codex_visual_review
gatevetter_v0_2_batch_11_manual_review,2026-06-23,EPIC_211944929,reject_as_noise_or_artifact,negative,possible_future_training_example,0.8636740446090698,moderate_high_morphology_score,manual_negative_vs_cnn_positive_morphology,cnn_morphology_false_positive_or_overcall,0.508653,0.35,0.641056294174401,,,33,period_ambiguous,false,Noisy folded feature in a strong trend/systematics packet; no reliable transit family.,complete_codex_visual_review
gatevetter_v0_2_batch_11_manual_review,2026-06-23,EPIC_211933577,reject_as_noise_or_artifact,negative,possible_future_training_example,0.7541691064834595,moderate_high_morphology_score,manual_negative_vs_cnn_positive_morphology,cnn_morphology_false_positive_or_overcall,0.459376,0.35,0.9591934685096919,,,31,period_ambiguous,false,Weak ambiguous dip in noisy systematics-dominated views; reject sanity remains valid.,complete_codex_visual_review
gatevetter_v0_2_batch_11_manual_review,2026-06-23,EPIC_211884720,reject_as_noise_or_artifact,negative,possible_future_training_example,0.8844542503356934,moderate_high_morphology_score,manual_negative_vs_cnn_positive_morphology,cnn_morphology_false_positive_or_overcall,0.518004,0.35,0.4680422616633502,,,32,period_ambiguous,false,Noisy period-ambiguous packet with scattered event-stack support and no missed candidate-like signal.,complete_codex_visual_review
gatevetter_v0_2_batch_12_manual_review,2026-06-23,EPIC_211402632,variable_or_possible_eb,negative,possible_future_training_example,0.6050750017166138,low_to_moderate_morphology_score,manual_negative_with_nonhigh_cnn_score,not_primary_cnn_error,0.599665,0.55,4.542028345989811,0.9584079345541394,0.46468731876320896,15,low,true,Broad deep folded morphology and raw variability are EB/variable-like rather than a clean planet hold.,complete_codex_visual_review
gatevetter_v0_2_batch_12_manual_review,2026-06-23,EPIC_211683861,variable_or_possible_eb,negative,possible_future_training_example,0.6449044942855835,low_to_moderate_morphology_score,manual_negative_with_nonhigh_cnn_score,not_primary_cnn_error,0.619361,0.55,5.6330380634085016,0.9745932371135368,0.46757966104165694,13,moderate,true,Strong raw variability and broad deep phase structure dominate; not a candidate-like transit recovery.,complete_codex_visual_review
gatevetter_v0_2_batch_12_manual_review,2026-06-23,EPIC_211793748,variable_or_possible_eb,negative,possible_future_training_example,0.6676928400993347,moderate_high_morphology_score,manual_negative_vs_cnn_positive_morphology,cnn_morphology_false_positive_or_overcall,0.509994,0.509994,5.865928767497514,,,18,period_ambiguous,false,Broad deep variable-like morphology with ambiguous period support; keep out of candidate queue.,complete_codex_visual_review
gatevetter_v0_2_batch_12_manual_review,2026-06-23,EPIC_211678611,variable_or_possible_eb,negative,possible_future_training_example,0.5096492767333984,low_to_moderate_morphology_score,manual_negative_with_nonhigh_cnn_score,not_primary_cnn_error,0.469342,0.469342,2.8846740626214227,0.996996109174938,0.5662383937971701,16,low,true,Broad/deep folded structure and variable context are more consistent with EB or stellar variability than a clean transit.,complete_codex_visual_review
gatevetter_v0_2_batch_12_manual_review,2026-06-23,EPIC_211313403,false_positive_eb_or_variable,negative,possible_future_training_example,0.8608989715576172,moderate_high_morphology_score,manual_negative_vs_cnn_positive_morphology,cnn_morphology_false_positive_or_overcall,0.0,0.0,1.5238388552217814,,,23,period_ambiguous,false,Very broad periodic EB/variable-like folded morphology; reject sanity does not reveal a planet-like miss.,complete_codex_visual_review
gatevetter_v0_2_batch_12_manual_review,2026-06-23,EPIC_211936869,false_positive_eb_or_variable,negative,possible_future_training_example,0.808516263961792,moderate_high_morphology_score,manual_negative_vs_cnn_positive_morphology,cnn_morphology_false_positive_or_overcall,0.0,0.0,1.755572824724323,,,27,period_ambiguous,false,Broad V-shaped folded structure and variable raw context indicate an EB/variable false positive.,complete_codex_visual_review
gatevetter_v0_2_batch_12_manual_review,2026-06-23,EPIC_211887839,reject_as_noise_or_artifact,negative,possible_future_training_example,0.9309815168380737,very_high_morphology_score,manual_negative_vs_cnn_positive_morphology,cnn_morphology_false_positive_or_overcall,0.0,0.0,0.5201249085144776,,,31,period_ambiguous,false,High-CNN packet is essentially flat/noisy after folding with no reliable event-stack transit family.,complete_codex_visual_review
gatevetter_v0_2_batch_12_manual_review,2026-06-23,EPIC_211412628,reject_as_noise_or_artifact,negative,possible_future_training_example,0.7891924381256104,moderate_high_morphology_score,manual_negative_vs_cnn_positive_morphology,cnn_morphology_false_positive_or_overcall,0.0,0.0,0.7078479354334897,,,31,period_ambiguous,false,Weak noisy ambiguous dip with low SNR and no convincing repeatable transit support.,complete_codex_visual_review
gatevetter_v0_2_batch_12_manual_review,2026-06-23,EPIC_211509129,reject_as_noise_or_artifact,negative,possible_future_training_example,0.7751744985580444,moderate_high_morphology_score,manual_negative_vs_cnn_positive_morphology,cnn_morphology_false_positive_or_overcall,0.0,0.0,0.8113686322913702,,,31,period_ambiguous,false,Noisy low-SNR packet with ambiguous folded structure; no missed candidate-like signal.,complete_codex_visual_review
gatevetter_v0_2_batch_12_manual_review,2026-06-23,EPIC_211891774,false_positive_eb_or_variable,negative,possible_future_training_example,0.8632087707519531,moderate_high_morphology_score,manual_negative_vs_cnn_positive_morphology,cnn_morphology_false_positive_or_overcall,0.508444,0.35,1.6849717667282282,,,25,period_ambiguous,false,Broad sinusoidal phase modulation and period ambiguity are variable-like rather than planet-like.,complete_codex_visual_review
gatevetter_v0_2_batch_12_manual_review,2026-06-23,EPIC_211976838,false_positive_eb_or_variable,negative,possible_future_training_example,0.7675607204437256,moderate_high_morphology_score,manual_negative_vs_cnn_positive_morphology,cnn_morphology_false_positive_or_overcall,0.465402,0.35,2.7031495923669984,,,20,period_ambiguous,false,"Broad deep folded morphology with structured raw variability is EB/variable-like, not a clean transit.",complete_codex_visual_review
gatevetter_v0_2_batch_12_manual_review,2026-06-23,EPIC_211708484,reject_as_noise_or_artifact,negative,possible_future_training_example,0.7729148864746094,moderate_high_morphology_score,manual_negative_vs_cnn_positive_morphology,cnn_morphology_false_positive_or_overcall,0.467812,0.35,1.1607229580683007,,,25,period_ambiguous,false,Very shallow noisy folded feature on a strong trend with weak repeatable event support.,complete_codex_visual_review
gatevetter_v0_2_batch_12_manual_review,2026-06-23,EPIC_211759880,reject_as_noise_or_artifact,negative,possible_future_training_example,0.7726039886474609,moderate_high_morphology_score,manual_negative_vs_cnn_positive_morphology,cnn_morphology_false_positive_or_overcall,0.467672,0.35,0.9368621792227888,,,25,period_ambiguous,false,Systematics-dominated raw trend and weak folded dip do not support a candidate-like recovery.,complete_codex_visual_review
gatevetter_v0_2_batch_12_manual_review,2026-06-23,EPIC_211982300,reject_as_noise_or_artifact,negative,possible_future_training_example,0.7636145949363708,moderate_high_morphology_score,manual_negative_vs_cnn_positive_morphology,cnn_morphology_false_positive_or_overcall,0.463627,0.35,0.7703641645951942,,,28,period_ambiguous,false,Weak noisy low-SNR dip in a trend-dominated packet; reject sanity remains valid.,complete_codex_visual_review
gatevetter_v0_2_batch_13_manual_review,2026-06-23,EPIC_211842777,uncertain_hold_positive,hold,exclude_for_now,0.6753541231155396,moderate_high_morphology_score,manual_hold_excluded_from_training_for_now,not_error_hold_case,0.732932,0.6,5.552710670844642,0.9973880443189926,0.010637252017439341,24,low,true,"Narrow repeatable folded dip with good SNR and low alias risk, but strong raw variability keeps it as a conservative positive hold.",complete_codex_visual_review
gatevetter_v0_2_batch_13_manual_review,2026-06-23,EPIC_211904163,variable_or_possible_eb,negative,possible_future_training_example,0.791871190071106,moderate_high_morphology_score,manual_negative_vs_cnn_positive_morphology,cnn_morphology_false_positive_or_overcall,0.556342,0.55,0.2689384926219883,0.9844894247720619,5.214250374119539,31,low,true,Large coherent raw variability and broad phase modulation dominate over the transit-like window.,complete_codex_visual_review
gatevetter_v0_2_batch_13_manual_review,2026-06-23,EPIC_211939380,reject_as_noise_or_artifact,negative,possible_future_training_example,0.8020708560943604,moderate_high_morphology_score,manual_negative_vs_cnn_positive_morphology,cnn_morphology_false_positive_or_overcall,0.600932,0.55,0.752119427037723,0.9560378968846167,1.9188661129426856,26,low,true,Noisy weak folded feature with poor event-stack support and no convincing repeatable transit family.,complete_codex_visual_review
gatevetter_v0_2_batch_13_manual_review,2026-06-23,EPIC_211965141,reject_as_noise_or_artifact,negative,possible_future_training_example,0.7891435027122498,moderate_high_morphology_score,manual_negative_vs_cnn_positive_morphology,cnn_morphology_false_positive_or_overcall,0.595115,0.55,0.11858617266052524,0.9175051506787529,5.232504907872023,21,moderate,true,Very low-SNR noisy packet with no coherent folded or event-stack transit signal.,complete_codex_visual_review
gatevetter_v0_2_batch_13_manual_review,2026-06-23,EPIC_211753556,variable_or_possible_eb,negative,possible_future_training_example,0.6244275569915771,low_to_moderate_morphology_score,manual_negative_with_nonhigh_cnn_score,not_primary_cnn_error,0.520992,0.520992,3.316559672299789,0.9988047850891348,0.34051612718079843,16,moderate,true,Broad deep U-shaped phase structure and strong raw variability are EB/variable-like rather than planet-like.,complete_codex_visual_review
gatevetter_v0_2_batch_13_manual_review,2026-06-23,EPIC_211910338,uncertain_hold_positive,hold,exclude_for_now,0.5589748024940491,low_to_moderate_morphology_score,manual_hold_excluded_from_training_for_now,not_error_hold_case,0.431539,0.431539,2.363965098218294,0.657632591467109,0.4139388969773068,15,moderate,true,"Compact transit-like folded dip is visually plausible, but low SNR and moderate alias risk keep it as a hold.",complete_codex_visual_review
gatevetter_v0_2_batch_13_manual_review,2026-06-23,EPIC_211944237,variable_or_possible_eb,negative,possible_future_training_example,0.6682336926460266,moderate_high_morphology_score,manual_negative_vs_cnn_positive_morphology,cnn_morphology_false_positive_or_overcall,0.340705,0.05,1.9103807453816442,,,28,period_ambiguous,false,Deep broad period-ambiguous morphology and strong raw variability are consistent with EB/variable behavior.,complete_codex_visual_review
gatevetter_v0_2_batch_13_manual_review,2026-06-23,EPIC_211341364,false_positive_eb_or_variable,negative,possible_future_training_example,0.7759537696838379,moderate_high_morphology_score,manual_negative_vs_cnn_positive_morphology,cnn_morphology_false_positive_or_overcall,0.0,0.0,0.5531099856338023,,,30,period_ambiguous,false,Broad period-ambiguous event-stack structure with weak folded evidence supports EB/variable false-positive handling.,complete_codex_visual_review
gatevetter_v0_2_batch_13_manual_review,2026-06-23,EPIC_211828464,reject_as_noise_or_artifact,negative,possible_future_training_example,0.9184139370918274,very_high_morphology_score,manual_negative_vs_cnn_positive_morphology,cnn_morphology_false_positive_or_overcall,0.0,0.0,0.07479296682903429,,,28,period_ambiguous,false,Extreme raw systematics and nearly flat folded views provide no reliable transit-like recovery despite high CNN score.,complete_codex_visual_review
gatevetter_v0_2_batch_13_manual_review,2026-06-23,EPIC_211927492,false_positive_eb_or_variable,negative,possible_future_training_example,0.7495228052139282,moderate_high_morphology_score,manual_negative_vs_cnn_positive_morphology,cnn_morphology_false_positive_or_overcall,0.0,0.0,0.3813177943707325,,,32,period_ambiguous,false,"Broad variable-like phase structure with period ambiguity remains an EB/variable false positive, not a planet-like miss.",complete_codex_visual_review
gatevetter_v0_2_batch_13_manual_review,2026-06-23,EPIC_211569427,reject_as_noise_or_artifact,negative,possible_future_training_example,0.7453151345252991,moderate_high_morphology_score,manual_negative_vs_cnn_positive_morphology,cnn_morphology_false_positive_or_overcall,0.0,0.0,0.4013295046388537,,,27,period_ambiguous,false,Systematics-dominated raw trend with flat/noisy folded evidence and no credible repeatable transit.,complete_codex_visual_review
gatevetter_v0_2_batch_13_manual_review,2026-06-23,EPIC_211963425,reject_as_noise_or_artifact,negative,possible_future_training_example,0.7207119464874268,moderate_high_morphology_score,manual_negative_vs_cnn_positive_morphology,cnn_morphology_false_positive_or_overcall,0.0,0.0,0.6249592773698107,,,23,period_ambiguous,false,Low-SNR noisy period-ambiguous feature with weak event support; reject sanity remains valid.,complete_codex_visual_review
gatevetter_v0_2_batch_13_manual_review,2026-06-23,EPIC_211874676,reject_as_noise_or_artifact,negative,possible_future_training_example,0.7966220378875732,moderate_high_morphology_score,manual_negative_vs_cnn_positive_morphology,cnn_morphology_false_positive_or_overcall,0.47848,0.35,0.5937008336733182,,,33,period_ambiguous,false,Raw trend/systematics dominate and the folded/event-stack views do not show a reliable transit family.,complete_codex_visual_review
gatevetter_v0_2_batch_13_manual_review,2026-06-23,EPIC_211406539,reject_as_noise_or_artifact,negative,possible_future_training_example,0.8093392848968506,moderate_high_morphology_score,manual_negative_vs_cnn_positive_morphology,cnn_morphology_false_positive_or_overcall,0.484203,0.35,0.4339166158397993,,,33,period_ambiguous,false,Noisy period-ambiguous packet with isolated dip-like structure and inconsistent event support.,complete_codex_visual_review
gatevetter_v0_2_batch_13_manual_review,2026-06-23,EPIC_211695616,reject_as_noise_or_artifact,negative,possible_future_training_example,0.7382837533950806,moderate_high_morphology_score,manual_negative_vs_cnn_positive_morphology,cnn_morphology_false_positive_or_overcall,0.452228,0.35,1.543753792181083,,,25,period_ambiguous,false,Long-period ambiguous low-SNR packet with no convincing repeatable transit evidence.,complete_codex_visual_review
gatevetter_v0_2_batch_13_manual_review,2026-06-23,EPIC_211746807,reject_as_noise_or_artifact,negative,possible_future_training_example,0.7439822554588318,moderate_high_morphology_score,manual_negative_vs_cnn_positive_morphology,cnn_morphology_false_positive_or_overcall,0.454792,0.35,0.9422475213797549,,,30,period_ambiguous,false,Noisy folded structure and ambiguous event-stack behavior do not recover a candidate-like signal.,complete_codex_visual_review
gatevetter_v0_2_batch_13_manual_review,2026-06-23,EPIC_211685798,reject_as_noise_or_artifact,negative,possible_future_training_example,0.9926196932792664,very_high_morphology_score,manual_negative_vs_cnn_positive_morphology,cnn_morphology_false_positive_or_overcall,0.566679,0.35,0.2345814112380924,,,32,period_ambiguous,false,High-CNN but very shallow noisy period-ambiguous packet with no reliable candidate-like transit.,complete_codex_visual_review
gatevetter_v0_2_batch_14_manual_review,2026-06-23,EPIC_211890606,variable_or_possible_eb,negative,possible_future_training_example,0.548751950263977,low_to_moderate_morphology_score,manual_negative_with_nonhigh_cnn_score,not_primary_cnn_error,0.573824,0.55,4.237337817128167,0.946153808251405,0.35369918032561426,13,low,true,Broad EB/variable-like folded morphology with raw modulation; not a clean candidate-like hold.,complete_codex_visual_review
gatevetter_v0_2_batch_14_manual_review,2026-06-23,EPIC_211751400,variable_or_possible_eb,negative,possible_future_training_example,0.7289129495620728,moderate_high_morphology_score,manual_negative_vs_cnn_positive_morphology,cnn_morphology_false_positive_or_overcall,0.368011,0.05,-0.7725304039490827,,,30,period_ambiguous,false,Period-ambiguous broad phase structure and odd/even unavailable context are variable-like rather than transit-like.,complete_codex_visual_review
gatevetter_v0_2_batch_14_manual_review,2026-06-23,EPIC_211974687,false_positive_eb_or_variable,negative,possible_future_training_example,0.868960976600647,moderate_high_morphology_score,manual_negative_vs_cnn_positive_morphology,cnn_morphology_false_positive_or_overcall,0.0,0.0,2.4466462779936813,,,30,period_ambiguous,false,Strong coherent EB/variable morphology with broad primary/secondary phase structure; reject sanity remains valid.,complete_codex_visual_review
gatevetter_v0_2_batch_14_manual_review,2026-06-23,EPIC_211927964,reject_as_noise_or_artifact,negative,possible_future_training_example,0.770896315574646,moderate_high_morphology_score,manual_negative_vs_cnn_positive_morphology,cnn_morphology_false_positive_or_overcall,0.0,0.0,0.6400598261408745,,,26,period_ambiguous,false,Systematics-dominated raw trend with nearly flat folded views and no reliable transit recovery.,complete_codex_visual_review
gatevetter_v0_2_batch_14_manual_review,2026-06-23,EPIC_212066407,false_positive_eb_or_variable,negative,possible_future_training_example,0.7210341095924377,moderate_high_morphology_score,manual_negative_vs_cnn_positive_morphology,cnn_morphology_false_positive_or_overcall,0.0,0.0,1.7033249898577183,0.8897723637982162,0.8374872184689504,17,low,true,Low-SNR dip in false-positive context with OOT/secondary concerns; no candidate-like rescue.,complete_codex_visual_review
gatevetter_v0_2_batch_14_manual_review,2026-06-23,EPIC_211713182,reject_as_noise_or_artifact,negative,possible_future_training_example,0.7153921127319336,moderate_high_morphology_score,manual_negative_vs_cnn_positive_morphology,cnn_morphology_false_positive_or_overcall,0.0,0.0,1.1234178618359356,,,32,period_ambiguous,false,Large raw variability and an isolated sparse dip without reliable repeatable event support.,complete_codex_visual_review
gatevetter_v0_2_batch_14_manual_review,2026-06-23,EPIC_211958946,reject_as_noise_or_artifact,negative,possible_future_training_example,0.7673404812812805,moderate_high_morphology_score,manual_negative_vs_cnn_positive_morphology,cnn_morphology_false_positive_or_overcall,0.0,0.0,0.4678080861460802,,,31,period_ambiguous,false,Trend/systematics-dominated packet with flat noisy folded evidence and no missed transit family.,complete_codex_visual_review
gatevetter_v0_2_batch_14_manual_review,2026-06-23,EPIC_211527790,false_positive_eb_or_variable,negative,possible_future_training_example,0.8121905326843262,moderate_high_morphology_score,manual_negative_vs_cnn_positive_morphology,cnn_morphology_false_positive_or_overcall,0.485486,0.35,2.6360277975273876,,,29,period_ambiguous,false,Large raw stellar variability and a period-ambiguous narrow feature are EB/variable false-positive context.,complete_codex_visual_review
gatevetter_v0_2_batch_14_manual_review,2026-06-23,EPIC_211949473,reject_as_noise_or_artifact,negative,possible_future_training_example,0.7996895909309387,moderate_high_morphology_score,manual_negative_vs_cnn_positive_morphology,cnn_morphology_false_positive_or_overcall,0.47986,0.35,0.6121846614828871,,,30,period_ambiguous,false,Noisy period-ambiguous folded feature with weak event-stack support; reject remains valid.,complete_codex_visual_review
gatevetter_v0_2_batch_14_manual_review,2026-06-23,EPIC_211376339,reject_as_noise_or_artifact,negative,possible_future_training_example,0.7548007369041443,moderate_high_morphology_score,manual_negative_vs_cnn_positive_morphology,cnn_morphology_false_positive_or_overcall,0.45966,0.35,0.6107397941807448,,,26,period_ambiguous,false,Weak flat/noisy period-ambiguous packet with no coherent candidate-like signal.,complete_codex_visual_review
gatevetter_v0_2_batch_14_manual_review,2026-06-23,EPIC_211506325,reject_as_noise_or_artifact,negative,possible_future_training_example,0.7421579957008362,moderate_high_morphology_score,manual_negative_vs_cnn_positive_morphology,cnn_morphology_false_positive_or_overcall,0.453971,0.35,0.8836258651264622,,,31,period_ambiguous,false,Noisy low-SNR folded structure and period ambiguity provide no candidate-like recovery.,complete_codex_visual_review
gatevetter_v0_2_batch_14_manual_review,2026-06-23,EPIC_211373495,reject_as_noise_or_artifact,negative,possible_future_training_example,0.7385029792785645,moderate_high_morphology_score,manual_negative_vs_cnn_positive_morphology,cnn_morphology_false_positive_or_overcall,0.452326,0.35,0.9303543143958611,,,26,period_ambiguous,false,Sparse noisy dip in a trend-dominated packet with period ambiguity; reject sanity remains valid.,complete_codex_visual_review
