epic_id,stage_r_label,stage_r_reason,n_events_total,n_events_ge_5_cadences,n_events_ge_10_cadences,n_events_shape_ge_071,n_events_shape_ge_074,n_events_long_good,max_shape_score,median_shape_score,max_duration_cadences,median_duration_cadences,depth_min,depth_max,depth_ratio,spike_fraction_2cadence,stage_r_policy_version,stage_r_needs_manual_review,stage_r_debug_json
EPIC_211306307,promote_to_deeper_eval,promote: 7 events have duration_cadences>=10 and shape_score>=0.74; max_duration_cadences=23; spike_fraction_2cadence=0.267,30,21,13,10,8,7,0.8840099233311842,0.6727180573431855,23.0,6.5,3.273809917025972e-05,0.002125194191028,64.91501476538352,0.26666666666666666,stage_r_manual_calibration_v2,False,"{""counts"":{""n_events_borderline_long_ge10_shape_ge070"":9,""n_events_ge_10_cadences"":13,""n_events_ge_5_cadences"":21,""n_events_long_good"":7,""n_events_shape_ge_071"":10,""n_events_shape_ge_074"":8,""n_events_spike_le_2_cadences"":8,""n_events_spike_le_3_cadences"":9,""n_events_strong_ge5_shape_ge074"":8,""n_events_total"":30,""n_events_with_duration_or_shape"":30},""flags"":{""depth_highly_inconsistent"":true,""has_coherent_long_family"":true,""hold_borderline_long_family_rule_passed"":false,""hold_single_strong_rule_passed"":false,""promote_rule_passed"":true,""single_strong_depth_ok"":true,""single_strong_field_size_ok"":true,""single_strong_hold_allowed"":false,""single_strong_spike_ok"":true,""spike_2cadence_dominant"":false,""spike_3cadence_dominant"":false},""metrics"":{""depth_max"":0.002125194191028,""depth_min"":3.273809917025972e-05,""depth_ratio"":64.91501476538352,""max_duration_cadences"":23.0,""max_shape_score"":0.8840099233311842,""median_duration_cadences"":6.5,""median_shape_score"":0.6727180573431855,""non_spike_depth_ratio"":8.981799808087437,""spike_fraction_2cadence"":0.26666666666666666,""spike_fraction_3cadence"":0.3},""policy_version"":""stage_r_manual_calibration_v2"",""thresholds"":{""borderline_duration_cadences"":10.0,""borderline_shape_score"":0.7,""depth_ratio_inconsistent"":10.0,""hold_duration_cadences"":5.0,""promote_duration_cadences"":10.0,""promote_shape_score"":0.74,""single_strong_depth_ratio_max"":15.0,""single_strong_many_events_max"":35,""single_strong_non_spike_depth_ratio_max"":15.0,""spike_2cadence_dominant_fraction"":0.5,""spike_2cadence_max_promote_fraction"":0.5,""spike_3cadence_dominant_fraction"":0.7}}"
EPIC_211310317,hold_for_review,"hold: borderline long-family case with 2 events duration_cadences>=10 and shape_score>=0.70, but promote criteria not met",28,14,6,4,3,1,0.8094702798637149,0.6668709542663281,22.0,4.5,3.6000982791328795e-05,0.0007444925086931,20.679782910604835,0.32142857142857145,stage_r_manual_calibration_v2,True,"{""counts"":{""n_events_borderline_long_ge10_shape_ge070"":2,""n_events_ge_10_cadences"":6,""n_events_ge_5_cadences"":14,""n_events_long_good"":1,""n_events_shape_ge_071"":4,""n_events_shape_ge_074"":3,""n_events_spike_le_2_cadences"":9,""n_events_spike_le_3_cadences"":13,""n_events_strong_ge5_shape_ge074"":3,""n_events_total"":28,""n_events_with_duration_or_shape"":28},""flags"":{""depth_highly_inconsistent"":true,""has_coherent_long_family"":true,""hold_borderline_long_family_rule_passed"":true,""hold_single_strong_rule_passed"":false,""promote_rule_passed"":false,""single_strong_depth_ok"":false,""single_strong_field_size_ok"":true,""single_strong_hold_allowed"":false,""single_strong_spike_ok"":true,""spike_2cadence_dominant"":false,""spike_3cadence_dominant"":false},""metrics"":{""depth_max"":0.0007444925086931,""depth_min"":3.6000982791328795e-05,""depth_ratio"":20.679782910604835,""max_duration_cadences"":22.0,""max_shape_score"":0.8094702798637149,""median_duration_cadences"":4.5,""median_shape_score"":0.6668709542663281,""non_spike_depth_ratio"":20.679782910604835,""spike_fraction_2cadence"":0.32142857142857145,""spike_fraction_3cadence"":0.4642857142857143},""policy_version"":""stage_r_manual_calibration_v2"",""thresholds"":{""borderline_duration_cadences"":10.0,""borderline_shape_score"":0.7,""depth_ratio_inconsistent"":10.0,""hold_duration_cadences"":5.0,""promote_duration_cadences"":10.0,""promote_shape_score"":0.74,""single_strong_depth_ratio_max"":15.0,""single_strong_many_events_max"":35,""single_strong_non_spike_depth_ratio_max"":15.0,""spike_2cadence_dominant_fraction"":0.5,""spike_2cadence_max_promote_fraction"":0.5,""spike_3cadence_dominant_fraction"":0.7}}"
EPIC_211324054,reject_as_noise_or_artifact,reject: dominated by 2-3 cadence spike events; no coherent long-duration event family (0 events meet duration>=10 and shape>=0.70); depth/duration are highly inconsistent (depth_ratio=21.5); n_events_total=21,21,2,0,0,0,0,0.7077405978050346,0.6712278192899609,7.0,2.0,3.0698723867628175e-05,0.0006615268941967,21.54900304811304,0.7142857142857143,stage_r_manual_calibration_v2,False,"{""counts"":{""n_events_borderline_long_ge10_shape_ge070"":0,""n_events_ge_10_cadences"":0,""n_events_ge_5_cadences"":2,""n_events_long_good"":0,""n_events_shape_ge_071"":0,""n_events_shape_ge_074"":0,""n_events_spike_le_2_cadences"":15,""n_events_spike_le_3_cadences"":17,""n_events_strong_ge5_shape_ge074"":0,""n_events_total"":21,""n_events_with_duration_or_shape"":21},""flags"":{""depth_highly_inconsistent"":true,""has_coherent_long_family"":false,""hold_borderline_long_family_rule_passed"":false,""hold_single_strong_rule_passed"":false,""promote_rule_passed"":false,""single_strong_depth_ok"":true,""single_strong_field_size_ok"":true,""single_strong_hold_allowed"":false,""single_strong_spike_ok"":true,""spike_2cadence_dominant"":true,""spike_3cadence_dominant"":true},""metrics"":{""depth_max"":0.0006615268941967,""depth_min"":3.0698723867628175e-05,""depth_ratio"":21.54900304811304,""max_duration_cadences"":7.0,""max_shape_score"":0.7077405978050346,""median_duration_cadences"":2.0,""median_shape_score"":0.6712278192899609,""non_spike_depth_ratio"":2.6898427409036088,""spike_fraction_2cadence"":0.7142857142857143,""spike_fraction_3cadence"":0.8095238095238095},""policy_version"":""stage_r_manual_calibration_v2"",""thresholds"":{""borderline_duration_cadences"":10.0,""borderline_shape_score"":0.7,""depth_ratio_inconsistent"":10.0,""hold_duration_cadences"":5.0,""promote_duration_cadences"":10.0,""promote_shape_score"":0.74,""single_strong_depth_ratio_max"":15.0,""single_strong_many_events_max"":35,""single_strong_non_spike_depth_ratio_max"":15.0,""spike_2cadence_dominant_fraction"":0.5,""spike_2cadence_max_promote_fraction"":0.5,""spike_3cadence_dominant_fraction"":0.7}}"
EPIC_211339469,hold_for_review,"hold: borderline long-family case with 2 events duration_cadences>=10 and shape_score>=0.70, but promote criteria not met",42,10,2,12,2,0,0.7497888514404132,0.684280006754781,13.0,4.0,0.0001411585300618,0.0106743017065923,75.61924668611263,0.2857142857142857,stage_r_manual_calibration_v2,True,"{""counts"":{""n_events_borderline_long_ge10_shape_ge070"":2,""n_events_ge_10_cadences"":2,""n_events_ge_5_cadences"":10,""n_events_long_good"":0,""n_events_shape_ge_071"":12,""n_events_shape_ge_074"":2,""n_events_spike_le_2_cadences"":12,""n_events_spike_le_3_cadences"":20,""n_events_strong_ge5_shape_ge074"":2,""n_events_total"":42,""n_events_with_duration_or_shape"":42},""flags"":{""depth_highly_inconsistent"":true,""has_coherent_long_family"":true,""hold_borderline_long_family_rule_passed"":true,""hold_single_strong_rule_passed"":false,""promote_rule_passed"":false,""single_strong_depth_ok"":false,""single_strong_field_size_ok"":false,""single_strong_hold_allowed"":false,""single_strong_spike_ok"":true,""spike_2cadence_dominant"":false,""spike_3cadence_dominant"":false},""metrics"":{""depth_max"":0.0106743017065923,""depth_min"":0.0001411585300618,""depth_ratio"":75.61924668611263,""max_duration_cadences"":13.0,""max_shape_score"":0.7497888514404132,""median_duration_cadences"":4.0,""median_shape_score"":0.684280006754781,""non_spike_depth_ratio"":32.9683228658937,""spike_fraction_2cadence"":0.2857142857142857,""spike_fraction_3cadence"":0.47619047619047616},""policy_version"":""stage_r_manual_calibration_v2"",""thresholds"":{""borderline_duration_cadences"":10.0,""borderline_shape_score"":0.7,""depth_ratio_inconsistent"":10.0,""hold_duration_cadences"":5.0,""promote_duration_cadences"":10.0,""promote_shape_score"":0.74,""single_strong_depth_ratio_max"":15.0,""single_strong_many_events_max"":35,""single_strong_non_spike_depth_ratio_max"":15.0,""spike_2cadence_dominant_fraction"":0.5,""spike_2cadence_max_promote_fraction"":0.5,""spike_3cadence_dominant_fraction"":0.7}}"
EPIC_211387425,promote_to_deeper_eval,promote: 2 events have duration_cadences>=10 and shape_score>=0.74; max_duration_cadences=22; spike_fraction_2cadence=0.250,28,19,16,2,2,2,0.7614290005177995,0.6663632296132371,22.0,12.5,0.0001079575632469,0.0011578390478269,10.724946108489968,0.25,stage_r_manual_calibration_v2,False,"{""counts"":{""n_events_borderline_long_ge10_shape_ge070"":5,""n_events_ge_10_cadences"":16,""n_events_ge_5_cadences"":19,""n_events_long_good"":2,""n_events_shape_ge_071"":2,""n_events_shape_ge_074"":2,""n_events_spike_le_2_cadences"":7,""n_events_spike_le_3_cadences"":7,""n_events_strong_ge5_shape_ge074"":2,""n_events_total"":28,""n_events_with_duration_or_shape"":28},""flags"":{""depth_highly_inconsistent"":true,""has_coherent_long_family"":true,""hold_borderline_long_family_rule_passed"":false,""hold_single_strong_rule_passed"":false,""promote_rule_passed"":true,""single_strong_depth_ok"":true,""single_strong_field_size_ok"":true,""single_strong_hold_allowed"":false,""single_strong_spike_ok"":true,""spike_2cadence_dominant"":false,""spike_3cadence_dominant"":false},""metrics"":{""depth_max"":0.0011578390478269,""depth_min"":0.0001079575632469,""depth_ratio"":10.724946108489968,""max_duration_cadences"":22.0,""max_shape_score"":0.7614290005177995,""median_duration_cadences"":12.5,""median_shape_score"":0.6663632296132371,""non_spike_depth_ratio"":3.622185414521422,""spike_fraction_2cadence"":0.25,""spike_fraction_3cadence"":0.25},""policy_version"":""stage_r_manual_calibration_v2"",""thresholds"":{""borderline_duration_cadences"":10.0,""borderline_shape_score"":0.7,""depth_ratio_inconsistent"":10.0,""hold_duration_cadences"":5.0,""promote_duration_cadences"":10.0,""promote_shape_score"":0.74,""single_strong_depth_ratio_max"":15.0,""single_strong_many_events_max"":35,""single_strong_non_spike_depth_ratio_max"":15.0,""spike_2cadence_dominant_fraction"":0.5,""spike_2cadence_max_promote_fraction"":0.5,""spike_3cadence_dominant_fraction"":0.7}}"
EPIC_211394018,reject_as_noise_or_artifact,reject: dominated by 2-3 cadence spike events; no coherent long-duration event family (0 events meet duration>=10 and shape>=0.70); depth/duration are highly inconsistent (depth_ratio=17.9); n_events_total=32,32,3,0,1,0,0,0.7212178753325174,0.6562853865250702,8.0,2.0,9.064422243287852e-05,0.00162053957305,17.87802387791455,0.59375,stage_r_manual_calibration_v2,False,"{""counts"":{""n_events_borderline_long_ge10_shape_ge070"":0,""n_events_ge_10_cadences"":0,""n_events_ge_5_cadences"":3,""n_events_long_good"":0,""n_events_shape_ge_071"":1,""n_events_shape_ge_074"":0,""n_events_spike_le_2_cadences"":19,""n_events_spike_le_3_cadences"":24,""n_events_strong_ge5_shape_ge074"":0,""n_events_total"":32,""n_events_with_duration_or_shape"":32},""flags"":{""depth_highly_inconsistent"":true,""has_coherent_long_family"":false,""hold_borderline_long_family_rule_passed"":false,""hold_single_strong_rule_passed"":false,""promote_rule_passed"":false,""single_strong_depth_ok"":true,""single_strong_field_size_ok"":true,""single_strong_hold_allowed"":false,""single_strong_spike_ok"":true,""spike_2cadence_dominant"":true,""spike_3cadence_dominant"":true},""metrics"":{""depth_max"":0.00162053957305,""depth_min"":9.064422243287852e-05,""depth_ratio"":17.87802387791455,""max_duration_cadences"":8.0,""max_shape_score"":0.7212178753325174,""median_duration_cadences"":2.0,""median_shape_score"":0.6562853865250702,""non_spike_depth_ratio"":11.259872513569203,""spike_fraction_2cadence"":0.59375,""spike_fraction_3cadence"":0.75},""policy_version"":""stage_r_manual_calibration_v2"",""thresholds"":{""borderline_duration_cadences"":10.0,""borderline_shape_score"":0.7,""depth_ratio_inconsistent"":10.0,""hold_duration_cadences"":5.0,""promote_duration_cadences"":10.0,""promote_shape_score"":0.74,""single_strong_depth_ratio_max"":15.0,""single_strong_many_events_max"":35,""single_strong_non_spike_depth_ratio_max"":15.0,""spike_2cadence_dominant_fraction"":0.5,""spike_2cadence_max_promote_fraction"":0.5,""spike_3cadence_dominant_fraction"":0.7}}"
EPIC_211396167,promote_to_deeper_eval,promote: 3 events have duration_cadences>=10 and shape_score>=0.74; max_duration_cadences=24; spike_fraction_2cadence=0.296,27,17,14,7,3,3,0.7436412020082785,0.6844644705267033,24.0,11.0,0.0004516458875719,0.0073749027359917,16.32894915890859,0.2962962962962963,stage_r_manual_calibration_v2,False,"{""counts"":{""n_events_borderline_long_ge10_shape_ge070"":7,""n_events_ge_10_cadences"":14,""n_events_ge_5_cadences"":17,""n_events_long_good"":3,""n_events_shape_ge_071"":7,""n_events_shape_ge_074"":3,""n_events_spike_le_2_cadences"":8,""n_events_spike_le_3_cadences"":9,""n_events_strong_ge5_shape_ge074"":3,""n_events_total"":27,""n_events_with_duration_or_shape"":27},""flags"":{""depth_highly_inconsistent"":true,""has_coherent_long_family"":true,""hold_borderline_long_family_rule_passed"":false,""hold_single_strong_rule_passed"":false,""promote_rule_passed"":true,""single_strong_depth_ok"":true,""single_strong_field_size_ok"":true,""single_strong_hold_allowed"":false,""single_strong_spike_ok"":true,""spike_2cadence_dominant"":false,""spike_3cadence_dominant"":false},""metrics"":{""depth_max"":0.0073749027359917,""depth_min"":0.0004516458875719,""depth_ratio"":16.32894915890859,""max_duration_cadences"":24.0,""max_shape_score"":0.7436412020082785,""median_duration_cadences"":11.0,""median_shape_score"":0.6844644705267033,""non_spike_depth_ratio"":9.820795585900099,""spike_fraction_2cadence"":0.2962962962962963,""spike_fraction_3cadence"":0.3333333333333333},""policy_version"":""stage_r_manual_calibration_v2"",""thresholds"":{""borderline_duration_cadences"":10.0,""borderline_shape_score"":0.7,""depth_ratio_inconsistent"":10.0,""hold_duration_cadences"":5.0,""promote_duration_cadences"":10.0,""promote_shape_score"":0.74,""single_strong_depth_ratio_max"":15.0,""single_strong_many_events_max"":35,""single_strong_non_spike_depth_ratio_max"":15.0,""spike_2cadence_dominant_fraction"":0.5,""spike_2cadence_max_promote_fraction"":0.5,""spike_3cadence_dominant_fraction"":0.7}}"
EPIC_211396246,promote_to_deeper_eval,promote: 6 events have duration_cadences>=10 and shape_score>=0.74; max_duration_cadences=24; spike_fraction_2cadence=0.208,24,16,15,8,6,6,0.8013982456171866,0.6953361705753284,24.0,16.5,0.000153101038754,0.0033276256570404,21.73483396404102,0.20833333333333334,stage_r_manual_calibration_v2,False,"{""counts"":{""n_events_borderline_long_ge10_shape_ge070"":10,""n_events_ge_10_cadences"":15,""n_events_ge_5_cadences"":16,""n_events_long_good"":6,""n_events_shape_ge_071"":8,""n_events_shape_ge_074"":6,""n_events_spike_le_2_cadences"":5,""n_events_spike_le_3_cadences"":7,""n_events_strong_ge5_shape_ge074"":6,""n_events_total"":24,""n_events_with_duration_or_shape"":24},""flags"":{""depth_highly_inconsistent"":true,""has_coherent_long_family"":true,""hold_borderline_long_family_rule_passed"":false,""hold_single_strong_rule_passed"":false,""promote_rule_passed"":true,""single_strong_depth_ok"":false,""single_strong_field_size_ok"":true,""single_strong_hold_allowed"":false,""single_strong_spike_ok"":true,""spike_2cadence_dominant"":false,""spike_3cadence_dominant"":false},""metrics"":{""depth_max"":0.0033276256570404,""depth_min"":0.000153101038754,""depth_ratio"":21.73483396404102,""max_duration_cadences"":24.0,""max_shape_score"":0.8013982456171866,""median_duration_cadences"":16.5,""median_shape_score"":0.6953361705753284,""non_spike_depth_ratio"":15.549665463059961,""spike_fraction_2cadence"":0.20833333333333334,""spike_fraction_3cadence"":0.2916666666666667},""policy_version"":""stage_r_manual_calibration_v2"",""thresholds"":{""borderline_duration_cadences"":10.0,""borderline_shape_score"":0.7,""depth_ratio_inconsistent"":10.0,""hold_duration_cadences"":5.0,""promote_duration_cadences"":10.0,""promote_shape_score"":0.74,""single_strong_depth_ratio_max"":15.0,""single_strong_many_events_max"":35,""single_strong_non_spike_depth_ratio_max"":15.0,""spike_2cadence_dominant_fraction"":0.5,""spike_2cadence_max_promote_fraction"":0.5,""spike_3cadence_dominant_fraction"":0.7}}"
EPIC_211404127,promote_to_deeper_eval,promote: 9 events have duration_cadences>=10 and shape_score>=0.74; max_duration_cadences=24; spike_fraction_2cadence=0.217,23,16,15,13,10,9,0.8714097297986186,0.7243130199392879,24.0,22.0,0.0001952275750987,0.008947855547958,45.83294928205858,0.21739130434782608,stage_r_manual_calibration_v2,False,"{""counts"":{""n_events_borderline_long_ge10_shape_ge070"":12,""n_events_ge_10_cadences"":15,""n_events_ge_5_cadences"":16,""n_events_long_good"":9,""n_events_shape_ge_071"":13,""n_events_shape_ge_074"":10,""n_events_spike_le_2_cadences"":5,""n_events_spike_le_3_cadences"":6,""n_events_strong_ge5_shape_ge074"":10,""n_events_total"":23,""n_events_with_duration_or_shape"":23},""flags"":{""depth_highly_inconsistent"":true,""has_coherent_long_family"":true,""hold_borderline_long_family_rule_passed"":false,""hold_single_strong_rule_passed"":false,""promote_rule_passed"":true,""single_strong_depth_ok"":false,""single_strong_field_size_ok"":true,""single_strong_hold_allowed"":false,""single_strong_spike_ok"":true,""spike_2cadence_dominant"":false,""spike_3cadence_dominant"":false},""metrics"":{""depth_max"":0.008947855547958,""depth_min"":0.0001952275750987,""depth_ratio"":45.83294928205858,""max_duration_cadences"":24.0,""max_shape_score"":0.8714097297986186,""median_duration_cadences"":22.0,""median_shape_score"":0.7243130199392879,""non_spike_depth_ratio"":29.969607852851013,""spike_fraction_2cadence"":0.21739130434782608,""spike_fraction_3cadence"":0.2608695652173913},""policy_version"":""stage_r_manual_calibration_v2"",""thresholds"":{""borderline_duration_cadences"":10.0,""borderline_shape_score"":0.7,""depth_ratio_inconsistent"":10.0,""hold_duration_cadences"":5.0,""promote_duration_cadences"":10.0,""promote_shape_score"":0.74,""single_strong_depth_ratio_max"":15.0,""single_strong_many_events_max"":35,""single_strong_non_spike_depth_ratio_max"":15.0,""spike_2cadence_dominant_fraction"":0.5,""spike_2cadence_max_promote_fraction"":0.5,""spike_3cadence_dominant_fraction"":0.7}}"
EPIC_211409376,reject_as_noise_or_artifact,reject: no coherent long-duration event family (0 events meet duration>=10 and shape>=0.70); depth/duration are highly inconsistent (depth_ratio=58.9); n_events_total=26,26,10,7,2,0,0,0.7123342857558392,0.6550500311736744,23.0,3.0,6.479509698920083e-05,0.0038169829397464,58.90851495110137,0.4230769230769231,stage_r_manual_calibration_v2,False,"{""counts"":{""n_events_borderline_long_ge10_shape_ge070"":0,""n_events_ge_10_cadences"":7,""n_events_ge_5_cadences"":10,""n_events_long_good"":0,""n_events_shape_ge_071"":2,""n_events_shape_ge_074"":0,""n_events_spike_le_2_cadences"":11,""n_events_spike_le_3_cadences"":15,""n_events_strong_ge5_shape_ge074"":0,""n_events_total"":26,""n_events_with_duration_or_shape"":26},""flags"":{""depth_highly_inconsistent"":true,""has_coherent_long_family"":false,""hold_borderline_long_family_rule_passed"":false,""hold_single_strong_rule_passed"":false,""promote_rule_passed"":false,""single_strong_depth_ok"":false,""single_strong_field_size_ok"":true,""single_strong_hold_allowed"":false,""single_strong_spike_ok"":true,""spike_2cadence_dominant"":false,""spike_3cadence_dominant"":false},""metrics"":{""depth_max"":0.0038169829397464,""depth_min"":6.479509698920083e-05,""depth_ratio"":58.90851495110137,""max_duration_cadences"":23.0,""max_shape_score"":0.7123342857558392,""median_duration_cadences"":3.0,""median_shape_score"":0.6550500311736744,""non_spike_depth_ratio"":19.53967504614559,""spike_fraction_2cadence"":0.4230769230769231,""spike_fraction_3cadence"":0.5769230769230769},""policy_version"":""stage_r_manual_calibration_v2"",""thresholds"":{""borderline_duration_cadences"":10.0,""borderline_shape_score"":0.7,""depth_ratio_inconsistent"":10.0,""hold_duration_cadences"":5.0,""promote_duration_cadences"":10.0,""promote_shape_score"":0.74,""single_strong_depth_ratio_max"":15.0,""single_strong_many_events_max"":35,""single_strong_non_spike_depth_ratio_max"":15.0,""spike_2cadence_dominant_fraction"":0.5,""spike_2cadence_max_promote_fraction"":0.5,""spike_3cadence_dominant_fraction"":0.7}}"
EPIC_211409604,promote_to_deeper_eval,promote: 8 events have duration_cadences>=10 and shape_score>=0.74; max_duration_cadences=22; spike_fraction_2cadence=0.133,30,21,14,10,9,8,0.8856846318009106,0.6500841384051232,22.0,8.0,6.261678637120571e-05,0.0022813657060369,36.43377180860857,0.13333333333333333,stage_r_manual_calibration_v2,False,"{""counts"":{""n_events_borderline_long_ge10_shape_ge070"":9,""n_events_ge_10_cadences"":14,""n_events_ge_5_cadences"":21,""n_events_long_good"":8,""n_events_shape_ge_071"":10,""n_events_shape_ge_074"":9,""n_events_spike_le_2_cadences"":4,""n_events_spike_le_3_cadences"":5,""n_events_strong_ge5_shape_ge074"":9,""n_events_total"":30,""n_events_with_duration_or_shape"":30},""flags"":{""depth_highly_inconsistent"":true,""has_coherent_long_family"":true,""hold_borderline_long_family_rule_passed"":false,""hold_single_strong_rule_passed"":false,""promote_rule_passed"":true,""single_strong_depth_ok"":false,""single_strong_field_size_ok"":true,""single_strong_hold_allowed"":false,""single_strong_spike_ok"":true,""spike_2cadence_dominant"":false,""spike_3cadence_dominant"":false},""metrics"":{""depth_max"":0.0022813657060369,""depth_min"":6.261678637120571e-05,""depth_ratio"":36.43377180860857,""max_duration_cadences"":22.0,""max_shape_score"":0.8856846318009106,""median_duration_cadences"":8.0,""median_shape_score"":0.6500841384051232,""non_spike_depth_ratio"":28.679288595539795,""spike_fraction_2cadence"":0.13333333333333333,""spike_fraction_3cadence"":0.16666666666666666},""policy_version"":""stage_r_manual_calibration_v2"",""thresholds"":{""borderline_duration_cadences"":10.0,""borderline_shape_score"":0.7,""depth_ratio_inconsistent"":10.0,""hold_duration_cadences"":5.0,""promote_duration_cadences"":10.0,""promote_shape_score"":0.74,""single_strong_depth_ratio_max"":15.0,""single_strong_many_events_max"":35,""single_strong_non_spike_depth_ratio_max"":15.0,""spike_2cadence_dominant_fraction"":0.5,""spike_2cadence_max_promote_fraction"":0.5,""spike_3cadence_dominant_fraction"":0.7}}"
EPIC_211418470,reject_as_noise_or_artifact,reject: dominated by 2-3 cadence spike events; no coherent long-duration event family (0 events meet duration>=10 and shape>=0.70); depth/duration are highly inconsistent (depth_ratio=20.5); n_events_total=17,17,0,0,2,0,0,0.7250489810068352,0.6873315907218077,4.0,2.0,4.133911568149351e-05,0.0008472277385118,20.49457818690308,0.7647058823529411,stage_r_manual_calibration_v2,False,"{""counts"":{""n_events_borderline_long_ge10_shape_ge070"":0,""n_events_ge_10_cadences"":0,""n_events_ge_5_cadences"":0,""n_events_long_good"":0,""n_events_shape_ge_071"":2,""n_events_shape_ge_074"":0,""n_events_spike_le_2_cadences"":13,""n_events_spike_le_3_cadences"":16,""n_events_strong_ge5_shape_ge074"":0,""n_events_total"":17,""n_events_with_duration_or_shape"":17},""flags"":{""depth_highly_inconsistent"":true,""has_coherent_long_family"":false,""hold_borderline_long_family_rule_passed"":false,""hold_single_strong_rule_passed"":false,""promote_rule_passed"":false,""single_strong_depth_ok"":true,""single_strong_field_size_ok"":true,""single_strong_hold_allowed"":false,""single_strong_spike_ok"":false,""spike_2cadence_dominant"":true,""spike_3cadence_dominant"":true},""metrics"":{""depth_max"":0.0008472277385118,""depth_min"":4.133911568149351e-05,""depth_ratio"":20.49457818690308,""max_duration_cadences"":4.0,""max_shape_score"":0.7250489810068352,""median_duration_cadences"":2.0,""median_shape_score"":0.6873315907218077,""non_spike_depth_ratio"":2.5025566312123546,""spike_fraction_2cadence"":0.7647058823529411,""spike_fraction_3cadence"":0.9411764705882353},""policy_version"":""stage_r_manual_calibration_v2"",""thresholds"":{""borderline_duration_cadences"":10.0,""borderline_shape_score"":0.7,""depth_ratio_inconsistent"":10.0,""hold_duration_cadences"":5.0,""promote_duration_cadences"":10.0,""promote_shape_score"":0.74,""single_strong_depth_ratio_max"":15.0,""single_strong_many_events_max"":35,""single_strong_non_spike_depth_ratio_max"":15.0,""spike_2cadence_dominant_fraction"":0.5,""spike_2cadence_max_promote_fraction"":0.5,""spike_3cadence_dominant_fraction"":0.7}}"
EPIC_211421186,hold_for_review,hold: exactly 1 strong event has duration_cadences>=5 and shape_score>=0.74; single-strong guardrails passed; promote long-good count=1,25,8,5,3,1,1,0.7652993791297457,0.6509113354729243,23.0,2.0,3.57438388864928e-05,0.0016642167128324,46.55954046002845,0.52,stage_r_manual_calibration_v2,True,"{""counts"":{""n_events_borderline_long_ge10_shape_ge070"":3,""n_events_ge_10_cadences"":5,""n_events_ge_5_cadences"":8,""n_events_long_good"":1,""n_events_shape_ge_071"":3,""n_events_shape_ge_074"":1,""n_events_spike_le_2_cadences"":13,""n_events_spike_le_3_cadences"":17,""n_events_strong_ge5_shape_ge074"":1,""n_events_total"":25,""n_events_with_duration_or_shape"":25},""flags"":{""depth_highly_inconsistent"":true,""has_coherent_long_family"":true,""hold_borderline_long_family_rule_passed"":true,""hold_single_strong_rule_passed"":true,""promote_rule_passed"":false,""single_strong_depth_ok"":true,""single_strong_field_size_ok"":true,""single_strong_hold_allowed"":true,""single_strong_spike_ok"":true,""spike_2cadence_dominant"":true,""spike_3cadence_dominant"":false},""metrics"":{""depth_max"":0.0016642167128324,""depth_min"":3.57438388864928e-05,""depth_ratio"":46.55954046002845,""max_duration_cadences"":23.0,""max_shape_score"":0.7652993791297457,""median_duration_cadences"":2.0,""median_shape_score"":0.6509113354729243,""non_spike_depth_ratio"":6.195782735631804,""spike_fraction_2cadence"":0.52,""spike_fraction_3cadence"":0.68},""policy_version"":""stage_r_manual_calibration_v2"",""thresholds"":{""borderline_duration_cadences"":10.0,""borderline_shape_score"":0.7,""depth_ratio_inconsistent"":10.0,""hold_duration_cadences"":5.0,""promote_duration_cadences"":10.0,""promote_shape_score"":0.74,""single_strong_depth_ratio_max"":15.0,""single_strong_many_events_max"":35,""single_strong_non_spike_depth_ratio_max"":15.0,""spike_2cadence_dominant_fraction"":0.5,""spike_2cadence_max_promote_fraction"":0.5,""spike_3cadence_dominant_fraction"":0.7}}"
EPIC_211423229,promote_to_deeper_eval,promote: 12 events have duration_cadences>=10 and shape_score>=0.74; max_duration_cadences=24; spike_fraction_2cadence=0.125,24,18,17,14,12,12,0.8104949006208213,0.7394896076555781,24.0,19.0,4.04096840951329e-05,0.0012865247517216,31.83704056415907,0.125,stage_r_manual_calibration_v2,False,"{""counts"":{""n_events_borderline_long_ge10_shape_ge070"":14,""n_events_ge_10_cadences"":17,""n_events_ge_5_cadences"":18,""n_events_long_good"":12,""n_events_shape_ge_071"":14,""n_events_shape_ge_074"":12,""n_events_spike_le_2_cadences"":3,""n_events_spike_le_3_cadences"":5,""n_events_strong_ge5_shape_ge074"":12,""n_events_total"":24,""n_events_with_duration_or_shape"":24},""flags"":{""depth_highly_inconsistent"":true,""has_coherent_long_family"":true,""hold_borderline_long_family_rule_passed"":false,""hold_single_strong_rule_passed"":false,""promote_rule_passed"":true,""single_strong_depth_ok"":false,""single_strong_field_size_ok"":true,""single_strong_hold_allowed"":false,""single_strong_spike_ok"":true,""spike_2cadence_dominant"":false,""spike_3cadence_dominant"":false},""metrics"":{""depth_max"":0.0012865247517216,""depth_min"":4.04096840951329e-05,""depth_ratio"":31.83704056415907,""max_duration_cadences"":24.0,""max_shape_score"":0.8104949006208213,""median_duration_cadences"":19.0,""median_shape_score"":0.7394896076555781,""non_spike_depth_ratio"":31.83704056415907,""spike_fraction_2cadence"":0.125,""spike_fraction_3cadence"":0.20833333333333334},""policy_version"":""stage_r_manual_calibration_v2"",""thresholds"":{""borderline_duration_cadences"":10.0,""borderline_shape_score"":0.7,""depth_ratio_inconsistent"":10.0,""hold_duration_cadences"":5.0,""promote_duration_cadences"":10.0,""promote_shape_score"":0.74,""single_strong_depth_ratio_max"":15.0,""single_strong_many_events_max"":35,""single_strong_non_spike_depth_ratio_max"":15.0,""spike_2cadence_dominant_fraction"":0.5,""spike_2cadence_max_promote_fraction"":0.5,""spike_3cadence_dominant_fraction"":0.7}}"
EPIC_211425098,promote_to_deeper_eval,promote: 10 events have duration_cadences>=10 and shape_score>=0.74; max_duration_cadences=24; spike_fraction_2cadence=0.235,17,13,12,12,10,10,0.8584246258398098,0.7509287312530442,24.0,23.0,0.0002267340395921,0.0039547764636288,17.442358768641615,0.23529411764705882,stage_r_manual_calibration_v2,False,"{""counts"":{""n_events_borderline_long_ge10_shape_ge070"":11,""n_events_ge_10_cadences"":12,""n_events_ge_5_cadences"":13,""n_events_long_good"":10,""n_events_shape_ge_071"":12,""n_events_shape_ge_074"":10,""n_events_spike_le_2_cadences"":4,""n_events_spike_le_3_cadences"":4,""n_events_strong_ge5_shape_ge074"":10,""n_events_total"":17,""n_events_with_duration_or_shape"":17},""flags"":{""depth_highly_inconsistent"":true,""has_coherent_long_family"":true,""hold_borderline_long_family_rule_passed"":false,""hold_single_strong_rule_passed"":false,""promote_rule_passed"":true,""single_strong_depth_ok"":true,""single_strong_field_size_ok"":true,""single_strong_hold_allowed"":false,""single_strong_spike_ok"":true,""spike_2cadence_dominant"":false,""spike_3cadence_dominant"":false},""metrics"":{""depth_max"":0.0039547764636288,""depth_min"":0.0002267340395921,""depth_ratio"":17.442358768641615,""max_duration_cadences"":24.0,""max_shape_score"":0.8584246258398098,""median_duration_cadences"":23.0,""median_shape_score"":0.7509287312530442,""non_spike_depth_ratio"":6.560286622812618,""spike_fraction_2cadence"":0.23529411764705882,""spike_fraction_3cadence"":0.23529411764705882},""policy_version"":""stage_r_manual_calibration_v2"",""thresholds"":{""borderline_duration_cadences"":10.0,""borderline_shape_score"":0.7,""depth_ratio_inconsistent"":10.0,""hold_duration_cadences"":5.0,""promote_duration_cadences"":10.0,""promote_shape_score"":0.74,""single_strong_depth_ratio_max"":15.0,""single_strong_many_events_max"":35,""single_strong_non_spike_depth_ratio_max"":15.0,""spike_2cadence_dominant_fraction"":0.5,""spike_2cadence_max_promote_fraction"":0.5,""spike_3cadence_dominant_fraction"":0.7}}"
EPIC_211434347,promote_to_deeper_eval,promote: 8 events have duration_cadences>=10 and shape_score>=0.74; max_duration_cadences=22; spike_fraction_2cadence=0.200,35,28,22,13,8,8,0.8416704063048437,0.6786783034307529,22.0,14.0,0.0001018102916786,0.0040087378694328,39.37458387888516,0.2,stage_r_manual_calibration_v2,False,"{""counts"":{""n_events_borderline_long_ge10_shape_ge070"":13,""n_events_ge_10_cadences"":22,""n_events_ge_5_cadences"":28,""n_events_long_good"":8,""n_events_shape_ge_071"":13,""n_events_shape_ge_074"":8,""n_events_spike_le_2_cadences"":7,""n_events_spike_le_3_cadences"":7,""n_events_strong_ge5_shape_ge074"":8,""n_events_total"":35,""n_events_with_duration_or_shape"":35},""flags"":{""depth_highly_inconsistent"":true,""has_coherent_long_family"":true,""hold_borderline_long_family_rule_passed"":false,""hold_single_strong_rule_passed"":false,""promote_rule_passed"":true,""single_strong_depth_ok"":true,""single_strong_field_size_ok"":true,""single_strong_hold_allowed"":false,""single_strong_spike_ok"":true,""spike_2cadence_dominant"":false,""spike_3cadence_dominant"":false},""metrics"":{""depth_max"":0.0040087378694328,""depth_min"":0.0001018102916786,""depth_ratio"":39.37458387888516,""max_duration_cadences"":22.0,""max_shape_score"":0.8416704063048437,""median_duration_cadences"":14.0,""median_shape_score"":0.6786783034307529,""non_spike_depth_ratio"":7.751690835547053,""spike_fraction_2cadence"":0.2,""spike_fraction_3cadence"":0.2},""policy_version"":""stage_r_manual_calibration_v2"",""thresholds"":{""borderline_duration_cadences"":10.0,""borderline_shape_score"":0.7,""depth_ratio_inconsistent"":10.0,""hold_duration_cadences"":5.0,""promote_duration_cadences"":10.0,""promote_shape_score"":0.74,""single_strong_depth_ratio_max"":15.0,""single_strong_many_events_max"":35,""single_strong_non_spike_depth_ratio_max"":15.0,""spike_2cadence_dominant_fraction"":0.5,""spike_2cadence_max_promote_fraction"":0.5,""spike_3cadence_dominant_fraction"":0.7}}"
EPIC_211490307,promote_to_deeper_eval,promote: 11 events have duration_cadences>=10 and shape_score>=0.74; max_duration_cadences=24; spike_fraction_2cadence=0.194,31,18,16,14,11,11,0.8194936608105479,0.6871726255070748,24.0,11.0,0.0002044968042265,0.0061103490900716,29.87992459434132,0.1935483870967742,stage_r_manual_calibration_v2,False,"{""counts"":{""n_events_borderline_long_ge10_shape_ge070"":13,""n_events_ge_10_cadences"":16,""n_events_ge_5_cadences"":18,""n_events_long_good"":11,""n_events_shape_ge_071"":14,""n_events_shape_ge_074"":11,""n_events_spike_le_2_cadences"":6,""n_events_spike_le_3_cadences"":10,""n_events_strong_ge5_shape_ge074"":11,""n_events_total"":31,""n_events_with_duration_or_shape"":31},""flags"":{""depth_highly_inconsistent"":true,""has_coherent_long_family"":true,""hold_borderline_long_family_rule_passed"":false,""hold_single_strong_rule_passed"":false,""promote_rule_passed"":true,""single_strong_depth_ok"":false,""single_strong_field_size_ok"":true,""single_strong_hold_allowed"":false,""single_strong_spike_ok"":true,""spike_2cadence_dominant"":false,""spike_3cadence_dominant"":false},""metrics"":{""depth_max"":0.0061103490900716,""depth_min"":0.0002044968042265,""depth_ratio"":29.87992459434132,""max_duration_cadences"":24.0,""max_shape_score"":0.8194936608105479,""median_duration_cadences"":11.0,""median_shape_score"":0.6871726255070748,""non_spike_depth_ratio"":18.154523320016704,""spike_fraction_2cadence"":0.1935483870967742,""spike_fraction_3cadence"":0.3225806451612903},""policy_version"":""stage_r_manual_calibration_v2"",""thresholds"":{""borderline_duration_cadences"":10.0,""borderline_shape_score"":0.7,""depth_ratio_inconsistent"":10.0,""hold_duration_cadences"":5.0,""promote_duration_cadences"":10.0,""promote_shape_score"":0.74,""single_strong_depth_ratio_max"":15.0,""single_strong_many_events_max"":35,""single_strong_non_spike_depth_ratio_max"":15.0,""spike_2cadence_dominant_fraction"":0.5,""spike_2cadence_max_promote_fraction"":0.5,""spike_3cadence_dominant_fraction"":0.7}}"
EPIC_211493634,reject_as_noise_or_artifact,reject: no coherent long-duration event family (0 events meet duration>=10 and shape>=0.70); depth/duration are highly inconsistent (depth_ratio=160); n_events_total=18,18,5,3,1,0,0,0.7216709185767727,0.6508063420818873,24.0,2.5,4.92791074713228e-05,0.0078654570581793,159.61037976908324,0.5,stage_r_manual_calibration_v2,False,"{""counts"":{""n_events_borderline_long_ge10_shape_ge070"":0,""n_events_ge_10_cadences"":3,""n_events_ge_5_cadences"":5,""n_events_long_good"":0,""n_events_shape_ge_071"":1,""n_events_shape_ge_074"":0,""n_events_spike_le_2_cadences"":9,""n_events_spike_le_3_cadences"":12,""n_events_strong_ge5_shape_ge074"":0,""n_events_total"":18,""n_events_with_duration_or_shape"":18},""flags"":{""depth_highly_inconsistent"":true,""has_coherent_long_family"":false,""hold_borderline_long_family_rule_passed"":false,""hold_single_strong_rule_passed"":false,""promote_rule_passed"":false,""single_strong_depth_ok"":false,""single_strong_field_size_ok"":true,""single_strong_hold_allowed"":false,""single_strong_spike_ok"":true,""spike_2cadence_dominant"":false,""spike_3cadence_dominant"":false},""metrics"":{""depth_max"":0.0078654570581793,""depth_min"":4.92791074713228e-05,""depth_ratio"":159.61037976908324,""max_duration_cadences"":24.0,""max_shape_score"":0.7216709185767727,""median_duration_cadences"":2.5,""median_shape_score"":0.6508063420818873,""non_spike_depth_ratio"":75.67600437766751,""spike_fraction_2cadence"":0.5,""spike_fraction_3cadence"":0.6666666666666666},""policy_version"":""stage_r_manual_calibration_v2"",""thresholds"":{""borderline_duration_cadences"":10.0,""borderline_shape_score"":0.7,""depth_ratio_inconsistent"":10.0,""hold_duration_cadences"":5.0,""promote_duration_cadences"":10.0,""promote_shape_score"":0.74,""single_strong_depth_ratio_max"":15.0,""single_strong_many_events_max"":35,""single_strong_non_spike_depth_ratio_max"":15.0,""spike_2cadence_dominant_fraction"":0.5,""spike_2cadence_max_promote_fraction"":0.5,""spike_3cadence_dominant_fraction"":0.7}}"
EPIC_211502356,hold_for_review,"hold: borderline long-family case with 2 events duration_cadences>=10 and shape_score>=0.70, but promote criteria not met",19,6,3,1,0,0,0.7336953123114573,0.6302972179275388,21.0,3.0,4.731330519391896e-05,0.0006322015029718,13.36202365023222,0.3157894736842105,stage_r_manual_calibration_v2,True,"{""counts"":{""n_events_borderline_long_ge10_shape_ge070"":2,""n_events_ge_10_cadences"":3,""n_events_ge_5_cadences"":6,""n_events_long_good"":0,""n_events_shape_ge_071"":1,""n_events_shape_ge_074"":0,""n_events_spike_le_2_cadences"":6,""n_events_spike_le_3_cadences"":13,""n_events_strong_ge5_shape_ge074"":0,""n_events_total"":19,""n_events_with_duration_or_shape"":19},""flags"":{""depth_highly_inconsistent"":true,""has_coherent_long_family"":true,""hold_borderline_long_family_rule_passed"":true,""hold_single_strong_rule_passed"":false,""promote_rule_passed"":false,""single_strong_depth_ok"":true,""single_strong_field_size_ok"":true,""single_strong_hold_allowed"":false,""single_strong_spike_ok"":true,""spike_2cadence_dominant"":false,""spike_3cadence_dominant"":false},""metrics"":{""depth_max"":0.0006322015029718,""depth_min"":4.731330519391896e-05,""depth_ratio"":13.36202365023222,""max_duration_cadences"":21.0,""max_shape_score"":0.7336953123114573,""median_duration_cadences"":3.0,""median_shape_score"":0.6302972179275388,""non_spike_depth_ratio"":6.560042996495049,""spike_fraction_2cadence"":0.3157894736842105,""spike_fraction_3cadence"":0.6842105263157895},""policy_version"":""stage_r_manual_calibration_v2"",""thresholds"":{""borderline_duration_cadences"":10.0,""borderline_shape_score"":0.7,""depth_ratio_inconsistent"":10.0,""hold_duration_cadences"":5.0,""promote_duration_cadences"":10.0,""promote_shape_score"":0.74,""single_strong_depth_ratio_max"":15.0,""single_strong_many_events_max"":35,""single_strong_non_spike_depth_ratio_max"":15.0,""spike_2cadence_dominant_fraction"":0.5,""spike_2cadence_max_promote_fraction"":0.5,""spike_3cadence_dominant_fraction"":0.7}}"
EPIC_211511562,promote_to_deeper_eval,promote: 8 events have duration_cadences>=10 and shape_score>=0.74; max_duration_cadences=21; spike_fraction_2cadence=0.103,29,25,17,13,9,8,0.929918178983926,0.6944433443409421,21.0,13.0,0.0001066875669057,0.0020940693852181,19.62805457049204,0.10344827586206896,stage_r_manual_calibration_v2,False,"{""counts"":{""n_events_borderline_long_ge10_shape_ge070"":12,""n_events_ge_10_cadences"":17,""n_events_ge_5_cadences"":25,""n_events_long_good"":8,""n_events_shape_ge_071"":13,""n_events_shape_ge_074"":9,""n_events_spike_le_2_cadences"":3,""n_events_spike_le_3_cadences"":4,""n_events_strong_ge5_shape_ge074"":9,""n_events_total"":29,""n_events_with_duration_or_shape"":29},""flags"":{""depth_highly_inconsistent"":true,""has_coherent_long_family"":true,""hold_borderline_long_family_rule_passed"":false,""hold_single_strong_rule_passed"":false,""promote_rule_passed"":true,""single_strong_depth_ok"":false,""single_strong_field_size_ok"":true,""single_strong_hold_allowed"":false,""single_strong_spike_ok"":true,""spike_2cadence_dominant"":false,""spike_3cadence_dominant"":false},""metrics"":{""depth_max"":0.0020940693852181,""depth_min"":0.0001066875669057,""depth_ratio"":19.62805457049204,""max_duration_cadences"":21.0,""max_shape_score"":0.929918178983926,""median_duration_cadences"":13.0,""median_shape_score"":0.6944433443409421,""non_spike_depth_ratio"":17.692661581318713,""spike_fraction_2cadence"":0.10344827586206896,""spike_fraction_3cadence"":0.13793103448275862},""policy_version"":""stage_r_manual_calibration_v2"",""thresholds"":{""borderline_duration_cadences"":10.0,""borderline_shape_score"":0.7,""depth_ratio_inconsistent"":10.0,""hold_duration_cadences"":5.0,""promote_duration_cadences"":10.0,""promote_shape_score"":0.74,""single_strong_depth_ratio_max"":15.0,""single_strong_many_events_max"":35,""single_strong_non_spike_depth_ratio_max"":15.0,""spike_2cadence_dominant_fraction"":0.5,""spike_2cadence_max_promote_fraction"":0.5,""spike_3cadence_dominant_fraction"":0.7}}"
EPIC_211520800,promote_to_deeper_eval,promote: 10 events have duration_cadences>=10 and shape_score>=0.74; max_duration_cadences=23; spike_fraction_2cadence=0.077,26,22,19,14,10,10,0.8973373962480496,0.7240474695958042,23.0,16.0,8.957109472906843e-05,0.0018563100833759,20.724432240007815,0.07692307692307693,stage_r_manual_calibration_v2,False,"{""counts"":{""n_events_borderline_long_ge10_shape_ge070"":15,""n_events_ge_10_cadences"":19,""n_events_ge_5_cadences"":22,""n_events_long_good"":10,""n_events_shape_ge_071"":14,""n_events_shape_ge_074"":10,""n_events_spike_le_2_cadences"":2,""n_events_spike_le_3_cadences"":3,""n_events_strong_ge5_shape_ge074"":10,""n_events_total"":26,""n_events_with_duration_or_shape"":26},""flags"":{""depth_highly_inconsistent"":true,""has_coherent_long_family"":true,""hold_borderline_long_family_rule_passed"":false,""hold_single_strong_rule_passed"":false,""promote_rule_passed"":true,""single_strong_depth_ok"":false,""single_strong_field_size_ok"":true,""single_strong_hold_allowed"":false,""single_strong_spike_ok"":true,""spike_2cadence_dominant"":false,""spike_3cadence_dominant"":false},""metrics"":{""depth_max"":0.0018563100833759,""depth_min"":8.957109472906843e-05,""depth_ratio"":20.724432240007815,""max_duration_cadences"":23.0,""max_shape_score"":0.8973373962480496,""median_duration_cadences"":16.0,""median_shape_score"":0.7240474695958042,""non_spike_depth_ratio"":18.23744928277542,""spike_fraction_2cadence"":0.07692307692307693,""spike_fraction_3cadence"":0.11538461538461539},""policy_version"":""stage_r_manual_calibration_v2"",""thresholds"":{""borderline_duration_cadences"":10.0,""borderline_shape_score"":0.7,""depth_ratio_inconsistent"":10.0,""hold_duration_cadences"":5.0,""promote_duration_cadences"":10.0,""promote_shape_score"":0.74,""single_strong_depth_ratio_max"":15.0,""single_strong_many_events_max"":35,""single_strong_non_spike_depth_ratio_max"":15.0,""spike_2cadence_dominant_fraction"":0.5,""spike_2cadence_max_promote_fraction"":0.5,""spike_3cadence_dominant_fraction"":0.7}}"
EPIC_211523843,hold_for_review,"hold: borderline long-family case with 2 events duration_cadences>=10 and shape_score>=0.70, but promote criteria not met",49,5,3,2,1,1,0.7684994513561072,0.649024408331694,13.0,2.0,2.7384795318941e-05,0.0008414705039159,30.72765357986399,0.5102040816326531,stage_r_manual_calibration_v2,True,"{""counts"":{""n_events_borderline_long_ge10_shape_ge070"":2,""n_events_ge_10_cadences"":3,""n_events_ge_5_cadences"":5,""n_events_long_good"":1,""n_events_shape_ge_071"":2,""n_events_shape_ge_074"":1,""n_events_spike_le_2_cadences"":25,""n_events_spike_le_3_cadences"":39,""n_events_strong_ge5_shape_ge074"":1,""n_events_total"":49,""n_events_with_duration_or_shape"":49},""flags"":{""depth_highly_inconsistent"":true,""has_coherent_long_family"":true,""hold_borderline_long_family_rule_passed"":true,""hold_single_strong_rule_passed"":false,""promote_rule_passed"":false,""single_strong_depth_ok"":true,""single_strong_field_size_ok"":false,""single_strong_hold_allowed"":false,""single_strong_spike_ok"":true,""spike_2cadence_dominant"":true,""spike_3cadence_dominant"":true},""metrics"":{""depth_max"":0.0008414705039159,""depth_min"":2.7384795318941e-05,""depth_ratio"":30.72765357986399,""max_duration_cadences"":13.0,""max_shape_score"":0.7684994513561072,""median_duration_cadences"":2.0,""median_shape_score"":0.649024408331694,""non_spike_depth_ratio"":8.406076670213485,""spike_fraction_2cadence"":0.5102040816326531,""spike_fraction_3cadence"":0.7959183673469388},""policy_version"":""stage_r_manual_calibration_v2"",""thresholds"":{""borderline_duration_cadences"":10.0,""borderline_shape_score"":0.7,""depth_ratio_inconsistent"":10.0,""hold_duration_cadences"":5.0,""promote_duration_cadences"":10.0,""promote_shape_score"":0.74,""single_strong_depth_ratio_max"":15.0,""single_strong_many_events_max"":35,""single_strong_non_spike_depth_ratio_max"":15.0,""spike_2cadence_dominant_fraction"":0.5,""spike_2cadence_max_promote_fraction"":0.5,""spike_3cadence_dominant_fraction"":0.7}}"
EPIC_211525754,promote_to_deeper_eval,promote: 7 events have duration_cadences>=10 and shape_score>=0.74; max_duration_cadences=24; spike_fraction_2cadence=0.217,23,17,14,11,7,7,0.8065152288077873,0.6827729336436913,24.0,16.0,0.0001818619453339,0.0017049217857514,9.37481331028957,0.21739130434782608,stage_r_manual_calibration_v2,False,"{""counts"":{""n_events_borderline_long_ge10_shape_ge070"":10,""n_events_ge_10_cadences"":14,""n_events_ge_5_cadences"":17,""n_events_long_good"":7,""n_events_shape_ge_071"":11,""n_events_shape_ge_074"":7,""n_events_spike_le_2_cadences"":5,""n_events_spike_le_3_cadences"":5,""n_events_strong_ge5_shape_ge074"":7,""n_events_total"":23,""n_events_with_duration_or_shape"":23},""flags"":{""depth_highly_inconsistent"":false,""has_coherent_long_family"":true,""hold_borderline_long_family_rule_passed"":false,""hold_single_strong_rule_passed"":false,""promote_rule_passed"":true,""single_strong_depth_ok"":true,""single_strong_field_size_ok"":true,""single_strong_hold_allowed"":false,""single_strong_spike_ok"":true,""spike_2cadence_dominant"":false,""spike_3cadence_dominant"":false},""metrics"":{""depth_max"":0.0017049217857514,""depth_min"":0.0001818619453339,""depth_ratio"":9.37481331028957,""max_duration_cadences"":24.0,""max_shape_score"":0.8065152288077873,""median_duration_cadences"":16.0,""median_shape_score"":0.6827729336436913,""non_spike_depth_ratio"":5.596390361579263,""spike_fraction_2cadence"":0.21739130434782608,""spike_fraction_3cadence"":0.21739130434782608},""policy_version"":""stage_r_manual_calibration_v2"",""thresholds"":{""borderline_duration_cadences"":10.0,""borderline_shape_score"":0.7,""depth_ratio_inconsistent"":10.0,""hold_duration_cadences"":5.0,""promote_duration_cadences"":10.0,""promote_shape_score"":0.74,""single_strong_depth_ratio_max"":15.0,""single_strong_many_events_max"":35,""single_strong_non_spike_depth_ratio_max"":15.0,""spike_2cadence_dominant_fraction"":0.5,""spike_2cadence_max_promote_fraction"":0.5,""spike_3cadence_dominant_fraction"":0.7}}"
EPIC_211529255,reject_as_noise_or_artifact,reject: dominated by 2-3 cadence spike events; no coherent long-duration event family (0 events meet duration>=10 and shape>=0.70); depth/duration are highly inconsistent (depth_ratio=11.1); n_events_total=18,18,1,0,2,1,0,0.7693604087485955,0.6758772664671204,6.0,2.0,3.492996779885793e-05,0.0003872055725262,11.08519695053541,0.6111111111111112,stage_r_manual_calibration_v2,False,"{""counts"":{""n_events_borderline_long_ge10_shape_ge070"":0,""n_events_ge_10_cadences"":0,""n_events_ge_5_cadences"":1,""n_events_long_good"":0,""n_events_shape_ge_071"":2,""n_events_shape_ge_074"":1,""n_events_spike_le_2_cadences"":11,""n_events_spike_le_3_cadences"":13,""n_events_strong_ge5_shape_ge074"":1,""n_events_total"":18,""n_events_with_duration_or_shape"":18},""flags"":{""depth_highly_inconsistent"":true,""has_coherent_long_family"":false,""hold_borderline_long_family_rule_passed"":false,""hold_single_strong_rule_passed"":false,""promote_rule_passed"":false,""single_strong_depth_ok"":true,""single_strong_field_size_ok"":true,""single_strong_hold_allowed"":false,""single_strong_spike_ok"":false,""spike_2cadence_dominant"":true,""spike_3cadence_dominant"":true},""metrics"":{""depth_max"":0.0003872055725262,""depth_min"":3.492996779885793e-05,""depth_ratio"":11.08519695053541,""max_duration_cadences"":6.0,""max_shape_score"":0.7693604087485955,""median_duration_cadences"":2.0,""median_shape_score"":0.6758772664671204,""non_spike_depth_ratio"":5.781762434107934,""spike_fraction_2cadence"":0.6111111111111112,""spike_fraction_3cadence"":0.7222222222222222},""policy_version"":""stage_r_manual_calibration_v2"",""thresholds"":{""borderline_duration_cadences"":10.0,""borderline_shape_score"":0.7,""depth_ratio_inconsistent"":10.0,""hold_duration_cadences"":5.0,""promote_duration_cadences"":10.0,""promote_shape_score"":0.74,""single_strong_depth_ratio_max"":15.0,""single_strong_many_events_max"":35,""single_strong_non_spike_depth_ratio_max"":15.0,""spike_2cadence_dominant_fraction"":0.5,""spike_2cadence_max_promote_fraction"":0.5,""spike_3cadence_dominant_fraction"":0.7}}"
EPIC_211530033,promote_to_deeper_eval,promote: 11 events have duration_cadences>=10 and shape_score>=0.74; max_duration_cadences=24; spike_fraction_2cadence=0.115,26,18,16,14,12,11,0.808978002365144,0.7243302666971103,24.0,17.0,7.435243084619181e-05,0.0018162782747379,24.42796091623582,0.11538461538461539,stage_r_manual_calibration_v2,False,"{""counts"":{""n_events_borderline_long_ge10_shape_ge070"":13,""n_events_ge_10_cadences"":16,""n_events_ge_5_cadences"":18,""n_events_long_good"":11,""n_events_shape_ge_071"":14,""n_events_shape_ge_074"":12,""n_events_spike_le_2_cadences"":3,""n_events_spike_le_3_cadences"":7,""n_events_strong_ge5_shape_ge074"":12,""n_events_total"":26,""n_events_with_duration_or_shape"":26},""flags"":{""depth_highly_inconsistent"":true,""has_coherent_long_family"":true,""hold_borderline_long_family_rule_passed"":false,""hold_single_strong_rule_passed"":false,""promote_rule_passed"":true,""single_strong_depth_ok"":false,""single_strong_field_size_ok"":true,""single_strong_hold_allowed"":false,""single_strong_spike_ok"":true,""spike_2cadence_dominant"":false,""spike_3cadence_dominant"":false},""metrics"":{""depth_max"":0.0018162782747379,""depth_min"":7.435243084619181e-05,""depth_ratio"":24.42796091623582,""max_duration_cadences"":24.0,""max_shape_score"":0.808978002365144,""median_duration_cadences"":17.0,""median_shape_score"":0.7243302666971103,""non_spike_depth_ratio"":24.42796091623582,""spike_fraction_2cadence"":0.11538461538461539,""spike_fraction_3cadence"":0.2692307692307692},""policy_version"":""stage_r_manual_calibration_v2"",""thresholds"":{""borderline_duration_cadences"":10.0,""borderline_shape_score"":0.7,""depth_ratio_inconsistent"":10.0,""hold_duration_cadences"":5.0,""promote_duration_cadences"":10.0,""promote_shape_score"":0.74,""single_strong_depth_ratio_max"":15.0,""single_strong_many_events_max"":35,""single_strong_non_spike_depth_ratio_max"":15.0,""spike_2cadence_dominant_fraction"":0.5,""spike_2cadence_max_promote_fraction"":0.5,""spike_3cadence_dominant_fraction"":0.7}}"
EPIC_211534076,promote_to_deeper_eval,promote: 13 events have duration_cadences>=10 and shape_score>=0.74; max_duration_cadences=24; spike_fraction_2cadence=0.263,38,24,20,18,14,13,0.855307609270227,0.6995671390789678,24.0,12.0,7.4757925005553e-05,0.00203161160728,27.17586940955213,0.2631578947368421,stage_r_manual_calibration_v2,False,"{""counts"":{""n_events_borderline_long_ge10_shape_ge070"":18,""n_events_ge_10_cadences"":20,""n_events_ge_5_cadences"":24,""n_events_long_good"":13,""n_events_shape_ge_071"":18,""n_events_shape_ge_074"":14,""n_events_spike_le_2_cadences"":10,""n_events_spike_le_3_cadences"":14,""n_events_strong_ge5_shape_ge074"":14,""n_events_total"":38,""n_events_with_duration_or_shape"":38},""flags"":{""depth_highly_inconsistent"":true,""has_coherent_long_family"":true,""hold_borderline_long_family_rule_passed"":false,""hold_single_strong_rule_passed"":false,""promote_rule_passed"":true,""single_strong_depth_ok"":false,""single_strong_field_size_ok"":true,""single_strong_hold_allowed"":false,""single_strong_spike_ok"":true,""spike_2cadence_dominant"":false,""spike_3cadence_dominant"":false},""metrics"":{""depth_max"":0.00203161160728,""depth_min"":7.4757925005553e-05,""depth_ratio"":27.17586940955213,""max_duration_cadences"":24.0,""max_shape_score"":0.855307609270227,""median_duration_cadences"":12.0,""median_shape_score"":0.6995671390789678,""non_spike_depth_ratio"":27.17586940955213,""spike_fraction_2cadence"":0.2631578947368421,""spike_fraction_3cadence"":0.3684210526315789},""policy_version"":""stage_r_manual_calibration_v2"",""thresholds"":{""borderline_duration_cadences"":10.0,""borderline_shape_score"":0.7,""depth_ratio_inconsistent"":10.0,""hold_duration_cadences"":5.0,""promote_duration_cadences"":10.0,""promote_shape_score"":0.74,""single_strong_depth_ratio_max"":15.0,""single_strong_many_events_max"":35,""single_strong_non_spike_depth_ratio_max"":15.0,""spike_2cadence_dominant_fraction"":0.5,""spike_2cadence_max_promote_fraction"":0.5,""spike_3cadence_dominant_fraction"":0.7}}"
EPIC_211537297,promote_to_deeper_eval,promote: 7 events have duration_cadences>=10 and shape_score>=0.74; max_duration_cadences=22; spike_fraction_2cadence=0.286,35,16,9,9,8,7,0.7983135201489309,0.6668086398478527,22.0,3.0,4.233494701555429e-05,0.0010376231359444,24.50984846073308,0.2857142857142857,stage_r_manual_calibration_v2,False,"{""counts"":{""n_events_borderline_long_ge10_shape_ge070"":8,""n_events_ge_10_cadences"":9,""n_events_ge_5_cadences"":16,""n_events_long_good"":7,""n_events_shape_ge_071"":9,""n_events_shape_ge_074"":8,""n_events_spike_le_2_cadences"":10,""n_events_spike_le_3_cadences"":18,""n_events_strong_ge5_shape_ge074"":8,""n_events_total"":35,""n_events_with_duration_or_shape"":35},""flags"":{""depth_highly_inconsistent"":true,""has_coherent_long_family"":true,""hold_borderline_long_family_rule_passed"":false,""hold_single_strong_rule_passed"":false,""promote_rule_passed"":true,""single_strong_depth_ok"":false,""single_strong_field_size_ok"":true,""single_strong_hold_allowed"":false,""single_strong_spike_ok"":true,""spike_2cadence_dominant"":false,""spike_3cadence_dominant"":false},""metrics"":{""depth_max"":0.0010376231359444,""depth_min"":4.233494701555429e-05,""depth_ratio"":24.50984846073308,""max_duration_cadences"":22.0,""max_shape_score"":0.7983135201489309,""median_duration_cadences"":3.0,""median_shape_score"":0.6668086398478527,""non_spike_depth_ratio"":16.638714291569958,""spike_fraction_2cadence"":0.2857142857142857,""spike_fraction_3cadence"":0.5142857142857142},""policy_version"":""stage_r_manual_calibration_v2"",""thresholds"":{""borderline_duration_cadences"":10.0,""borderline_shape_score"":0.7,""depth_ratio_inconsistent"":10.0,""hold_duration_cadences"":5.0,""promote_duration_cadences"":10.0,""promote_shape_score"":0.74,""single_strong_depth_ratio_max"":15.0,""single_strong_many_events_max"":35,""single_strong_non_spike_depth_ratio_max"":15.0,""spike_2cadence_dominant_fraction"":0.5,""spike_2cadence_max_promote_fraction"":0.5,""spike_3cadence_dominant_fraction"":0.7}}"
EPIC_211538087,promote_to_deeper_eval,promote: 10 events have duration_cadences>=10 and shape_score>=0.74; max_duration_cadences=24; spike_fraction_2cadence=0.206,34,21,14,14,12,10,0.8317946248071857,0.6805667178592745,24.0,8.0,3.2648400800860955e-05,0.0013863424724556,42.462798742015,0.20588235294117646,stage_r_manual_calibration_v2,False,"{""counts"":{""n_events_borderline_long_ge10_shape_ge070"":11,""n_events_ge_10_cadences"":14,""n_events_ge_5_cadences"":21,""n_events_long_good"":10,""n_events_shape_ge_071"":14,""n_events_shape_ge_074"":12,""n_events_spike_le_2_cadences"":7,""n_events_spike_le_3_cadences"":11,""n_events_strong_ge5_shape_ge074"":11,""n_events_total"":34,""n_events_with_duration_or_shape"":34},""flags"":{""depth_highly_inconsistent"":true,""has_coherent_long_family"":true,""hold_borderline_long_family_rule_passed"":false,""hold_single_strong_rule_passed"":false,""promote_rule_passed"":true,""single_strong_depth_ok"":true,""single_strong_field_size_ok"":true,""single_strong_hold_allowed"":false,""single_strong_spike_ok"":true,""spike_2cadence_dominant"":false,""spike_3cadence_dominant"":false},""metrics"":{""depth_max"":0.0013863424724556,""depth_min"":3.2648400800860955e-05,""depth_ratio"":42.462798742015,""max_duration_cadences"":24.0,""max_shape_score"":0.8317946248071857,""median_duration_cadences"":8.0,""median_shape_score"":0.6805667178592745,""non_spike_depth_ratio"":9.601037139082027,""spike_fraction_2cadence"":0.20588235294117646,""spike_fraction_3cadence"":0.3235294117647059},""policy_version"":""stage_r_manual_calibration_v2"",""thresholds"":{""borderline_duration_cadences"":10.0,""borderline_shape_score"":0.7,""depth_ratio_inconsistent"":10.0,""hold_duration_cadences"":5.0,""promote_duration_cadences"":10.0,""promote_shape_score"":0.74,""single_strong_depth_ratio_max"":15.0,""single_strong_many_events_max"":35,""single_strong_non_spike_depth_ratio_max"":15.0,""spike_2cadence_dominant_fraction"":0.5,""spike_2cadence_max_promote_fraction"":0.5,""spike_3cadence_dominant_fraction"":0.7}}"
EPIC_211551640,promote_to_deeper_eval,promote: 13 events have duration_cadences>=10 and shape_score>=0.74; max_duration_cadences=24; spike_fraction_2cadence=0.219,32,18,15,19,14,13,0.8242570296708012,0.7243624013539647,24.0,7.5,0.0002007669203301,0.0097270980761705,48.44970506185607,0.21875,stage_r_manual_calibration_v2,False,"{""counts"":{""n_events_borderline_long_ge10_shape_ge070"":14,""n_events_ge_10_cadences"":15,""n_events_ge_5_cadences"":18,""n_events_long_good"":13,""n_events_shape_ge_071"":19,""n_events_shape_ge_074"":14,""n_events_spike_le_2_cadences"":7,""n_events_spike_le_3_cadences"":10,""n_events_strong_ge5_shape_ge074"":14,""n_events_total"":32,""n_events_with_duration_or_shape"":32},""flags"":{""depth_highly_inconsistent"":true,""has_coherent_long_family"":true,""hold_borderline_long_family_rule_passed"":false,""hold_single_strong_rule_passed"":false,""promote_rule_passed"":true,""single_strong_depth_ok"":false,""single_strong_field_size_ok"":true,""single_strong_hold_allowed"":false,""single_strong_spike_ok"":true,""spike_2cadence_dominant"":false,""spike_3cadence_dominant"":false},""metrics"":{""depth_max"":0.0097270980761705,""depth_min"":0.0002007669203301,""depth_ratio"":48.44970506185607,""max_duration_cadences"":24.0,""max_shape_score"":0.8242570296708012,""median_duration_cadences"":7.5,""median_shape_score"":0.7243624013539647,""non_spike_depth_ratio"":48.44970506185607,""spike_fraction_2cadence"":0.21875,""spike_fraction_3cadence"":0.3125},""policy_version"":""stage_r_manual_calibration_v2"",""thresholds"":{""borderline_duration_cadences"":10.0,""borderline_shape_score"":0.7,""depth_ratio_inconsistent"":10.0,""hold_duration_cadences"":5.0,""promote_duration_cadences"":10.0,""promote_shape_score"":0.74,""single_strong_depth_ratio_max"":15.0,""single_strong_many_events_max"":35,""single_strong_non_spike_depth_ratio_max"":15.0,""spike_2cadence_dominant_fraction"":0.5,""spike_2cadence_max_promote_fraction"":0.5,""spike_3cadence_dominant_fraction"":0.7}}"
EPIC_211552564,promote_to_deeper_eval,promote: 5 events have duration_cadences>=10 and shape_score>=0.74; max_duration_cadences=24; spike_fraction_2cadence=0.259,27,18,14,9,5,5,0.8044802540322845,0.686258004574238,24.0,10.0,3.293022866046602e-05,0.0008290046293631,25.174578588892437,0.25925925925925924,stage_r_manual_calibration_v2,False,"{""counts"":{""n_events_borderline_long_ge10_shape_ge070"":9,""n_events_ge_10_cadences"":14,""n_events_ge_5_cadences"":18,""n_events_long_good"":5,""n_events_shape_ge_071"":9,""n_events_shape_ge_074"":5,""n_events_spike_le_2_cadences"":7,""n_events_spike_le_3_cadences"":9,""n_events_strong_ge5_shape_ge074"":5,""n_events_total"":27,""n_events_with_duration_or_shape"":27},""flags"":{""depth_highly_inconsistent"":true,""has_coherent_long_family"":true,""hold_borderline_long_family_rule_passed"":false,""hold_single_strong_rule_passed"":false,""promote_rule_passed"":true,""single_strong_depth_ok"":true,""single_strong_field_size_ok"":true,""single_strong_hold_allowed"":false,""single_strong_spike_ok"":true,""spike_2cadence_dominant"":false,""spike_3cadence_dominant"":false},""metrics"":{""depth_max"":0.0008290046293631,""depth_min"":3.293022866046602e-05,""depth_ratio"":25.174578588892437,""max_duration_cadences"":24.0,""max_shape_score"":0.8044802540322845,""median_duration_cadences"":10.0,""median_shape_score"":0.686258004574238,""non_spike_depth_ratio"":6.894559464815288,""spike_fraction_2cadence"":0.25925925925925924,""spike_fraction_3cadence"":0.3333333333333333},""policy_version"":""stage_r_manual_calibration_v2"",""thresholds"":{""borderline_duration_cadences"":10.0,""borderline_shape_score"":0.7,""depth_ratio_inconsistent"":10.0,""hold_duration_cadences"":5.0,""promote_duration_cadences"":10.0,""promote_shape_score"":0.74,""single_strong_depth_ratio_max"":15.0,""single_strong_many_events_max"":35,""single_strong_non_spike_depth_ratio_max"":15.0,""spike_2cadence_dominant_fraction"":0.5,""spike_2cadence_max_promote_fraction"":0.5,""spike_3cadence_dominant_fraction"":0.7}}"
EPIC_211554121,promote_to_deeper_eval,promote: 4 events have duration_cadences>=10 and shape_score>=0.74; max_duration_cadences=24; spike_fraction_2cadence=0.250,32,19,13,8,4,4,0.7901124721058373,0.6554414380774585,24.0,6.5,9.54111542521563e-05,0.0012251935911588,12.841198712687312,0.25,stage_r_manual_calibration_v2,False,"{""counts"":{""n_events_borderline_long_ge10_shape_ge070"":7,""n_events_ge_10_cadences"":13,""n_events_ge_5_cadences"":19,""n_events_long_good"":4,""n_events_shape_ge_071"":8,""n_events_shape_ge_074"":4,""n_events_spike_le_2_cadences"":8,""n_events_spike_le_3_cadences"":10,""n_events_strong_ge5_shape_ge074"":4,""n_events_total"":32,""n_events_with_duration_or_shape"":32},""flags"":{""depth_highly_inconsistent"":true,""has_coherent_long_family"":true,""hold_borderline_long_family_rule_passed"":false,""hold_single_strong_rule_passed"":false,""promote_rule_passed"":true,""single_strong_depth_ok"":true,""single_strong_field_size_ok"":true,""single_strong_hold_allowed"":false,""single_strong_spike_ok"":true,""spike_2cadence_dominant"":false,""spike_3cadence_dominant"":false},""metrics"":{""depth_max"":0.0012251935911588,""depth_min"":9.54111542521563e-05,""depth_ratio"":12.841198712687312,""max_duration_cadences"":24.0,""max_shape_score"":0.7901124721058373,""median_duration_cadences"":6.5,""median_shape_score"":0.6554414380774585,""non_spike_depth_ratio"":10.391795107758284,""spike_fraction_2cadence"":0.25,""spike_fraction_3cadence"":0.3125},""policy_version"":""stage_r_manual_calibration_v2"",""thresholds"":{""borderline_duration_cadences"":10.0,""borderline_shape_score"":0.7,""depth_ratio_inconsistent"":10.0,""hold_duration_cadences"":5.0,""promote_duration_cadences"":10.0,""promote_shape_score"":0.74,""single_strong_depth_ratio_max"":15.0,""single_strong_many_events_max"":35,""single_strong_non_spike_depth_ratio_max"":15.0,""spike_2cadence_dominant_fraction"":0.5,""spike_2cadence_max_promote_fraction"":0.5,""spike_3cadence_dominant_fraction"":0.7}}"
EPIC_211555255,promote_to_deeper_eval,promote: 4 events have duration_cadences>=10 and shape_score>=0.74; max_duration_cadences=24; spike_fraction_2cadence=0.079,38,28,23,12,7,4,0.833757393976066,0.6864957343368672,24.0,13.0,0.0001120585036407,0.0022277007539865,19.879801011169242,0.07894736842105263,stage_r_manual_calibration_v2,False,"{""counts"":{""n_events_borderline_long_ge10_shape_ge070"":9,""n_events_ge_10_cadences"":23,""n_events_ge_5_cadences"":28,""n_events_long_good"":4,""n_events_shape_ge_071"":12,""n_events_shape_ge_074"":7,""n_events_spike_le_2_cadences"":3,""n_events_spike_le_3_cadences"":8,""n_events_strong_ge5_shape_ge074"":6,""n_events_total"":38,""n_events_with_duration_or_shape"":38},""flags"":{""depth_highly_inconsistent"":true,""has_coherent_long_family"":true,""hold_borderline_long_family_rule_passed"":false,""hold_single_strong_rule_passed"":false,""promote_rule_passed"":true,""single_strong_depth_ok"":true,""single_strong_field_size_ok"":true,""single_strong_hold_allowed"":false,""single_strong_spike_ok"":true,""spike_2cadence_dominant"":false,""spike_3cadence_dominant"":false},""metrics"":{""depth_max"":0.0022277007539865,""depth_min"":0.0001120585036407,""depth_ratio"":19.879801011169242,""max_duration_cadences"":24.0,""max_shape_score"":0.833757393976066,""median_duration_cadences"":13.0,""median_shape_score"":0.6864957343368672,""non_spike_depth_ratio"":8.977442904760936,""spike_fraction_2cadence"":0.07894736842105263,""spike_fraction_3cadence"":0.21052631578947367},""policy_version"":""stage_r_manual_calibration_v2"",""thresholds"":{""borderline_duration_cadences"":10.0,""borderline_shape_score"":0.7,""depth_ratio_inconsistent"":10.0,""hold_duration_cadences"":5.0,""promote_duration_cadences"":10.0,""promote_shape_score"":0.74,""single_strong_depth_ratio_max"":15.0,""single_strong_many_events_max"":35,""single_strong_non_spike_depth_ratio_max"":15.0,""spike_2cadence_dominant_fraction"":0.5,""spike_2cadence_max_promote_fraction"":0.5,""spike_3cadence_dominant_fraction"":0.7}}"
EPIC_211562803,promote_to_deeper_eval,promote: 8 events have duration_cadences>=10 and shape_score>=0.74; max_duration_cadences=24; spike_fraction_2cadence=0.129,31,25,17,11,8,8,0.9156760507366252,0.6909063417423013,24.0,11.0,5.327648040076571e-05,0.0014437698298261,27.09957224962161,0.12903225806451613,stage_r_manual_calibration_v2,False,"{""counts"":{""n_events_borderline_long_ge10_shape_ge070"":12,""n_events_ge_10_cadences"":17,""n_events_ge_5_cadences"":25,""n_events_long_good"":8,""n_events_shape_ge_071"":11,""n_events_shape_ge_074"":8,""n_events_spike_le_2_cadences"":4,""n_events_spike_le_3_cadences"":5,""n_events_strong_ge5_shape_ge074"":8,""n_events_total"":31,""n_events_with_duration_or_shape"":31},""flags"":{""depth_highly_inconsistent"":true,""has_coherent_long_family"":true,""hold_borderline_long_family_rule_passed"":false,""hold_single_strong_rule_passed"":false,""promote_rule_passed"":true,""single_strong_depth_ok"":true,""single_strong_field_size_ok"":true,""single_strong_hold_allowed"":false,""single_strong_spike_ok"":true,""spike_2cadence_dominant"":false,""spike_3cadence_dominant"":false},""metrics"":{""depth_max"":0.0014437698298261,""depth_min"":5.327648040076571e-05,""depth_ratio"":27.09957224962161,""max_duration_cadences"":24.0,""max_shape_score"":0.9156760507366252,""median_duration_cadences"":11.0,""median_shape_score"":0.6909063417423013,""non_spike_depth_ratio"":8.842098221396308,""spike_fraction_2cadence"":0.12903225806451613,""spike_fraction_3cadence"":0.16129032258064516},""policy_version"":""stage_r_manual_calibration_v2"",""thresholds"":{""borderline_duration_cadences"":10.0,""borderline_shape_score"":0.7,""depth_ratio_inconsistent"":10.0,""hold_duration_cadences"":5.0,""promote_duration_cadences"":10.0,""promote_shape_score"":0.74,""single_strong_depth_ratio_max"":15.0,""single_strong_many_events_max"":35,""single_strong_non_spike_depth_ratio_max"":15.0,""spike_2cadence_dominant_fraction"":0.5,""spike_2cadence_max_promote_fraction"":0.5,""spike_3cadence_dominant_fraction"":0.7}}"
EPIC_211563576,promote_to_deeper_eval,promote: 9 events have duration_cadences>=10 and shape_score>=0.74; max_duration_cadences=24; spike_fraction_2cadence=0.303,33,20,15,11,9,9,0.9141253582306036,0.6715878355867339,24.0,8.0,2.973690391094852e-05,0.0011658478006525,39.20541977550187,0.30303030303030304,stage_r_manual_calibration_v2,False,"{""counts"":{""n_events_borderline_long_ge10_shape_ge070"":13,""n_events_ge_10_cadences"":15,""n_events_ge_5_cadences"":20,""n_events_long_good"":9,""n_events_shape_ge_071"":11,""n_events_shape_ge_074"":9,""n_events_spike_le_2_cadences"":10,""n_events_spike_le_3_cadences"":13,""n_events_strong_ge5_shape_ge074"":9,""n_events_total"":33,""n_events_with_duration_or_shape"":33},""flags"":{""depth_highly_inconsistent"":true,""has_coherent_long_family"":true,""hold_borderline_long_family_rule_passed"":false,""hold_single_strong_rule_passed"":false,""promote_rule_passed"":true,""single_strong_depth_ok"":false,""single_strong_field_size_ok"":true,""single_strong_hold_allowed"":false,""single_strong_spike_ok"":true,""spike_2cadence_dominant"":false,""spike_3cadence_dominant"":false},""metrics"":{""depth_max"":0.0011658478006525,""depth_min"":2.973690391094852e-05,""depth_ratio"":39.20541977550187,""max_duration_cadences"":24.0,""max_shape_score"":0.9141253582306036,""median_duration_cadences"":8.0,""median_shape_score"":0.6715878355867339,""non_spike_depth_ratio"":24.513459863752384,""spike_fraction_2cadence"":0.30303030303030304,""spike_fraction_3cadence"":0.3939393939393939},""policy_version"":""stage_r_manual_calibration_v2"",""thresholds"":{""borderline_duration_cadences"":10.0,""borderline_shape_score"":0.7,""depth_ratio_inconsistent"":10.0,""hold_duration_cadences"":5.0,""promote_duration_cadences"":10.0,""promote_shape_score"":0.74,""single_strong_depth_ratio_max"":15.0,""single_strong_many_events_max"":35,""single_strong_non_spike_depth_ratio_max"":15.0,""spike_2cadence_dominant_fraction"":0.5,""spike_2cadence_max_promote_fraction"":0.5,""spike_3cadence_dominant_fraction"":0.7}}"
EPIC_211569204,promote_to_deeper_eval,promote: 12 events have duration_cadences>=10 and shape_score>=0.74; max_duration_cadences=24; spike_fraction_2cadence=0.080,25,22,17,17,13,12,0.8369947403705666,0.7426585418861182,24.0,15.0,3.4722949904697487e-05,0.0018117203671763,52.17645309942983,0.08,stage_r_manual_calibration_v2,False,"{""counts"":{""n_events_borderline_long_ge10_shape_ge070"":15,""n_events_ge_10_cadences"":17,""n_events_ge_5_cadences"":22,""n_events_long_good"":12,""n_events_shape_ge_071"":17,""n_events_shape_ge_074"":13,""n_events_spike_le_2_cadences"":2,""n_events_spike_le_3_cadences"":3,""n_events_strong_ge5_shape_ge074"":13,""n_events_total"":25,""n_events_with_duration_or_shape"":25},""flags"":{""depth_highly_inconsistent"":true,""has_coherent_long_family"":true,""hold_borderline_long_family_rule_passed"":false,""hold_single_strong_rule_passed"":false,""promote_rule_passed"":true,""single_strong_depth_ok"":true,""single_strong_field_size_ok"":true,""single_strong_hold_allowed"":false,""single_strong_spike_ok"":true,""spike_2cadence_dominant"":false,""spike_3cadence_dominant"":false},""metrics"":{""depth_max"":0.0018117203671763,""depth_min"":3.4722949904697487e-05,""depth_ratio"":52.17645309942983,""max_duration_cadences"":24.0,""max_shape_score"":0.8369947403705666,""median_duration_cadences"":15.0,""median_shape_score"":0.7426585418861182,""non_spike_depth_ratio"":9.862015579513795,""spike_fraction_2cadence"":0.08,""spike_fraction_3cadence"":0.12},""policy_version"":""stage_r_manual_calibration_v2"",""thresholds"":{""borderline_duration_cadences"":10.0,""borderline_shape_score"":0.7,""depth_ratio_inconsistent"":10.0,""hold_duration_cadences"":5.0,""promote_duration_cadences"":10.0,""promote_shape_score"":0.74,""single_strong_depth_ratio_max"":15.0,""single_strong_many_events_max"":35,""single_strong_non_spike_depth_ratio_max"":15.0,""spike_2cadence_dominant_fraction"":0.5,""spike_2cadence_max_promote_fraction"":0.5,""spike_3cadence_dominant_fraction"":0.7}}"
EPIC_211577424,reject_as_noise_or_artifact,reject: dominated by 2-3 cadence spike events; no coherent long-duration event family (1 events meet duration>=10 and shape>=0.70); depth/duration are highly inconsistent (depth_ratio=17.2); n_events_total=19,19,4,2,4,0,0,0.7227291502823152,0.6340107513342755,15.0,3.0,0.0001098079294017,0.0018860042029458,17.1754828018513,0.2631578947368421,stage_r_manual_calibration_v2,False,"{""counts"":{""n_events_borderline_long_ge10_shape_ge070"":1,""n_events_ge_10_cadences"":2,""n_events_ge_5_cadences"":4,""n_events_long_good"":0,""n_events_shape_ge_071"":4,""n_events_shape_ge_074"":0,""n_events_spike_le_2_cadences"":5,""n_events_spike_le_3_cadences"":14,""n_events_strong_ge5_shape_ge074"":0,""n_events_total"":19,""n_events_with_duration_or_shape"":19},""flags"":{""depth_highly_inconsistent"":true,""has_coherent_long_family"":false,""hold_borderline_long_family_rule_passed"":false,""hold_single_strong_rule_passed"":false,""promote_rule_passed"":false,""single_strong_depth_ok"":true,""single_strong_field_size_ok"":true,""single_strong_hold_allowed"":false,""single_strong_spike_ok"":true,""spike_2cadence_dominant"":false,""spike_3cadence_dominant"":true},""metrics"":{""depth_max"":0.0018860042029458,""depth_min"":0.0001098079294017,""depth_ratio"":17.1754828018513,""max_duration_cadences"":15.0,""max_shape_score"":0.7227291502823152,""median_duration_cadences"":3.0,""median_shape_score"":0.6340107513342755,""non_spike_depth_ratio"":6.8903715888078665,""spike_fraction_2cadence"":0.2631578947368421,""spike_fraction_3cadence"":0.7368421052631579},""policy_version"":""stage_r_manual_calibration_v2"",""thresholds"":{""borderline_duration_cadences"":10.0,""borderline_shape_score"":0.7,""depth_ratio_inconsistent"":10.0,""hold_duration_cadences"":5.0,""promote_duration_cadences"":10.0,""promote_shape_score"":0.74,""single_strong_depth_ratio_max"":15.0,""single_strong_many_events_max"":35,""single_strong_non_spike_depth_ratio_max"":15.0,""spike_2cadence_dominant_fraction"":0.5,""spike_2cadence_max_promote_fraction"":0.5,""spike_3cadence_dominant_fraction"":0.7}}"
EPIC_211582554,promote_to_deeper_eval,promote: 3 events have duration_cadences>=10 and shape_score>=0.74; max_duration_cadences=24; spike_fraction_2cadence=0.179,39,18,11,6,4,3,0.8190931492657885,0.6387638786965929,24.0,4.0,3.443357923482715e-05,0.0007486334909647,21.741378840091933,0.1794871794871795,stage_r_manual_calibration_v2,False,"{""counts"":{""n_events_borderline_long_ge10_shape_ge070"":7,""n_events_ge_10_cadences"":11,""n_events_ge_5_cadences"":18,""n_events_long_good"":3,""n_events_shape_ge_071"":6,""n_events_shape_ge_074"":4,""n_events_spike_le_2_cadences"":7,""n_events_spike_le_3_cadences"":14,""n_events_strong_ge5_shape_ge074"":4,""n_events_total"":39,""n_events_with_duration_or_shape"":39},""flags"":{""depth_highly_inconsistent"":true,""has_coherent_long_family"":true,""hold_borderline_long_family_rule_passed"":false,""hold_single_strong_rule_passed"":false,""promote_rule_passed"":true,""single_strong_depth_ok"":true,""single_strong_field_size_ok"":true,""single_strong_hold_allowed"":false,""single_strong_spike_ok"":true,""spike_2cadence_dominant"":false,""spike_3cadence_dominant"":false},""metrics"":{""depth_max"":0.0007486334909647,""depth_min"":3.443357923482715e-05,""depth_ratio"":21.741378840091933,""max_duration_cadences"":24.0,""max_shape_score"":0.8190931492657885,""median_duration_cadences"":4.0,""median_shape_score"":0.6387638786965929,""non_spike_depth_ratio"":11.819894509045932,""spike_fraction_2cadence"":0.1794871794871795,""spike_fraction_3cadence"":0.358974358974359},""policy_version"":""stage_r_manual_calibration_v2"",""thresholds"":{""borderline_duration_cadences"":10.0,""borderline_shape_score"":0.7,""depth_ratio_inconsistent"":10.0,""hold_duration_cadences"":5.0,""promote_duration_cadences"":10.0,""promote_shape_score"":0.74,""single_strong_depth_ratio_max"":15.0,""single_strong_many_events_max"":35,""single_strong_non_spike_depth_ratio_max"":15.0,""spike_2cadence_dominant_fraction"":0.5,""spike_2cadence_max_promote_fraction"":0.5,""spike_3cadence_dominant_fraction"":0.7}}"
EPIC_211598703,promote_to_deeper_eval,promote: 13 events have duration_cadences>=10 and shape_score>=0.74; max_duration_cadences=24; spike_fraction_2cadence=0.300,30,19,17,15,14,13,0.8241932430833396,0.7131239409005661,24.0,13.0,3.3630717366506246e-05,0.0016112238959627,47.90929311449544,0.3,stage_r_manual_calibration_v2,False,"{""counts"":{""n_events_borderline_long_ge10_shape_ge070"":14,""n_events_ge_10_cadences"":17,""n_events_ge_5_cadences"":19,""n_events_long_good"":13,""n_events_shape_ge_071"":15,""n_events_shape_ge_074"":14,""n_events_spike_le_2_cadences"":9,""n_events_spike_le_3_cadences"":9,""n_events_strong_ge5_shape_ge074"":14,""n_events_total"":30,""n_events_with_duration_or_shape"":30},""flags"":{""depth_highly_inconsistent"":true,""has_coherent_long_family"":true,""hold_borderline_long_family_rule_passed"":false,""hold_single_strong_rule_passed"":false,""promote_rule_passed"":true,""single_strong_depth_ok"":true,""single_strong_field_size_ok"":true,""single_strong_hold_allowed"":false,""single_strong_spike_ok"":true,""spike_2cadence_dominant"":false,""spike_3cadence_dominant"":false},""metrics"":{""depth_max"":0.0016112238959627,""depth_min"":3.3630717366506246e-05,""depth_ratio"":47.90929311449544,""max_duration_cadences"":24.0,""max_shape_score"":0.8241932430833396,""median_duration_cadences"":13.0,""median_shape_score"":0.7131239409005661,""non_spike_depth_ratio"":7.265476677769739,""spike_fraction_2cadence"":0.3,""spike_fraction_3cadence"":0.3},""policy_version"":""stage_r_manual_calibration_v2"",""thresholds"":{""borderline_duration_cadences"":10.0,""borderline_shape_score"":0.7,""depth_ratio_inconsistent"":10.0,""hold_duration_cadences"":5.0,""promote_duration_cadences"":10.0,""promote_shape_score"":0.74,""single_strong_depth_ratio_max"":15.0,""single_strong_many_events_max"":35,""single_strong_non_spike_depth_ratio_max"":15.0,""spike_2cadence_dominant_fraction"":0.5,""spike_2cadence_max_promote_fraction"":0.5,""spike_3cadence_dominant_fraction"":0.7}}"
EPIC_211614744,hold_for_review,"hold: borderline long-family case with 2 events duration_cadences>=10 and shape_score>=0.70, but promote criteria not met",37,20,8,2,1,1,0.7423056189215458,0.6438075248422709,22.0,5.0,4.766594978211636e-05,0.0006261981344511,13.13722137738754,0.2702702702702703,stage_r_manual_calibration_v2,True,"{""counts"":{""n_events_borderline_long_ge10_shape_ge070"":2,""n_events_ge_10_cadences"":8,""n_events_ge_5_cadences"":20,""n_events_long_good"":1,""n_events_shape_ge_071"":2,""n_events_shape_ge_074"":1,""n_events_spike_le_2_cadences"":10,""n_events_spike_le_3_cadences"":15,""n_events_strong_ge5_shape_ge074"":1,""n_events_total"":37,""n_events_with_duration_or_shape"":37},""flags"":{""depth_highly_inconsistent"":true,""has_coherent_long_family"":true,""hold_borderline_long_family_rule_passed"":true,""hold_single_strong_rule_passed"":false,""promote_rule_passed"":false,""single_strong_depth_ok"":true,""single_strong_field_size_ok"":false,""single_strong_hold_allowed"":false,""single_strong_spike_ok"":true,""spike_2cadence_dominant"":false,""spike_3cadence_dominant"":false},""metrics"":{""depth_max"":0.0006261981344511,""depth_min"":4.766594978211636e-05,""depth_ratio"":13.13722137738754,""max_duration_cadences"":22.0,""max_shape_score"":0.7423056189215458,""median_duration_cadences"":5.0,""median_shape_score"":0.6438075248422709,""non_spike_depth_ratio"":3.855721876783639,""spike_fraction_2cadence"":0.2702702702702703,""spike_fraction_3cadence"":0.40540540540540543},""policy_version"":""stage_r_manual_calibration_v2"",""thresholds"":{""borderline_duration_cadences"":10.0,""borderline_shape_score"":0.7,""depth_ratio_inconsistent"":10.0,""hold_duration_cadences"":5.0,""promote_duration_cadences"":10.0,""promote_shape_score"":0.74,""single_strong_depth_ratio_max"":15.0,""single_strong_many_events_max"":35,""single_strong_non_spike_depth_ratio_max"":15.0,""spike_2cadence_dominant_fraction"":0.5,""spike_2cadence_max_promote_fraction"":0.5,""spike_3cadence_dominant_fraction"":0.7}}"
EPIC_211631955,promote_to_deeper_eval,promote: 6 events have duration_cadences>=10 and shape_score>=0.74; max_duration_cadences=18; spike_fraction_2cadence=0.069,29,25,17,14,6,6,0.8495236454995886,0.7014688612038923,18.0,11.0,0.0001188115909369,0.0021425209142327,18.032928414960608,0.06896551724137931,stage_r_manual_calibration_v2,False,"{""counts"":{""n_events_borderline_long_ge10_shape_ge070"":13,""n_events_ge_10_cadences"":17,""n_events_ge_5_cadences"":25,""n_events_long_good"":6,""n_events_shape_ge_071"":14,""n_events_shape_ge_074"":6,""n_events_spike_le_2_cadences"":2,""n_events_spike_le_3_cadences"":2,""n_events_strong_ge5_shape_ge074"":6,""n_events_total"":29,""n_events_with_duration_or_shape"":29},""flags"":{""depth_highly_inconsistent"":true,""has_coherent_long_family"":true,""hold_borderline_long_family_rule_passed"":false,""hold_single_strong_rule_passed"":false,""promote_rule_passed"":true,""single_strong_depth_ok"":true,""single_strong_field_size_ok"":true,""single_strong_hold_allowed"":false,""single_strong_spike_ok"":true,""spike_2cadence_dominant"":false,""spike_3cadence_dominant"":false},""metrics"":{""depth_max"":0.0021425209142327,""depth_min"":0.0001188115909369,""depth_ratio"":18.032928414960608,""max_duration_cadences"":18.0,""max_shape_score"":0.8495236454995886,""median_duration_cadences"":11.0,""median_shape_score"":0.7014688612038923,""non_spike_depth_ratio"":6.570671687568221,""spike_fraction_2cadence"":0.06896551724137931,""spike_fraction_3cadence"":0.06896551724137931},""policy_version"":""stage_r_manual_calibration_v2"",""thresholds"":{""borderline_duration_cadences"":10.0,""borderline_shape_score"":0.7,""depth_ratio_inconsistent"":10.0,""hold_duration_cadences"":5.0,""promote_duration_cadences"":10.0,""promote_shape_score"":0.74,""single_strong_depth_ratio_max"":15.0,""single_strong_many_events_max"":35,""single_strong_non_spike_depth_ratio_max"":15.0,""spike_2cadence_dominant_fraction"":0.5,""spike_2cadence_max_promote_fraction"":0.5,""spike_3cadence_dominant_fraction"":0.7}}"
EPIC_211633247,reject_as_noise_or_artifact,reject: no coherent long-duration event family (0 events meet duration>=10 and shape>=0.70); depth/duration are highly inconsistent (depth_ratio=34.7); n_events_total=42,42,5,0,6,1,0,0.7483407970399947,0.6767410562556264,7.0,3.0,3.973843365856489e-05,0.0013771431679796,34.65519501377685,0.40476190476190477,stage_r_manual_calibration_v2,False,"{""counts"":{""n_events_borderline_long_ge10_shape_ge070"":0,""n_events_ge_10_cadences"":0,""n_events_ge_5_cadences"":5,""n_events_long_good"":0,""n_events_shape_ge_071"":6,""n_events_shape_ge_074"":1,""n_events_spike_le_2_cadences"":17,""n_events_spike_le_3_cadences"":26,""n_events_strong_ge5_shape_ge074"":1,""n_events_total"":42,""n_events_with_duration_or_shape"":42},""flags"":{""depth_highly_inconsistent"":true,""has_coherent_long_family"":false,""hold_borderline_long_family_rule_passed"":false,""hold_single_strong_rule_passed"":false,""promote_rule_passed"":false,""single_strong_depth_ok"":true,""single_strong_field_size_ok"":false,""single_strong_hold_allowed"":false,""single_strong_spike_ok"":true,""spike_2cadence_dominant"":false,""spike_3cadence_dominant"":false},""metrics"":{""depth_max"":0.0013771431679796,""depth_min"":3.973843365856489e-05,""depth_ratio"":34.65519501377685,""max_duration_cadences"":7.0,""max_shape_score"":0.7483407970399947,""median_duration_cadences"":3.0,""median_shape_score"":0.6767410562556264,""non_spike_depth_ratio"":10.054182957015387,""spike_fraction_2cadence"":0.40476190476190477,""spike_fraction_3cadence"":0.6190476190476191},""policy_version"":""stage_r_manual_calibration_v2"",""thresholds"":{""borderline_duration_cadences"":10.0,""borderline_shape_score"":0.7,""depth_ratio_inconsistent"":10.0,""hold_duration_cadences"":5.0,""promote_duration_cadences"":10.0,""promote_shape_score"":0.74,""single_strong_depth_ratio_max"":15.0,""single_strong_many_events_max"":35,""single_strong_non_spike_depth_ratio_max"":15.0,""spike_2cadence_dominant_fraction"":0.5,""spike_2cadence_max_promote_fraction"":0.5,""spike_3cadence_dominant_fraction"":0.7}}"
EPIC_211639447,reject_as_noise_or_artifact,reject: no coherent long-duration event family (1 events meet duration>=10 and shape>=0.70); depth/duration are highly inconsistent (depth_ratio=23.4); n_events_total=21,21,11,4,2,2,1,0.7904443052646947,0.6556326145771569,23.0,5.0,5.965066900281979e-05,0.0013959578634687,23.402216384240564,0.23809523809523808,stage_r_manual_calibration_v2,False,"{""counts"":{""n_events_borderline_long_ge10_shape_ge070"":1,""n_events_ge_10_cadences"":4,""n_events_ge_5_cadences"":11,""n_events_long_good"":1,""n_events_shape_ge_071"":2,""n_events_shape_ge_074"":2,""n_events_spike_le_2_cadences"":5,""n_events_spike_le_3_cadences"":10,""n_events_strong_ge5_shape_ge074"":2,""n_events_total"":21,""n_events_with_duration_or_shape"":21},""flags"":{""depth_highly_inconsistent"":true,""has_coherent_long_family"":false,""hold_borderline_long_family_rule_passed"":false,""hold_single_strong_rule_passed"":false,""promote_rule_passed"":false,""single_strong_depth_ok"":false,""single_strong_field_size_ok"":true,""single_strong_hold_allowed"":false,""single_strong_spike_ok"":true,""spike_2cadence_dominant"":false,""spike_3cadence_dominant"":false},""metrics"":{""depth_max"":0.0013959578634687,""depth_min"":5.965066900281979e-05,""depth_ratio"":23.402216384240564,""max_duration_cadences"":23.0,""max_shape_score"":0.7904443052646947,""median_duration_cadences"":5.0,""median_shape_score"":0.6556326145771569,""non_spike_depth_ratio"":16.86520731647106,""spike_fraction_2cadence"":0.23809523809523808,""spike_fraction_3cadence"":0.47619047619047616},""policy_version"":""stage_r_manual_calibration_v2"",""thresholds"":{""borderline_duration_cadences"":10.0,""borderline_shape_score"":0.7,""depth_ratio_inconsistent"":10.0,""hold_duration_cadences"":5.0,""promote_duration_cadences"":10.0,""promote_shape_score"":0.74,""single_strong_depth_ratio_max"":15.0,""single_strong_many_events_max"":35,""single_strong_non_spike_depth_ratio_max"":15.0,""spike_2cadence_dominant_fraction"":0.5,""spike_2cadence_max_promote_fraction"":0.5,""spike_3cadence_dominant_fraction"":0.7}}"
EPIC_211641677,hold_for_review,hold: exactly 1 strong event has duration_cadences>=5 and shape_score>=0.74; single-strong guardrails passed; promote long-good count=1,34,21,8,2,1,1,0.7734453014120182,0.6228752724561443,21.0,6.0,7.030289658316313e-05,0.001421345120894,20.217447501791817,0.11764705882352941,stage_r_manual_calibration_v2,True,"{""counts"":{""n_events_borderline_long_ge10_shape_ge070"":3,""n_events_ge_10_cadences"":8,""n_events_ge_5_cadences"":21,""n_events_long_good"":1,""n_events_shape_ge_071"":2,""n_events_shape_ge_074"":1,""n_events_spike_le_2_cadences"":4,""n_events_spike_le_3_cadences"":10,""n_events_strong_ge5_shape_ge074"":1,""n_events_total"":34,""n_events_with_duration_or_shape"":34},""flags"":{""depth_highly_inconsistent"":true,""has_coherent_long_family"":true,""hold_borderline_long_family_rule_passed"":true,""hold_single_strong_rule_passed"":true,""promote_rule_passed"":false,""single_strong_depth_ok"":true,""single_strong_field_size_ok"":true,""single_strong_hold_allowed"":true,""single_strong_spike_ok"":true,""spike_2cadence_dominant"":false,""spike_3cadence_dominant"":false},""metrics"":{""depth_max"":0.001421345120894,""depth_min"":7.030289658316313e-05,""depth_ratio"":20.217447501791817,""max_duration_cadences"":21.0,""max_shape_score"":0.7734453014120182,""median_duration_cadences"":6.0,""median_shape_score"":0.6228752724561443,""non_spike_depth_ratio"":11.214419793285057,""spike_fraction_2cadence"":0.11764705882352941,""spike_fraction_3cadence"":0.29411764705882354},""policy_version"":""stage_r_manual_calibration_v2"",""thresholds"":{""borderline_duration_cadences"":10.0,""borderline_shape_score"":0.7,""depth_ratio_inconsistent"":10.0,""hold_duration_cadences"":5.0,""promote_duration_cadences"":10.0,""promote_shape_score"":0.74,""single_strong_depth_ratio_max"":15.0,""single_strong_many_events_max"":35,""single_strong_non_spike_depth_ratio_max"":15.0,""spike_2cadence_dominant_fraction"":0.5,""spike_2cadence_max_promote_fraction"":0.5,""spike_3cadence_dominant_fraction"":0.7}}"
EPIC_211686773,promote_to_deeper_eval,promote: 9 events have duration_cadences>=10 and shape_score>=0.74; max_duration_cadences=24; spike_fraction_2cadence=0.062,32,25,20,13,11,9,0.8969397984133887,0.6928262883368056,24.0,12.0,3.923517581783109e-05,0.0015825102974309,40.333967274123985,0.0625,stage_r_manual_calibration_v2,False,"{""counts"":{""n_events_borderline_long_ge10_shape_ge070"":12,""n_events_ge_10_cadences"":20,""n_events_ge_5_cadences"":25,""n_events_long_good"":9,""n_events_shape_ge_071"":13,""n_events_shape_ge_074"":11,""n_events_spike_le_2_cadences"":2,""n_events_spike_le_3_cadences"":5,""n_events_strong_ge5_shape_ge074"":11,""n_events_total"":32,""n_events_with_duration_or_shape"":32},""flags"":{""depth_highly_inconsistent"":true,""has_coherent_long_family"":true,""hold_borderline_long_family_rule_passed"":false,""hold_single_strong_rule_passed"":false,""promote_rule_passed"":true,""single_strong_depth_ok"":false,""single_strong_field_size_ok"":true,""single_strong_hold_allowed"":false,""single_strong_spike_ok"":true,""spike_2cadence_dominant"":false,""spike_3cadence_dominant"":false},""metrics"":{""depth_max"":0.0015825102974309,""depth_min"":3.923517581783109e-05,""depth_ratio"":40.333967274123985,""max_duration_cadences"":24.0,""max_shape_score"":0.8969397984133887,""median_duration_cadences"":12.0,""median_shape_score"":0.6928262883368056,""non_spike_depth_ratio"":34.74326755474895,""spike_fraction_2cadence"":0.0625,""spike_fraction_3cadence"":0.15625},""policy_version"":""stage_r_manual_calibration_v2"",""thresholds"":{""borderline_duration_cadences"":10.0,""borderline_shape_score"":0.7,""depth_ratio_inconsistent"":10.0,""hold_duration_cadences"":5.0,""promote_duration_cadences"":10.0,""promote_shape_score"":0.74,""single_strong_depth_ratio_max"":15.0,""single_strong_many_events_max"":35,""single_strong_non_spike_depth_ratio_max"":15.0,""spike_2cadence_dominant_fraction"":0.5,""spike_2cadence_max_promote_fraction"":0.5,""spike_3cadence_dominant_fraction"":0.7}}"
EPIC_211698887,reject_as_noise_or_artifact,reject: dominated by 2-3 cadence spike events; no coherent long-duration event family (0 events meet duration>=10 and shape>=0.70); depth/duration are highly inconsistent (depth_ratio=11.5); n_events_total=23,23,0,0,3,0,0,0.719023905524616,0.6568916256805497,4.0,2.0,4.4922286116855226e-05,0.000514534033764,11.453870188742297,0.6086956521739131,stage_r_manual_calibration_v2,False,"{""counts"":{""n_events_borderline_long_ge10_shape_ge070"":0,""n_events_ge_10_cadences"":0,""n_events_ge_5_cadences"":0,""n_events_long_good"":0,""n_events_shape_ge_071"":3,""n_events_shape_ge_074"":0,""n_events_spike_le_2_cadences"":14,""n_events_spike_le_3_cadences"":21,""n_events_strong_ge5_shape_ge074"":0,""n_events_total"":23,""n_events_with_duration_or_shape"":23},""flags"":{""depth_highly_inconsistent"":true,""has_coherent_long_family"":false,""hold_borderline_long_family_rule_passed"":false,""hold_single_strong_rule_passed"":false,""promote_rule_passed"":false,""single_strong_depth_ok"":true,""single_strong_field_size_ok"":true,""single_strong_hold_allowed"":false,""single_strong_spike_ok"":false,""spike_2cadence_dominant"":true,""spike_3cadence_dominant"":true},""metrics"":{""depth_max"":0.000514534033764,""depth_min"":4.4922286116855226e-05,""depth_ratio"":11.453870188742297,""max_duration_cadences"":4.0,""max_shape_score"":0.719023905524616,""median_duration_cadences"":2.0,""median_shape_score"":0.6568916256805497,""non_spike_depth_ratio"":6.346321512444337,""spike_fraction_2cadence"":0.6086956521739131,""spike_fraction_3cadence"":0.9130434782608695},""policy_version"":""stage_r_manual_calibration_v2"",""thresholds"":{""borderline_duration_cadences"":10.0,""borderline_shape_score"":0.7,""depth_ratio_inconsistent"":10.0,""hold_duration_cadences"":5.0,""promote_duration_cadences"":10.0,""promote_shape_score"":0.74,""single_strong_depth_ratio_max"":15.0,""single_strong_many_events_max"":35,""single_strong_non_spike_depth_ratio_max"":15.0,""spike_2cadence_dominant_fraction"":0.5,""spike_2cadence_max_promote_fraction"":0.5,""spike_3cadence_dominant_fraction"":0.7}}"
EPIC_211702989,reject_as_noise_or_artifact,reject: dominated by 2-3 cadence spike events; no coherent long-duration event family (0 events meet duration>=10 and shape>=0.70); depth/duration are highly inconsistent (depth_ratio=10); n_events_total=29,29,0,0,1,0,0,0.7133417898075152,0.6623796611886821,4.0,2.0,0.000122567802187,0.001231524404627,10.047699172643075,0.7586206896551724,stage_r_manual_calibration_v2,False,"{""counts"":{""n_events_borderline_long_ge10_shape_ge070"":0,""n_events_ge_10_cadences"":0,""n_events_ge_5_cadences"":0,""n_events_long_good"":0,""n_events_shape_ge_071"":1,""n_events_shape_ge_074"":0,""n_events_spike_le_2_cadences"":22,""n_events_spike_le_3_cadences"":27,""n_events_strong_ge5_shape_ge074"":0,""n_events_total"":29,""n_events_with_duration_or_shape"":29},""flags"":{""depth_highly_inconsistent"":true,""has_coherent_long_family"":false,""hold_borderline_long_family_rule_passed"":false,""hold_single_strong_rule_passed"":false,""promote_rule_passed"":false,""single_strong_depth_ok"":true,""single_strong_field_size_ok"":true,""single_strong_hold_allowed"":false,""single_strong_spike_ok"":false,""spike_2cadence_dominant"":true,""spike_3cadence_dominant"":true},""metrics"":{""depth_max"":0.001231524404627,""depth_min"":0.000122567802187,""depth_ratio"":10.047699172643075,""max_duration_cadences"":4.0,""max_shape_score"":0.7133417898075152,""median_duration_cadences"":2.0,""median_shape_score"":0.6623796611886821,""non_spike_depth_ratio"":3.1024712151904663,""spike_fraction_2cadence"":0.7586206896551724,""spike_fraction_3cadence"":0.9310344827586207},""policy_version"":""stage_r_manual_calibration_v2"",""thresholds"":{""borderline_duration_cadences"":10.0,""borderline_shape_score"":0.7,""depth_ratio_inconsistent"":10.0,""hold_duration_cadences"":5.0,""promote_duration_cadences"":10.0,""promote_shape_score"":0.74,""single_strong_depth_ratio_max"":15.0,""single_strong_many_events_max"":35,""single_strong_non_spike_depth_ratio_max"":15.0,""spike_2cadence_dominant_fraction"":0.5,""spike_2cadence_max_promote_fraction"":0.5,""spike_3cadence_dominant_fraction"":0.7}}"
EPIC_211726466,promote_to_deeper_eval,promote: 2 events have duration_cadences>=10 and shape_score>=0.74; max_duration_cadences=20; spike_fraction_2cadence=0.345,29,15,14,5,2,2,0.7614309575788012,0.6674993373252219,20.0,6.0,2.822290981185916e-05,0.0016074500600897,56.955504262507176,0.3448275862068966,stage_r_manual_calibration_v2,False,"{""counts"":{""n_events_borderline_long_ge10_shape_ge070"":7,""n_events_ge_10_cadences"":14,""n_events_ge_5_cadences"":15,""n_events_long_good"":2,""n_events_shape_ge_071"":5,""n_events_shape_ge_074"":2,""n_events_spike_le_2_cadences"":10,""n_events_spike_le_3_cadences"":13,""n_events_strong_ge5_shape_ge074"":2,""n_events_total"":29,""n_events_with_duration_or_shape"":29},""flags"":{""depth_highly_inconsistent"":true,""has_coherent_long_family"":true,""hold_borderline_long_family_rule_passed"":false,""hold_single_strong_rule_passed"":false,""promote_rule_passed"":true,""single_strong_depth_ok"":false,""single_strong_field_size_ok"":true,""single_strong_hold_allowed"":false,""single_strong_spike_ok"":true,""spike_2cadence_dominant"":false,""spike_3cadence_dominant"":false},""metrics"":{""depth_max"":0.0016074500600897,""depth_min"":2.822290981185916e-05,""depth_ratio"":56.955504262507176,""max_duration_cadences"":20.0,""max_shape_score"":0.7614309575788012,""median_duration_cadences"":6.0,""median_shape_score"":0.6674993373252219,""non_spike_depth_ratio"":16.064799421951673,""spike_fraction_2cadence"":0.3448275862068966,""spike_fraction_3cadence"":0.4482758620689655},""policy_version"":""stage_r_manual_calibration_v2"",""thresholds"":{""borderline_duration_cadences"":10.0,""borderline_shape_score"":0.7,""depth_ratio_inconsistent"":10.0,""hold_duration_cadences"":5.0,""promote_duration_cadences"":10.0,""promote_shape_score"":0.74,""single_strong_depth_ratio_max"":15.0,""single_strong_many_events_max"":35,""single_strong_non_spike_depth_ratio_max"":15.0,""spike_2cadence_dominant_fraction"":0.5,""spike_2cadence_max_promote_fraction"":0.5,""spike_3cadence_dominant_fraction"":0.7}}"
EPIC_211732801,promote_to_deeper_eval,promote: 4 events have duration_cadences>=10 and shape_score>=0.74; max_duration_cadences=23; spike_fraction_2cadence=0.267,30,19,11,6,4,4,0.8527919232816045,0.6628448656357386,23.0,6.5,0.0001369934026869,0.0053838018667108,39.299716344848676,0.26666666666666666,stage_r_manual_calibration_v2,False,"{""counts"":{""n_events_borderline_long_ge10_shape_ge070"":5,""n_events_ge_10_cadences"":11,""n_events_ge_5_cadences"":19,""n_events_long_good"":4,""n_events_shape_ge_071"":6,""n_events_shape_ge_074"":4,""n_events_spike_le_2_cadences"":8,""n_events_spike_le_3_cadences"":9,""n_events_strong_ge5_shape_ge074"":4,""n_events_total"":30,""n_events_with_duration_or_shape"":30},""flags"":{""depth_highly_inconsistent"":true,""has_coherent_long_family"":true,""hold_borderline_long_family_rule_passed"":false,""hold_single_strong_rule_passed"":false,""promote_rule_passed"":true,""single_strong_depth_ok"":false,""single_strong_field_size_ok"":true,""single_strong_hold_allowed"":false,""single_strong_spike_ok"":true,""spike_2cadence_dominant"":false,""spike_3cadence_dominant"":false},""metrics"":{""depth_max"":0.0053838018667108,""depth_min"":0.0001369934026869,""depth_ratio"":39.299716344848676,""max_duration_cadences"":23.0,""max_shape_score"":0.8527919232816045,""median_duration_cadences"":6.5,""median_shape_score"":0.6628448656357386,""non_spike_depth_ratio"":32.59384157519768,""spike_fraction_2cadence"":0.26666666666666666,""spike_fraction_3cadence"":0.3},""policy_version"":""stage_r_manual_calibration_v2"",""thresholds"":{""borderline_duration_cadences"":10.0,""borderline_shape_score"":0.7,""depth_ratio_inconsistent"":10.0,""hold_duration_cadences"":5.0,""promote_duration_cadences"":10.0,""promote_shape_score"":0.74,""single_strong_depth_ratio_max"":15.0,""single_strong_many_events_max"":35,""single_strong_non_spike_depth_ratio_max"":15.0,""spike_2cadence_dominant_fraction"":0.5,""spike_2cadence_max_promote_fraction"":0.5,""spike_3cadence_dominant_fraction"":0.7}}"
EPIC_211733267,promote_to_deeper_eval,promote: 2 events have duration_cadences>=10 and shape_score>=0.74; max_duration_cadences=24; spike_fraction_2cadence=0.059,17,13,9,7,2,2,0.7470622051891264,0.7049191479877477,24.0,11.0,0.0001738698553322,0.0032788376560541,18.857999564038703,0.058823529411764705,stage_r_manual_calibration_v2,False,"{""counts"":{""n_events_borderline_long_ge10_shape_ge070"":7,""n_events_ge_10_cadences"":9,""n_events_ge_5_cadences"":13,""n_events_long_good"":2,""n_events_shape_ge_071"":7,""n_events_shape_ge_074"":2,""n_events_spike_le_2_cadences"":1,""n_events_spike_le_3_cadences"":2,""n_events_strong_ge5_shape_ge074"":2,""n_events_total"":17,""n_events_with_duration_or_shape"":17},""flags"":{""depth_highly_inconsistent"":true,""has_coherent_long_family"":true,""hold_borderline_long_family_rule_passed"":false,""hold_single_strong_rule_passed"":false,""promote_rule_passed"":true,""single_strong_depth_ok"":false,""single_strong_field_size_ok"":true,""single_strong_hold_allowed"":false,""single_strong_spike_ok"":true,""spike_2cadence_dominant"":false,""spike_3cadence_dominant"":false},""metrics"":{""depth_max"":0.0032788376560541,""depth_min"":0.0001738698553322,""depth_ratio"":18.857999564038703,""max_duration_cadences"":24.0,""max_shape_score"":0.7470622051891264,""median_duration_cadences"":11.0,""median_shape_score"":0.7049191479877477,""non_spike_depth_ratio"":18.857999564038703,""spike_fraction_2cadence"":0.058823529411764705,""spike_fraction_3cadence"":0.11764705882352941},""policy_version"":""stage_r_manual_calibration_v2"",""thresholds"":{""borderline_duration_cadences"":10.0,""borderline_shape_score"":0.7,""depth_ratio_inconsistent"":10.0,""hold_duration_cadences"":5.0,""promote_duration_cadences"":10.0,""promote_shape_score"":0.74,""single_strong_depth_ratio_max"":15.0,""single_strong_many_events_max"":35,""single_strong_non_spike_depth_ratio_max"":15.0,""spike_2cadence_dominant_fraction"":0.5,""spike_2cadence_max_promote_fraction"":0.5,""spike_3cadence_dominant_fraction"":0.7}}"
EPIC_211739276,promote_to_deeper_eval,promote: 7 events have duration_cadences>=10 and shape_score>=0.74; max_duration_cadences=23; spike_fraction_2cadence=0.378,37,19,12,9,7,7,0.8202554876373518,0.6617455272918689,23.0,5.0,3.038884880801617e-05,0.0006814611932588,22.424712353007582,0.3783783783783784,stage_r_manual_calibration_v2,False,"{""counts"":{""n_events_borderline_long_ge10_shape_ge070"":9,""n_events_ge_10_cadences"":12,""n_events_ge_5_cadences"":19,""n_events_long_good"":7,""n_events_shape_ge_071"":9,""n_events_shape_ge_074"":7,""n_events_spike_le_2_cadences"":14,""n_events_spike_le_3_cadences"":17,""n_events_strong_ge5_shape_ge074"":7,""n_events_total"":37,""n_events_with_duration_or_shape"":37},""flags"":{""depth_highly_inconsistent"":true,""has_coherent_long_family"":true,""hold_borderline_long_family_rule_passed"":false,""hold_single_strong_rule_passed"":false,""promote_rule_passed"":true,""single_strong_depth_ok"":true,""single_strong_field_size_ok"":true,""single_strong_hold_allowed"":false,""single_strong_spike_ok"":true,""spike_2cadence_dominant"":false,""spike_3cadence_dominant"":false},""metrics"":{""depth_max"":0.0006814611932588,""depth_min"":3.038884880801617e-05,""depth_ratio"":22.424712353007582,""max_duration_cadences"":23.0,""max_shape_score"":0.8202554876373518,""median_duration_cadences"":5.0,""median_shape_score"":0.6617455272918689,""non_spike_depth_ratio"":6.675163025222893,""spike_fraction_2cadence"":0.3783783783783784,""spike_fraction_3cadence"":0.4594594594594595},""policy_version"":""stage_r_manual_calibration_v2"",""thresholds"":{""borderline_duration_cadences"":10.0,""borderline_shape_score"":0.7,""depth_ratio_inconsistent"":10.0,""hold_duration_cadences"":5.0,""promote_duration_cadences"":10.0,""promote_shape_score"":0.74,""single_strong_depth_ratio_max"":15.0,""single_strong_many_events_max"":35,""single_strong_non_spike_depth_ratio_max"":15.0,""spike_2cadence_dominant_fraction"":0.5,""spike_2cadence_max_promote_fraction"":0.5,""spike_3cadence_dominant_fraction"":0.7}}"
EPIC_211746706,promote_to_deeper_eval,promote: 7 events have duration_cadences>=10 and shape_score>=0.74; max_duration_cadences=24; spike_fraction_2cadence=0.250,24,17,15,10,7,7,0.8276325603836964,0.689703305110742,24.0,15.5,9.95403705681408e-05,0.0020058417106806,20.151037204623343,0.25,stage_r_manual_calibration_v2,False,"{""counts"":{""n_events_borderline_long_ge10_shape_ge070"":11,""n_events_ge_10_cadences"":15,""n_events_ge_5_cadences"":17,""n_events_long_good"":7,""n_events_shape_ge_071"":10,""n_events_shape_ge_074"":7,""n_events_spike_le_2_cadences"":6,""n_events_spike_le_3_cadences"":7,""n_events_strong_ge5_shape_ge074"":7,""n_events_total"":24,""n_events_with_duration_or_shape"":24},""flags"":{""depth_highly_inconsistent"":true,""has_coherent_long_family"":true,""hold_borderline_long_family_rule_passed"":false,""hold_single_strong_rule_passed"":false,""promote_rule_passed"":true,""single_strong_depth_ok"":true,""single_strong_field_size_ok"":true,""single_strong_hold_allowed"":false,""single_strong_spike_ok"":true,""spike_2cadence_dominant"":false,""spike_3cadence_dominant"":false},""metrics"":{""depth_max"":0.0020058417106806,""depth_min"":9.95403705681408e-05,""depth_ratio"":20.151037204623343,""max_duration_cadences"":24.0,""max_shape_score"":0.8276325603836964,""median_duration_cadences"":15.5,""median_shape_score"":0.689703305110742,""non_spike_depth_ratio"":11.08478149953694,""spike_fraction_2cadence"":0.25,""spike_fraction_3cadence"":0.2916666666666667},""policy_version"":""stage_r_manual_calibration_v2"",""thresholds"":{""borderline_duration_cadences"":10.0,""borderline_shape_score"":0.7,""depth_ratio_inconsistent"":10.0,""hold_duration_cadences"":5.0,""promote_duration_cadences"":10.0,""promote_shape_score"":0.74,""single_strong_depth_ratio_max"":15.0,""single_strong_many_events_max"":35,""single_strong_non_spike_depth_ratio_max"":15.0,""spike_2cadence_dominant_fraction"":0.5,""spike_2cadence_max_promote_fraction"":0.5,""spike_3cadence_dominant_fraction"":0.7}}"
EPIC_211748059,promote_to_deeper_eval,promote: 5 events have duration_cadences>=10 and shape_score>=0.74; max_duration_cadences=23; spike_fraction_2cadence=0.167,30,22,17,9,5,5,0.8169694594065053,0.6607723606654858,23.0,12.0,9.712745318624094e-05,0.0008879665591147,9.142281919119538,0.16666666666666666,stage_r_manual_calibration_v2,False,"{""counts"":{""n_events_borderline_long_ge10_shape_ge070"":11,""n_events_ge_10_cadences"":17,""n_events_ge_5_cadences"":22,""n_events_long_good"":5,""n_events_shape_ge_071"":9,""n_events_shape_ge_074"":5,""n_events_spike_le_2_cadences"":5,""n_events_spike_le_3_cadences"":7,""n_events_strong_ge5_shape_ge074"":5,""n_events_total"":30,""n_events_with_duration_or_shape"":30},""flags"":{""depth_highly_inconsistent"":false,""has_coherent_long_family"":true,""hold_borderline_long_family_rule_passed"":false,""hold_single_strong_rule_passed"":false,""promote_rule_passed"":true,""single_strong_depth_ok"":true,""single_strong_field_size_ok"":true,""single_strong_hold_allowed"":false,""single_strong_spike_ok"":true,""spike_2cadence_dominant"":false,""spike_3cadence_dominant"":false},""metrics"":{""depth_max"":0.0008879665591147,""depth_min"":9.712745318624094e-05,""depth_ratio"":9.142281919119538,""max_duration_cadences"":23.0,""max_shape_score"":0.8169694594065053,""median_duration_cadences"":12.0,""median_shape_score"":0.6607723606654858,""non_spike_depth_ratio"":3.668599406750775,""spike_fraction_2cadence"":0.16666666666666666,""spike_fraction_3cadence"":0.23333333333333334},""policy_version"":""stage_r_manual_calibration_v2"",""thresholds"":{""borderline_duration_cadences"":10.0,""borderline_shape_score"":0.7,""depth_ratio_inconsistent"":10.0,""hold_duration_cadences"":5.0,""promote_duration_cadences"":10.0,""promote_shape_score"":0.74,""single_strong_depth_ratio_max"":15.0,""single_strong_many_events_max"":35,""single_strong_non_spike_depth_ratio_max"":15.0,""spike_2cadence_dominant_fraction"":0.5,""spike_2cadence_max_promote_fraction"":0.5,""spike_3cadence_dominant_fraction"":0.7}}"
EPIC_211759361,promote_to_deeper_eval,promote: 12 events have duration_cadences>=10 and shape_score>=0.74; max_duration_cadences=24; spike_fraction_2cadence=0.304,23,15,14,12,12,12,0.8208052670808792,0.7434874979137902,24.0,21.0,0.0001529767466691,0.003663084877423,23.945370503574136,0.30434782608695654,stage_r_manual_calibration_v2,False,"{""counts"":{""n_events_borderline_long_ge10_shape_ge070"":12,""n_events_ge_10_cadences"":14,""n_events_ge_5_cadences"":15,""n_events_long_good"":12,""n_events_shape_ge_071"":12,""n_events_shape_ge_074"":12,""n_events_spike_le_2_cadences"":7,""n_events_spike_le_3_cadences"":8,""n_events_strong_ge5_shape_ge074"":12,""n_events_total"":23,""n_events_with_duration_or_shape"":23},""flags"":{""depth_highly_inconsistent"":true,""has_coherent_long_family"":true,""hold_borderline_long_family_rule_passed"":false,""hold_single_strong_rule_passed"":false,""promote_rule_passed"":true,""single_strong_depth_ok"":true,""single_strong_field_size_ok"":true,""single_strong_hold_allowed"":false,""single_strong_spike_ok"":true,""spike_2cadence_dominant"":false,""spike_3cadence_dominant"":false},""metrics"":{""depth_max"":0.003663084877423,""depth_min"":0.0001529767466691,""depth_ratio"":23.945370503574136,""max_duration_cadences"":24.0,""max_shape_score"":0.8208052670808792,""median_duration_cadences"":21.0,""median_shape_score"":0.7434874979137902,""non_spike_depth_ratio"":8.351853421940614,""spike_fraction_2cadence"":0.30434782608695654,""spike_fraction_3cadence"":0.34782608695652173},""policy_version"":""stage_r_manual_calibration_v2"",""thresholds"":{""borderline_duration_cadences"":10.0,""borderline_shape_score"":0.7,""depth_ratio_inconsistent"":10.0,""hold_duration_cadences"":5.0,""promote_duration_cadences"":10.0,""promote_shape_score"":0.74,""single_strong_depth_ratio_max"":15.0,""single_strong_many_events_max"":35,""single_strong_non_spike_depth_ratio_max"":15.0,""spike_2cadence_dominant_fraction"":0.5,""spike_2cadence_max_promote_fraction"":0.5,""spike_3cadence_dominant_fraction"":0.7}}"
EPIC_211759736,reject_as_noise_or_artifact,reject: no coherent long-duration event family (0 events meet duration>=10 and shape>=0.70); depth/duration are highly inconsistent (depth_ratio=42.2); n_events_total=29,29,8,1,2,0,0,0.7202123912727099,0.6348529779080404,10.0,3.0,4.62292982867929e-05,0.0019497706827893,42.17608216100316,0.3793103448275862,stage_r_manual_calibration_v2,False,"{""counts"":{""n_events_borderline_long_ge10_shape_ge070"":0,""n_events_ge_10_cadences"":1,""n_events_ge_5_cadences"":8,""n_events_long_good"":0,""n_events_shape_ge_071"":2,""n_events_shape_ge_074"":0,""n_events_spike_le_2_cadences"":11,""n_events_spike_le_3_cadences"":19,""n_events_strong_ge5_shape_ge074"":0,""n_events_total"":29,""n_events_with_duration_or_shape"":29},""flags"":{""depth_highly_inconsistent"":true,""has_coherent_long_family"":false,""hold_borderline_long_family_rule_passed"":false,""hold_single_strong_rule_passed"":false,""promote_rule_passed"":false,""single_strong_depth_ok"":false,""single_strong_field_size_ok"":true,""single_strong_hold_allowed"":false,""single_strong_spike_ok"":true,""spike_2cadence_dominant"":false,""spike_3cadence_dominant"":false},""metrics"":{""depth_max"":0.0019497706827893,""depth_min"":4.62292982867929e-05,""depth_ratio"":42.17608216100316,""max_duration_cadences"":10.0,""max_shape_score"":0.7202123912727099,""median_duration_cadences"":3.0,""median_shape_score"":0.6348529779080404,""non_spike_depth_ratio"":30.552236387236903,""spike_fraction_2cadence"":0.3793103448275862,""spike_fraction_3cadence"":0.6551724137931034},""policy_version"":""stage_r_manual_calibration_v2"",""thresholds"":{""borderline_duration_cadences"":10.0,""borderline_shape_score"":0.7,""depth_ratio_inconsistent"":10.0,""hold_duration_cadences"":5.0,""promote_duration_cadences"":10.0,""promote_shape_score"":0.74,""single_strong_depth_ratio_max"":15.0,""single_strong_many_events_max"":35,""single_strong_non_spike_depth_ratio_max"":15.0,""spike_2cadence_dominant_fraction"":0.5,""spike_2cadence_max_promote_fraction"":0.5,""spike_3cadence_dominant_fraction"":0.7}}"
EPIC_211770415,promote_to_deeper_eval,promote: 6 events have duration_cadences>=10 and shape_score>=0.74; max_duration_cadences=24; spike_fraction_2cadence=0.217,23,17,14,11,6,6,0.8017684642492038,0.6777527486158453,24.0,11.0,3.61258692680444e-05,0.0008691884716399,24.060001579221566,0.21739130434782608,stage_r_manual_calibration_v2,False,"{""counts"":{""n_events_borderline_long_ge10_shape_ge070"":9,""n_events_ge_10_cadences"":14,""n_events_ge_5_cadences"":17,""n_events_long_good"":6,""n_events_shape_ge_071"":11,""n_events_shape_ge_074"":6,""n_events_spike_le_2_cadences"":5,""n_events_spike_le_3_cadences"":5,""n_events_strong_ge5_shape_ge074"":6,""n_events_total"":23,""n_events_with_duration_or_shape"":23},""flags"":{""depth_highly_inconsistent"":true,""has_coherent_long_family"":true,""hold_borderline_long_family_rule_passed"":false,""hold_single_strong_rule_passed"":false,""promote_rule_passed"":true,""single_strong_depth_ok"":false,""single_strong_field_size_ok"":true,""single_strong_hold_allowed"":false,""single_strong_spike_ok"":true,""spike_2cadence_dominant"":false,""spike_3cadence_dominant"":false},""metrics"":{""depth_max"":0.0008691884716399,""depth_min"":3.61258692680444e-05,""depth_ratio"":24.060001579221566,""max_duration_cadences"":24.0,""max_shape_score"":0.8017684642492038,""median_duration_cadences"":11.0,""median_shape_score"":0.6777527486158453,""non_spike_depth_ratio"":18.33960530504804,""spike_fraction_2cadence"":0.21739130434782608,""spike_fraction_3cadence"":0.21739130434782608},""policy_version"":""stage_r_manual_calibration_v2"",""thresholds"":{""borderline_duration_cadences"":10.0,""borderline_shape_score"":0.7,""depth_ratio_inconsistent"":10.0,""hold_duration_cadences"":5.0,""promote_duration_cadences"":10.0,""promote_shape_score"":0.74,""single_strong_depth_ratio_max"":15.0,""single_strong_many_events_max"":35,""single_strong_non_spike_depth_ratio_max"":15.0,""spike_2cadence_dominant_fraction"":0.5,""spike_2cadence_max_promote_fraction"":0.5,""spike_3cadence_dominant_fraction"":0.7}}"
EPIC_211771175,hold_for_review,"hold: borderline long-family case with 2 events duration_cadences>=10 and shape_score>=0.70, but promote criteria not met",34,18,9,3,0,0,0.739796285322767,0.6392858185877872,22.0,5.0,0.0001265923520574,0.0025886420329067,20.448644731183663,0.2647058823529412,stage_r_manual_calibration_v2,True,"{""counts"":{""n_events_borderline_long_ge10_shape_ge070"":2,""n_events_ge_10_cadences"":9,""n_events_ge_5_cadences"":18,""n_events_long_good"":0,""n_events_shape_ge_071"":3,""n_events_shape_ge_074"":0,""n_events_spike_le_2_cadences"":9,""n_events_spike_le_3_cadences"":13,""n_events_strong_ge5_shape_ge074"":0,""n_events_total"":34,""n_events_with_duration_or_shape"":34},""flags"":{""depth_highly_inconsistent"":true,""has_coherent_long_family"":true,""hold_borderline_long_family_rule_passed"":true,""hold_single_strong_rule_passed"":false,""promote_rule_passed"":false,""single_strong_depth_ok"":true,""single_strong_field_size_ok"":true,""single_strong_hold_allowed"":false,""single_strong_spike_ok"":true,""spike_2cadence_dominant"":false,""spike_3cadence_dominant"":false},""metrics"":{""depth_max"":0.0025886420329067,""depth_min"":0.0001265923520574,""depth_ratio"":20.448644731183663,""max_duration_cadences"":22.0,""max_shape_score"":0.739796285322767,""median_duration_cadences"":5.0,""median_shape_score"":0.6392858185877872,""non_spike_depth_ratio"":5.189259928339024,""spike_fraction_2cadence"":0.2647058823529412,""spike_fraction_3cadence"":0.38235294117647056},""policy_version"":""stage_r_manual_calibration_v2"",""thresholds"":{""borderline_duration_cadences"":10.0,""borderline_shape_score"":0.7,""depth_ratio_inconsistent"":10.0,""hold_duration_cadences"":5.0,""promote_duration_cadences"":10.0,""promote_shape_score"":0.74,""single_strong_depth_ratio_max"":15.0,""single_strong_many_events_max"":35,""single_strong_non_spike_depth_ratio_max"":15.0,""spike_2cadence_dominant_fraction"":0.5,""spike_2cadence_max_promote_fraction"":0.5,""spike_3cadence_dominant_fraction"":0.7}}"
EPIC_211783068,hold_for_review,hold: exactly 1 strong event has duration_cadences>=5 and shape_score>=0.74; single-strong guardrails passed; promote long-good count=1,30,15,5,2,1,1,0.7777928761392043,0.636598170981257,22.0,4.5,0.0002568144480614,0.0014087186312681,5.485355835320056,0.26666666666666666,stage_r_manual_calibration_v2,True,"{""counts"":{""n_events_borderline_long_ge10_shape_ge070"":2,""n_events_ge_10_cadences"":5,""n_events_ge_5_cadences"":15,""n_events_long_good"":1,""n_events_shape_ge_071"":2,""n_events_shape_ge_074"":1,""n_events_spike_le_2_cadences"":8,""n_events_spike_le_3_cadences"":12,""n_events_strong_ge5_shape_ge074"":1,""n_events_total"":30,""n_events_with_duration_or_shape"":30},""flags"":{""depth_highly_inconsistent"":false,""has_coherent_long_family"":true,""hold_borderline_long_family_rule_passed"":true,""hold_single_strong_rule_passed"":true,""promote_rule_passed"":false,""single_strong_depth_ok"":true,""single_strong_field_size_ok"":true,""single_strong_hold_allowed"":true,""single_strong_spike_ok"":true,""spike_2cadence_dominant"":false,""spike_3cadence_dominant"":false},""metrics"":{""depth_max"":0.0014087186312681,""depth_min"":0.0002568144480614,""depth_ratio"":5.485355835320056,""max_duration_cadences"":22.0,""max_shape_score"":0.7777928761392043,""median_duration_cadences"":4.5,""median_shape_score"":0.636598170981257,""non_spike_depth_ratio"":4.759713509032522,""spike_fraction_2cadence"":0.26666666666666666,""spike_fraction_3cadence"":0.4},""policy_version"":""stage_r_manual_calibration_v2"",""thresholds"":{""borderline_duration_cadences"":10.0,""borderline_shape_score"":0.7,""depth_ratio_inconsistent"":10.0,""hold_duration_cadences"":5.0,""promote_duration_cadences"":10.0,""promote_shape_score"":0.74,""single_strong_depth_ratio_max"":15.0,""single_strong_many_events_max"":35,""single_strong_non_spike_depth_ratio_max"":15.0,""spike_2cadence_dominant_fraction"":0.5,""spike_2cadence_max_promote_fraction"":0.5,""spike_3cadence_dominant_fraction"":0.7}}"
EPIC_211791780,promote_to_deeper_eval,promote: 9 events have duration_cadences>=10 and shape_score>=0.74; max_duration_cadences=22; spike_fraction_2cadence=0.107,28,23,13,13,9,9,0.821541034646183,0.6958296077601898,22.0,9.0,0.0001354769281363,0.003038560793849,22.428621874212993,0.10714285714285714,stage_r_manual_calibration_v2,False,"{""counts"":{""n_events_borderline_long_ge10_shape_ge070"":10,""n_events_ge_10_cadences"":13,""n_events_ge_5_cadences"":23,""n_events_long_good"":9,""n_events_shape_ge_071"":13,""n_events_shape_ge_074"":9,""n_events_spike_le_2_cadences"":3,""n_events_spike_le_3_cadences"":4,""n_events_strong_ge5_shape_ge074"":9,""n_events_total"":28,""n_events_with_duration_or_shape"":28},""flags"":{""depth_highly_inconsistent"":true,""has_coherent_long_family"":true,""hold_borderline_long_family_rule_passed"":false,""hold_single_strong_rule_passed"":false,""promote_rule_passed"":true,""single_strong_depth_ok"":true,""single_strong_field_size_ok"":true,""single_strong_hold_allowed"":false,""single_strong_spike_ok"":true,""spike_2cadence_dominant"":false,""spike_3cadence_dominant"":false},""metrics"":{""depth_max"":0.003038560793849,""depth_min"":0.0001354769281363,""depth_ratio"":22.428621874212993,""max_duration_cadences"":22.0,""max_shape_score"":0.821541034646183,""median_duration_cadences"":9.0,""median_shape_score"":0.6958296077601898,""non_spike_depth_ratio"":13.249042697448308,""spike_fraction_2cadence"":0.10714285714285714,""spike_fraction_3cadence"":0.14285714285714285},""policy_version"":""stage_r_manual_calibration_v2"",""thresholds"":{""borderline_duration_cadences"":10.0,""borderline_shape_score"":0.7,""depth_ratio_inconsistent"":10.0,""hold_duration_cadences"":5.0,""promote_duration_cadences"":10.0,""promote_shape_score"":0.74,""single_strong_depth_ratio_max"":15.0,""single_strong_many_events_max"":35,""single_strong_non_spike_depth_ratio_max"":15.0,""spike_2cadence_dominant_fraction"":0.5,""spike_2cadence_max_promote_fraction"":0.5,""spike_3cadence_dominant_fraction"":0.7}}"
EPIC_211795325,promote_to_deeper_eval,promote: 3 events have duration_cadences>=10 and shape_score>=0.74; max_duration_cadences=24; spike_fraction_2cadence=0.167,30,17,14,6,3,3,0.8421145555727513,0.6648466771228219,24.0,7.5,0.0001229891420897,0.0018958064799583,15.41442153141963,0.16666666666666666,stage_r_manual_calibration_v2,False,"{""counts"":{""n_events_borderline_long_ge10_shape_ge070"":7,""n_events_ge_10_cadences"":14,""n_events_ge_5_cadences"":17,""n_events_long_good"":3,""n_events_shape_ge_071"":6,""n_events_shape_ge_074"":3,""n_events_spike_le_2_cadences"":5,""n_events_spike_le_3_cadences"":11,""n_events_strong_ge5_shape_ge074"":3,""n_events_total"":30,""n_events_with_duration_or_shape"":30},""flags"":{""depth_highly_inconsistent"":true,""has_coherent_long_family"":true,""hold_borderline_long_family_rule_passed"":false,""hold_single_strong_rule_passed"":false,""promote_rule_passed"":true,""single_strong_depth_ok"":true,""single_strong_field_size_ok"":true,""single_strong_hold_allowed"":false,""single_strong_spike_ok"":true,""spike_2cadence_dominant"":false,""spike_3cadence_dominant"":false},""metrics"":{""depth_max"":0.0018958064799583,""depth_min"":0.0001229891420897,""depth_ratio"":15.41442153141963,""max_duration_cadences"":24.0,""max_shape_score"":0.8421145555727513,""median_duration_cadences"":7.5,""median_shape_score"":0.6648466771228219,""non_spike_depth_ratio"":6.50731697711123,""spike_fraction_2cadence"":0.16666666666666666,""spike_fraction_3cadence"":0.36666666666666664},""policy_version"":""stage_r_manual_calibration_v2"",""thresholds"":{""borderline_duration_cadences"":10.0,""borderline_shape_score"":0.7,""depth_ratio_inconsistent"":10.0,""hold_duration_cadences"":5.0,""promote_duration_cadences"":10.0,""promote_shape_score"":0.74,""single_strong_depth_ratio_max"":15.0,""single_strong_many_events_max"":35,""single_strong_non_spike_depth_ratio_max"":15.0,""spike_2cadence_dominant_fraction"":0.5,""spike_2cadence_max_promote_fraction"":0.5,""spike_3cadence_dominant_fraction"":0.7}}"
EPIC_211805106,reject_as_noise_or_artifact,reject: dominated by 2-3 cadence spike events; no coherent long-duration event family (0 events meet duration>=10 and shape>=0.70); depth/duration are highly inconsistent (depth_ratio=21.2); n_events_total=44,44,1,0,3,0,0,0.7130476352203537,0.6656857052646694,5.0,2.0,3.539359023618793e-05,0.0007517955708566,21.24100905954242,0.5454545454545454,stage_r_manual_calibration_v2,False,"{""counts"":{""n_events_borderline_long_ge10_shape_ge070"":0,""n_events_ge_10_cadences"":0,""n_events_ge_5_cadences"":1,""n_events_long_good"":0,""n_events_shape_ge_071"":3,""n_events_shape_ge_074"":0,""n_events_spike_le_2_cadences"":24,""n_events_spike_le_3_cadences"":38,""n_events_strong_ge5_shape_ge074"":0,""n_events_total"":44,""n_events_with_duration_or_shape"":44},""flags"":{""depth_highly_inconsistent"":true,""has_coherent_long_family"":false,""hold_borderline_long_family_rule_passed"":false,""hold_single_strong_rule_passed"":false,""promote_rule_passed"":false,""single_strong_depth_ok"":true,""single_strong_field_size_ok"":false,""single_strong_hold_allowed"":false,""single_strong_spike_ok"":false,""spike_2cadence_dominant"":true,""spike_3cadence_dominant"":true},""metrics"":{""depth_max"":0.0007517955708566,""depth_min"":3.539359023618793e-05,""depth_ratio"":21.24100905954242,""max_duration_cadences"":5.0,""max_shape_score"":0.7130476352203537,""median_duration_cadences"":2.0,""median_shape_score"":0.6656857052646694,""non_spike_depth_ratio"":5.13270950542786,""spike_fraction_2cadence"":0.5454545454545454,""spike_fraction_3cadence"":0.8636363636363636},""policy_version"":""stage_r_manual_calibration_v2"",""thresholds"":{""borderline_duration_cadences"":10.0,""borderline_shape_score"":0.7,""depth_ratio_inconsistent"":10.0,""hold_duration_cadences"":5.0,""promote_duration_cadences"":10.0,""promote_shape_score"":0.74,""single_strong_depth_ratio_max"":15.0,""single_strong_many_events_max"":35,""single_strong_non_spike_depth_ratio_max"":15.0,""spike_2cadence_dominant_fraction"":0.5,""spike_2cadence_max_promote_fraction"":0.5,""spike_3cadence_dominant_fraction"":0.7}}"
EPIC_211810283,promote_to_deeper_eval,promote: 2 events have duration_cadences>=10 and shape_score>=0.74; max_duration_cadences=23; spike_fraction_2cadence=0.333,24,14,10,4,2,2,0.745743078298851,0.6456466882694352,23.0,6.5,4.487217452908698e-05,0.0018070190096397,40.27036863275606,0.3333333333333333,stage_r_manual_calibration_v2,False,"{""counts"":{""n_events_borderline_long_ge10_shape_ge070"":4,""n_events_ge_10_cadences"":10,""n_events_ge_5_cadences"":14,""n_events_long_good"":2,""n_events_shape_ge_071"":4,""n_events_shape_ge_074"":2,""n_events_spike_le_2_cadences"":8,""n_events_spike_le_3_cadences"":9,""n_events_strong_ge5_shape_ge074"":2,""n_events_total"":24,""n_events_with_duration_or_shape"":24},""flags"":{""depth_highly_inconsistent"":true,""has_coherent_long_family"":true,""hold_borderline_long_family_rule_passed"":false,""hold_single_strong_rule_passed"":false,""promote_rule_passed"":true,""single_strong_depth_ok"":true,""single_strong_field_size_ok"":true,""single_strong_hold_allowed"":false,""single_strong_spike_ok"":true,""spike_2cadence_dominant"":false,""spike_3cadence_dominant"":false},""metrics"":{""depth_max"":0.0018070190096397,""depth_min"":4.487217452908698e-05,""depth_ratio"":40.27036863275606,""max_duration_cadences"":23.0,""max_shape_score"":0.745743078298851,""median_duration_cadences"":6.5,""median_shape_score"":0.6456466882694352,""non_spike_depth_ratio"":9.60479302757504,""spike_fraction_2cadence"":0.3333333333333333,""spike_fraction_3cadence"":0.375},""policy_version"":""stage_r_manual_calibration_v2"",""thresholds"":{""borderline_duration_cadences"":10.0,""borderline_shape_score"":0.7,""depth_ratio_inconsistent"":10.0,""hold_duration_cadences"":5.0,""promote_duration_cadences"":10.0,""promote_shape_score"":0.74,""single_strong_depth_ratio_max"":15.0,""single_strong_many_events_max"":35,""single_strong_non_spike_depth_ratio_max"":15.0,""spike_2cadence_dominant_fraction"":0.5,""spike_2cadence_max_promote_fraction"":0.5,""spike_3cadence_dominant_fraction"":0.7}}"
EPIC_211813858,promote_to_deeper_eval,promote: 11 events have duration_cadences>=10 and shape_score>=0.74; max_duration_cadences=23; spike_fraction_2cadence=0.139,36,30,22,16,11,11,0.8361442733286226,0.6834436410307716,23.0,11.0,0.0001725129331432,0.0022055133298877,12.78462599703723,0.1388888888888889,stage_r_manual_calibration_v2,False,"{""counts"":{""n_events_borderline_long_ge10_shape_ge070"":14,""n_events_ge_10_cadences"":22,""n_events_ge_5_cadences"":30,""n_events_long_good"":11,""n_events_shape_ge_071"":16,""n_events_shape_ge_074"":11,""n_events_spike_le_2_cadences"":5,""n_events_spike_le_3_cadences"":6,""n_events_strong_ge5_shape_ge074"":11,""n_events_total"":36,""n_events_with_duration_or_shape"":36},""flags"":{""depth_highly_inconsistent"":true,""has_coherent_long_family"":true,""hold_borderline_long_family_rule_passed"":false,""hold_single_strong_rule_passed"":false,""promote_rule_passed"":true,""single_strong_depth_ok"":true,""single_strong_field_size_ok"":true,""single_strong_hold_allowed"":false,""single_strong_spike_ok"":true,""spike_2cadence_dominant"":false,""spike_3cadence_dominant"":false},""metrics"":{""depth_max"":0.0022055133298877,""depth_min"":0.0001725129331432,""depth_ratio"":12.78462599703723,""max_duration_cadences"":23.0,""max_shape_score"":0.8361442733286226,""median_duration_cadences"":11.0,""median_shape_score"":0.6834436410307716,""non_spike_depth_ratio"":6.53650272543093,""spike_fraction_2cadence"":0.1388888888888889,""spike_fraction_3cadence"":0.16666666666666666},""policy_version"":""stage_r_manual_calibration_v2"",""thresholds"":{""borderline_duration_cadences"":10.0,""borderline_shape_score"":0.7,""depth_ratio_inconsistent"":10.0,""hold_duration_cadences"":5.0,""promote_duration_cadences"":10.0,""promote_shape_score"":0.74,""single_strong_depth_ratio_max"":15.0,""single_strong_many_events_max"":35,""single_strong_non_spike_depth_ratio_max"":15.0,""spike_2cadence_dominant_fraction"":0.5,""spike_2cadence_max_promote_fraction"":0.5,""spike_3cadence_dominant_fraction"":0.7}}"
EPIC_211818652,promote_to_deeper_eval,promote: 9 events have duration_cadences>=10 and shape_score>=0.74; max_duration_cadences=23; spike_fraction_2cadence=0.148,27,22,19,10,9,9,0.8555259411426679,0.7001559859919976,23.0,14.0,0.0002370805487894,0.0015524785113566,6.5483166766906535,0.14814814814814814,stage_r_manual_calibration_v2,False,"{""counts"":{""n_events_borderline_long_ge10_shape_ge070"":12,""n_events_ge_10_cadences"":19,""n_events_ge_5_cadences"":22,""n_events_long_good"":9,""n_events_shape_ge_071"":10,""n_events_shape_ge_074"":9,""n_events_spike_le_2_cadences"":4,""n_events_spike_le_3_cadences"":5,""n_events_strong_ge5_shape_ge074"":9,""n_events_total"":27,""n_events_with_duration_or_shape"":27},""flags"":{""depth_highly_inconsistent"":false,""has_coherent_long_family"":true,""hold_borderline_long_family_rule_passed"":false,""hold_single_strong_rule_passed"":false,""promote_rule_passed"":true,""single_strong_depth_ok"":true,""single_strong_field_size_ok"":true,""single_strong_hold_allowed"":false,""single_strong_spike_ok"":true,""spike_2cadence_dominant"":false,""spike_3cadence_dominant"":false},""metrics"":{""depth_max"":0.0015524785113566,""depth_min"":0.0002370805487894,""depth_ratio"":6.5483166766906535,""max_duration_cadences"":23.0,""max_shape_score"":0.8555259411426679,""median_duration_cadences"":14.0,""median_shape_score"":0.7001559859919976,""non_spike_depth_ratio"":5.295675912735972,""spike_fraction_2cadence"":0.14814814814814814,""spike_fraction_3cadence"":0.18518518518518517},""policy_version"":""stage_r_manual_calibration_v2"",""thresholds"":{""borderline_duration_cadences"":10.0,""borderline_shape_score"":0.7,""depth_ratio_inconsistent"":10.0,""hold_duration_cadences"":5.0,""promote_duration_cadences"":10.0,""promote_shape_score"":0.74,""single_strong_depth_ratio_max"":15.0,""single_strong_many_events_max"":35,""single_strong_non_spike_depth_ratio_max"":15.0,""spike_2cadence_dominant_fraction"":0.5,""spike_2cadence_max_promote_fraction"":0.5,""spike_3cadence_dominant_fraction"":0.7}}"
EPIC_211821200,promote_to_deeper_eval,promote: 10 events have duration_cadences>=10 and shape_score>=0.74; max_duration_cadences=24; spike_fraction_2cadence=0.074,27,23,18,12,11,10,0.8895670170438023,0.6973909859144369,24.0,11.0,6.742238755430563e-05,0.0018522011445152,27.4716041911648,0.07407407407407407,stage_r_manual_calibration_v2,False,"{""counts"":{""n_events_borderline_long_ge10_shape_ge070"":10,""n_events_ge_10_cadences"":18,""n_events_ge_5_cadences"":23,""n_events_long_good"":10,""n_events_shape_ge_071"":12,""n_events_shape_ge_074"":11,""n_events_spike_le_2_cadences"":2,""n_events_spike_le_3_cadences"":4,""n_events_strong_ge5_shape_ge074"":10,""n_events_total"":27,""n_events_with_duration_or_shape"":27},""flags"":{""depth_highly_inconsistent"":true,""has_coherent_long_family"":true,""hold_borderline_long_family_rule_passed"":false,""hold_single_strong_rule_passed"":false,""promote_rule_passed"":true,""single_strong_depth_ok"":false,""single_strong_field_size_ok"":true,""single_strong_hold_allowed"":false,""single_strong_spike_ok"":true,""spike_2cadence_dominant"":false,""spike_3cadence_dominant"":false},""metrics"":{""depth_max"":0.0018522011445152,""depth_min"":6.742238755430563e-05,""depth_ratio"":27.4716041911648,""max_duration_cadences"":24.0,""max_shape_score"":0.8895670170438023,""median_duration_cadences"":11.0,""median_shape_score"":0.6973909859144369,""non_spike_depth_ratio"":27.4716041911648,""spike_fraction_2cadence"":0.07407407407407407,""spike_fraction_3cadence"":0.14814814814814814},""policy_version"":""stage_r_manual_calibration_v2"",""thresholds"":{""borderline_duration_cadences"":10.0,""borderline_shape_score"":0.7,""depth_ratio_inconsistent"":10.0,""hold_duration_cadences"":5.0,""promote_duration_cadences"":10.0,""promote_shape_score"":0.74,""single_strong_depth_ratio_max"":15.0,""single_strong_many_events_max"":35,""single_strong_non_spike_depth_ratio_max"":15.0,""spike_2cadence_dominant_fraction"":0.5,""spike_2cadence_max_promote_fraction"":0.5,""spike_3cadence_dominant_fraction"":0.7}}"
EPIC_211833851,promote_to_deeper_eval,promote: 4 events have duration_cadences>=10 and shape_score>=0.74; max_duration_cadences=23; spike_fraction_2cadence=0.185,27,14,11,6,4,4,0.7992319016769379,0.6460210064337577,23.0,5.0,0.0001416482035205,0.0032328175538396,22.82286307550474,0.18518518518518517,stage_r_manual_calibration_v2,False,"{""counts"":{""n_events_borderline_long_ge10_shape_ge070"":6,""n_events_ge_10_cadences"":11,""n_events_ge_5_cadences"":14,""n_events_long_good"":4,""n_events_shape_ge_071"":6,""n_events_shape_ge_074"":4,""n_events_spike_le_2_cadences"":5,""n_events_spike_le_3_cadences"":13,""n_events_strong_ge5_shape_ge074"":4,""n_events_total"":27,""n_events_with_duration_or_shape"":27},""flags"":{""depth_highly_inconsistent"":true,""has_coherent_long_family"":true,""hold_borderline_long_family_rule_passed"":false,""hold_single_strong_rule_passed"":false,""promote_rule_passed"":true,""single_strong_depth_ok"":false,""single_strong_field_size_ok"":true,""single_strong_hold_allowed"":false,""single_strong_spike_ok"":true,""spike_2cadence_dominant"":false,""spike_3cadence_dominant"":false},""metrics"":{""depth_max"":0.0032328175538396,""depth_min"":0.0001416482035205,""depth_ratio"":22.82286307550474,""max_duration_cadences"":23.0,""max_shape_score"":0.7992319016769379,""median_duration_cadences"":5.0,""median_shape_score"":0.6460210064337577,""non_spike_depth_ratio"":21.72968547628218,""spike_fraction_2cadence"":0.18518518518518517,""spike_fraction_3cadence"":0.48148148148148145},""policy_version"":""stage_r_manual_calibration_v2"",""thresholds"":{""borderline_duration_cadences"":10.0,""borderline_shape_score"":0.7,""depth_ratio_inconsistent"":10.0,""hold_duration_cadences"":5.0,""promote_duration_cadences"":10.0,""promote_shape_score"":0.74,""single_strong_depth_ratio_max"":15.0,""single_strong_many_events_max"":35,""single_strong_non_spike_depth_ratio_max"":15.0,""spike_2cadence_dominant_fraction"":0.5,""spike_2cadence_max_promote_fraction"":0.5,""spike_3cadence_dominant_fraction"":0.7}}"
EPIC_211836615,hold_for_review,"hold: borderline long-family case with 2 events duration_cadences>=10 and shape_score>=0.70, but promote criteria not met",26,8,5,4,1,1,0.7683736190274741,0.6806939147544319,23.0,3.0,0.0001645912813246,0.0046718049146936,28.38427939254002,0.34615384615384615,stage_r_manual_calibration_v2,True,"{""counts"":{""n_events_borderline_long_ge10_shape_ge070"":2,""n_events_ge_10_cadences"":5,""n_events_ge_5_cadences"":8,""n_events_long_good"":1,""n_events_shape_ge_071"":4,""n_events_shape_ge_074"":1,""n_events_spike_le_2_cadences"":9,""n_events_spike_le_3_cadences"":16,""n_events_strong_ge5_shape_ge074"":1,""n_events_total"":26,""n_events_with_duration_or_shape"":26},""flags"":{""depth_highly_inconsistent"":true,""has_coherent_long_family"":true,""hold_borderline_long_family_rule_passed"":true,""hold_single_strong_rule_passed"":false,""promote_rule_passed"":false,""single_strong_depth_ok"":false,""single_strong_field_size_ok"":true,""single_strong_hold_allowed"":false,""single_strong_spike_ok"":true,""spike_2cadence_dominant"":false,""spike_3cadence_dominant"":false},""metrics"":{""depth_max"":0.0046718049146936,""depth_min"":0.0001645912813246,""depth_ratio"":28.38427939254002,""max_duration_cadences"":23.0,""max_shape_score"":0.7683736190274741,""median_duration_cadences"":3.0,""median_shape_score"":0.6806939147544319,""non_spike_depth_ratio"":20.093280717290316,""spike_fraction_2cadence"":0.34615384615384615,""spike_fraction_3cadence"":0.6153846153846154},""policy_version"":""stage_r_manual_calibration_v2"",""thresholds"":{""borderline_duration_cadences"":10.0,""borderline_shape_score"":0.7,""depth_ratio_inconsistent"":10.0,""hold_duration_cadences"":5.0,""promote_duration_cadences"":10.0,""promote_shape_score"":0.74,""single_strong_depth_ratio_max"":15.0,""single_strong_many_events_max"":35,""single_strong_non_spike_depth_ratio_max"":15.0,""spike_2cadence_dominant_fraction"":0.5,""spike_2cadence_max_promote_fraction"":0.5,""spike_3cadence_dominant_fraction"":0.7}}"
EPIC_211836656,hold_for_review,hold: exactly 1 strong event has duration_cadences>=5 and shape_score>=0.74; single-strong guardrails passed; promote long-good count=0,27,8,2,4,1,0,0.7444901209983525,0.6378344488409108,22.0,2.0,3.671224351742275e-05,0.0021531856598351,58.650342597919675,0.5555555555555556,stage_r_manual_calibration_v2,True,"{""counts"":{""n_events_borderline_long_ge10_shape_ge070"":1,""n_events_ge_10_cadences"":2,""n_events_ge_5_cadences"":8,""n_events_long_good"":0,""n_events_shape_ge_071"":4,""n_events_shape_ge_074"":1,""n_events_spike_le_2_cadences"":15,""n_events_spike_le_3_cadences"":18,""n_events_strong_ge5_shape_ge074"":1,""n_events_total"":27,""n_events_with_duration_or_shape"":27},""flags"":{""depth_highly_inconsistent"":true,""has_coherent_long_family"":false,""hold_borderline_long_family_rule_passed"":false,""hold_single_strong_rule_passed"":true,""promote_rule_passed"":false,""single_strong_depth_ok"":true,""single_strong_field_size_ok"":true,""single_strong_hold_allowed"":true,""single_strong_spike_ok"":true,""spike_2cadence_dominant"":true,""spike_3cadence_dominant"":false},""metrics"":{""depth_max"":0.0021531856598351,""depth_min"":3.671224351742275e-05,""depth_ratio"":58.650342597919675,""max_duration_cadences"":22.0,""max_shape_score"":0.7444901209983525,""median_duration_cadences"":2.0,""median_shape_score"":0.6378344488409108,""non_spike_depth_ratio"":4.445856519834199,""spike_fraction_2cadence"":0.5555555555555556,""spike_fraction_3cadence"":0.6666666666666666},""policy_version"":""stage_r_manual_calibration_v2"",""thresholds"":{""borderline_duration_cadences"":10.0,""borderline_shape_score"":0.7,""depth_ratio_inconsistent"":10.0,""hold_duration_cadences"":5.0,""promote_duration_cadences"":10.0,""promote_shape_score"":0.74,""single_strong_depth_ratio_max"":15.0,""single_strong_many_events_max"":35,""single_strong_non_spike_depth_ratio_max"":15.0,""spike_2cadence_dominant_fraction"":0.5,""spike_2cadence_max_promote_fraction"":0.5,""spike_3cadence_dominant_fraction"":0.7}}"
EPIC_211836788,promote_to_deeper_eval,promote: 2 events have duration_cadences>=10 and shape_score>=0.74; max_duration_cadences=24; spike_fraction_2cadence=0.318,22,10,7,2,2,2,0.774629428400548,0.6378648316691905,24.0,4.0,3.391582401202076e-05,0.0011483073868236,33.85757003623459,0.3181818181818182,stage_r_manual_calibration_v2,False,"{""counts"":{""n_events_borderline_long_ge10_shape_ge070"":4,""n_events_ge_10_cadences"":7,""n_events_ge_5_cadences"":10,""n_events_long_good"":2,""n_events_shape_ge_071"":2,""n_events_shape_ge_074"":2,""n_events_spike_le_2_cadences"":7,""n_events_spike_le_3_cadences"":10,""n_events_strong_ge5_shape_ge074"":2,""n_events_total"":22,""n_events_with_duration_or_shape"":22},""flags"":{""depth_highly_inconsistent"":true,""has_coherent_long_family"":true,""hold_borderline_long_family_rule_passed"":false,""hold_single_strong_rule_passed"":false,""promote_rule_passed"":true,""single_strong_depth_ok"":true,""single_strong_field_size_ok"":true,""single_strong_hold_allowed"":false,""single_strong_spike_ok"":true,""spike_2cadence_dominant"":false,""spike_3cadence_dominant"":false},""metrics"":{""depth_max"":0.0011483073868236,""depth_min"":3.391582401202076e-05,""depth_ratio"":33.85757003623459,""max_duration_cadences"":24.0,""max_shape_score"":0.774629428400548,""median_duration_cadences"":4.0,""median_shape_score"":0.6378648316691905,""non_spike_depth_ratio"":5.444171826675014,""spike_fraction_2cadence"":0.3181818181818182,""spike_fraction_3cadence"":0.45454545454545453},""policy_version"":""stage_r_manual_calibration_v2"",""thresholds"":{""borderline_duration_cadences"":10.0,""borderline_shape_score"":0.7,""depth_ratio_inconsistent"":10.0,""hold_duration_cadences"":5.0,""promote_duration_cadences"":10.0,""promote_shape_score"":0.74,""single_strong_depth_ratio_max"":15.0,""single_strong_many_events_max"":35,""single_strong_non_spike_depth_ratio_max"":15.0,""spike_2cadence_dominant_fraction"":0.5,""spike_2cadence_max_promote_fraction"":0.5,""spike_3cadence_dominant_fraction"":0.7}}"
EPIC_211842439,promote_to_deeper_eval,promote: 10 events have duration_cadences>=10 and shape_score>=0.74; max_duration_cadences=24; spike_fraction_2cadence=0.077,26,22,17,12,10,10,0.8675257382753601,0.6932204018293396,24.0,16.5,3.363011046864095e-05,0.0060709223459478,180.52044020517712,0.07692307692307693,stage_r_manual_calibration_v2,False,"{""counts"":{""n_events_borderline_long_ge10_shape_ge070"":12,""n_events_ge_10_cadences"":17,""n_events_ge_5_cadences"":22,""n_events_long_good"":10,""n_events_shape_ge_071"":12,""n_events_shape_ge_074"":10,""n_events_spike_le_2_cadences"":2,""n_events_spike_le_3_cadences"":4,""n_events_strong_ge5_shape_ge074"":10,""n_events_total"":26,""n_events_with_duration_or_shape"":26},""flags"":{""depth_highly_inconsistent"":true,""has_coherent_long_family"":true,""hold_borderline_long_family_rule_passed"":false,""hold_single_strong_rule_passed"":false,""promote_rule_passed"":true,""single_strong_depth_ok"":false,""single_strong_field_size_ok"":true,""single_strong_hold_allowed"":false,""single_strong_spike_ok"":true,""spike_2cadence_dominant"":false,""spike_3cadence_dominant"":false},""metrics"":{""depth_max"":0.0060709223459478,""depth_min"":3.363011046864095e-05,""depth_ratio"":180.52044020517712,""max_duration_cadences"":24.0,""max_shape_score"":0.8675257382753601,""median_duration_cadences"":16.5,""median_shape_score"":0.6932204018293396,""non_spike_depth_ratio"":180.52044020517712,""spike_fraction_2cadence"":0.07692307692307693,""spike_fraction_3cadence"":0.15384615384615385},""policy_version"":""stage_r_manual_calibration_v2"",""thresholds"":{""borderline_duration_cadences"":10.0,""borderline_shape_score"":0.7,""depth_ratio_inconsistent"":10.0,""hold_duration_cadences"":5.0,""promote_duration_cadences"":10.0,""promote_shape_score"":0.74,""single_strong_depth_ratio_max"":15.0,""single_strong_many_events_max"":35,""single_strong_non_spike_depth_ratio_max"":15.0,""spike_2cadence_dominant_fraction"":0.5,""spike_2cadence_max_promote_fraction"":0.5,""spike_3cadence_dominant_fraction"":0.7}}"
EPIC_211878672,promote_to_deeper_eval,promote: 12 events have duration_cadences>=10 and shape_score>=0.74; max_duration_cadences=23; spike_fraction_2cadence=0.242,33,24,23,14,12,12,0.8853581922368572,0.6887875748405513,23.0,13.0,5.303836458836475e-05,0.0013753482873464,25.93119712533738,0.24242424242424243,stage_r_manual_calibration_v2,False,"{""counts"":{""n_events_borderline_long_ge10_shape_ge070"":14,""n_events_ge_10_cadences"":23,""n_events_ge_5_cadences"":24,""n_events_long_good"":12,""n_events_shape_ge_071"":14,""n_events_shape_ge_074"":12,""n_events_spike_le_2_cadences"":8,""n_events_spike_le_3_cadences"":9,""n_events_strong_ge5_shape_ge074"":12,""n_events_total"":33,""n_events_with_duration_or_shape"":33},""flags"":{""depth_highly_inconsistent"":true,""has_coherent_long_family"":true,""hold_borderline_long_family_rule_passed"":false,""hold_single_strong_rule_passed"":false,""promote_rule_passed"":true,""single_strong_depth_ok"":true,""single_strong_field_size_ok"":true,""single_strong_hold_allowed"":false,""single_strong_spike_ok"":true,""spike_2cadence_dominant"":false,""spike_3cadence_dominant"":false},""metrics"":{""depth_max"":0.0013753482873464,""depth_min"":5.303836458836475e-05,""depth_ratio"":25.93119712533738,""max_duration_cadences"":23.0,""max_shape_score"":0.8853581922368572,""median_duration_cadences"":13.0,""median_shape_score"":0.6887875748405513,""non_spike_depth_ratio"":4.676437953878091,""spike_fraction_2cadence"":0.24242424242424243,""spike_fraction_3cadence"":0.2727272727272727},""policy_version"":""stage_r_manual_calibration_v2"",""thresholds"":{""borderline_duration_cadences"":10.0,""borderline_shape_score"":0.7,""depth_ratio_inconsistent"":10.0,""hold_duration_cadences"":5.0,""promote_duration_cadences"":10.0,""promote_shape_score"":0.74,""single_strong_depth_ratio_max"":15.0,""single_strong_many_events_max"":35,""single_strong_non_spike_depth_ratio_max"":15.0,""spike_2cadence_dominant_fraction"":0.5,""spike_2cadence_max_promote_fraction"":0.5,""spike_3cadence_dominant_fraction"":0.7}}"
EPIC_211887206,promote_to_deeper_eval,promote: 9 events have duration_cadences>=10 and shape_score>=0.74; max_duration_cadences=24; spike_fraction_2cadence=0.121,33,25,21,13,9,9,0.8247170500711752,0.6927833564431587,24.0,16.0,6.232064932376602e-05,0.0015761493802866,25.2909653122875,0.12121212121212122,stage_r_manual_calibration_v2,False,"{""counts"":{""n_events_borderline_long_ge10_shape_ge070"":13,""n_events_ge_10_cadences"":21,""n_events_ge_5_cadences"":25,""n_events_long_good"":9,""n_events_shape_ge_071"":13,""n_events_shape_ge_074"":9,""n_events_spike_le_2_cadences"":4,""n_events_spike_le_3_cadences"":7,""n_events_strong_ge5_shape_ge074"":9,""n_events_total"":33,""n_events_with_duration_or_shape"":33},""flags"":{""depth_highly_inconsistent"":true,""has_coherent_long_family"":true,""hold_borderline_long_family_rule_passed"":false,""hold_single_strong_rule_passed"":false,""promote_rule_passed"":true,""single_strong_depth_ok"":true,""single_strong_field_size_ok"":true,""single_strong_hold_allowed"":false,""single_strong_spike_ok"":true,""spike_2cadence_dominant"":false,""spike_3cadence_dominant"":false},""metrics"":{""depth_max"":0.0015761493802866,""depth_min"":6.232064932376602e-05,""depth_ratio"":25.2909653122875,""max_duration_cadences"":24.0,""max_shape_score"":0.8247170500711752,""median_duration_cadences"":16.0,""median_shape_score"":0.6927833564431587,""non_spike_depth_ratio"":8.516112830775242,""spike_fraction_2cadence"":0.12121212121212122,""spike_fraction_3cadence"":0.21212121212121213},""policy_version"":""stage_r_manual_calibration_v2"",""thresholds"":{""borderline_duration_cadences"":10.0,""borderline_shape_score"":0.7,""depth_ratio_inconsistent"":10.0,""hold_duration_cadences"":5.0,""promote_duration_cadences"":10.0,""promote_shape_score"":0.74,""single_strong_depth_ratio_max"":15.0,""single_strong_many_events_max"":35,""single_strong_non_spike_depth_ratio_max"":15.0,""spike_2cadence_dominant_fraction"":0.5,""spike_2cadence_max_promote_fraction"":0.5,""spike_3cadence_dominant_fraction"":0.7}}"
EPIC_211889692,promote_to_deeper_eval,promote: 15 events have duration_cadences>=10 and shape_score>=0.74; max_duration_cadences=24; spike_fraction_2cadence=0.038,26,23,20,20,16,15,0.8757310614371051,0.7482606995829801,24.0,20.0,0.0001428769576242,0.0021869086385102,15.306237442865239,0.038461538461538464,stage_r_manual_calibration_v2,False,"{""counts"":{""n_events_borderline_long_ge10_shape_ge070"":18,""n_events_ge_10_cadences"":20,""n_events_ge_5_cadences"":23,""n_events_long_good"":15,""n_events_shape_ge_071"":20,""n_events_shape_ge_074"":16,""n_events_spike_le_2_cadences"":1,""n_events_spike_le_3_cadences"":1,""n_events_strong_ge5_shape_ge074"":16,""n_events_total"":26,""n_events_with_duration_or_shape"":26},""flags"":{""depth_highly_inconsistent"":true,""has_coherent_long_family"":true,""hold_borderline_long_family_rule_passed"":false,""hold_single_strong_rule_passed"":false,""promote_rule_passed"":true,""single_strong_depth_ok"":true,""single_strong_field_size_ok"":true,""single_strong_hold_allowed"":false,""single_strong_spike_ok"":true,""spike_2cadence_dominant"":false,""spike_3cadence_dominant"":false},""metrics"":{""depth_max"":0.0021869086385102,""depth_min"":0.0001428769576242,""depth_ratio"":15.306237442865239,""max_duration_cadences"":24.0,""max_shape_score"":0.8757310614371051,""median_duration_cadences"":20.0,""median_shape_score"":0.7482606995829801,""non_spike_depth_ratio"":8.69499958756925,""spike_fraction_2cadence"":0.038461538461538464,""spike_fraction_3cadence"":0.038461538461538464},""policy_version"":""stage_r_manual_calibration_v2"",""thresholds"":{""borderline_duration_cadences"":10.0,""borderline_shape_score"":0.7,""depth_ratio_inconsistent"":10.0,""hold_duration_cadences"":5.0,""promote_duration_cadences"":10.0,""promote_shape_score"":0.74,""single_strong_depth_ratio_max"":15.0,""single_strong_many_events_max"":35,""single_strong_non_spike_depth_ratio_max"":15.0,""spike_2cadence_dominant_fraction"":0.5,""spike_2cadence_max_promote_fraction"":0.5,""spike_3cadence_dominant_fraction"":0.7}}"
EPIC_211895174,reject_as_noise_or_artifact,reject: no coherent long-duration event family (0 events meet duration>=10 and shape>=0.70); depth/duration are highly inconsistent (depth_ratio=16.6); n_events_total=33,33,16,8,0,0,0,0.6812779513667051,0.6259055310358987,22.0,4.0,7.976261014852604e-05,0.0013211134060171,16.56306637354336,0.36363636363636365,stage_r_manual_calibration_v2,False,"{""counts"":{""n_events_borderline_long_ge10_shape_ge070"":0,""n_events_ge_10_cadences"":8,""n_events_ge_5_cadences"":16,""n_events_long_good"":0,""n_events_shape_ge_071"":0,""n_events_shape_ge_074"":0,""n_events_spike_le_2_cadences"":12,""n_events_spike_le_3_cadences"":14,""n_events_strong_ge5_shape_ge074"":0,""n_events_total"":33,""n_events_with_duration_or_shape"":33},""flags"":{""depth_highly_inconsistent"":true,""has_coherent_long_family"":false,""hold_borderline_long_family_rule_passed"":false,""hold_single_strong_rule_passed"":false,""promote_rule_passed"":false,""single_strong_depth_ok"":true,""single_strong_field_size_ok"":true,""single_strong_hold_allowed"":false,""single_strong_spike_ok"":true,""spike_2cadence_dominant"":false,""spike_3cadence_dominant"":false},""metrics"":{""depth_max"":0.0013211134060171,""depth_min"":7.976261014852604e-05,""depth_ratio"":16.56306637354336,""max_duration_cadences"":22.0,""max_shape_score"":0.6812779513667051,""median_duration_cadences"":4.0,""median_shape_score"":0.6259055310358987,""non_spike_depth_ratio"":5.542164606760195,""spike_fraction_2cadence"":0.36363636363636365,""spike_fraction_3cadence"":0.42424242424242425},""policy_version"":""stage_r_manual_calibration_v2"",""thresholds"":{""borderline_duration_cadences"":10.0,""borderline_shape_score"":0.7,""depth_ratio_inconsistent"":10.0,""hold_duration_cadences"":5.0,""promote_duration_cadences"":10.0,""promote_shape_score"":0.74,""single_strong_depth_ratio_max"":15.0,""single_strong_many_events_max"":35,""single_strong_non_spike_depth_ratio_max"":15.0,""spike_2cadence_dominant_fraction"":0.5,""spike_2cadence_max_promote_fraction"":0.5,""spike_3cadence_dominant_fraction"":0.7}}"
EPIC_211907494,promote_to_deeper_eval,promote: 2 events have duration_cadences>=10 and shape_score>=0.74; max_duration_cadences=24; spike_fraction_2cadence=0.214,28,13,9,6,3,2,0.792063818659004,0.6619831286784579,24.0,4.0,8.06258276344618e-05,0.0020020545122451,24.83142897238756,0.21428571428571427,stage_r_manual_calibration_v2,False,"{""counts"":{""n_events_borderline_long_ge10_shape_ge070"":5,""n_events_ge_10_cadences"":9,""n_events_ge_5_cadences"":13,""n_events_long_good"":2,""n_events_shape_ge_071"":6,""n_events_shape_ge_074"":3,""n_events_spike_le_2_cadences"":6,""n_events_spike_le_3_cadences"":11,""n_events_strong_ge5_shape_ge074"":3,""n_events_total"":28,""n_events_with_duration_or_shape"":28},""flags"":{""depth_highly_inconsistent"":true,""has_coherent_long_family"":true,""hold_borderline_long_family_rule_passed"":false,""hold_single_strong_rule_passed"":false,""promote_rule_passed"":true,""single_strong_depth_ok"":true,""single_strong_field_size_ok"":true,""single_strong_hold_allowed"":false,""single_strong_spike_ok"":true,""spike_2cadence_dominant"":false,""spike_3cadence_dominant"":false},""metrics"":{""depth_max"":0.0020020545122451,""depth_min"":8.06258276344618e-05,""depth_ratio"":24.83142897238756,""max_duration_cadences"":24.0,""max_shape_score"":0.792063818659004,""median_duration_cadences"":4.0,""median_shape_score"":0.6619831286784579,""non_spike_depth_ratio"":12.237800861440745,""spike_fraction_2cadence"":0.21428571428571427,""spike_fraction_3cadence"":0.39285714285714285},""policy_version"":""stage_r_manual_calibration_v2"",""thresholds"":{""borderline_duration_cadences"":10.0,""borderline_shape_score"":0.7,""depth_ratio_inconsistent"":10.0,""hold_duration_cadences"":5.0,""promote_duration_cadences"":10.0,""promote_shape_score"":0.74,""single_strong_depth_ratio_max"":15.0,""single_strong_many_events_max"":35,""single_strong_non_spike_depth_ratio_max"":15.0,""spike_2cadence_dominant_fraction"":0.5,""spike_2cadence_max_promote_fraction"":0.5,""spike_3cadence_dominant_fraction"":0.7}}"
EPIC_211908778,promote_to_deeper_eval,promote: 12 events have duration_cadences>=10 and shape_score>=0.74; max_duration_cadences=24; spike_fraction_2cadence=0.094,32,27,25,17,12,12,0.7854580036870729,0.719536189322556,24.0,20.5,0.0001013646491061,0.0015655838470248,15.44506749474443,0.09375,stage_r_manual_calibration_v2,False,"{""counts"":{""n_events_borderline_long_ge10_shape_ge070"":17,""n_events_ge_10_cadences"":25,""n_events_ge_5_cadences"":27,""n_events_long_good"":12,""n_events_shape_ge_071"":17,""n_events_shape_ge_074"":12,""n_events_spike_le_2_cadences"":3,""n_events_spike_le_3_cadences"":5,""n_events_strong_ge5_shape_ge074"":12,""n_events_total"":32,""n_events_with_duration_or_shape"":32},""flags"":{""depth_highly_inconsistent"":true,""has_coherent_long_family"":true,""hold_borderline_long_family_rule_passed"":false,""hold_single_strong_rule_passed"":false,""promote_rule_passed"":true,""single_strong_depth_ok"":true,""single_strong_field_size_ok"":true,""single_strong_hold_allowed"":false,""single_strong_spike_ok"":true,""spike_2cadence_dominant"":false,""spike_3cadence_dominant"":false},""metrics"":{""depth_max"":0.0015655838470248,""depth_min"":0.0001013646491061,""depth_ratio"":15.44506749474443,""max_duration_cadences"":24.0,""max_shape_score"":0.7854580036870729,""median_duration_cadences"":20.5,""median_shape_score"":0.719536189322556,""non_spike_depth_ratio"":7.402546496314231,""spike_fraction_2cadence"":0.09375,""spike_fraction_3cadence"":0.15625},""policy_version"":""stage_r_manual_calibration_v2"",""thresholds"":{""borderline_duration_cadences"":10.0,""borderline_shape_score"":0.7,""depth_ratio_inconsistent"":10.0,""hold_duration_cadences"":5.0,""promote_duration_cadences"":10.0,""promote_shape_score"":0.74,""single_strong_depth_ratio_max"":15.0,""single_strong_many_events_max"":35,""single_strong_non_spike_depth_ratio_max"":15.0,""spike_2cadence_dominant_fraction"":0.5,""spike_2cadence_max_promote_fraction"":0.5,""spike_3cadence_dominant_fraction"":0.7}}"
EPIC_211910082,promote_to_deeper_eval,promote: 8 events have duration_cadences>=10 and shape_score>=0.74; max_duration_cadences=24; spike_fraction_2cadence=0.158,19,14,12,11,8,8,0.8745708324168595,0.7340903199510554,24.0,23.0,5.30772841773608e-05,0.0016285879411536,30.683332171095635,0.15789473684210525,stage_r_manual_calibration_v2,False,"{""counts"":{""n_events_borderline_long_ge10_shape_ge070"":12,""n_events_ge_10_cadences"":12,""n_events_ge_5_cadences"":14,""n_events_long_good"":8,""n_events_shape_ge_071"":11,""n_events_shape_ge_074"":8,""n_events_spike_le_2_cadences"":3,""n_events_spike_le_3_cadences"":4,""n_events_strong_ge5_shape_ge074"":8,""n_events_total"":19,""n_events_with_duration_or_shape"":19},""flags"":{""depth_highly_inconsistent"":true,""has_coherent_long_family"":true,""hold_borderline_long_family_rule_passed"":false,""hold_single_strong_rule_passed"":false,""promote_rule_passed"":true,""single_strong_depth_ok"":false,""single_strong_field_size_ok"":true,""single_strong_hold_allowed"":false,""single_strong_spike_ok"":true,""spike_2cadence_dominant"":false,""spike_3cadence_dominant"":false},""metrics"":{""depth_max"":0.0016285879411536,""depth_min"":5.30772841773608e-05,""depth_ratio"":30.683332171095635,""max_duration_cadences"":24.0,""max_shape_score"":0.8745708324168595,""median_duration_cadences"":23.0,""median_shape_score"":0.7340903199510554,""non_spike_depth_ratio"":17.808848233033395,""spike_fraction_2cadence"":0.15789473684210525,""spike_fraction_3cadence"":0.21052631578947367},""policy_version"":""stage_r_manual_calibration_v2"",""thresholds"":{""borderline_duration_cadences"":10.0,""borderline_shape_score"":0.7,""depth_ratio_inconsistent"":10.0,""hold_duration_cadences"":5.0,""promote_duration_cadences"":10.0,""promote_shape_score"":0.74,""single_strong_depth_ratio_max"":15.0,""single_strong_many_events_max"":35,""single_strong_non_spike_depth_ratio_max"":15.0,""spike_2cadence_dominant_fraction"":0.5,""spike_2cadence_max_promote_fraction"":0.5,""spike_3cadence_dominant_fraction"":0.7}}"
EPIC_211924358,promote_to_deeper_eval,promote: 2 events have duration_cadences>=10 and shape_score>=0.74; max_duration_cadences=24; spike_fraction_2cadence=0.263,19,14,12,5,2,2,0.8189607823211108,0.6775422023506362,24.0,13.0,8.740259958583962e-05,0.0011942263348768,13.663510473780924,0.2631578947368421,stage_r_manual_calibration_v2,False,"{""counts"":{""n_events_borderline_long_ge10_shape_ge070"":6,""n_events_ge_10_cadences"":12,""n_events_ge_5_cadences"":14,""n_events_long_good"":2,""n_events_shape_ge_071"":5,""n_events_shape_ge_074"":2,""n_events_spike_le_2_cadences"":5,""n_events_spike_le_3_cadences"":5,""n_events_strong_ge5_shape_ge074"":2,""n_events_total"":19,""n_events_with_duration_or_shape"":19},""flags"":{""depth_highly_inconsistent"":true,""has_coherent_long_family"":true,""hold_borderline_long_family_rule_passed"":false,""hold_single_strong_rule_passed"":false,""promote_rule_passed"":true,""single_strong_depth_ok"":true,""single_strong_field_size_ok"":true,""single_strong_hold_allowed"":false,""single_strong_spike_ok"":true,""spike_2cadence_dominant"":false,""spike_3cadence_dominant"":false},""metrics"":{""depth_max"":0.0011942263348768,""depth_min"":8.740259958583962e-05,""depth_ratio"":13.663510473780924,""max_duration_cadences"":24.0,""max_shape_score"":0.8189607823211108,""median_duration_cadences"":13.0,""median_shape_score"":0.6775422023506362,""non_spike_depth_ratio"":3.3511872963642424,""spike_fraction_2cadence"":0.2631578947368421,""spike_fraction_3cadence"":0.2631578947368421},""policy_version"":""stage_r_manual_calibration_v2"",""thresholds"":{""borderline_duration_cadences"":10.0,""borderline_shape_score"":0.7,""depth_ratio_inconsistent"":10.0,""hold_duration_cadences"":5.0,""promote_duration_cadences"":10.0,""promote_shape_score"":0.74,""single_strong_depth_ratio_max"":15.0,""single_strong_many_events_max"":35,""single_strong_non_spike_depth_ratio_max"":15.0,""spike_2cadence_dominant_fraction"":0.5,""spike_2cadence_max_promote_fraction"":0.5,""spike_3cadence_dominant_fraction"":0.7}}"
EPIC_211926132,promote_to_deeper_eval,promote: 8 events have duration_cadences>=10 and shape_score>=0.74; max_duration_cadences=24; spike_fraction_2cadence=0.042,24,19,16,14,8,8,0.8209315443933785,0.7225668307694684,24.0,17.5,7.16195869701064e-05,0.001844730567759,25.757347197896852,0.041666666666666664,stage_r_manual_calibration_v2,False,"{""counts"":{""n_events_borderline_long_ge10_shape_ge070"":15,""n_events_ge_10_cadences"":16,""n_events_ge_5_cadences"":19,""n_events_long_good"":8,""n_events_shape_ge_071"":14,""n_events_shape_ge_074"":8,""n_events_spike_le_2_cadences"":1,""n_events_spike_le_3_cadences"":3,""n_events_strong_ge5_shape_ge074"":8,""n_events_total"":24,""n_events_with_duration_or_shape"":24},""flags"":{""depth_highly_inconsistent"":true,""has_coherent_long_family"":true,""hold_borderline_long_family_rule_passed"":false,""hold_single_strong_rule_passed"":false,""promote_rule_passed"":true,""single_strong_depth_ok"":true,""single_strong_field_size_ok"":true,""single_strong_hold_allowed"":false,""single_strong_spike_ok"":true,""spike_2cadence_dominant"":false,""spike_3cadence_dominant"":false},""metrics"":{""depth_max"":0.001844730567759,""depth_min"":7.16195869701064e-05,""depth_ratio"":25.757347197896852,""max_duration_cadences"":24.0,""max_shape_score"":0.8209315443933785,""median_duration_cadences"":17.5,""median_shape_score"":0.7225668307694684,""non_spike_depth_ratio"":7.712729603000623,""spike_fraction_2cadence"":0.041666666666666664,""spike_fraction_3cadence"":0.125},""policy_version"":""stage_r_manual_calibration_v2"",""thresholds"":{""borderline_duration_cadences"":10.0,""borderline_shape_score"":0.7,""depth_ratio_inconsistent"":10.0,""hold_duration_cadences"":5.0,""promote_duration_cadences"":10.0,""promote_shape_score"":0.74,""single_strong_depth_ratio_max"":15.0,""single_strong_many_events_max"":35,""single_strong_non_spike_depth_ratio_max"":15.0,""spike_2cadence_dominant_fraction"":0.5,""spike_2cadence_max_promote_fraction"":0.5,""spike_3cadence_dominant_fraction"":0.7}}"
EPIC_211936827,hold_for_review,"hold: borderline long-family case with 3 events duration_cadences>=10 and shape_score>=0.70, but promote criteria not met",22,13,10,5,1,0,0.7796777140632898,0.6577043687723381,24.0,8.5,5.9139614149383846e-05,0.0018835091514708,31.848519449469958,0.36363636363636365,stage_r_manual_calibration_v2,True,"{""counts"":{""n_events_borderline_long_ge10_shape_ge070"":3,""n_events_ge_10_cadences"":10,""n_events_ge_5_cadences"":13,""n_events_long_good"":0,""n_events_shape_ge_071"":5,""n_events_shape_ge_074"":1,""n_events_spike_le_2_cadences"":8,""n_events_spike_le_3_cadences"":9,""n_events_strong_ge5_shape_ge074"":0,""n_events_total"":22,""n_events_with_duration_or_shape"":22},""flags"":{""depth_highly_inconsistent"":true,""has_coherent_long_family"":true,""hold_borderline_long_family_rule_passed"":true,""hold_single_strong_rule_passed"":false,""promote_rule_passed"":false,""single_strong_depth_ok"":true,""single_strong_field_size_ok"":true,""single_strong_hold_allowed"":false,""single_strong_spike_ok"":true,""spike_2cadence_dominant"":false,""spike_3cadence_dominant"":false},""metrics"":{""depth_max"":0.0018835091514708,""depth_min"":5.9139614149383846e-05,""depth_ratio"":31.848519449469958,""max_duration_cadences"":24.0,""max_shape_score"":0.7796777140632898,""median_duration_cadences"":8.5,""median_shape_score"":0.6577043687723381,""non_spike_depth_ratio"":4.051954481398756,""spike_fraction_2cadence"":0.36363636363636365,""spike_fraction_3cadence"":0.4090909090909091},""policy_version"":""stage_r_manual_calibration_v2"",""thresholds"":{""borderline_duration_cadences"":10.0,""borderline_shape_score"":0.7,""depth_ratio_inconsistent"":10.0,""hold_duration_cadences"":5.0,""promote_duration_cadences"":10.0,""promote_shape_score"":0.74,""single_strong_depth_ratio_max"":15.0,""single_strong_many_events_max"":35,""single_strong_non_spike_depth_ratio_max"":15.0,""spike_2cadence_dominant_fraction"":0.5,""spike_2cadence_max_promote_fraction"":0.5,""spike_3cadence_dominant_fraction"":0.7}}"
EPIC_211936906,promote_to_deeper_eval,promote: 6 events have duration_cadences>=10 and shape_score>=0.74; max_duration_cadences=24; spike_fraction_2cadence=0.200,25,16,14,10,6,6,0.7820585938344654,0.6995985573626119,24.0,15.0,4.6484561330273344e-05,0.0017471666386021,37.58595517742893,0.2,stage_r_manual_calibration_v2,False,"{""counts"":{""n_events_borderline_long_ge10_shape_ge070"":11,""n_events_ge_10_cadences"":14,""n_events_ge_5_cadences"":16,""n_events_long_good"":6,""n_events_shape_ge_071"":10,""n_events_shape_ge_074"":6,""n_events_spike_le_2_cadences"":5,""n_events_spike_le_3_cadences"":6,""n_events_strong_ge5_shape_ge074"":6,""n_events_total"":25,""n_events_with_duration_or_shape"":25},""flags"":{""depth_highly_inconsistent"":true,""has_coherent_long_family"":true,""hold_borderline_long_family_rule_passed"":false,""hold_single_strong_rule_passed"":false,""promote_rule_passed"":true,""single_strong_depth_ok"":true,""single_strong_field_size_ok"":true,""single_strong_hold_allowed"":false,""single_strong_spike_ok"":true,""spike_2cadence_dominant"":false,""spike_3cadence_dominant"":false},""metrics"":{""depth_max"":0.0017471666386021,""depth_min"":4.6484561330273344e-05,""depth_ratio"":37.58595517742893,""max_duration_cadences"":24.0,""max_shape_score"":0.7820585938344654,""median_duration_cadences"":15.0,""median_shape_score"":0.6995985573626119,""non_spike_depth_ratio"":13.531419354219908,""spike_fraction_2cadence"":0.2,""spike_fraction_3cadence"":0.24},""policy_version"":""stage_r_manual_calibration_v2"",""thresholds"":{""borderline_duration_cadences"":10.0,""borderline_shape_score"":0.7,""depth_ratio_inconsistent"":10.0,""hold_duration_cadences"":5.0,""promote_duration_cadences"":10.0,""promote_shape_score"":0.74,""single_strong_depth_ratio_max"":15.0,""single_strong_many_events_max"":35,""single_strong_non_spike_depth_ratio_max"":15.0,""spike_2cadence_dominant_fraction"":0.5,""spike_2cadence_max_promote_fraction"":0.5,""spike_3cadence_dominant_fraction"":0.7}}"
EPIC_211942703,promote_to_deeper_eval,promote: 2 events have duration_cadences>=10 and shape_score>=0.74; max_duration_cadences=23; spike_fraction_2cadence=0.400,25,7,6,3,2,2,0.7442639182241727,0.6485136961114493,23.0,3.0,5.323396274736769e-05,0.000794712770847,14.928679546523087,0.4,stage_r_manual_calibration_v2,False,"{""counts"":{""n_events_borderline_long_ge10_shape_ge070"":3,""n_events_ge_10_cadences"":6,""n_events_ge_5_cadences"":7,""n_events_long_good"":2,""n_events_shape_ge_071"":3,""n_events_shape_ge_074"":2,""n_events_spike_le_2_cadences"":10,""n_events_spike_le_3_cadences"":14,""n_events_strong_ge5_shape_ge074"":2,""n_events_total"":25,""n_events_with_duration_or_shape"":25},""flags"":{""depth_highly_inconsistent"":true,""has_coherent_long_family"":true,""hold_borderline_long_family_rule_passed"":false,""hold_single_strong_rule_passed"":false,""promote_rule_passed"":true,""single_strong_depth_ok"":true,""single_strong_field_size_ok"":true,""single_strong_hold_allowed"":false,""single_strong_spike_ok"":true,""spike_2cadence_dominant"":false,""spike_3cadence_dominant"":false},""metrics"":{""depth_max"":0.000794712770847,""depth_min"":5.323396274736769e-05,""depth_ratio"":14.928679546523087,""max_duration_cadences"":23.0,""max_shape_score"":0.7442639182241727,""median_duration_cadences"":3.0,""median_shape_score"":0.6485136961114493,""non_spike_depth_ratio"":8.263135917261552,""spike_fraction_2cadence"":0.4,""spike_fraction_3cadence"":0.56},""policy_version"":""stage_r_manual_calibration_v2"",""thresholds"":{""borderline_duration_cadences"":10.0,""borderline_shape_score"":0.7,""depth_ratio_inconsistent"":10.0,""hold_duration_cadences"":5.0,""promote_duration_cadences"":10.0,""promote_shape_score"":0.74,""single_strong_depth_ratio_max"":15.0,""single_strong_many_events_max"":35,""single_strong_non_spike_depth_ratio_max"":15.0,""spike_2cadence_dominant_fraction"":0.5,""spike_2cadence_max_promote_fraction"":0.5,""spike_3cadence_dominant_fraction"":0.7}}"
EPIC_211945111,promote_to_deeper_eval,promote: 3 events have duration_cadences>=10 and shape_score>=0.74; max_duration_cadences=22; spike_fraction_2cadence=0.294,34,14,9,6,3,3,0.765203537425946,0.6391931107816675,22.0,4.0,2.9592714395509923e-05,0.0008571607626701,28.96526324736727,0.29411764705882354,stage_r_manual_calibration_v2,False,"{""counts"":{""n_events_borderline_long_ge10_shape_ge070"":5,""n_events_ge_10_cadences"":9,""n_events_ge_5_cadences"":14,""n_events_long_good"":3,""n_events_shape_ge_071"":6,""n_events_shape_ge_074"":3,""n_events_spike_le_2_cadences"":10,""n_events_spike_le_3_cadences"":14,""n_events_strong_ge5_shape_ge074"":3,""n_events_total"":34,""n_events_with_duration_or_shape"":34},""flags"":{""depth_highly_inconsistent"":true,""has_coherent_long_family"":true,""hold_borderline_long_family_rule_passed"":false,""hold_single_strong_rule_passed"":false,""promote_rule_passed"":true,""single_strong_depth_ok"":true,""single_strong_field_size_ok"":true,""single_strong_hold_allowed"":false,""single_strong_spike_ok"":true,""spike_2cadence_dominant"":false,""spike_3cadence_dominant"":false},""metrics"":{""depth_max"":0.0008571607626701,""depth_min"":2.9592714395509923e-05,""depth_ratio"":28.96526324736727,""max_duration_cadences"":22.0,""max_shape_score"":0.765203537425946,""median_duration_cadences"":4.0,""median_shape_score"":0.6391931107816675,""non_spike_depth_ratio"":4.6784460277720745,""spike_fraction_2cadence"":0.29411764705882354,""spike_fraction_3cadence"":0.4117647058823529},""policy_version"":""stage_r_manual_calibration_v2"",""thresholds"":{""borderline_duration_cadences"":10.0,""borderline_shape_score"":0.7,""depth_ratio_inconsistent"":10.0,""hold_duration_cadences"":5.0,""promote_duration_cadences"":10.0,""promote_shape_score"":0.74,""single_strong_depth_ratio_max"":15.0,""single_strong_many_events_max"":35,""single_strong_non_spike_depth_ratio_max"":15.0,""spike_2cadence_dominant_fraction"":0.5,""spike_2cadence_max_promote_fraction"":0.5,""spike_3cadence_dominant_fraction"":0.7}}"
EPIC_211947686,promote_to_deeper_eval,promote: 8 events have duration_cadences>=10 and shape_score>=0.74; max_duration_cadences=24; spike_fraction_2cadence=0.200,20,13,12,9,8,8,0.8156596223735075,0.6793327520830101,24.0,19.0,4.766126614175192e-05,0.0016131801124852,33.84677418529661,0.2,stage_r_manual_calibration_v2,False,"{""counts"":{""n_events_borderline_long_ge10_shape_ge070"":9,""n_events_ge_10_cadences"":12,""n_events_ge_5_cadences"":13,""n_events_long_good"":8,""n_events_shape_ge_071"":9,""n_events_shape_ge_074"":8,""n_events_spike_le_2_cadences"":4,""n_events_spike_le_3_cadences"":6,""n_events_strong_ge5_shape_ge074"":8,""n_events_total"":20,""n_events_with_duration_or_shape"":20},""flags"":{""depth_highly_inconsistent"":true,""has_coherent_long_family"":true,""hold_borderline_long_family_rule_passed"":false,""hold_single_strong_rule_passed"":false,""promote_rule_passed"":true,""single_strong_depth_ok"":false,""single_strong_field_size_ok"":true,""single_strong_hold_allowed"":false,""single_strong_spike_ok"":true,""spike_2cadence_dominant"":false,""spike_3cadence_dominant"":false},""metrics"":{""depth_max"":0.0016131801124852,""depth_min"":4.766126614175192e-05,""depth_ratio"":33.84677418529661,""max_duration_cadences"":24.0,""max_shape_score"":0.8156596223735075,""median_duration_cadences"":19.0,""median_shape_score"":0.6793327520830101,""non_spike_depth_ratio"":32.543863285888506,""spike_fraction_2cadence"":0.2,""spike_fraction_3cadence"":0.3},""policy_version"":""stage_r_manual_calibration_v2"",""thresholds"":{""borderline_duration_cadences"":10.0,""borderline_shape_score"":0.7,""depth_ratio_inconsistent"":10.0,""hold_duration_cadences"":5.0,""promote_duration_cadences"":10.0,""promote_shape_score"":0.74,""single_strong_depth_ratio_max"":15.0,""single_strong_many_events_max"":35,""single_strong_non_spike_depth_ratio_max"":15.0,""spike_2cadence_dominant_fraction"":0.5,""spike_2cadence_max_promote_fraction"":0.5,""spike_3cadence_dominant_fraction"":0.7}}"
EPIC_211954033,promote_to_deeper_eval,promote: 11 events have duration_cadences>=10 and shape_score>=0.74; max_duration_cadences=24; spike_fraction_2cadence=0.231,26,20,19,13,11,11,0.8636341031574459,0.7115493898528888,24.0,20.5,0.0001553318428237,0.0028698482504077,18.475595204680264,0.23076923076923078,stage_r_manual_calibration_v2,False,"{""counts"":{""n_events_borderline_long_ge10_shape_ge070"":14,""n_events_ge_10_cadences"":19,""n_events_ge_5_cadences"":20,""n_events_long_good"":11,""n_events_shape_ge_071"":13,""n_events_shape_ge_074"":11,""n_events_spike_le_2_cadences"":6,""n_events_spike_le_3_cadences"":6,""n_events_strong_ge5_shape_ge074"":11,""n_events_total"":26,""n_events_with_duration_or_shape"":26},""flags"":{""depth_highly_inconsistent"":true,""has_coherent_long_family"":true,""hold_borderline_long_family_rule_passed"":false,""hold_single_strong_rule_passed"":false,""promote_rule_passed"":true,""single_strong_depth_ok"":true,""single_strong_field_size_ok"":true,""single_strong_hold_allowed"":false,""single_strong_spike_ok"":true,""spike_2cadence_dominant"":false,""spike_3cadence_dominant"":false},""metrics"":{""depth_max"":0.0028698482504077,""depth_min"":0.0001553318428237,""depth_ratio"":18.475595204680264,""max_duration_cadences"":24.0,""max_shape_score"":0.8636341031574459,""median_duration_cadences"":20.5,""median_shape_score"":0.7115493898528888,""non_spike_depth_ratio"":2.839111240312676,""spike_fraction_2cadence"":0.23076923076923078,""spike_fraction_3cadence"":0.23076923076923078},""policy_version"":""stage_r_manual_calibration_v2"",""thresholds"":{""borderline_duration_cadences"":10.0,""borderline_shape_score"":0.7,""depth_ratio_inconsistent"":10.0,""hold_duration_cadences"":5.0,""promote_duration_cadences"":10.0,""promote_shape_score"":0.74,""single_strong_depth_ratio_max"":15.0,""single_strong_many_events_max"":35,""single_strong_non_spike_depth_ratio_max"":15.0,""spike_2cadence_dominant_fraction"":0.5,""spike_2cadence_max_promote_fraction"":0.5,""spike_3cadence_dominant_fraction"":0.7}}"
EPIC_211954693,reject_as_noise_or_artifact,reject: dominated by 2-3 cadence spike events; no coherent long-duration event family (0 events meet duration>=10 and shape>=0.70); depth/duration are highly inconsistent (depth_ratio=18.5); n_events_total=39,39,2,0,3,0,0,0.7192676332746076,0.659665484638472,6.0,2.0,8.06148497197734e-05,0.0014907756148367,18.49256830495634,0.5897435897435898,stage_r_manual_calibration_v2,False,"{""counts"":{""n_events_borderline_long_ge10_shape_ge070"":0,""n_events_ge_10_cadences"":0,""n_events_ge_5_cadences"":2,""n_events_long_good"":0,""n_events_shape_ge_071"":3,""n_events_shape_ge_074"":0,""n_events_spike_le_2_cadences"":23,""n_events_spike_le_3_cadences"":33,""n_events_strong_ge5_shape_ge074"":0,""n_events_total"":39,""n_events_with_duration_or_shape"":39},""flags"":{""depth_highly_inconsistent"":true,""has_coherent_long_family"":false,""hold_borderline_long_family_rule_passed"":false,""hold_single_strong_rule_passed"":false,""promote_rule_passed"":false,""single_strong_depth_ok"":true,""single_strong_field_size_ok"":false,""single_strong_hold_allowed"":false,""single_strong_spike_ok"":true,""spike_2cadence_dominant"":true,""spike_3cadence_dominant"":true},""metrics"":{""depth_max"":0.0014907756148367,""depth_min"":8.06148497197734e-05,""depth_ratio"":18.49256830495634,""max_duration_cadences"":6.0,""max_shape_score"":0.7192676332746076,""median_duration_cadences"":2.0,""median_shape_score"":0.659665484638472,""non_spike_depth_ratio"":5.780336506062343,""spike_fraction_2cadence"":0.5897435897435898,""spike_fraction_3cadence"":0.8461538461538461},""policy_version"":""stage_r_manual_calibration_v2"",""thresholds"":{""borderline_duration_cadences"":10.0,""borderline_shape_score"":0.7,""depth_ratio_inconsistent"":10.0,""hold_duration_cadences"":5.0,""promote_duration_cadences"":10.0,""promote_shape_score"":0.74,""single_strong_depth_ratio_max"":15.0,""single_strong_many_events_max"":35,""single_strong_non_spike_depth_ratio_max"":15.0,""spike_2cadence_dominant_fraction"":0.5,""spike_2cadence_max_promote_fraction"":0.5,""spike_3cadence_dominant_fraction"":0.7}}"
EPIC_211955365,promote_to_deeper_eval,promote: 9 events have duration_cadences>=10 and shape_score>=0.74; max_duration_cadences=24; spike_fraction_2cadence=0.250,24,16,15,13,9,9,0.7965873008763289,0.7165093258483777,24.0,18.0,3.641271558207926e-05,0.001054200211899,28.951430703449955,0.25,stage_r_manual_calibration_v2,False,"{""counts"":{""n_events_borderline_long_ge10_shape_ge070"":13,""n_events_ge_10_cadences"":15,""n_events_ge_5_cadences"":16,""n_events_long_good"":9,""n_events_shape_ge_071"":13,""n_events_shape_ge_074"":9,""n_events_spike_le_2_cadences"":6,""n_events_spike_le_3_cadences"":8,""n_events_strong_ge5_shape_ge074"":9,""n_events_total"":24,""n_events_with_duration_or_shape"":24},""flags"":{""depth_highly_inconsistent"":true,""has_coherent_long_family"":true,""hold_borderline_long_family_rule_passed"":false,""hold_single_strong_rule_passed"":false,""promote_rule_passed"":true,""single_strong_depth_ok"":true,""single_strong_field_size_ok"":true,""single_strong_hold_allowed"":false,""single_strong_spike_ok"":true,""spike_2cadence_dominant"":false,""spike_3cadence_dominant"":false},""metrics"":{""depth_max"":0.001054200211899,""depth_min"":3.641271558207926e-05,""depth_ratio"":28.951430703449955,""max_duration_cadences"":24.0,""max_shape_score"":0.7965873008763289,""median_duration_cadences"":18.0,""median_shape_score"":0.7165093258483777,""non_spike_depth_ratio"":10.912000017958999,""spike_fraction_2cadence"":0.25,""spike_fraction_3cadence"":0.3333333333333333},""policy_version"":""stage_r_manual_calibration_v2"",""thresholds"":{""borderline_duration_cadences"":10.0,""borderline_shape_score"":0.7,""depth_ratio_inconsistent"":10.0,""hold_duration_cadences"":5.0,""promote_duration_cadences"":10.0,""promote_shape_score"":0.74,""single_strong_depth_ratio_max"":15.0,""single_strong_many_events_max"":35,""single_strong_non_spike_depth_ratio_max"":15.0,""spike_2cadence_dominant_fraction"":0.5,""spike_2cadence_max_promote_fraction"":0.5,""spike_3cadence_dominant_fraction"":0.7}}"
EPIC_211956059,hold_for_review,"hold: borderline long-family case with 3 events duration_cadences>=10 and shape_score>=0.70, but promote criteria not met",15,11,8,4,1,1,0.7592095424723464,0.6365900919663132,24.0,13.0,3.672602485549348e-05,0.0011930438464275,32.484970838030804,0.06666666666666667,stage_r_manual_calibration_v2,True,"{""counts"":{""n_events_borderline_long_ge10_shape_ge070"":3,""n_events_ge_10_cadences"":8,""n_events_ge_5_cadences"":11,""n_events_long_good"":1,""n_events_shape_ge_071"":4,""n_events_shape_ge_074"":1,""n_events_spike_le_2_cadences"":1,""n_events_spike_le_3_cadences"":3,""n_events_strong_ge5_shape_ge074"":1,""n_events_total"":15,""n_events_with_duration_or_shape"":15},""flags"":{""depth_highly_inconsistent"":true,""has_coherent_long_family"":true,""hold_borderline_long_family_rule_passed"":true,""hold_single_strong_rule_passed"":false,""promote_rule_passed"":false,""single_strong_depth_ok"":false,""single_strong_field_size_ok"":true,""single_strong_hold_allowed"":false,""single_strong_spike_ok"":true,""spike_2cadence_dominant"":false,""spike_3cadence_dominant"":false},""metrics"":{""depth_max"":0.0011930438464275,""depth_min"":3.672602485549348e-05,""depth_ratio"":32.484970838030804,""max_duration_cadences"":24.0,""max_shape_score"":0.7592095424723464,""median_duration_cadences"":13.0,""median_shape_score"":0.6365900919663132,""non_spike_depth_ratio"":32.484970838030804,""spike_fraction_2cadence"":0.06666666666666667,""spike_fraction_3cadence"":0.2},""policy_version"":""stage_r_manual_calibration_v2"",""thresholds"":{""borderline_duration_cadences"":10.0,""borderline_shape_score"":0.7,""depth_ratio_inconsistent"":10.0,""hold_duration_cadences"":5.0,""promote_duration_cadences"":10.0,""promote_shape_score"":0.74,""single_strong_depth_ratio_max"":15.0,""single_strong_many_events_max"":35,""single_strong_non_spike_depth_ratio_max"":15.0,""spike_2cadence_dominant_fraction"":0.5,""spike_2cadence_max_promote_fraction"":0.5,""spike_3cadence_dominant_fraction"":0.7}}"
EPIC_211968088,promote_to_deeper_eval,promote: 2 events have duration_cadences>=10 and shape_score>=0.74; max_duration_cadences=24; spike_fraction_2cadence=0.316,19,9,7,4,2,2,0.8258115219948668,0.6552156691738872,24.0,4.0,3.665678799236183e-05,0.0008935138033269,24.375125379590852,0.3157894736842105,stage_r_manual_calibration_v2,False,"{""counts"":{""n_events_borderline_long_ge10_shape_ge070"":4,""n_events_ge_10_cadences"":7,""n_events_ge_5_cadences"":9,""n_events_long_good"":2,""n_events_shape_ge_071"":4,""n_events_shape_ge_074"":2,""n_events_spike_le_2_cadences"":6,""n_events_spike_le_3_cadences"":9,""n_events_strong_ge5_shape_ge074"":2,""n_events_total"":19,""n_events_with_duration_or_shape"":19},""flags"":{""depth_highly_inconsistent"":true,""has_coherent_long_family"":true,""hold_borderline_long_family_rule_passed"":false,""hold_single_strong_rule_passed"":false,""promote_rule_passed"":true,""single_strong_depth_ok"":false,""single_strong_field_size_ok"":true,""single_strong_hold_allowed"":false,""single_strong_spike_ok"":true,""spike_2cadence_dominant"":false,""spike_3cadence_dominant"":false},""metrics"":{""depth_max"":0.0008935138033269,""depth_min"":3.665678799236183e-05,""depth_ratio"":24.375125379590852,""max_duration_cadences"":24.0,""max_shape_score"":0.8258115219948668,""median_duration_cadences"":4.0,""median_shape_score"":0.6552156691738872,""non_spike_depth_ratio"":15.293744477972476,""spike_fraction_2cadence"":0.3157894736842105,""spike_fraction_3cadence"":0.47368421052631576},""policy_version"":""stage_r_manual_calibration_v2"",""thresholds"":{""borderline_duration_cadences"":10.0,""borderline_shape_score"":0.7,""depth_ratio_inconsistent"":10.0,""hold_duration_cadences"":5.0,""promote_duration_cadences"":10.0,""promote_shape_score"":0.74,""single_strong_depth_ratio_max"":15.0,""single_strong_many_events_max"":35,""single_strong_non_spike_depth_ratio_max"":15.0,""spike_2cadence_dominant_fraction"":0.5,""spike_2cadence_max_promote_fraction"":0.5,""spike_3cadence_dominant_fraction"":0.7}}"
EPIC_211972200,promote_to_deeper_eval,promote: 4 events have duration_cadences>=10 and shape_score>=0.74; max_duration_cadences=24; spike_fraction_2cadence=0.040,25,23,19,7,5,4,0.8331570239017195,0.6677717948799466,24.0,17.0,0.0017246774335791,0.0240518181444348,13.945690757095244,0.04,stage_r_manual_calibration_v2,False,"{""counts"":{""n_events_borderline_long_ge10_shape_ge070"":5,""n_events_ge_10_cadences"":19,""n_events_ge_5_cadences"":23,""n_events_long_good"":4,""n_events_shape_ge_071"":7,""n_events_shape_ge_074"":5,""n_events_spike_le_2_cadences"":1,""n_events_spike_le_3_cadences"":2,""n_events_strong_ge5_shape_ge074"":5,""n_events_total"":25,""n_events_with_duration_or_shape"":25},""flags"":{""depth_highly_inconsistent"":true,""has_coherent_long_family"":true,""hold_borderline_long_family_rule_passed"":false,""hold_single_strong_rule_passed"":false,""promote_rule_passed"":true,""single_strong_depth_ok"":true,""single_strong_field_size_ok"":true,""single_strong_hold_allowed"":false,""single_strong_spike_ok"":true,""spike_2cadence_dominant"":false,""spike_3cadence_dominant"":false},""metrics"":{""depth_max"":0.0240518181444348,""depth_min"":0.0017246774335791,""depth_ratio"":13.945690757095244,""max_duration_cadences"":24.0,""max_shape_score"":0.8331570239017195,""median_duration_cadences"":17.0,""median_shape_score"":0.6677717948799466,""non_spike_depth_ratio"":2.467842047512973,""spike_fraction_2cadence"":0.04,""spike_fraction_3cadence"":0.08},""policy_version"":""stage_r_manual_calibration_v2"",""thresholds"":{""borderline_duration_cadences"":10.0,""borderline_shape_score"":0.7,""depth_ratio_inconsistent"":10.0,""hold_duration_cadences"":5.0,""promote_duration_cadences"":10.0,""promote_shape_score"":0.74,""single_strong_depth_ratio_max"":15.0,""single_strong_many_events_max"":35,""single_strong_non_spike_depth_ratio_max"":15.0,""spike_2cadence_dominant_fraction"":0.5,""spike_2cadence_max_promote_fraction"":0.5,""spike_3cadence_dominant_fraction"":0.7}}"
EPIC_211972627,hold_for_review,hold: exactly 1 strong event has duration_cadences>=5 and shape_score>=0.74; single-strong guardrails passed; promote long-good count=0,27,11,4,4,1,0,0.7436568734206985,0.6307244398143869,22.0,3.0,2.8938770681774528e-05,0.0005618886959765,19.4164673460153,0.4444444444444444,stage_r_manual_calibration_v2,True,"{""counts"":{""n_events_borderline_long_ge10_shape_ge070"":1,""n_events_ge_10_cadences"":4,""n_events_ge_5_cadences"":11,""n_events_long_good"":0,""n_events_shape_ge_071"":4,""n_events_shape_ge_074"":1,""n_events_spike_le_2_cadences"":12,""n_events_spike_le_3_cadences"":15,""n_events_strong_ge5_shape_ge074"":1,""n_events_total"":27,""n_events_with_duration_or_shape"":27},""flags"":{""depth_highly_inconsistent"":true,""has_coherent_long_family"":false,""hold_borderline_long_family_rule_passed"":false,""hold_single_strong_rule_passed"":true,""promote_rule_passed"":false,""single_strong_depth_ok"":true,""single_strong_field_size_ok"":true,""single_strong_hold_allowed"":true,""single_strong_spike_ok"":true,""spike_2cadence_dominant"":false,""spike_3cadence_dominant"":false},""metrics"":{""depth_max"":0.0005618886959765,""depth_min"":2.8938770681774528e-05,""depth_ratio"":19.4164673460153,""max_duration_cadences"":22.0,""max_shape_score"":0.7436568734206985,""median_duration_cadences"":3.0,""median_shape_score"":0.6307244398143869,""non_spike_depth_ratio"":4.003861217015126,""spike_fraction_2cadence"":0.4444444444444444,""spike_fraction_3cadence"":0.5555555555555556},""policy_version"":""stage_r_manual_calibration_v2"",""thresholds"":{""borderline_duration_cadences"":10.0,""borderline_shape_score"":0.7,""depth_ratio_inconsistent"":10.0,""hold_duration_cadences"":5.0,""promote_duration_cadences"":10.0,""promote_shape_score"":0.74,""single_strong_depth_ratio_max"":15.0,""single_strong_many_events_max"":35,""single_strong_non_spike_depth_ratio_max"":15.0,""spike_2cadence_dominant_fraction"":0.5,""spike_2cadence_max_promote_fraction"":0.5,""spike_3cadence_dominant_fraction"":0.7}}"
EPIC_211972767,promote_to_deeper_eval,promote: 8 events have duration_cadences>=10 and shape_score>=0.74; max_duration_cadences=24; spike_fraction_2cadence=0.091,33,25,23,18,8,8,0.8169500641238717,0.7145515504410005,24.0,17.0,0.0005997504071671,0.00464133543366,7.738778295429903,0.09090909090909091,stage_r_manual_calibration_v2,False,"{""counts"":{""n_events_borderline_long_ge10_shape_ge070"":17,""n_events_ge_10_cadences"":23,""n_events_ge_5_cadences"":25,""n_events_long_good"":8,""n_events_shape_ge_071"":18,""n_events_shape_ge_074"":8,""n_events_spike_le_2_cadences"":3,""n_events_spike_le_3_cadences"":5,""n_events_strong_ge5_shape_ge074"":8,""n_events_total"":33,""n_events_with_duration_or_shape"":33},""flags"":{""depth_highly_inconsistent"":false,""has_coherent_long_family"":true,""hold_borderline_long_family_rule_passed"":false,""hold_single_strong_rule_passed"":false,""promote_rule_passed"":true,""single_strong_depth_ok"":true,""single_strong_field_size_ok"":true,""single_strong_hold_allowed"":false,""single_strong_spike_ok"":true,""spike_2cadence_dominant"":false,""spike_3cadence_dominant"":false},""metrics"":{""depth_max"":0.00464133543366,""depth_min"":0.0005997504071671,""depth_ratio"":7.738778295429903,""max_duration_cadences"":24.0,""max_shape_score"":0.8169500641238717,""median_duration_cadences"":17.0,""median_shape_score"":0.7145515504410005,""non_spike_depth_ratio"":5.3148341641159895,""spike_fraction_2cadence"":0.09090909090909091,""spike_fraction_3cadence"":0.15151515151515152},""policy_version"":""stage_r_manual_calibration_v2"",""thresholds"":{""borderline_duration_cadences"":10.0,""borderline_shape_score"":0.7,""depth_ratio_inconsistent"":10.0,""hold_duration_cadences"":5.0,""promote_duration_cadences"":10.0,""promote_shape_score"":0.74,""single_strong_depth_ratio_max"":15.0,""single_strong_many_events_max"":35,""single_strong_non_spike_depth_ratio_max"":15.0,""spike_2cadence_dominant_fraction"":0.5,""spike_2cadence_max_promote_fraction"":0.5,""spike_3cadence_dominant_fraction"":0.7}}"
EPIC_211980250,promote_to_deeper_eval,promote: 2 events have duration_cadences>=10 and shape_score>=0.74; max_duration_cadences=24; spike_fraction_2cadence=0.000,16,15,14,2,2,2,0.7928053926538803,0.6151268174655042,24.0,22.5,0.0003008848728135,0.0189797350070725,63.079724911384524,0.0,stage_r_manual_calibration_v2,False,"{""counts"":{""n_events_borderline_long_ge10_shape_ge070"":2,""n_events_ge_10_cadences"":14,""n_events_ge_5_cadences"":15,""n_events_long_good"":2,""n_events_shape_ge_071"":2,""n_events_shape_ge_074"":2,""n_events_spike_le_2_cadences"":0,""n_events_spike_le_3_cadences"":1,""n_events_strong_ge5_shape_ge074"":2,""n_events_total"":16,""n_events_with_duration_or_shape"":16},""flags"":{""depth_highly_inconsistent"":true,""has_coherent_long_family"":true,""hold_borderline_long_family_rule_passed"":false,""hold_single_strong_rule_passed"":false,""promote_rule_passed"":true,""single_strong_depth_ok"":false,""single_strong_field_size_ok"":true,""single_strong_hold_allowed"":false,""single_strong_spike_ok"":true,""spike_2cadence_dominant"":false,""spike_3cadence_dominant"":false},""metrics"":{""depth_max"":0.0189797350070725,""depth_min"":0.0003008848728135,""depth_ratio"":63.079724911384524,""max_duration_cadences"":24.0,""max_shape_score"":0.7928053926538803,""median_duration_cadences"":22.5,""median_shape_score"":0.6151268174655042,""non_spike_depth_ratio"":63.079724911384524,""spike_fraction_2cadence"":0.0,""spike_fraction_3cadence"":0.0625},""policy_version"":""stage_r_manual_calibration_v2"",""thresholds"":{""borderline_duration_cadences"":10.0,""borderline_shape_score"":0.7,""depth_ratio_inconsistent"":10.0,""hold_duration_cadences"":5.0,""promote_duration_cadences"":10.0,""promote_shape_score"":0.74,""single_strong_depth_ratio_max"":15.0,""single_strong_many_events_max"":35,""single_strong_non_spike_depth_ratio_max"":15.0,""spike_2cadence_dominant_fraction"":0.5,""spike_2cadence_max_promote_fraction"":0.5,""spike_3cadence_dominant_fraction"":0.7}}"
EPIC_211985254,reject_as_noise_or_artifact,reject: no coherent long-duration event family (0 events meet duration>=10 and shape>=0.70); depth/duration are highly inconsistent (depth_ratio=13); n_events_total=30,30,11,3,1,0,0,0.7112963187971364,0.6533985441777843,23.0,3.0,4.706623031214274e-05,0.0006097929471563,12.956060919095487,0.43333333333333335,stage_r_manual_calibration_v2,False,"{""counts"":{""n_events_borderline_long_ge10_shape_ge070"":0,""n_events_ge_10_cadences"":3,""n_events_ge_5_cadences"":11,""n_events_long_good"":0,""n_events_shape_ge_071"":1,""n_events_shape_ge_074"":0,""n_events_spike_le_2_cadences"":13,""n_events_spike_le_3_cadences"":18,""n_events_strong_ge5_shape_ge074"":0,""n_events_total"":30,""n_events_with_duration_or_shape"":30},""flags"":{""depth_highly_inconsistent"":true,""has_coherent_long_family"":false,""hold_borderline_long_family_rule_passed"":false,""hold_single_strong_rule_passed"":false,""promote_rule_passed"":false,""single_strong_depth_ok"":true,""single_strong_field_size_ok"":true,""single_strong_hold_allowed"":false,""single_strong_spike_ok"":true,""spike_2cadence_dominant"":false,""spike_3cadence_dominant"":false},""metrics"":{""depth_max"":0.0006097929471563,""depth_min"":4.706623031214274e-05,""depth_ratio"":12.956060919095487,""max_duration_cadences"":23.0,""max_shape_score"":0.7112963187971364,""median_duration_cadences"":3.0,""median_shape_score"":0.6533985441777843,""non_spike_depth_ratio"":4.025566021695312,""spike_fraction_2cadence"":0.43333333333333335,""spike_fraction_3cadence"":0.6},""policy_version"":""stage_r_manual_calibration_v2"",""thresholds"":{""borderline_duration_cadences"":10.0,""borderline_shape_score"":0.7,""depth_ratio_inconsistent"":10.0,""hold_duration_cadences"":5.0,""promote_duration_cadences"":10.0,""promote_shape_score"":0.74,""single_strong_depth_ratio_max"":15.0,""single_strong_many_events_max"":35,""single_strong_non_spike_depth_ratio_max"":15.0,""spike_2cadence_dominant_fraction"":0.5,""spike_2cadence_max_promote_fraction"":0.5,""spike_3cadence_dominant_fraction"":0.7}}"
EPIC_211988531,promote_to_deeper_eval,promote: 4 events have duration_cadences>=10 and shape_score>=0.74; max_duration_cadences=24; spike_fraction_2cadence=0.227,22,13,10,7,4,4,0.7812440376860006,0.6655229366966849,24.0,9.0,3.2168976103919e-05,0.0009949825559807,30.929879545015602,0.22727272727272727,stage_r_manual_calibration_v2,False,"{""counts"":{""n_events_borderline_long_ge10_shape_ge070"":7,""n_events_ge_10_cadences"":10,""n_events_ge_5_cadences"":13,""n_events_long_good"":4,""n_events_shape_ge_071"":7,""n_events_shape_ge_074"":4,""n_events_spike_le_2_cadences"":5,""n_events_spike_le_3_cadences"":8,""n_events_strong_ge5_shape_ge074"":4,""n_events_total"":22,""n_events_with_duration_or_shape"":22},""flags"":{""depth_highly_inconsistent"":true,""has_coherent_long_family"":true,""hold_borderline_long_family_rule_passed"":false,""hold_single_strong_rule_passed"":false,""promote_rule_passed"":true,""single_strong_depth_ok"":true,""single_strong_field_size_ok"":true,""single_strong_hold_allowed"":false,""single_strong_spike_ok"":true,""spike_2cadence_dominant"":false,""spike_3cadence_dominant"":false},""metrics"":{""depth_max"":0.0009949825559807,""depth_min"":3.2168976103919e-05,""depth_ratio"":30.929879545015602,""max_duration_cadences"":24.0,""max_shape_score"":0.7812440376860006,""median_duration_cadences"":9.0,""median_shape_score"":0.6655229366966849,""non_spike_depth_ratio"":8.260659870002625,""spike_fraction_2cadence"":0.22727272727272727,""spike_fraction_3cadence"":0.36363636363636365},""policy_version"":""stage_r_manual_calibration_v2"",""thresholds"":{""borderline_duration_cadences"":10.0,""borderline_shape_score"":0.7,""depth_ratio_inconsistent"":10.0,""hold_duration_cadences"":5.0,""promote_duration_cadences"":10.0,""promote_shape_score"":0.74,""single_strong_depth_ratio_max"":15.0,""single_strong_many_events_max"":35,""single_strong_non_spike_depth_ratio_max"":15.0,""spike_2cadence_dominant_fraction"":0.5,""spike_2cadence_max_promote_fraction"":0.5,""spike_3cadence_dominant_fraction"":0.7}}"
EPIC_212001099,promote_to_deeper_eval,promote: 8 events have duration_cadences>=10 and shape_score>=0.74; max_duration_cadences=24; spike_fraction_2cadence=0.107,28,21,19,13,9,8,0.8263117277737821,0.7027113073667529,24.0,16.0,0.0001411592468812,0.0019632183540668,13.907826780338732,0.10714285714285714,stage_r_manual_calibration_v2,False,"{""counts"":{""n_events_borderline_long_ge10_shape_ge070"":12,""n_events_ge_10_cadences"":19,""n_events_ge_5_cadences"":21,""n_events_long_good"":8,""n_events_shape_ge_071"":13,""n_events_shape_ge_074"":9,""n_events_spike_le_2_cadences"":3,""n_events_spike_le_3_cadences"":3,""n_events_strong_ge5_shape_ge074"":8,""n_events_total"":28,""n_events_with_duration_or_shape"":28},""flags"":{""depth_highly_inconsistent"":true,""has_coherent_long_family"":true,""hold_borderline_long_family_rule_passed"":false,""hold_single_strong_rule_passed"":false,""promote_rule_passed"":true,""single_strong_depth_ok"":true,""single_strong_field_size_ok"":true,""single_strong_hold_allowed"":false,""single_strong_spike_ok"":true,""spike_2cadence_dominant"":false,""spike_3cadence_dominant"":false},""metrics"":{""depth_max"":0.0019632183540668,""depth_min"":0.0001411592468812,""depth_ratio"":13.907826780338732,""max_duration_cadences"":24.0,""max_shape_score"":0.8263117277737821,""median_duration_cadences"":16.0,""median_shape_score"":0.7027113073667529,""non_spike_depth_ratio"":13.907826780338732,""spike_fraction_2cadence"":0.10714285714285714,""spike_fraction_3cadence"":0.10714285714285714},""policy_version"":""stage_r_manual_calibration_v2"",""thresholds"":{""borderline_duration_cadences"":10.0,""borderline_shape_score"":0.7,""depth_ratio_inconsistent"":10.0,""hold_duration_cadences"":5.0,""promote_duration_cadences"":10.0,""promote_shape_score"":0.74,""single_strong_depth_ratio_max"":15.0,""single_strong_many_events_max"":35,""single_strong_non_spike_depth_ratio_max"":15.0,""spike_2cadence_dominant_fraction"":0.5,""spike_2cadence_max_promote_fraction"":0.5,""spike_3cadence_dominant_fraction"":0.7}}"
EPIC_212003686,promote_to_deeper_eval,promote: 6 events have duration_cadences>=10 and shape_score>=0.74; max_duration_cadences=24; spike_fraction_2cadence=0.042,24,19,18,11,6,6,0.8425087591919436,0.6918854792087512,24.0,21.0,0.0006024030579951,0.0058144686314037,9.6521233653017,0.041666666666666664,stage_r_manual_calibration_v2,False,"{""counts"":{""n_events_borderline_long_ge10_shape_ge070"":10,""n_events_ge_10_cadences"":18,""n_events_ge_5_cadences"":19,""n_events_long_good"":6,""n_events_shape_ge_071"":11,""n_events_shape_ge_074"":6,""n_events_spike_le_2_cadences"":1,""n_events_spike_le_3_cadences"":5,""n_events_strong_ge5_shape_ge074"":6,""n_events_total"":24,""n_events_with_duration_or_shape"":24},""flags"":{""depth_highly_inconsistent"":false,""has_coherent_long_family"":true,""hold_borderline_long_family_rule_passed"":false,""hold_single_strong_rule_passed"":false,""promote_rule_passed"":true,""single_strong_depth_ok"":true,""single_strong_field_size_ok"":true,""single_strong_hold_allowed"":false,""single_strong_spike_ok"":true,""spike_2cadence_dominant"":false,""spike_3cadence_dominant"":false},""metrics"":{""depth_max"":0.0058144686314037,""depth_min"":0.0006024030579951,""depth_ratio"":9.6521233653017,""max_duration_cadences"":24.0,""max_shape_score"":0.8425087591919436,""median_duration_cadences"":21.0,""median_shape_score"":0.6918854792087512,""non_spike_depth_ratio"":9.6521233653017,""spike_fraction_2cadence"":0.041666666666666664,""spike_fraction_3cadence"":0.20833333333333334},""policy_version"":""stage_r_manual_calibration_v2"",""thresholds"":{""borderline_duration_cadences"":10.0,""borderline_shape_score"":0.7,""depth_ratio_inconsistent"":10.0,""hold_duration_cadences"":5.0,""promote_duration_cadences"":10.0,""promote_shape_score"":0.74,""single_strong_depth_ratio_max"":15.0,""single_strong_many_events_max"":35,""single_strong_non_spike_depth_ratio_max"":15.0,""spike_2cadence_dominant_fraction"":0.5,""spike_2cadence_max_promote_fraction"":0.5,""spike_3cadence_dominant_fraction"":0.7}}"
EPIC_212007527,promote_to_deeper_eval,promote: 3 events have duration_cadences>=10 and shape_score>=0.74; max_duration_cadences=14; spike_fraction_2cadence=0.288,66,23,5,13,5,3,0.8446034255727066,0.6659970871329842,14.0,4.0,4.94843127051281e-05,0.0025636872350888,51.80808007510475,0.2878787878787879,stage_r_manual_calibration_v2,False,"{""counts"":{""n_events_borderline_long_ge10_shape_ge070"":4,""n_events_ge_10_cadences"":5,""n_events_ge_5_cadences"":23,""n_events_long_good"":3,""n_events_shape_ge_071"":13,""n_events_shape_ge_074"":5,""n_events_spike_le_2_cadences"":19,""n_events_spike_le_3_cadences"":30,""n_events_strong_ge5_shape_ge074"":4,""n_events_total"":66,""n_events_with_duration_or_shape"":66},""flags"":{""depth_highly_inconsistent"":true,""has_coherent_long_family"":true,""hold_borderline_long_family_rule_passed"":false,""hold_single_strong_rule_passed"":false,""promote_rule_passed"":true,""single_strong_depth_ok"":false,""single_strong_field_size_ok"":true,""single_strong_hold_allowed"":false,""single_strong_spike_ok"":true,""spike_2cadence_dominant"":false,""spike_3cadence_dominant"":false},""metrics"":{""depth_max"":0.0025636872350888,""depth_min"":4.94843127051281e-05,""depth_ratio"":51.80808007510475,""max_duration_cadences"":14.0,""max_shape_score"":0.8446034255727066,""median_duration_cadences"":4.0,""median_shape_score"":0.6659970871329842,""non_spike_depth_ratio"":18.165292393533484,""spike_fraction_2cadence"":0.2878787878787879,""spike_fraction_3cadence"":0.45454545454545453},""policy_version"":""stage_r_manual_calibration_v2"",""thresholds"":{""borderline_duration_cadences"":10.0,""borderline_shape_score"":0.7,""depth_ratio_inconsistent"":10.0,""hold_duration_cadences"":5.0,""promote_duration_cadences"":10.0,""promote_shape_score"":0.74,""single_strong_depth_ratio_max"":15.0,""single_strong_many_events_max"":35,""single_strong_non_spike_depth_ratio_max"":15.0,""spike_2cadence_dominant_fraction"":0.5,""spike_2cadence_max_promote_fraction"":0.5,""spike_3cadence_dominant_fraction"":0.7}}"
EPIC_212007631,reject_as_noise_or_artifact,reject: no coherent long-duration event family (0 events meet duration>=10 and shape>=0.70); depth/duration are highly inconsistent (depth_ratio=28.4); n_events_total=44,44,7,0,4,2,0,0.7534595561433114,0.6601529567237056,7.0,3.0,4.647145357017379e-05,0.0013184559127229,28.37130779074895,0.45454545454545453,stage_r_manual_calibration_v2,False,"{""counts"":{""n_events_borderline_long_ge10_shape_ge070"":0,""n_events_ge_10_cadences"":0,""n_events_ge_5_cadences"":7,""n_events_long_good"":0,""n_events_shape_ge_071"":4,""n_events_shape_ge_074"":2,""n_events_spike_le_2_cadences"":20,""n_events_spike_le_3_cadences"":30,""n_events_strong_ge5_shape_ge074"":2,""n_events_total"":44,""n_events_with_duration_or_shape"":44},""flags"":{""depth_highly_inconsistent"":true,""has_coherent_long_family"":false,""hold_borderline_long_family_rule_passed"":false,""hold_single_strong_rule_passed"":false,""promote_rule_passed"":false,""single_strong_depth_ok"":true,""single_strong_field_size_ok"":false,""single_strong_hold_allowed"":false,""single_strong_spike_ok"":true,""spike_2cadence_dominant"":false,""spike_3cadence_dominant"":false},""metrics"":{""depth_max"":0.0013184559127229,""depth_min"":4.647145357017379e-05,""depth_ratio"":28.37130779074895,""max_duration_cadences"":7.0,""max_shape_score"":0.7534595561433114,""median_duration_cadences"":3.0,""median_shape_score"":0.6601529567237056,""non_spike_depth_ratio"":10.342306503417394,""spike_fraction_2cadence"":0.45454545454545453,""spike_fraction_3cadence"":0.6818181818181818},""policy_version"":""stage_r_manual_calibration_v2"",""thresholds"":{""borderline_duration_cadences"":10.0,""borderline_shape_score"":0.7,""depth_ratio_inconsistent"":10.0,""hold_duration_cadences"":5.0,""promote_duration_cadences"":10.0,""promote_shape_score"":0.74,""single_strong_depth_ratio_max"":15.0,""single_strong_many_events_max"":35,""single_strong_non_spike_depth_ratio_max"":15.0,""spike_2cadence_dominant_fraction"":0.5,""spike_2cadence_max_promote_fraction"":0.5,""spike_3cadence_dominant_fraction"":0.7}}"
EPIC_212020858,reject_as_noise_or_artifact,reject: no coherent long-duration event family (0 events meet duration>=10 and shape>=0.70); depth/duration are highly inconsistent (depth_ratio=31.9); n_events_total=52,52,5,0,7,3,0,0.7594698650017367,0.6430513428097662,7.0,3.0,5.337435822050374e-05,0.0017040352425966,31.926102709409168,0.36538461538461536,stage_r_manual_calibration_v2,False,"{""counts"":{""n_events_borderline_long_ge10_shape_ge070"":0,""n_events_ge_10_cadences"":0,""n_events_ge_5_cadences"":5,""n_events_long_good"":0,""n_events_shape_ge_071"":7,""n_events_shape_ge_074"":3,""n_events_spike_le_2_cadences"":19,""n_events_spike_le_3_cadences"":36,""n_events_strong_ge5_shape_ge074"":2,""n_events_total"":52,""n_events_with_duration_or_shape"":52},""flags"":{""depth_highly_inconsistent"":true,""has_coherent_long_family"":false,""hold_borderline_long_family_rule_passed"":false,""hold_single_strong_rule_passed"":false,""promote_rule_passed"":false,""single_strong_depth_ok"":true,""single_strong_field_size_ok"":false,""single_strong_hold_allowed"":false,""single_strong_spike_ok"":true,""spike_2cadence_dominant"":false,""spike_3cadence_dominant"":false},""metrics"":{""depth_max"":0.0017040352425966,""depth_min"":5.337435822050374e-05,""depth_ratio"":31.926102709409168,""max_duration_cadences"":7.0,""max_shape_score"":0.7594698650017367,""median_duration_cadences"":3.0,""median_shape_score"":0.6430513428097662,""non_spike_depth_ratio"":11.539121790078775,""spike_fraction_2cadence"":0.36538461538461536,""spike_fraction_3cadence"":0.6923076923076923},""policy_version"":""stage_r_manual_calibration_v2"",""thresholds"":{""borderline_duration_cadences"":10.0,""borderline_shape_score"":0.7,""depth_ratio_inconsistent"":10.0,""hold_duration_cadences"":5.0,""promote_duration_cadences"":10.0,""promote_shape_score"":0.74,""single_strong_depth_ratio_max"":15.0,""single_strong_many_events_max"":35,""single_strong_non_spike_depth_ratio_max"":15.0,""spike_2cadence_dominant_fraction"":0.5,""spike_2cadence_max_promote_fraction"":0.5,""spike_3cadence_dominant_fraction"":0.7}}"
EPIC_212023491,hold_for_review,hold: exactly 1 strong event has duration_cadences>=5 and shape_score>=0.74; single-strong guardrails passed; promote long-good count=0,31,2,0,2,1,0,0.759540952399142,0.6601016827807776,7.0,2.0,2.989390915586476e-05,0.0011722869562349,39.21490997121446,0.6451612903225806,stage_r_manual_calibration_v2,True,"{""counts"":{""n_events_borderline_long_ge10_shape_ge070"":0,""n_events_ge_10_cadences"":0,""n_events_ge_5_cadences"":2,""n_events_long_good"":0,""n_events_shape_ge_071"":2,""n_events_shape_ge_074"":1,""n_events_spike_le_2_cadences"":20,""n_events_spike_le_3_cadences"":29,""n_events_strong_ge5_shape_ge074"":1,""n_events_total"":31,""n_events_with_duration_or_shape"":31},""flags"":{""depth_highly_inconsistent"":true,""has_coherent_long_family"":false,""hold_borderline_long_family_rule_passed"":false,""hold_single_strong_rule_passed"":true,""promote_rule_passed"":false,""single_strong_depth_ok"":true,""single_strong_field_size_ok"":true,""single_strong_hold_allowed"":true,""single_strong_spike_ok"":true,""spike_2cadence_dominant"":true,""spike_3cadence_dominant"":true},""metrics"":{""depth_max"":0.0011722869562349,""depth_min"":2.989390915586476e-05,""depth_ratio"":39.21490997121446,""max_duration_cadences"":7.0,""max_shape_score"":0.759540952399142,""median_duration_cadences"":2.0,""median_shape_score"":0.6601016827807776,""non_spike_depth_ratio"":12.50162910958814,""spike_fraction_2cadence"":0.6451612903225806,""spike_fraction_3cadence"":0.9354838709677419},""policy_version"":""stage_r_manual_calibration_v2"",""thresholds"":{""borderline_duration_cadences"":10.0,""borderline_shape_score"":0.7,""depth_ratio_inconsistent"":10.0,""hold_duration_cadences"":5.0,""promote_duration_cadences"":10.0,""promote_shape_score"":0.74,""single_strong_depth_ratio_max"":15.0,""single_strong_many_events_max"":35,""single_strong_non_spike_depth_ratio_max"":15.0,""spike_2cadence_dominant_fraction"":0.5,""spike_2cadence_max_promote_fraction"":0.5,""spike_3cadence_dominant_fraction"":0.7}}"
