star_id,starwise_score,n_segments,n_segments_above_thr,best_segment_score,topN_mean,topN_std,consistency_score,top_scores,top_times,mission,split,flag_singleton_spike,cand_period_days,flag_periodic,odd_even_score_gap,flag_secondary_proxy
EPIC_206317286,0.4591282308101654,11,1,0.4591282308101654,0.41546218991279604,0.02836933405195751,0.3870928558608385,"0.4591,0.4449,0.4346,0.4337,0.4267",,k2,test,0,,0,,0
EPIC_229004835,0.4414309859275818,4,0,0.4414309859275818,0.43672338873147964,0.0064105687108399045,0.43031282002063975,"0.4414,0.4401,0.4397,0.4257",,k2,test,0,,0,,0
EPIC_220674823,0.4321460723876953,13,0,0.4321460723876953,0.4143870145082474,0.012161744491680681,0.4022252700165667,"0.4321,0.4262,0.4220,0.4219,0.4180",,k2,test,0,,0,,0
