base_weight_set,penalty_weight_set,penalty_scale,threshold,predicted_positives,tp,fp,tn,fn,precision,recall,f1,top_5_tp,top_5_fp,top_5_precision,top_10_tp,top_10_fp,top_10_precision,meets_precision_target,meets_recall_floor,selection_bucket
4,0,0.55,0.7,3,2,1,30,5,0.6666666666666666,0.2857142857142857,0.4,2,3,0.4,2,8,0.2,True,True,0
4,2,0.55,0.7,3,2,1,30,5,0.6666666666666666,0.2857142857142857,0.4,2,3,0.4,2,8,0.2,True,True,0
4,4,0.55,0.7,3,2,1,30,5,0.6666666666666666,0.2857142857142857,0.4,2,3,0.4,2,8,0.2,True,True,0
0,0,0.55,0.675,3,2,1,30,5,0.6666666666666666,0.2857142857142857,0.4,2,3,0.4,2,8,0.2,True,True,0
0,2,0.55,0.675,3,2,1,30,5,0.6666666666666666,0.2857142857142857,0.4,2,3,0.4,2,8,0.2,True,True,0
0,4,0.55,0.675,3,2,1,30,5,0.6666666666666666,0.2857142857142857,0.4,2,3,0.4,2,8,0.2,True,True,0
1,0,0.55,0.675,3,2,1,30,5,0.6666666666666666,0.2857142857142857,0.4,2,3,0.4,2,8,0.2,True,True,0
2,0,0.55,0.675,3,2,1,30,5,0.6666666666666666,0.2857142857142857,0.4,2,3,0.4,2,8,0.2,True,True,0
2,2,0.55,0.675,3,2,1,30,5,0.6666666666666666,0.2857142857142857,0.4,2,3,0.4,2,8,0.2,True,True,0
2,3,0.55,0.675,3,2,1,30,5,0.6666666666666666,0.2857142857142857,0.4,2,3,0.4,2,8,0.2,True,True,0
2,4,0.55,0.675,3,2,1,30,5,0.6666666666666666,0.2857142857142857,0.4,2,3,0.4,2,8,0.2,True,True,0
3,0,0.55,0.675,3,2,1,30,5,0.6666666666666666,0.2857142857142857,0.4,2,3,0.4,2,8,0.2,True,True,0
3,2,0.55,0.675,3,2,1,30,5,0.6666666666666666,0.2857142857142857,0.4,2,3,0.4,2,8,0.2,True,True,0
3,3,0.55,0.675,3,2,1,30,5,0.6666666666666666,0.2857142857142857,0.4,2,3,0.4,2,8,0.2,True,True,0
3,4,0.55,0.675,3,2,1,30,5,0.6666666666666666,0.2857142857142857,0.4,2,3,0.4,2,8,0.2,True,True,0
4,0,0.55,0.675,3,2,1,30,5,0.6666666666666666,0.2857142857142857,0.4,2,3,0.4,2,8,0.2,True,True,0
4,0,0.7,0.675,3,2,1,30,5,0.6666666666666666,0.2857142857142857,0.4,2,3,0.4,2,8,0.2,True,True,0
4,1,0.55,0.675,3,2,1,30,5,0.6666666666666666,0.2857142857142857,0.4,2,3,0.4,2,8,0.2,True,True,0
4,2,0.7,0.675,3,2,1,30,5,0.6666666666666666,0.2857142857142857,0.4,2,3,0.4,2,8,0.2,True,True,0
4,3,0.55,0.675,3,2,1,30,5,0.6666666666666666,0.2857142857142857,0.4,2,3,0.4,2,8,0.2,True,True,0
4,4,0.7,0.675,3,2,1,30,5,0.6666666666666666,0.2857142857142857,0.4,2,3,0.4,2,8,0.2,True,True,0
0,0,0.55,0.65,3,2,1,30,5,0.6666666666666666,0.2857142857142857,0.4,2,3,0.4,2,8,0.2,True,True,0
0,0,0.7,0.65,3,2,1,30,5,0.6666666666666666,0.2857142857142857,0.4,2,3,0.4,2,8,0.2,True,True,0
0,1,0.55,0.65,3,2,1,30,5,0.6666666666666666,0.2857142857142857,0.4,2,3,0.4,2,8,0.2,True,True,0
0,2,0.7,0.65,3,2,1,30,5,0.6666666666666666,0.2857142857142857,0.4,2,3,0.4,2,8,0.2,True,True,0
0,3,0.55,0.65,3,2,1,30,5,0.6666666666666666,0.2857142857142857,0.4,2,3,0.4,2,8,0.2,True,True,0
0,4,0.7,0.65,3,2,1,30,5,0.6666666666666666,0.2857142857142857,0.4,2,3,0.4,2,8,0.2,True,True,0
1,0,0.55,0.65,3,2,1,30,5,0.6666666666666666,0.2857142857142857,0.4,2,3,0.4,2,8,0.2,True,True,0
1,0,0.7,0.65,3,2,1,30,5,0.6666666666666666,0.2857142857142857,0.4,2,3,0.4,2,8,0.2,True,True,0
1,1,0.55,0.65,3,2,1,30,5,0.6666666666666666,0.2857142857142857,0.4,2,3,0.4,2,8,0.2,True,True,0
1,2,0.55,0.65,3,2,1,30,5,0.6666666666666666,0.2857142857142857,0.4,2,3,0.4,2,8,0.2,True,True,0
1,3,0.55,0.65,3,2,1,30,5,0.6666666666666666,0.2857142857142857,0.4,2,3,0.4,2,8,0.2,True,True,0
1,4,0.55,0.65,3,2,1,30,5,0.6666666666666666,0.2857142857142857,0.4,2,3,0.4,2,8,0.2,True,True,0
2,0,0.55,0.65,3,2,1,30,5,0.6666666666666666,0.2857142857142857,0.4,2,3,0.4,2,8,0.2,True,True,0
2,0,0.7,0.65,3,2,1,30,5,0.6666666666666666,0.2857142857142857,0.4,2,3,0.4,2,8,0.2,True,True,0
2,1,0.55,0.65,3,2,1,30,5,0.6666666666666666,0.2857142857142857,0.4,2,3,0.4,2,8,0.2,True,True,0
2,2,0.7,0.65,3,2,1,30,5,0.6666666666666666,0.2857142857142857,0.4,2,3,0.4,2,8,0.2,True,True,0
2,3,0.55,0.65,3,2,1,30,5,0.6666666666666666,0.2857142857142857,0.4,2,3,0.4,2,8,0.2,True,True,0
2,4,0.7,0.65,3,2,1,30,5,0.6666666666666666,0.2857142857142857,0.4,2,3,0.4,2,8,0.2,True,True,0
3,0,0.7,0.65,3,2,1,30,5,0.6666666666666666,0.2857142857142857,0.4,2,3,0.4,2,8,0.2,True,True,0
3,1,0.55,0.65,3,2,1,30,5,0.6666666666666666,0.2857142857142857,0.4,2,3,0.4,2,8,0.2,True,True,0
3,2,0.7,0.65,3,2,1,30,5,0.6666666666666666,0.2857142857142857,0.4,2,3,0.4,2,8,0.2,True,True,0
3,4,0.7,0.65,3,2,1,30,5,0.6666666666666666,0.2857142857142857,0.4,2,3,0.4,2,8,0.2,True,True,0
4,0,0.7,0.65,3,2,1,30,5,0.6666666666666666,0.2857142857142857,0.4,2,3,0.4,2,8,0.2,True,True,0
4,0,0.85,0.65,3,2,1,30,5,0.6666666666666666,0.2857142857142857,0.4,2,3,0.4,2,8,0.2,True,True,0
4,1,0.7,0.65,3,2,1,30,5,0.6666666666666666,0.2857142857142857,0.4,2,3,0.4,2,8,0.2,True,True,0
4,2,0.7,0.65,3,2,1,30,5,0.6666666666666666,0.2857142857142857,0.4,2,3,0.4,2,8,0.2,True,True,0
4,3,0.7,0.65,3,2,1,30,5,0.6666666666666666,0.2857142857142857,0.4,2,3,0.4,2,8,0.2,True,True,0
4,4,0.7,0.65,3,2,1,30,5,0.6666666666666666,0.2857142857142857,0.4,2,3,0.4,2,8,0.2,True,True,0
0,0,0.7,0.625,3,2,1,30,5,0.6666666666666666,0.2857142857142857,0.4,2,3,0.4,2,8,0.2,True,True,0
0,0,0.85,0.625,3,2,1,30,5,0.6666666666666666,0.2857142857142857,0.4,2,3,0.4,2,8,0.2,True,True,0
0,1,0.7,0.625,3,2,1,30,5,0.6666666666666666,0.2857142857142857,0.4,2,3,0.4,2,8,0.2,True,True,0
0,2,0.7,0.625,3,2,1,30,5,0.6666666666666666,0.2857142857142857,0.4,2,3,0.4,2,8,0.2,True,True,0
0,2,0.85,0.625,3,2,1,30,5,0.6666666666666666,0.2857142857142857,0.4,2,3,0.4,2,8,0.2,True,True,0
0,3,0.7,0.625,3,2,1,30,5,0.6666666666666666,0.2857142857142857,0.4,2,3,0.4,2,8,0.2,True,True,0
0,4,0.7,0.625,3,2,1,30,5,0.6666666666666666,0.2857142857142857,0.4,2,3,0.4,2,8,0.2,True,True,0
0,4,0.85,0.625,3,2,1,30,5,0.6666666666666666,0.2857142857142857,0.4,2,3,0.4,2,8,0.2,True,True,0
1,0,0.7,0.625,3,2,1,30,5,0.6666666666666666,0.2857142857142857,0.4,2,3,0.4,2,8,0.2,True,True,0
1,1,0.7,0.625,3,2,1,30,5,0.6666666666666666,0.2857142857142857,0.4,2,3,0.4,2,8,0.2,True,True,0
1,2,0.7,0.625,3,2,1,30,5,0.6666666666666666,0.2857142857142857,0.4,2,3,0.4,2,8,0.2,True,True,0
1,3,0.7,0.625,3,2,1,30,5,0.6666666666666666,0.2857142857142857,0.4,2,3,0.4,2,8,0.2,True,True,0
1,4,0.7,0.625,3,2,1,30,5,0.6666666666666666,0.2857142857142857,0.4,2,3,0.4,2,8,0.2,True,True,0
2,0,0.7,0.625,3,2,1,30,5,0.6666666666666666,0.2857142857142857,0.4,2,3,0.4,2,8,0.2,True,True,0
2,0,0.85,0.625,3,2,1,30,5,0.6666666666666666,0.2857142857142857,0.4,2,3,0.4,2,8,0.2,True,True,0
2,1,0.7,0.625,3,2,1,30,5,0.6666666666666666,0.2857142857142857,0.4,2,3,0.4,2,8,0.2,True,True,0
2,2,0.7,0.625,3,2,1,30,5,0.6666666666666666,0.2857142857142857,0.4,2,3,0.4,2,8,0.2,True,True,0
2,2,0.85,0.625,3,2,1,30,5,0.6666666666666666,0.2857142857142857,0.4,2,3,0.4,2,8,0.2,True,True,0
2,3,0.7,0.625,3,2,1,30,5,0.6666666666666666,0.2857142857142857,0.4,2,3,0.4,2,8,0.2,True,True,0
2,4,0.7,0.625,3,2,1,30,5,0.6666666666666666,0.2857142857142857,0.4,2,3,0.4,2,8,0.2,True,True,0
2,4,0.85,0.625,3,2,1,30,5,0.6666666666666666,0.2857142857142857,0.4,2,3,0.4,2,8,0.2,True,True,0
3,0,0.85,0.625,3,2,1,30,5,0.6666666666666666,0.2857142857142857,0.4,2,3,0.4,2,8,0.2,True,True,0
3,1,0.7,0.625,3,2,1,30,5,0.6666666666666666,0.2857142857142857,0.4,2,3,0.4,2,8,0.2,True,True,0
3,2,0.85,0.625,3,2,1,30,5,0.6666666666666666,0.2857142857142857,0.4,2,3,0.4,2,8,0.2,True,True,0
3,4,0.7,0.625,3,2,1,30,5,0.6666666666666666,0.2857142857142857,0.4,2,3,0.4,2,8,0.2,True,True,0
3,4,0.85,0.625,3,2,1,30,5,0.6666666666666666,0.2857142857142857,0.4,2,3,0.4,2,8,0.2,True,True,0
4,0,0.85,0.625,3,2,1,30,5,0.6666666666666666,0.2857142857142857,0.4,2,3,0.4,2,8,0.2,True,True,0
4,2,0.85,0.625,3,2,1,30,5,0.6666666666666666,0.2857142857142857,0.4,2,3,0.4,2,8,0.2,True,True,0
4,3,0.85,0.625,3,2,1,30,5,0.6666666666666666,0.2857142857142857,0.4,2,3,0.4,2,8,0.2,True,True,0
4,4,0.85,0.625,3,2,1,30,5,0.6666666666666666,0.2857142857142857,0.4,2,3,0.4,2,8,0.2,True,True,0
0,0,0.85,0.6,3,2,1,30,5,0.6666666666666666,0.2857142857142857,0.4,2,3,0.4,2,8,0.2,True,True,0
0,0,1.0,0.6,3,2,1,30,5,0.6666666666666666,0.2857142857142857,0.4,2,3,0.4,2,8,0.2,True,True,0
0,1,0.85,0.6,3,2,1,30,5,0.6666666666666666,0.2857142857142857,0.4,2,3,0.4,2,8,0.2,True,True,0
0,2,0.85,0.6,3,2,1,30,5,0.6666666666666666,0.2857142857142857,0.4,2,3,0.4,2,8,0.2,True,True,0
0,3,0.85,0.6,3,2,1,30,5,0.6666666666666666,0.2857142857142857,0.4,2,3,0.4,2,8,0.2,True,True,0
0,4,0.85,0.6,3,2,1,30,5,0.6666666666666666,0.2857142857142857,0.4,2,3,0.4,2,8,0.2,True,True,0
1,0,0.85,0.6,3,2,1,30,5,0.6666666666666666,0.2857142857142857,0.4,2,3,0.4,2,8,0.2,True,True,0
1,2,0.85,0.6,3,2,1,30,5,0.6666666666666666,0.2857142857142857,0.4,2,3,0.4,2,8,0.2,True,True,0
1,3,0.85,0.6,3,2,1,30,5,0.6666666666666666,0.2857142857142857,0.4,2,3,0.4,2,8,0.2,True,True,0
1,4,0.85,0.6,3,2,1,30,5,0.6666666666666666,0.2857142857142857,0.4,2,3,0.4,2,8,0.2,True,True,0
2,0,0.85,0.6,3,2,1,30,5,0.6666666666666666,0.2857142857142857,0.4,2,3,0.4,2,8,0.2,True,True,0
2,0,1.0,0.6,3,2,1,30,5,0.6666666666666666,0.2857142857142857,0.4,2,3,0.4,2,8,0.2,True,True,0
2,1,0.85,0.6,3,2,1,30,5,0.6666666666666666,0.2857142857142857,0.4,2,3,0.4,2,8,0.2,True,True,0
2,2,0.85,0.6,3,2,1,30,5,0.6666666666666666,0.2857142857142857,0.4,2,3,0.4,2,8,0.2,True,True,0
2,2,1.0,0.6,3,2,1,30,5,0.6666666666666666,0.2857142857142857,0.4,2,3,0.4,2,8,0.2,True,True,0
2,3,0.85,0.6,3,2,1,30,5,0.6666666666666666,0.2857142857142857,0.4,2,3,0.4,2,8,0.2,True,True,0
2,4,0.85,0.6,3,2,1,30,5,0.6666666666666666,0.2857142857142857,0.4,2,3,0.4,2,8,0.2,True,True,0
2,4,1.0,0.6,3,2,1,30,5,0.6666666666666666,0.2857142857142857,0.4,2,3,0.4,2,8,0.2,True,True,0
3,0,1.0,0.6,3,2,1,30,5,0.6666666666666666,0.2857142857142857,0.4,2,3,0.4,2,8,0.2,True,True,0
3,1,0.85,0.6,3,2,1,30,5,0.6666666666666666,0.2857142857142857,0.4,2,3,0.4,2,8,0.2,True,True,0
3,2,1.0,0.6,3,2,1,30,5,0.6666666666666666,0.2857142857142857,0.4,2,3,0.4,2,8,0.2,True,True,0
3,4,0.85,0.6,3,2,1,30,5,0.6666666666666666,0.2857142857142857,0.4,2,3,0.4,2,8,0.2,True,True,0
3,4,1.0,0.6,3,2,1,30,5,0.6666666666666666,0.2857142857142857,0.4,2,3,0.4,2,8,0.2,True,True,0
4,0,1.0,0.6,3,2,1,30,5,0.6666666666666666,0.2857142857142857,0.4,2,3,0.4,2,8,0.2,True,True,0
4,2,1.0,0.6,3,2,1,30,5,0.6666666666666666,0.2857142857142857,0.4,2,3,0.4,2,8,0.2,True,True,0
4,3,1.0,0.6,3,2,1,30,5,0.6666666666666666,0.2857142857142857,0.4,2,3,0.4,2,8,0.2,True,True,0
4,4,1.0,0.6,3,2,1,30,5,0.6666666666666666,0.2857142857142857,0.4,2,3,0.4,2,8,0.2,True,True,0
0,0,1.0,0.575,3,2,1,30,5,0.6666666666666666,0.2857142857142857,0.4,2,3,0.4,2,8,0.2,True,True,0
0,0,1.15,0.575,3,2,1,30,5,0.6666666666666666,0.2857142857142857,0.4,2,3,0.4,2,8,0.2,True,True,0
0,2,1.0,0.575,3,2,1,30,5,0.6666666666666666,0.2857142857142857,0.4,2,3,0.4,2,8,0.2,True,True,0
0,3,1.0,0.575,3,2,1,30,5,0.6666666666666666,0.2857142857142857,0.4,2,3,0.4,2,8,0.2,True,True,0
0,4,1.0,0.575,3,2,1,30,5,0.6666666666666666,0.2857142857142857,0.4,2,3,0.4,2,8,0.2,True,True,0
1,0,1.0,0.575,3,2,1,30,5,0.6666666666666666,0.2857142857142857,0.4,2,3,0.4,2,8,0.2,True,True,0
1,2,1.0,0.575,3,2,1,30,5,0.6666666666666666,0.2857142857142857,0.4,2,3,0.4,2,8,0.2,True,True,0
1,3,1.0,0.575,3,2,1,30,5,0.6666666666666666,0.2857142857142857,0.4,2,3,0.4,2,8,0.2,True,True,0
1,4,1.0,0.575,3,2,1,30,5,0.6666666666666666,0.2857142857142857,0.4,2,3,0.4,2,8,0.2,True,True,0
2,0,1.0,0.575,3,2,1,30,5,0.6666666666666666,0.2857142857142857,0.4,2,3,0.4,2,8,0.2,True,True,0
2,0,1.15,0.575,3,2,1,30,5,0.6666666666666666,0.2857142857142857,0.4,2,3,0.4,2,8,0.2,True,True,0
2,1,1.0,0.575,3,2,1,30,5,0.6666666666666666,0.2857142857142857,0.4,2,3,0.4,2,8,0.2,True,True,0
2,2,1.0,0.575,3,2,1,30,5,0.6666666666666666,0.2857142857142857,0.4,2,3,0.4,2,8,0.2,True,True,0
2,2,1.15,0.575,3,2,1,30,5,0.6666666666666666,0.2857142857142857,0.4,2,3,0.4,2,8,0.2,True,True,0
2,3,1.0,0.575,3,2,1,30,5,0.6666666666666666,0.2857142857142857,0.4,2,3,0.4,2,8,0.2,True,True,0
2,4,1.0,0.575,3,2,1,30,5,0.6666666666666666,0.2857142857142857,0.4,2,3,0.4,2,8,0.2,True,True,0
2,4,1.15,0.575,3,2,1,30,5,0.6666666666666666,0.2857142857142857,0.4,2,3,0.4,2,8,0.2,True,True,0
3,0,1.15,0.575,3,2,1,30,5,0.6666666666666666,0.2857142857142857,0.4,2,3,0.4,2,8,0.2,True,True,0
3,1,1.0,0.575,3,2,1,30,5,0.6666666666666666,0.2857142857142857,0.4,2,3,0.4,2,8,0.2,True,True,0
3,2,1.15,0.575,3,2,1,30,5,0.6666666666666666,0.2857142857142857,0.4,2,3,0.4,2,8,0.2,True,True,0
3,4,1.0,0.575,3,2,1,30,5,0.6666666666666666,0.2857142857142857,0.4,2,3,0.4,2,8,0.2,True,True,0
3,4,1.15,0.575,3,2,1,30,5,0.6666666666666666,0.2857142857142857,0.4,2,3,0.4,2,8,0.2,True,True,0
4,0,1.15,0.575,3,2,1,30,5,0.6666666666666666,0.2857142857142857,0.4,2,3,0.4,2,8,0.2,True,True,0
4,2,1.15,0.575,3,2,1,30,5,0.6666666666666666,0.2857142857142857,0.4,2,3,0.4,2,8,0.2,True,True,0
4,3,1.15,0.575,3,2,1,30,5,0.6666666666666666,0.2857142857142857,0.4,2,3,0.4,2,8,0.2,True,True,0
4,4,1.15,0.575,3,2,1,30,5,0.6666666666666666,0.2857142857142857,0.4,2,3,0.4,2,8,0.2,True,True,0
0,0,1.15,0.55,3,2,1,30,5,0.6666666666666666,0.2857142857142857,0.4,2,3,0.4,2,8,0.2,True,True,0
0,2,1.15,0.55,3,2,1,30,5,0.6666666666666666,0.2857142857142857,0.4,2,3,0.4,2,8,0.2,True,True,0
0,3,1.15,0.55,3,2,1,30,5,0.6666666666666666,0.2857142857142857,0.4,2,3,0.4,2,8,0.2,True,True,0
0,4,1.15,0.55,3,2,1,30,5,0.6666666666666666,0.2857142857142857,0.4,2,3,0.4,2,8,0.2,True,True,0
1,0,1.15,0.55,3,2,1,30,5,0.6666666666666666,0.2857142857142857,0.4,2,3,0.4,2,8,0.2,True,True,0
1,2,1.15,0.55,3,2,1,30,5,0.6666666666666666,0.2857142857142857,0.4,2,3,0.4,2,8,0.2,True,True,0
1,4,1.15,0.55,3,2,1,30,5,0.6666666666666666,0.2857142857142857,0.4,2,3,0.4,2,8,0.2,True,True,0
2,0,1.15,0.55,3,2,1,30,5,0.6666666666666666,0.2857142857142857,0.4,2,3,0.4,2,8,0.2,True,True,0
2,2,1.15,0.55,3,2,1,30,5,0.6666666666666666,0.2857142857142857,0.4,2,3,0.4,2,8,0.2,True,True,0
2,3,1.15,0.55,3,2,1,30,5,0.6666666666666666,0.2857142857142857,0.4,2,3,0.4,2,8,0.2,True,True,0
2,4,1.15,0.55,3,2,1,30,5,0.6666666666666666,0.2857142857142857,0.4,2,3,0.4,2,8,0.2,True,True,0
3,4,1.15,0.55,3,2,1,30,5,0.6666666666666666,0.2857142857142857,0.4,2,3,0.4,2,8,0.2,True,True,0
4,1,1.15,0.55,3,2,1,30,5,0.6666666666666666,0.2857142857142857,0.4,2,3,0.4,2,8,0.2,True,True,0
4,4,1.15,0.55,3,2,1,30,5,0.6666666666666666,0.2857142857142857,0.4,2,3,0.4,2,8,0.2,True,True,0
0,4,1.15,0.525,3,2,1,30,5,0.6666666666666666,0.2857142857142857,0.4,2,3,0.4,2,8,0.2,True,True,0
1,1,1.15,0.525,3,2,1,30,5,0.6666666666666666,0.2857142857142857,0.4,2,3,0.4,2,8,0.2,True,True,0
1,4,1.15,0.525,3,2,1,30,5,0.6666666666666666,0.2857142857142857,0.4,2,3,0.4,2,8,0.2,True,True,0
2,4,1.15,0.525,3,2,1,30,5,0.6666666666666666,0.2857142857142857,0.4,2,3,0.4,2,8,0.2,True,True,0
3,4,1.15,0.525,3,2,1,30,5,0.6666666666666666,0.2857142857142857,0.4,2,3,0.4,2,8,0.2,True,True,0
4,2,0.55,0.675,4,2,2,29,5,0.5,0.2857142857142857,0.36363636363636365,2,3,0.4,2,8,0.2,True,True,0
4,4,0.55,0.675,4,2,2,29,5,0.5,0.2857142857142857,0.36363636363636365,2,3,0.4,2,8,0.2,True,True,0
0,2,0.55,0.65,4,2,2,29,5,0.5,0.2857142857142857,0.36363636363636365,2,3,0.4,2,8,0.2,True,True,0
0,4,0.55,0.65,4,2,2,29,5,0.5,0.2857142857142857,0.36363636363636365,2,3,0.4,2,8,0.2,True,True,0
2,2,0.55,0.65,4,2,2,29,5,0.5,0.2857142857142857,0.36363636363636365,2,3,0.4,2,8,0.2,True,True,0
2,4,0.55,0.65,4,2,2,29,5,0.5,0.2857142857142857,0.36363636363636365,2,3,0.4,2,8,0.2,True,True,0
3,0,0.55,0.65,4,2,2,29,5,0.5,0.2857142857142857,0.36363636363636365,2,3,0.4,2,8,0.2,True,True,0
3,3,0.55,0.65,4,2,2,29,5,0.5,0.2857142857142857,0.36363636363636365,2,3,0.4,2,8,0.2,True,True,0
3,4,0.55,0.65,4,2,2,29,5,0.5,0.2857142857142857,0.36363636363636365,2,3,0.4,2,8,0.2,True,True,0
4,4,0.55,0.65,4,2,2,29,5,0.5,0.2857142857142857,0.36363636363636365,2,3,0.4,2,8,0.2,True,True,0
0,4,0.55,0.625,4,2,2,29,5,0.5,0.2857142857142857,0.36363636363636365,2,3,0.4,2,8,0.2,True,True,0
1,1,0.55,0.625,4,2,2,29,5,0.5,0.2857142857142857,0.36363636363636365,2,3,0.4,2,8,0.2,True,True,0
1,4,0.55,0.625,4,2,2,29,5,0.5,0.2857142857142857,0.36363636363636365,2,3,0.4,2,8,0.2,True,True,0
2,4,0.55,0.625,4,2,2,29,5,0.5,0.2857142857142857,0.36363636363636365,2,3,0.4,2,8,0.2,True,True,0
3,0,0.7,0.625,4,2,2,29,5,0.5,0.2857142857142857,0.36363636363636365,2,3,0.4,2,8,0.2,True,True,0
3,2,0.7,0.625,4,2,2,29,5,0.5,0.2857142857142857,0.36363636363636365,2,3,0.4,2,8,0.2,True,True,0
3,3,0.7,0.625,4,2,2,29,5,0.5,0.2857142857142857,0.36363636363636365,2,3,0.4,2,8,0.2,True,True,0
3,4,0.55,0.625,4,2,2,29,5,0.5,0.2857142857142857,0.36363636363636365,2,3,0.4,2,8,0.2,True,True,0
4,1,0.7,0.625,4,2,2,29,5,0.5,0.2857142857142857,0.36363636363636365,2,3,0.4,2,8,0.2,True,True,0
4,4,0.7,0.625,4,2,2,29,5,0.5,0.2857142857142857,0.36363636363636365,2,3,0.4,2,8,0.2,True,True,0
0,1,0.7,0.6,4,2,2,29,5,0.5,0.2857142857142857,0.36363636363636365,2,3,0.4,2,8,0.2,True,True,0
0,4,0.7,0.6,4,2,2,29,5,0.5,0.2857142857142857,0.36363636363636365,2,3,0.4,2,8,0.2,True,True,0
1,1,0.7,0.6,4,2,2,29,5,0.5,0.2857142857142857,0.36363636363636365,2,3,0.4,2,8,0.2,True,True,0
1,4,0.7,0.6,4,2,2,29,5,0.5,0.2857142857142857,0.36363636363636365,2,3,0.4,2,8,0.2,True,True,0
2,1,0.7,0.6,4,2,2,29,5,0.5,0.2857142857142857,0.36363636363636365,2,3,0.4,2,8,0.2,True,True,0
2,4,0.7,0.6,4,2,2,29,5,0.5,0.2857142857142857,0.36363636363636365,2,3,0.4,2,8,0.2,True,True,0
3,0,0.85,0.6,4,2,2,29,5,0.5,0.2857142857142857,0.36363636363636365,2,3,0.4,2,8,0.2,True,True,0
3,1,0.7,0.6,4,2,2,29,5,0.5,0.2857142857142857,0.36363636363636365,2,3,0.4,2,8,0.2,True,True,0
3,2,0.85,0.6,4,2,2,29,5,0.5,0.2857142857142857,0.36363636363636365,2,3,0.4,2,8,0.2,True,True,0
3,3,0.85,0.6,4,2,2,29,5,0.5,0.2857142857142857,0.36363636363636365,2,3,0.4,2,8,0.2,True,True,0
3,4,0.7,0.6,4,2,2,29,5,0.5,0.2857142857142857,0.36363636363636365,2,3,0.4,2,8,0.2,True,True,0
4,0,0.85,0.6,4,2,2,29,5,0.5,0.2857142857142857,0.36363636363636365,2,3,0.4,2,8,0.2,True,True,0
4,1,0.85,0.6,4,2,2,29,5,0.5,0.2857142857142857,0.36363636363636365,2,3,0.4,2,8,0.2,True,True,0
4,3,0.85,0.6,4,2,2,29,5,0.5,0.2857142857142857,0.36363636363636365,2,3,0.4,2,8,0.2,True,True,0
4,4,0.85,0.6,4,2,2,29,5,0.5,0.2857142857142857,0.36363636363636365,2,3,0.4,2,8,0.2,True,True,0
0,0,0.85,0.575,4,2,2,29,5,0.5,0.2857142857142857,0.36363636363636365,2,3,0.4,2,8,0.2,True,True,0
0,1,0.85,0.575,4,2,2,29,5,0.5,0.2857142857142857,0.36363636363636365,2,3,0.4,2,8,0.2,True,True,0
0,3,0.85,0.575,4,2,2,29,5,0.5,0.2857142857142857,0.36363636363636365,2,3,0.4,2,8,0.2,True,True,0
0,4,0.85,0.575,4,2,2,29,5,0.5,0.2857142857142857,0.36363636363636365,2,3,0.4,2,8,0.2,True,True,0
1,0,0.85,0.575,4,2,2,29,5,0.5,0.2857142857142857,0.36363636363636365,2,3,0.4,2,8,0.2,True,True,0
1,1,0.85,0.575,4,2,2,29,5,0.5,0.2857142857142857,0.36363636363636365,2,3,0.4,2,8,0.2,True,True,0
1,3,0.85,0.575,4,2,2,29,5,0.5,0.2857142857142857,0.36363636363636365,2,3,0.4,2,8,0.2,True,True,0
1,4,0.7,0.575,4,2,2,29,5,0.5,0.2857142857142857,0.36363636363636365,2,3,0.4,2,8,0.2,True,True,0
1,4,0.85,0.575,4,2,2,29,5,0.5,0.2857142857142857,0.36363636363636365,2,3,0.4,2,8,0.2,True,True,0
2,0,0.85,0.575,4,2,2,29,5,0.5,0.2857142857142857,0.36363636363636365,2,3,0.4,2,8,0.2,True,True,0
2,1,0.85,0.575,4,2,2,29,5,0.5,0.2857142857142857,0.36363636363636365,2,3,0.4,2,8,0.2,True,True,0
2,3,0.85,0.575,4,2,2,29,5,0.5,0.2857142857142857,0.36363636363636365,2,3,0.4,2,8,0.2,True,True,0
2,4,0.85,0.575,4,2,2,29,5,0.5,0.2857142857142857,0.36363636363636365,2,3,0.4,2,8,0.2,True,True,0
3,0,0.85,0.575,4,2,2,29,5,0.5,0.2857142857142857,0.36363636363636365,2,3,0.4,2,8,0.2,True,True,0
3,0,1.0,0.575,4,2,2,29,5,0.5,0.2857142857142857,0.36363636363636365,2,3,0.4,2,8,0.2,True,True,0
3,1,0.85,0.575,4,2,2,29,5,0.5,0.2857142857142857,0.36363636363636365,2,3,0.4,2,8,0.2,True,True,0
3,2,1.0,0.575,4,2,2,29,5,0.5,0.2857142857142857,0.36363636363636365,2,3,0.4,2,8,0.2,True,True,0
3,3,0.85,0.575,4,2,2,29,5,0.5,0.2857142857142857,0.36363636363636365,2,3,0.4,2,8,0.2,True,True,0
3,3,1.0,0.575,4,2,2,29,5,0.5,0.2857142857142857,0.36363636363636365,2,3,0.4,2,8,0.2,True,True,0
3,4,0.85,0.575,4,2,2,29,5,0.5,0.2857142857142857,0.36363636363636365,2,3,0.4,2,8,0.2,True,True,0
4,0,1.0,0.575,4,2,2,29,5,0.5,0.2857142857142857,0.36363636363636365,2,3,0.4,2,8,0.2,True,True,0
4,1,0.85,0.575,4,2,2,29,5,0.5,0.2857142857142857,0.36363636363636365,2,3,0.4,2,8,0.2,True,True,0
4,1,1.0,0.575,4,2,2,29,5,0.5,0.2857142857142857,0.36363636363636365,2,3,0.4,2,8,0.2,True,True,0
4,3,1.0,0.575,4,2,2,29,5,0.5,0.2857142857142857,0.36363636363636365,2,3,0.4,2,8,0.2,True,True,0
4,4,0.85,0.575,4,2,2,29,5,0.5,0.2857142857142857,0.36363636363636365,2,3,0.4,2,8,0.2,True,True,0
4,4,1.0,0.575,4,2,2,29,5,0.5,0.2857142857142857,0.36363636363636365,2,3,0.4,2,8,0.2,True,True,0
0,0,1.0,0.55,4,2,2,29,5,0.5,0.2857142857142857,0.36363636363636365,2,3,0.4,2,8,0.2,True,True,0
0,1,0.85,0.55,4,2,2,29,5,0.5,0.2857142857142857,0.36363636363636365,2,3,0.4,2,8,0.2,True,True,0
0,1,1.0,0.55,4,2,2,29,5,0.5,0.2857142857142857,0.36363636363636365,2,3,0.4,2,8,0.2,True,True,0
0,3,1.0,0.55,4,2,2,29,5,0.5,0.2857142857142857,0.36363636363636365,2,3,0.4,2,8,0.2,True,True,0
0,4,0.85,0.55,4,2,2,29,5,0.5,0.2857142857142857,0.36363636363636365,2,3,0.4,2,8,0.2,True,True,0
0,4,1.0,0.55,4,2,2,29,5,0.5,0.2857142857142857,0.36363636363636365,2,3,0.4,2,8,0.2,True,True,0
1,0,1.0,0.55,4,2,2,29,5,0.5,0.2857142857142857,0.36363636363636365,2,3,0.4,2,8,0.2,True,True,0
1,1,0.85,0.55,4,2,2,29,5,0.5,0.2857142857142857,0.36363636363636365,2,3,0.4,2,8,0.2,True,True,0
1,1,1.0,0.55,4,2,2,29,5,0.5,0.2857142857142857,0.36363636363636365,2,3,0.4,2,8,0.2,True,True,0
1,3,1.0,0.55,4,2,2,29,5,0.5,0.2857142857142857,0.36363636363636365,2,3,0.4,2,8,0.2,True,True,0
1,4,0.85,0.55,4,2,2,29,5,0.5,0.2857142857142857,0.36363636363636365,2,3,0.4,2,8,0.2,True,True,0
1,4,1.0,0.55,4,2,2,29,5,0.5,0.2857142857142857,0.36363636363636365,2,3,0.4,2,8,0.2,True,True,0
2,0,1.0,0.55,4,2,2,29,5,0.5,0.2857142857142857,0.36363636363636365,2,3,0.4,2,8,0.2,True,True,0
2,1,0.85,0.55,4,2,2,29,5,0.5,0.2857142857142857,0.36363636363636365,2,3,0.4,2,8,0.2,True,True,0
2,1,1.0,0.55,4,2,2,29,5,0.5,0.2857142857142857,0.36363636363636365,2,3,0.4,2,8,0.2,True,True,0
2,3,1.0,0.55,4,2,2,29,5,0.5,0.2857142857142857,0.36363636363636365,2,3,0.4,2,8,0.2,True,True,0
2,4,0.85,0.55,4,2,2,29,5,0.5,0.2857142857142857,0.36363636363636365,2,3,0.4,2,8,0.2,True,True,0
2,4,1.0,0.55,4,2,2,29,5,0.5,0.2857142857142857,0.36363636363636365,2,3,0.4,2,8,0.2,True,True,0
3,0,1.0,0.55,4,2,2,29,5,0.5,0.2857142857142857,0.36363636363636365,2,3,0.4,2,8,0.2,True,True,0
3,0,1.15,0.55,4,2,2,29,5,0.5,0.2857142857142857,0.36363636363636365,2,3,0.4,2,8,0.2,True,True,0
3,1,1.0,0.55,4,2,2,29,5,0.5,0.2857142857142857,0.36363636363636365,2,3,0.4,2,8,0.2,True,True,0
3,2,1.15,0.55,4,2,2,29,5,0.5,0.2857142857142857,0.36363636363636365,2,3,0.4,2,8,0.2,True,True,0
3,3,1.0,0.55,4,2,2,29,5,0.5,0.2857142857142857,0.36363636363636365,2,3,0.4,2,8,0.2,True,True,0
3,3,1.15,0.55,4,2,2,29,5,0.5,0.2857142857142857,0.36363636363636365,2,3,0.4,2,8,0.2,True,True,0
3,4,1.0,0.55,4,2,2,29,5,0.5,0.2857142857142857,0.36363636363636365,2,3,0.4,2,8,0.2,True,True,0
4,0,1.15,0.55,4,2,2,29,5,0.5,0.2857142857142857,0.36363636363636365,2,3,0.4,2,8,0.2,True,True,0
4,1,1.0,0.55,4,2,2,29,5,0.5,0.2857142857142857,0.36363636363636365,2,3,0.4,2,8,0.2,True,True,0
4,2,1.15,0.55,4,2,2,29,5,0.5,0.2857142857142857,0.36363636363636365,2,3,0.4,2,8,0.2,True,True,0
4,3,1.15,0.55,4,2,2,29,5,0.5,0.2857142857142857,0.36363636363636365,2,3,0.4,2,8,0.2,True,True,0
4,4,1.0,0.55,4,2,2,29,5,0.5,0.2857142857142857,0.36363636363636365,2,3,0.4,2,8,0.2,True,True,0
0,0,1.15,0.525,4,2,2,29,5,0.5,0.2857142857142857,0.36363636363636365,2,3,0.4,2,8,0.2,True,True,0
0,1,1.0,0.525,4,2,2,29,5,0.5,0.2857142857142857,0.36363636363636365,2,3,0.4,2,8,0.2,True,True,0
0,1,1.15,0.525,4,2,2,29,5,0.5,0.2857142857142857,0.36363636363636365,2,3,0.4,2,8,0.2,True,True,0
0,2,1.15,0.525,4,2,2,29,5,0.5,0.2857142857142857,0.36363636363636365,2,3,0.4,2,8,0.2,True,True,0
0,3,1.15,0.525,4,2,2,29,5,0.5,0.2857142857142857,0.36363636363636365,2,3,0.4,2,8,0.2,True,True,0
0,4,1.0,0.525,4,2,2,29,5,0.5,0.2857142857142857,0.36363636363636365,2,3,0.4,2,8,0.2,True,True,0
1,0,1.15,0.525,4,2,2,29,5,0.5,0.2857142857142857,0.36363636363636365,2,3,0.4,2,8,0.2,True,True,0
1,1,1.0,0.525,4,2,2,29,5,0.5,0.2857142857142857,0.36363636363636365,2,3,0.4,2,8,0.2,True,True,0
1,2,1.15,0.525,4,2,2,29,5,0.5,0.2857142857142857,0.36363636363636365,2,3,0.4,2,8,0.2,True,True,0
1,3,1.15,0.525,4,2,2,29,5,0.5,0.2857142857142857,0.36363636363636365,2,3,0.4,2,8,0.2,True,True,0
1,4,1.0,0.525,4,2,2,29,5,0.5,0.2857142857142857,0.36363636363636365,2,3,0.4,2,8,0.2,True,True,0
2,0,1.15,0.525,4,2,2,29,5,0.5,0.2857142857142857,0.36363636363636365,2,3,0.4,2,8,0.2,True,True,0
2,1,1.0,0.525,4,2,2,29,5,0.5,0.2857142857142857,0.36363636363636365,2,3,0.4,2,8,0.2,True,True,0
2,1,1.15,0.525,4,2,2,29,5,0.5,0.2857142857142857,0.36363636363636365,2,3,0.4,2,8,0.2,True,True,0
2,2,1.15,0.525,4,2,2,29,5,0.5,0.2857142857142857,0.36363636363636365,2,3,0.4,2,8,0.2,True,True,0
2,3,1.15,0.525,4,2,2,29,5,0.5,0.2857142857142857,0.36363636363636365,2,3,0.4,2,8,0.2,True,True,0
2,4,1.0,0.525,4,2,2,29,5,0.5,0.2857142857142857,0.36363636363636365,2,3,0.4,2,8,0.2,True,True,0
3,0,1.15,0.525,4,2,2,29,5,0.5,0.2857142857142857,0.36363636363636365,2,3,0.4,2,8,0.2,True,True,0
3,1,1.0,0.525,4,2,2,29,5,0.5,0.2857142857142857,0.36363636363636365,2,3,0.4,2,8,0.2,True,True,0
3,1,1.15,0.525,4,2,2,29,5,0.5,0.2857142857142857,0.36363636363636365,2,3,0.4,2,8,0.2,True,True,0
3,2,1.15,0.525,4,2,2,29,5,0.5,0.2857142857142857,0.36363636363636365,2,3,0.4,2,8,0.2,True,True,0
3,3,1.15,0.525,4,2,2,29,5,0.5,0.2857142857142857,0.36363636363636365,2,3,0.4,2,8,0.2,True,True,0
3,4,1.0,0.525,4,2,2,29,5,0.5,0.2857142857142857,0.36363636363636365,2,3,0.4,2,8,0.2,True,True,0
4,1,1.15,0.525,4,2,2,29,5,0.5,0.2857142857142857,0.36363636363636365,2,3,0.4,2,8,0.2,True,True,0
4,4,1.15,0.525,4,2,2,29,5,0.5,0.2857142857142857,0.36363636363636365,2,3,0.4,2,8,0.2,True,True,0
0,0,1.15,0.5,4,2,2,29,5,0.5,0.2857142857142857,0.36363636363636365,2,3,0.4,2,8,0.2,True,True,0
0,1,1.15,0.5,4,2,2,29,5,0.5,0.2857142857142857,0.36363636363636365,2,3,0.4,2,8,0.2,True,True,0
0,3,1.15,0.5,4,2,2,29,5,0.5,0.2857142857142857,0.36363636363636365,2,3,0.4,2,8,0.2,True,True,0
0,4,1.15,0.5,4,2,2,29,5,0.5,0.2857142857142857,0.36363636363636365,2,3,0.4,2,8,0.2,True,True,0
1,0,1.15,0.5,4,2,2,29,5,0.5,0.2857142857142857,0.36363636363636365,2,3,0.4,2,8,0.2,True,True,0
1,1,1.15,0.5,4,2,2,29,5,0.5,0.2857142857142857,0.36363636363636365,2,3,0.4,2,8,0.2,True,True,0
1,3,1.15,0.5,4,2,2,29,5,0.5,0.2857142857142857,0.36363636363636365,2,3,0.4,2,8,0.2,True,True,0
1,4,1.15,0.5,4,2,2,29,5,0.5,0.2857142857142857,0.36363636363636365,2,3,0.4,2,8,0.2,True,True,0
2,0,1.15,0.5,4,2,2,29,5,0.5,0.2857142857142857,0.36363636363636365,2,3,0.4,2,8,0.2,True,True,0
2,1,1.15,0.5,4,2,2,29,5,0.5,0.2857142857142857,0.36363636363636365,2,3,0.4,2,8,0.2,True,True,0
2,4,1.15,0.5,4,2,2,29,5,0.5,0.2857142857142857,0.36363636363636365,2,3,0.4,2,8,0.2,True,True,0
3,1,1.15,0.5,4,2,2,29,5,0.5,0.2857142857142857,0.36363636363636365,2,3,0.4,2,8,0.2,True,True,0
3,3,1.15,0.5,4,2,2,29,5,0.5,0.2857142857142857,0.36363636363636365,2,3,0.4,2,8,0.2,True,True,0
3,4,1.15,0.5,4,2,2,29,5,0.5,0.2857142857142857,0.36363636363636365,2,3,0.4,2,8,0.2,True,True,0
4,1,1.15,0.5,4,2,2,29,5,0.5,0.2857142857142857,0.36363636363636365,2,3,0.4,2,8,0.2,True,True,0
4,4,1.15,0.5,4,2,2,29,5,0.5,0.2857142857142857,0.36363636363636365,2,3,0.4,2,8,0.2,True,True,0
0,1,1.15,0.475,4,2,2,29,5,0.5,0.2857142857142857,0.36363636363636365,2,3,0.4,2,8,0.2,True,True,0
1,1,1.15,0.475,4,2,2,29,5,0.5,0.2857142857142857,0.36363636363636365,2,3,0.4,2,8,0.2,True,True,0
1,4,1.15,0.475,4,2,2,29,5,0.5,0.2857142857142857,0.36363636363636365,2,3,0.4,2,8,0.2,True,True,0
2,1,1.15,0.475,4,2,2,29,5,0.5,0.2857142857142857,0.36363636363636365,2,3,0.4,2,8,0.2,True,True,0
3,1,1.15,0.475,4,2,2,29,5,0.5,0.2857142857142857,0.36363636363636365,2,3,0.4,2,8,0.2,True,True,0
0,0,0.55,0.75,2,1,1,30,6,0.5,0.14285714285714285,0.22222222222222224,2,3,0.4,2,8,0.2,True,False,1
0,0,0.7,0.75,2,1,1,30,6,0.5,0.14285714285714285,0.22222222222222224,2,3,0.4,2,8,0.2,True,False,1
0,0,0.85,0.75,2,1,1,30,6,0.5,0.14285714285714285,0.22222222222222224,2,3,0.4,2,8,0.2,True,False,1
0,1,0.55,0.75,2,1,1,30,6,0.5,0.14285714285714285,0.22222222222222224,2,3,0.4,2,8,0.2,True,False,1
0,1,0.7,0.75,2,1,1,30,6,0.5,0.14285714285714285,0.22222222222222224,2,3,0.4,2,8,0.2,True,False,1
0,2,0.55,0.75,2,1,1,30,6,0.5,0.14285714285714285,0.22222222222222224,2,3,0.4,2,8,0.2,True,False,1
0,2,0.7,0.75,2,1,1,30,6,0.5,0.14285714285714285,0.22222222222222224,2,3,0.4,2,8,0.2,True,False,1
0,2,0.85,0.75,2,1,1,30,6,0.5,0.14285714285714285,0.22222222222222224,2,3,0.4,2,8,0.2,True,False,1
0,3,0.55,0.75,2,1,1,30,6,0.5,0.14285714285714285,0.22222222222222224,2,3,0.4,2,8,0.2,True,False,1
0,3,0.7,0.75,2,1,1,30,6,0.5,0.14285714285714285,0.22222222222222224,2,3,0.4,2,8,0.2,True,False,1
0,3,0.85,0.75,2,1,1,30,6,0.5,0.14285714285714285,0.22222222222222224,2,3,0.4,2,8,0.2,True,False,1
0,4,0.55,0.75,2,1,1,30,6,0.5,0.14285714285714285,0.22222222222222224,2,3,0.4,2,8,0.2,True,False,1
0,4,0.7,0.75,2,1,1,30,6,0.5,0.14285714285714285,0.22222222222222224,2,3,0.4,2,8,0.2,True,False,1
0,4,0.85,0.75,2,1,1,30,6,0.5,0.14285714285714285,0.22222222222222224,2,3,0.4,2,8,0.2,True,False,1
1,0,0.55,0.75,2,1,1,30,6,0.5,0.14285714285714285,0.22222222222222224,2,3,0.4,2,8,0.2,True,False,1
1,0,0.7,0.75,2,1,1,30,6,0.5,0.14285714285714285,0.22222222222222224,2,3,0.4,2,8,0.2,True,False,1
1,1,0.55,0.75,2,1,1,30,6,0.5,0.14285714285714285,0.22222222222222224,2,3,0.4,2,8,0.2,True,False,1
1,1,0.7,0.75,2,1,1,30,6,0.5,0.14285714285714285,0.22222222222222224,2,3,0.4,2,8,0.2,True,False,1
1,2,0.55,0.75,2,1,1,30,6,0.5,0.14285714285714285,0.22222222222222224,2,3,0.4,2,8,0.2,True,False,1
1,2,0.7,0.75,2,1,1,30,6,0.5,0.14285714285714285,0.22222222222222224,2,3,0.4,2,8,0.2,True,False,1
1,3,0.55,0.75,2,1,1,30,6,0.5,0.14285714285714285,0.22222222222222224,2,3,0.4,2,8,0.2,True,False,1
1,3,0.7,0.75,2,1,1,30,6,0.5,0.14285714285714285,0.22222222222222224,2,3,0.4,2,8,0.2,True,False,1
1,4,0.55,0.75,2,1,1,30,6,0.5,0.14285714285714285,0.22222222222222224,2,3,0.4,2,8,0.2,True,False,1
1,4,0.7,0.75,2,1,1,30,6,0.5,0.14285714285714285,0.22222222222222224,2,3,0.4,2,8,0.2,True,False,1
2,0,0.55,0.75,2,1,1,30,6,0.5,0.14285714285714285,0.22222222222222224,2,3,0.4,2,8,0.2,True,False,1
2,0,0.7,0.75,2,1,1,30,6,0.5,0.14285714285714285,0.22222222222222224,2,3,0.4,2,8,0.2,True,False,1
2,0,0.85,0.75,2,1,1,30,6,0.5,0.14285714285714285,0.22222222222222224,2,3,0.4,2,8,0.2,True,False,1
2,1,0.55,0.75,2,1,1,30,6,0.5,0.14285714285714285,0.22222222222222224,2,3,0.4,2,8,0.2,True,False,1
2,1,0.7,0.75,2,1,1,30,6,0.5,0.14285714285714285,0.22222222222222224,2,3,0.4,2,8,0.2,True,False,1
2,2,0.55,0.75,2,1,1,30,6,0.5,0.14285714285714285,0.22222222222222224,2,3,0.4,2,8,0.2,True,False,1
2,2,0.7,0.75,2,1,1,30,6,0.5,0.14285714285714285,0.22222222222222224,2,3,0.4,2,8,0.2,True,False,1
2,2,0.85,0.75,2,1,1,30,6,0.5,0.14285714285714285,0.22222222222222224,2,3,0.4,2,8,0.2,True,False,1
2,3,0.55,0.75,2,1,1,30,6,0.5,0.14285714285714285,0.22222222222222224,2,3,0.4,2,8,0.2,True,False,1
2,3,0.7,0.75,2,1,1,30,6,0.5,0.14285714285714285,0.22222222222222224,2,3,0.4,2,8,0.2,True,False,1
2,4,0.55,0.75,2,1,1,30,6,0.5,0.14285714285714285,0.22222222222222224,2,3,0.4,2,8,0.2,True,False,1
2,4,0.7,0.75,2,1,1,30,6,0.5,0.14285714285714285,0.22222222222222224,2,3,0.4,2,8,0.2,True,False,1
2,4,0.85,0.75,2,1,1,30,6,0.5,0.14285714285714285,0.22222222222222224,2,3,0.4,2,8,0.2,True,False,1
3,0,0.55,0.75,2,1,1,30,6,0.5,0.14285714285714285,0.22222222222222224,2,3,0.4,2,8,0.2,True,False,1
3,0,0.7,0.75,2,1,1,30,6,0.5,0.14285714285714285,0.22222222222222224,2,3,0.4,2,8,0.2,True,False,1
3,0,0.85,0.75,2,1,1,30,6,0.5,0.14285714285714285,0.22222222222222224,2,3,0.4,2,8,0.2,True,False,1
3,0,1.0,0.75,2,1,1,30,6,0.5,0.14285714285714285,0.22222222222222224,2,3,0.4,2,8,0.2,True,False,1
3,1,0.55,0.75,2,1,1,30,6,0.5,0.14285714285714285,0.22222222222222224,2,3,0.4,2,8,0.2,True,False,1
3,1,0.7,0.75,2,1,1,30,6,0.5,0.14285714285714285,0.22222222222222224,2,3,0.4,2,8,0.2,True,False,1
3,1,0.85,0.75,2,1,1,30,6,0.5,0.14285714285714285,0.22222222222222224,2,3,0.4,2,8,0.2,True,False,1
3,2,0.55,0.75,2,1,1,30,6,0.5,0.14285714285714285,0.22222222222222224,2,3,0.4,2,8,0.2,True,False,1
3,2,0.7,0.75,2,1,1,30,6,0.5,0.14285714285714285,0.22222222222222224,2,3,0.4,2,8,0.2,True,False,1
3,2,0.85,0.75,2,1,1,30,6,0.5,0.14285714285714285,0.22222222222222224,2,3,0.4,2,8,0.2,True,False,1
3,2,1.0,0.75,2,1,1,30,6,0.5,0.14285714285714285,0.22222222222222224,2,3,0.4,2,8,0.2,True,False,1
3,3,0.55,0.75,2,1,1,30,6,0.5,0.14285714285714285,0.22222222222222224,2,3,0.4,2,8,0.2,True,False,1
3,3,0.7,0.75,2,1,1,30,6,0.5,0.14285714285714285,0.22222222222222224,2,3,0.4,2,8,0.2,True,False,1
3,3,0.85,0.75,2,1,1,30,6,0.5,0.14285714285714285,0.22222222222222224,2,3,0.4,2,8,0.2,True,False,1
3,4,0.55,0.75,2,1,1,30,6,0.5,0.14285714285714285,0.22222222222222224,2,3,0.4,2,8,0.2,True,False,1
3,4,0.7,0.75,2,1,1,30,6,0.5,0.14285714285714285,0.22222222222222224,2,3,0.4,2,8,0.2,True,False,1
3,4,0.85,0.75,2,1,1,30,6,0.5,0.14285714285714285,0.22222222222222224,2,3,0.4,2,8,0.2,True,False,1
3,4,1.0,0.75,2,1,1,30,6,0.5,0.14285714285714285,0.22222222222222224,2,3,0.4,2,8,0.2,True,False,1
4,0,0.55,0.75,2,1,1,30,6,0.5,0.14285714285714285,0.22222222222222224,2,3,0.4,2,8,0.2,True,False,1
4,0,0.7,0.75,2,1,1,30,6,0.5,0.14285714285714285,0.22222222222222224,2,3,0.4,2,8,0.2,True,False,1
4,1,0.55,0.75,2,1,1,30,6,0.5,0.14285714285714285,0.22222222222222224,2,3,0.4,2,8,0.2,True,False,1
4,1,0.7,0.75,2,1,1,30,6,0.5,0.14285714285714285,0.22222222222222224,2,3,0.4,2,8,0.2,True,False,1
4,2,0.55,0.75,2,1,1,30,6,0.5,0.14285714285714285,0.22222222222222224,2,3,0.4,2,8,0.2,True,False,1
4,2,0.7,0.75,2,1,1,30,6,0.5,0.14285714285714285,0.22222222222222224,2,3,0.4,2,8,0.2,True,False,1
4,3,0.55,0.75,2,1,1,30,6,0.5,0.14285714285714285,0.22222222222222224,2,3,0.4,2,8,0.2,True,False,1
4,3,0.7,0.75,2,1,1,30,6,0.5,0.14285714285714285,0.22222222222222224,2,3,0.4,2,8,0.2,True,False,1
4,4,0.55,0.75,2,1,1,30,6,0.5,0.14285714285714285,0.22222222222222224,2,3,0.4,2,8,0.2,True,False,1
4,4,0.7,0.75,2,1,1,30,6,0.5,0.14285714285714285,0.22222222222222224,2,3,0.4,2,8,0.2,True,False,1
0,0,0.55,0.725,2,1,1,30,6,0.5,0.14285714285714285,0.22222222222222224,2,3,0.4,2,8,0.2,True,False,1
0,0,0.7,0.725,2,1,1,30,6,0.5,0.14285714285714285,0.22222222222222224,2,3,0.4,2,8,0.2,True,False,1
0,0,0.85,0.725,2,1,1,30,6,0.5,0.14285714285714285,0.22222222222222224,2,3,0.4,2,8,0.2,True,False,1
0,0,1.0,0.725,2,1,1,30,6,0.5,0.14285714285714285,0.22222222222222224,2,3,0.4,2,8,0.2,True,False,1
0,0,1.15,0.725,2,1,1,30,6,0.5,0.14285714285714285,0.22222222222222224,2,3,0.4,2,8,0.2,True,False,1
0,1,0.55,0.725,2,1,1,30,6,0.5,0.14285714285714285,0.22222222222222224,2,3,0.4,2,8,0.2,True,False,1
0,1,0.7,0.725,2,1,1,30,6,0.5,0.14285714285714285,0.22222222222222224,2,3,0.4,2,8,0.2,True,False,1
0,1,0.85,0.725,2,1,1,30,6,0.5,0.14285714285714285,0.22222222222222224,2,3,0.4,2,8,0.2,True,False,1
0,1,1.0,0.725,2,1,1,30,6,0.5,0.14285714285714285,0.22222222222222224,2,3,0.4,2,8,0.2,True,False,1
0,2,0.55,0.725,2,1,1,30,6,0.5,0.14285714285714285,0.22222222222222224,2,3,0.4,2,8,0.2,True,False,1
0,2,0.7,0.725,2,1,1,30,6,0.5,0.14285714285714285,0.22222222222222224,2,3,0.4,2,8,0.2,True,False,1
0,2,0.85,0.725,2,1,1,30,6,0.5,0.14285714285714285,0.22222222222222224,2,3,0.4,2,8,0.2,True,False,1
0,2,1.0,0.725,2,1,1,30,6,0.5,0.14285714285714285,0.22222222222222224,2,3,0.4,2,8,0.2,True,False,1
0,2,1.15,0.725,2,1,1,30,6,0.5,0.14285714285714285,0.22222222222222224,2,3,0.4,2,8,0.2,True,False,1
0,3,0.55,0.725,2,1,1,30,6,0.5,0.14285714285714285,0.22222222222222224,2,3,0.4,2,8,0.2,True,False,1
0,3,0.7,0.725,2,1,1,30,6,0.5,0.14285714285714285,0.22222222222222224,2,3,0.4,2,8,0.2,True,False,1
0,3,0.85,0.725,2,1,1,30,6,0.5,0.14285714285714285,0.22222222222222224,2,3,0.4,2,8,0.2,True,False,1
0,3,1.0,0.725,2,1,1,30,6,0.5,0.14285714285714285,0.22222222222222224,2,3,0.4,2,8,0.2,True,False,1
0,4,0.55,0.725,2,1,1,30,6,0.5,0.14285714285714285,0.22222222222222224,2,3,0.4,2,8,0.2,True,False,1
0,4,0.7,0.725,2,1,1,30,6,0.5,0.14285714285714285,0.22222222222222224,2,3,0.4,2,8,0.2,True,False,1
0,4,0.85,0.725,2,1,1,30,6,0.5,0.14285714285714285,0.22222222222222224,2,3,0.4,2,8,0.2,True,False,1
0,4,1.0,0.725,2,1,1,30,6,0.5,0.14285714285714285,0.22222222222222224,2,3,0.4,2,8,0.2,True,False,1
0,4,1.15,0.725,2,1,1,30,6,0.5,0.14285714285714285,0.22222222222222224,2,3,0.4,2,8,0.2,True,False,1
1,0,0.55,0.725,2,1,1,30,6,0.5,0.14285714285714285,0.22222222222222224,2,3,0.4,2,8,0.2,True,False,1
1,0,0.7,0.725,2,1,1,30,6,0.5,0.14285714285714285,0.22222222222222224,2,3,0.4,2,8,0.2,True,False,1
1,0,0.85,0.725,2,1,1,30,6,0.5,0.14285714285714285,0.22222222222222224,2,3,0.4,2,8,0.2,True,False,1
1,0,1.0,0.725,2,1,1,30,6,0.5,0.14285714285714285,0.22222222222222224,2,3,0.4,2,8,0.2,True,False,1
1,1,0.55,0.725,2,1,1,30,6,0.5,0.14285714285714285,0.22222222222222224,2,3,0.4,2,8,0.2,True,False,1
1,1,0.7,0.725,2,1,1,30,6,0.5,0.14285714285714285,0.22222222222222224,2,3,0.4,2,8,0.2,True,False,1
1,1,0.85,0.725,2,1,1,30,6,0.5,0.14285714285714285,0.22222222222222224,2,3,0.4,2,8,0.2,True,False,1
1,2,0.55,0.725,2,1,1,30,6,0.5,0.14285714285714285,0.22222222222222224,2,3,0.4,2,8,0.2,True,False,1
1,2,0.7,0.725,2,1,1,30,6,0.5,0.14285714285714285,0.22222222222222224,2,3,0.4,2,8,0.2,True,False,1
1,2,0.85,0.725,2,1,1,30,6,0.5,0.14285714285714285,0.22222222222222224,2,3,0.4,2,8,0.2,True,False,1
1,2,1.0,0.725,2,1,1,30,6,0.5,0.14285714285714285,0.22222222222222224,2,3,0.4,2,8,0.2,True,False,1
1,3,0.55,0.725,2,1,1,30,6,0.5,0.14285714285714285,0.22222222222222224,2,3,0.4,2,8,0.2,True,False,1
1,3,0.7,0.725,2,1,1,30,6,0.5,0.14285714285714285,0.22222222222222224,2,3,0.4,2,8,0.2,True,False,1
1,3,0.85,0.725,2,1,1,30,6,0.5,0.14285714285714285,0.22222222222222224,2,3,0.4,2,8,0.2,True,False,1
1,4,0.55,0.725,2,1,1,30,6,0.5,0.14285714285714285,0.22222222222222224,2,3,0.4,2,8,0.2,True,False,1
1,4,0.7,0.725,2,1,1,30,6,0.5,0.14285714285714285,0.22222222222222224,2,3,0.4,2,8,0.2,True,False,1
1,4,0.85,0.725,2,1,1,30,6,0.5,0.14285714285714285,0.22222222222222224,2,3,0.4,2,8,0.2,True,False,1
1,4,1.0,0.725,2,1,1,30,6,0.5,0.14285714285714285,0.22222222222222224,2,3,0.4,2,8,0.2,True,False,1
2,0,0.55,0.725,2,1,1,30,6,0.5,0.14285714285714285,0.22222222222222224,2,3,0.4,2,8,0.2,True,False,1
2,0,0.7,0.725,2,1,1,30,6,0.5,0.14285714285714285,0.22222222222222224,2,3,0.4,2,8,0.2,True,False,1
2,0,0.85,0.725,2,1,1,30,6,0.5,0.14285714285714285,0.22222222222222224,2,3,0.4,2,8,0.2,True,False,1
2,0,1.0,0.725,2,1,1,30,6,0.5,0.14285714285714285,0.22222222222222224,2,3,0.4,2,8,0.2,True,False,1
2,1,0.55,0.725,2,1,1,30,6,0.5,0.14285714285714285,0.22222222222222224,2,3,0.4,2,8,0.2,True,False,1
2,1,0.7,0.725,2,1,1,30,6,0.5,0.14285714285714285,0.22222222222222224,2,3,0.4,2,8,0.2,True,False,1
2,1,0.85,0.725,2,1,1,30,6,0.5,0.14285714285714285,0.22222222222222224,2,3,0.4,2,8,0.2,True,False,1
2,2,0.55,0.725,2,1,1,30,6,0.5,0.14285714285714285,0.22222222222222224,2,3,0.4,2,8,0.2,True,False,1
2,2,0.7,0.725,2,1,1,30,6,0.5,0.14285714285714285,0.22222222222222224,2,3,0.4,2,8,0.2,True,False,1
2,2,0.85,0.725,2,1,1,30,6,0.5,0.14285714285714285,0.22222222222222224,2,3,0.4,2,8,0.2,True,False,1
2,2,1.0,0.725,2,1,1,30,6,0.5,0.14285714285714285,0.22222222222222224,2,3,0.4,2,8,0.2,True,False,1
2,3,0.55,0.725,2,1,1,30,6,0.5,0.14285714285714285,0.22222222222222224,2,3,0.4,2,8,0.2,True,False,1
2,3,0.7,0.725,2,1,1,30,6,0.5,0.14285714285714285,0.22222222222222224,2,3,0.4,2,8,0.2,True,False,1
2,3,0.85,0.725,2,1,1,30,6,0.5,0.14285714285714285,0.22222222222222224,2,3,0.4,2,8,0.2,True,False,1
2,3,1.0,0.725,2,1,1,30,6,0.5,0.14285714285714285,0.22222222222222224,2,3,0.4,2,8,0.2,True,False,1
2,4,0.55,0.725,2,1,1,30,6,0.5,0.14285714285714285,0.22222222222222224,2,3,0.4,2,8,0.2,True,False,1
2,4,0.7,0.725,2,1,1,30,6,0.5,0.14285714285714285,0.22222222222222224,2,3,0.4,2,8,0.2,True,False,1
2,4,0.85,0.725,2,1,1,30,6,0.5,0.14285714285714285,0.22222222222222224,2,3,0.4,2,8,0.2,True,False,1
2,4,1.0,0.725,2,1,1,30,6,0.5,0.14285714285714285,0.22222222222222224,2,3,0.4,2,8,0.2,True,False,1
3,0,0.55,0.725,2,1,1,30,6,0.5,0.14285714285714285,0.22222222222222224,2,3,0.4,2,8,0.2,True,False,1
3,0,0.7,0.725,2,1,1,30,6,0.5,0.14285714285714285,0.22222222222222224,2,3,0.4,2,8,0.2,True,False,1
3,0,0.85,0.725,2,1,1,30,6,0.5,0.14285714285714285,0.22222222222222224,2,3,0.4,2,8,0.2,True,False,1
3,0,1.0,0.725,2,1,1,30,6,0.5,0.14285714285714285,0.22222222222222224,2,3,0.4,2,8,0.2,True,False,1
3,0,1.15,0.725,2,1,1,30,6,0.5,0.14285714285714285,0.22222222222222224,2,3,0.4,2,8,0.2,True,False,1
3,1,0.55,0.725,2,1,1,30,6,0.5,0.14285714285714285,0.22222222222222224,2,3,0.4,2,8,0.2,True,False,1
3,1,0.7,0.725,2,1,1,30,6,0.5,0.14285714285714285,0.22222222222222224,2,3,0.4,2,8,0.2,True,False,1
3,1,0.85,0.725,2,1,1,30,6,0.5,0.14285714285714285,0.22222222222222224,2,3,0.4,2,8,0.2,True,False,1
3,1,1.0,0.725,2,1,1,30,6,0.5,0.14285714285714285,0.22222222222222224,2,3,0.4,2,8,0.2,True,False,1
3,2,0.55,0.725,2,1,1,30,6,0.5,0.14285714285714285,0.22222222222222224,2,3,0.4,2,8,0.2,True,False,1
3,2,0.7,0.725,2,1,1,30,6,0.5,0.14285714285714285,0.22222222222222224,2,3,0.4,2,8,0.2,True,False,1
3,2,0.85,0.725,2,1,1,30,6,0.5,0.14285714285714285,0.22222222222222224,2,3,0.4,2,8,0.2,True,False,1
3,2,1.0,0.725,2,1,1,30,6,0.5,0.14285714285714285,0.22222222222222224,2,3,0.4,2,8,0.2,True,False,1
3,2,1.15,0.725,2,1,1,30,6,0.5,0.14285714285714285,0.22222222222222224,2,3,0.4,2,8,0.2,True,False,1
3,3,0.55,0.725,2,1,1,30,6,0.5,0.14285714285714285,0.22222222222222224,2,3,0.4,2,8,0.2,True,False,1
3,3,0.7,0.725,2,1,1,30,6,0.5,0.14285714285714285,0.22222222222222224,2,3,0.4,2,8,0.2,True,False,1
3,3,0.85,0.725,2,1,1,30,6,0.5,0.14285714285714285,0.22222222222222224,2,3,0.4,2,8,0.2,True,False,1
3,3,1.0,0.725,2,1,1,30,6,0.5,0.14285714285714285,0.22222222222222224,2,3,0.4,2,8,0.2,True,False,1
3,3,1.15,0.725,2,1,1,30,6,0.5,0.14285714285714285,0.22222222222222224,2,3,0.4,2,8,0.2,True,False,1
3,4,0.55,0.725,2,1,1,30,6,0.5,0.14285714285714285,0.22222222222222224,2,3,0.4,2,8,0.2,True,False,1
3,4,0.7,0.725,2,1,1,30,6,0.5,0.14285714285714285,0.22222222222222224,2,3,0.4,2,8,0.2,True,False,1
3,4,0.85,0.725,2,1,1,30,6,0.5,0.14285714285714285,0.22222222222222224,2,3,0.4,2,8,0.2,True,False,1
3,4,1.0,0.725,2,1,1,30,6,0.5,0.14285714285714285,0.22222222222222224,2,3,0.4,2,8,0.2,True,False,1
3,4,1.15,0.725,2,1,1,30,6,0.5,0.14285714285714285,0.22222222222222224,2,3,0.4,2,8,0.2,True,False,1
4,0,0.55,0.725,2,1,1,30,6,0.5,0.14285714285714285,0.22222222222222224,2,3,0.4,2,8,0.2,True,False,1
4,0,0.7,0.725,2,1,1,30,6,0.5,0.14285714285714285,0.22222222222222224,2,3,0.4,2,8,0.2,True,False,1
4,0,0.85,0.725,2,1,1,30,6,0.5,0.14285714285714285,0.22222222222222224,2,3,0.4,2,8,0.2,True,False,1
4,0,1.0,0.725,2,1,1,30,6,0.5,0.14285714285714285,0.22222222222222224,2,3,0.4,2,8,0.2,True,False,1
4,1,0.55,0.725,2,1,1,30,6,0.5,0.14285714285714285,0.22222222222222224,2,3,0.4,2,8,0.2,True,False,1
4,1,0.7,0.725,2,1,1,30,6,0.5,0.14285714285714285,0.22222222222222224,2,3,0.4,2,8,0.2,True,False,1
4,1,0.85,0.725,2,1,1,30,6,0.5,0.14285714285714285,0.22222222222222224,2,3,0.4,2,8,0.2,True,False,1
4,2,0.55,0.725,2,1,1,30,6,0.5,0.14285714285714285,0.22222222222222224,2,3,0.4,2,8,0.2,True,False,1
4,2,0.7,0.725,2,1,1,30,6,0.5,0.14285714285714285,0.22222222222222224,2,3,0.4,2,8,0.2,True,False,1
4,2,0.85,0.725,2,1,1,30,6,0.5,0.14285714285714285,0.22222222222222224,2,3,0.4,2,8,0.2,True,False,1
4,2,1.0,0.725,2,1,1,30,6,0.5,0.14285714285714285,0.22222222222222224,2,3,0.4,2,8,0.2,True,False,1
4,3,0.55,0.725,2,1,1,30,6,0.5,0.14285714285714285,0.22222222222222224,2,3,0.4,2,8,0.2,True,False,1
4,3,0.7,0.725,2,1,1,30,6,0.5,0.14285714285714285,0.22222222222222224,2,3,0.4,2,8,0.2,True,False,1
4,3,0.85,0.725,2,1,1,30,6,0.5,0.14285714285714285,0.22222222222222224,2,3,0.4,2,8,0.2,True,False,1
4,4,0.55,0.725,2,1,1,30,6,0.5,0.14285714285714285,0.22222222222222224,2,3,0.4,2,8,0.2,True,False,1
4,4,0.7,0.725,2,1,1,30,6,0.5,0.14285714285714285,0.22222222222222224,2,3,0.4,2,8,0.2,True,False,1
4,4,0.85,0.725,2,1,1,30,6,0.5,0.14285714285714285,0.22222222222222224,2,3,0.4,2,8,0.2,True,False,1
4,4,1.0,0.725,2,1,1,30,6,0.5,0.14285714285714285,0.22222222222222224,2,3,0.4,2,8,0.2,True,False,1
0,0,0.55,0.7,2,1,1,30,6,0.5,0.14285714285714285,0.22222222222222224,2,3,0.4,2,8,0.2,True,False,1
0,0,0.7,0.7,2,1,1,30,6,0.5,0.14285714285714285,0.22222222222222224,2,3,0.4,2,8,0.2,True,False,1
0,0,0.85,0.7,2,1,1,30,6,0.5,0.14285714285714285,0.22222222222222224,2,3,0.4,2,8,0.2,True,False,1
0,0,1.0,0.7,2,1,1,30,6,0.5,0.14285714285714285,0.22222222222222224,2,3,0.4,2,8,0.2,True,False,1
0,0,1.15,0.7,2,1,1,30,6,0.5,0.14285714285714285,0.22222222222222224,2,3,0.4,2,8,0.2,True,False,1
0,1,0.55,0.7,2,1,1,30,6,0.5,0.14285714285714285,0.22222222222222224,2,3,0.4,2,8,0.2,True,False,1
0,1,0.7,0.7,2,1,1,30,6,0.5,0.14285714285714285,0.22222222222222224,2,3,0.4,2,8,0.2,True,False,1
0,1,0.85,0.7,2,1,1,30,6,0.5,0.14285714285714285,0.22222222222222224,2,3,0.4,2,8,0.2,True,False,1
0,1,1.0,0.7,2,1,1,30,6,0.5,0.14285714285714285,0.22222222222222224,2,3,0.4,2,8,0.2,True,False,1
0,1,1.15,0.7,2,1,1,30,6,0.5,0.14285714285714285,0.22222222222222224,2,3,0.4,2,8,0.2,True,False,1
0,2,0.55,0.7,2,1,1,30,6,0.5,0.14285714285714285,0.22222222222222224,2,3,0.4,2,8,0.2,True,False,1
0,2,0.7,0.7,2,1,1,30,6,0.5,0.14285714285714285,0.22222222222222224,2,3,0.4,2,8,0.2,True,False,1
0,2,0.85,0.7,2,1,1,30,6,0.5,0.14285714285714285,0.22222222222222224,2,3,0.4,2,8,0.2,True,False,1
0,2,1.0,0.7,2,1,1,30,6,0.5,0.14285714285714285,0.22222222222222224,2,3,0.4,2,8,0.2,True,False,1
0,2,1.15,0.7,2,1,1,30,6,0.5,0.14285714285714285,0.22222222222222224,2,3,0.4,2,8,0.2,True,False,1
0,3,0.55,0.7,2,1,1,30,6,0.5,0.14285714285714285,0.22222222222222224,2,3,0.4,2,8,0.2,True,False,1
0,3,0.7,0.7,2,1,1,30,6,0.5,0.14285714285714285,0.22222222222222224,2,3,0.4,2,8,0.2,True,False,1
0,3,0.85,0.7,2,1,1,30,6,0.5,0.14285714285714285,0.22222222222222224,2,3,0.4,2,8,0.2,True,False,1
0,3,1.0,0.7,2,1,1,30,6,0.5,0.14285714285714285,0.22222222222222224,2,3,0.4,2,8,0.2,True,False,1
0,3,1.15,0.7,2,1,1,30,6,0.5,0.14285714285714285,0.22222222222222224,2,3,0.4,2,8,0.2,True,False,1
0,4,0.55,0.7,2,1,1,30,6,0.5,0.14285714285714285,0.22222222222222224,2,3,0.4,2,8,0.2,True,False,1
0,4,0.7,0.7,2,1,1,30,6,0.5,0.14285714285714285,0.22222222222222224,2,3,0.4,2,8,0.2,True,False,1
0,4,0.85,0.7,2,1,1,30,6,0.5,0.14285714285714285,0.22222222222222224,2,3,0.4,2,8,0.2,True,False,1
0,4,1.0,0.7,2,1,1,30,6,0.5,0.14285714285714285,0.22222222222222224,2,3,0.4,2,8,0.2,True,False,1
0,4,1.15,0.7,2,1,1,30,6,0.5,0.14285714285714285,0.22222222222222224,2,3,0.4,2,8,0.2,True,False,1
1,0,0.55,0.7,2,1,1,30,6,0.5,0.14285714285714285,0.22222222222222224,2,3,0.4,2,8,0.2,True,False,1
1,0,0.7,0.7,2,1,1,30,6,0.5,0.14285714285714285,0.22222222222222224,2,3,0.4,2,8,0.2,True,False,1
1,0,0.85,0.7,2,1,1,30,6,0.5,0.14285714285714285,0.22222222222222224,2,3,0.4,2,8,0.2,True,False,1
1,0,1.0,0.7,2,1,1,30,6,0.5,0.14285714285714285,0.22222222222222224,2,3,0.4,2,8,0.2,True,False,1
1,0,1.15,0.7,2,1,1,30,6,0.5,0.14285714285714285,0.22222222222222224,2,3,0.4,2,8,0.2,True,False,1
1,1,0.55,0.7,2,1,1,30,6,0.5,0.14285714285714285,0.22222222222222224,2,3,0.4,2,8,0.2,True,False,1
1,1,0.7,0.7,2,1,1,30,6,0.5,0.14285714285714285,0.22222222222222224,2,3,0.4,2,8,0.2,True,False,1
1,1,0.85,0.7,2,1,1,30,6,0.5,0.14285714285714285,0.22222222222222224,2,3,0.4,2,8,0.2,True,False,1
1,1,1.0,0.7,2,1,1,30,6,0.5,0.14285714285714285,0.22222222222222224,2,3,0.4,2,8,0.2,True,False,1
1,2,0.55,0.7,2,1,1,30,6,0.5,0.14285714285714285,0.22222222222222224,2,3,0.4,2,8,0.2,True,False,1
1,2,0.7,0.7,2,1,1,30,6,0.5,0.14285714285714285,0.22222222222222224,2,3,0.4,2,8,0.2,True,False,1
1,2,0.85,0.7,2,1,1,30,6,0.5,0.14285714285714285,0.22222222222222224,2,3,0.4,2,8,0.2,True,False,1
1,2,1.0,0.7,2,1,1,30,6,0.5,0.14285714285714285,0.22222222222222224,2,3,0.4,2,8,0.2,True,False,1
1,2,1.15,0.7,2,1,1,30,6,0.5,0.14285714285714285,0.22222222222222224,2,3,0.4,2,8,0.2,True,False,1
1,3,0.55,0.7,2,1,1,30,6,0.5,0.14285714285714285,0.22222222222222224,2,3,0.4,2,8,0.2,True,False,1
1,3,0.7,0.7,2,1,1,30,6,0.5,0.14285714285714285,0.22222222222222224,2,3,0.4,2,8,0.2,True,False,1
1,3,0.85,0.7,2,1,1,30,6,0.5,0.14285714285714285,0.22222222222222224,2,3,0.4,2,8,0.2,True,False,1
1,3,1.0,0.7,2,1,1,30,6,0.5,0.14285714285714285,0.22222222222222224,2,3,0.4,2,8,0.2,True,False,1
1,4,0.55,0.7,2,1,1,30,6,0.5,0.14285714285714285,0.22222222222222224,2,3,0.4,2,8,0.2,True,False,1
1,4,0.7,0.7,2,1,1,30,6,0.5,0.14285714285714285,0.22222222222222224,2,3,0.4,2,8,0.2,True,False,1
1,4,0.85,0.7,2,1,1,30,6,0.5,0.14285714285714285,0.22222222222222224,2,3,0.4,2,8,0.2,True,False,1
1,4,1.0,0.7,2,1,1,30,6,0.5,0.14285714285714285,0.22222222222222224,2,3,0.4,2,8,0.2,True,False,1
1,4,1.15,0.7,2,1,1,30,6,0.5,0.14285714285714285,0.22222222222222224,2,3,0.4,2,8,0.2,True,False,1
2,0,0.55,0.7,2,1,1,30,6,0.5,0.14285714285714285,0.22222222222222224,2,3,0.4,2,8,0.2,True,False,1
2,0,0.7,0.7,2,1,1,30,6,0.5,0.14285714285714285,0.22222222222222224,2,3,0.4,2,8,0.2,True,False,1
2,0,0.85,0.7,2,1,1,30,6,0.5,0.14285714285714285,0.22222222222222224,2,3,0.4,2,8,0.2,True,False,1
2,0,1.0,0.7,2,1,1,30,6,0.5,0.14285714285714285,0.22222222222222224,2,3,0.4,2,8,0.2,True,False,1
2,0,1.15,0.7,2,1,1,30,6,0.5,0.14285714285714285,0.22222222222222224,2,3,0.4,2,8,0.2,True,False,1
2,1,0.55,0.7,2,1,1,30,6,0.5,0.14285714285714285,0.22222222222222224,2,3,0.4,2,8,0.2,True,False,1
2,1,0.7,0.7,2,1,1,30,6,0.5,0.14285714285714285,0.22222222222222224,2,3,0.4,2,8,0.2,True,False,1
2,1,0.85,0.7,2,1,1,30,6,0.5,0.14285714285714285,0.22222222222222224,2,3,0.4,2,8,0.2,True,False,1
2,1,1.0,0.7,2,1,1,30,6,0.5,0.14285714285714285,0.22222222222222224,2,3,0.4,2,8,0.2,True,False,1
2,1,1.15,0.7,2,1,1,30,6,0.5,0.14285714285714285,0.22222222222222224,2,3,0.4,2,8,0.2,True,False,1
2,2,0.55,0.7,2,1,1,30,6,0.5,0.14285714285714285,0.22222222222222224,2,3,0.4,2,8,0.2,True,False,1
2,2,0.7,0.7,2,1,1,30,6,0.5,0.14285714285714285,0.22222222222222224,2,3,0.4,2,8,0.2,True,False,1
2,2,0.85,0.7,2,1,1,30,6,0.5,0.14285714285714285,0.22222222222222224,2,3,0.4,2,8,0.2,True,False,1
2,2,1.0,0.7,2,1,1,30,6,0.5,0.14285714285714285,0.22222222222222224,2,3,0.4,2,8,0.2,True,False,1
2,2,1.15,0.7,2,1,1,30,6,0.5,0.14285714285714285,0.22222222222222224,2,3,0.4,2,8,0.2,True,False,1
2,3,0.55,0.7,2,1,1,30,6,0.5,0.14285714285714285,0.22222222222222224,2,3,0.4,2,8,0.2,True,False,1
2,3,0.7,0.7,2,1,1,30,6,0.5,0.14285714285714285,0.22222222222222224,2,3,0.4,2,8,0.2,True,False,1
2,3,0.85,0.7,2,1,1,30,6,0.5,0.14285714285714285,0.22222222222222224,2,3,0.4,2,8,0.2,True,False,1
2,3,1.0,0.7,2,1,1,30,6,0.5,0.14285714285714285,0.22222222222222224,2,3,0.4,2,8,0.2,True,False,1
2,3,1.15,0.7,2,1,1,30,6,0.5,0.14285714285714285,0.22222222222222224,2,3,0.4,2,8,0.2,True,False,1
2,4,0.55,0.7,2,1,1,30,6,0.5,0.14285714285714285,0.22222222222222224,2,3,0.4,2,8,0.2,True,False,1
2,4,0.7,0.7,2,1,1,30,6,0.5,0.14285714285714285,0.22222222222222224,2,3,0.4,2,8,0.2,True,False,1
2,4,0.85,0.7,2,1,1,30,6,0.5,0.14285714285714285,0.22222222222222224,2,3,0.4,2,8,0.2,True,False,1
2,4,1.0,0.7,2,1,1,30,6,0.5,0.14285714285714285,0.22222222222222224,2,3,0.4,2,8,0.2,True,False,1
2,4,1.15,0.7,2,1,1,30,6,0.5,0.14285714285714285,0.22222222222222224,2,3,0.4,2,8,0.2,True,False,1
3,0,0.55,0.7,2,1,1,30,6,0.5,0.14285714285714285,0.22222222222222224,2,3,0.4,2,8,0.2,True,False,1
3,0,0.7,0.7,2,1,1,30,6,0.5,0.14285714285714285,0.22222222222222224,2,3,0.4,2,8,0.2,True,False,1
3,0,0.85,0.7,2,1,1,30,6,0.5,0.14285714285714285,0.22222222222222224,2,3,0.4,2,8,0.2,True,False,1
3,0,1.0,0.7,2,1,1,30,6,0.5,0.14285714285714285,0.22222222222222224,2,3,0.4,2,8,0.2,True,False,1
3,0,1.15,0.7,2,1,1,30,6,0.5,0.14285714285714285,0.22222222222222224,2,3,0.4,2,8,0.2,True,False,1
3,1,0.55,0.7,2,1,1,30,6,0.5,0.14285714285714285,0.22222222222222224,2,3,0.4,2,8,0.2,True,False,1
3,1,0.7,0.7,2,1,1,30,6,0.5,0.14285714285714285,0.22222222222222224,2,3,0.4,2,8,0.2,True,False,1
3,1,0.85,0.7,2,1,1,30,6,0.5,0.14285714285714285,0.22222222222222224,2,3,0.4,2,8,0.2,True,False,1
3,1,1.0,0.7,2,1,1,30,6,0.5,0.14285714285714285,0.22222222222222224,2,3,0.4,2,8,0.2,True,False,1
3,1,1.15,0.7,2,1,1,30,6,0.5,0.14285714285714285,0.22222222222222224,2,3,0.4,2,8,0.2,True,False,1
3,2,0.55,0.7,2,1,1,30,6,0.5,0.14285714285714285,0.22222222222222224,2,3,0.4,2,8,0.2,True,False,1
3,2,0.7,0.7,2,1,1,30,6,0.5,0.14285714285714285,0.22222222222222224,2,3,0.4,2,8,0.2,True,False,1
3,2,0.85,0.7,2,1,1,30,6,0.5,0.14285714285714285,0.22222222222222224,2,3,0.4,2,8,0.2,True,False,1
3,2,1.0,0.7,2,1,1,30,6,0.5,0.14285714285714285,0.22222222222222224,2,3,0.4,2,8,0.2,True,False,1
3,2,1.15,0.7,2,1,1,30,6,0.5,0.14285714285714285,0.22222222222222224,2,3,0.4,2,8,0.2,True,False,1
3,3,0.55,0.7,2,1,1,30,6,0.5,0.14285714285714285,0.22222222222222224,2,3,0.4,2,8,0.2,True,False,1
3,3,0.7,0.7,2,1,1,30,6,0.5,0.14285714285714285,0.22222222222222224,2,3,0.4,2,8,0.2,True,False,1
3,3,0.85,0.7,2,1,1,30,6,0.5,0.14285714285714285,0.22222222222222224,2,3,0.4,2,8,0.2,True,False,1
3,3,1.0,0.7,2,1,1,30,6,0.5,0.14285714285714285,0.22222222222222224,2,3,0.4,2,8,0.2,True,False,1
3,3,1.15,0.7,2,1,1,30,6,0.5,0.14285714285714285,0.22222222222222224,2,3,0.4,2,8,0.2,True,False,1
3,4,0.55,0.7,2,1,1,30,6,0.5,0.14285714285714285,0.22222222222222224,2,3,0.4,2,8,0.2,True,False,1
3,4,0.7,0.7,2,1,1,30,6,0.5,0.14285714285714285,0.22222222222222224,2,3,0.4,2,8,0.2,True,False,1
3,4,0.85,0.7,2,1,1,30,6,0.5,0.14285714285714285,0.22222222222222224,2,3,0.4,2,8,0.2,True,False,1
3,4,1.0,0.7,2,1,1,30,6,0.5,0.14285714285714285,0.22222222222222224,2,3,0.4,2,8,0.2,True,False,1
3,4,1.15,0.7,2,1,1,30,6,0.5,0.14285714285714285,0.22222222222222224,2,3,0.4,2,8,0.2,True,False,1
4,0,0.7,0.7,2,1,1,30,6,0.5,0.14285714285714285,0.22222222222222224,2,3,0.4,2,8,0.2,True,False,1
4,0,0.85,0.7,2,1,1,30,6,0.5,0.14285714285714285,0.22222222222222224,2,3,0.4,2,8,0.2,True,False,1
4,0,1.0,0.7,2,1,1,30,6,0.5,0.14285714285714285,0.22222222222222224,2,3,0.4,2,8,0.2,True,False,1
4,0,1.15,0.7,2,1,1,30,6,0.5,0.14285714285714285,0.22222222222222224,2,3,0.4,2,8,0.2,True,False,1
4,1,0.55,0.7,2,1,1,30,6,0.5,0.14285714285714285,0.22222222222222224,2,3,0.4,2,8,0.2,True,False,1
4,1,0.7,0.7,2,1,1,30,6,0.5,0.14285714285714285,0.22222222222222224,2,3,0.4,2,8,0.2,True,False,1
4,1,0.85,0.7,2,1,1,30,6,0.5,0.14285714285714285,0.22222222222222224,2,3,0.4,2,8,0.2,True,False,1
4,1,1.0,0.7,2,1,1,30,6,0.5,0.14285714285714285,0.22222222222222224,2,3,0.4,2,8,0.2,True,False,1
4,2,0.7,0.7,2,1,1,30,6,0.5,0.14285714285714285,0.22222222222222224,2,3,0.4,2,8,0.2,True,False,1
4,2,0.85,0.7,2,1,1,30,6,0.5,0.14285714285714285,0.22222222222222224,2,3,0.4,2,8,0.2,True,False,1
4,2,1.0,0.7,2,1,1,30,6,0.5,0.14285714285714285,0.22222222222222224,2,3,0.4,2,8,0.2,True,False,1
4,2,1.15,0.7,2,1,1,30,6,0.5,0.14285714285714285,0.22222222222222224,2,3,0.4,2,8,0.2,True,False,1
4,3,0.55,0.7,2,1,1,30,6,0.5,0.14285714285714285,0.22222222222222224,2,3,0.4,2,8,0.2,True,False,1
4,3,0.7,0.7,2,1,1,30,6,0.5,0.14285714285714285,0.22222222222222224,2,3,0.4,2,8,0.2,True,False,1
4,3,0.85,0.7,2,1,1,30,6,0.5,0.14285714285714285,0.22222222222222224,2,3,0.4,2,8,0.2,True,False,1
4,3,1.0,0.7,2,1,1,30,6,0.5,0.14285714285714285,0.22222222222222224,2,3,0.4,2,8,0.2,True,False,1
4,4,0.7,0.7,2,1,1,30,6,0.5,0.14285714285714285,0.22222222222222224,2,3,0.4,2,8,0.2,True,False,1
4,4,0.85,0.7,2,1,1,30,6,0.5,0.14285714285714285,0.22222222222222224,2,3,0.4,2,8,0.2,True,False,1
4,4,1.0,0.7,2,1,1,30,6,0.5,0.14285714285714285,0.22222222222222224,2,3,0.4,2,8,0.2,True,False,1
4,4,1.15,0.7,2,1,1,30,6,0.5,0.14285714285714285,0.22222222222222224,2,3,0.4,2,8,0.2,True,False,1
0,0,0.7,0.675,2,1,1,30,6,0.5,0.14285714285714285,0.22222222222222224,2,3,0.4,2,8,0.2,True,False,1
0,0,0.85,0.675,2,1,1,30,6,0.5,0.14285714285714285,0.22222222222222224,2,3,0.4,2,8,0.2,True,False,1
0,0,1.0,0.675,2,1,1,30,6,0.5,0.14285714285714285,0.22222222222222224,2,3,0.4,2,8,0.2,True,False,1
0,0,1.15,0.675,2,1,1,30,6,0.5,0.14285714285714285,0.22222222222222224,2,3,0.4,2,8,0.2,True,False,1
0,1,0.55,0.675,2,1,1,30,6,0.5,0.14285714285714285,0.22222222222222224,2,3,0.4,2,8,0.2,True,False,1
0,1,0.7,0.675,2,1,1,30,6,0.5,0.14285714285714285,0.22222222222222224,2,3,0.4,2,8,0.2,True,False,1
0,1,0.85,0.675,2,1,1,30,6,0.5,0.14285714285714285,0.22222222222222224,2,3,0.4,2,8,0.2,True,False,1
0,1,1.0,0.675,2,1,1,30,6,0.5,0.14285714285714285,0.22222222222222224,2,3,0.4,2,8,0.2,True,False,1
0,1,1.15,0.675,2,1,1,30,6,0.5,0.14285714285714285,0.22222222222222224,2,3,0.4,2,8,0.2,True,False,1
0,2,0.7,0.675,2,1,1,30,6,0.5,0.14285714285714285,0.22222222222222224,2,3,0.4,2,8,0.2,True,False,1
0,2,0.85,0.675,2,1,1,30,6,0.5,0.14285714285714285,0.22222222222222224,2,3,0.4,2,8,0.2,True,False,1
0,2,1.0,0.675,2,1,1,30,6,0.5,0.14285714285714285,0.22222222222222224,2,3,0.4,2,8,0.2,True,False,1
0,2,1.15,0.675,2,1,1,30,6,0.5,0.14285714285714285,0.22222222222222224,2,3,0.4,2,8,0.2,True,False,1
0,3,0.55,0.675,2,1,1,30,6,0.5,0.14285714285714285,0.22222222222222224,2,3,0.4,2,8,0.2,True,False,1
0,3,0.7,0.675,2,1,1,30,6,0.5,0.14285714285714285,0.22222222222222224,2,3,0.4,2,8,0.2,True,False,1
0,3,0.85,0.675,2,1,1,30,6,0.5,0.14285714285714285,0.22222222222222224,2,3,0.4,2,8,0.2,True,False,1
0,3,1.0,0.675,2,1,1,30,6,0.5,0.14285714285714285,0.22222222222222224,2,3,0.4,2,8,0.2,True,False,1
0,3,1.15,0.675,2,1,1,30,6,0.5,0.14285714285714285,0.22222222222222224,2,3,0.4,2,8,0.2,True,False,1
0,4,0.7,0.675,2,1,1,30,6,0.5,0.14285714285714285,0.22222222222222224,2,3,0.4,2,8,0.2,True,False,1
0,4,0.85,0.675,2,1,1,30,6,0.5,0.14285714285714285,0.22222222222222224,2,3,0.4,2,8,0.2,True,False,1
0,4,1.0,0.675,2,1,1,30,6,0.5,0.14285714285714285,0.22222222222222224,2,3,0.4,2,8,0.2,True,False,1
0,4,1.15,0.675,2,1,1,30,6,0.5,0.14285714285714285,0.22222222222222224,2,3,0.4,2,8,0.2,True,False,1
1,0,0.7,0.675,2,1,1,30,6,0.5,0.14285714285714285,0.22222222222222224,2,3,0.4,2,8,0.2,True,False,1
1,0,0.85,0.675,2,1,1,30,6,0.5,0.14285714285714285,0.22222222222222224,2,3,0.4,2,8,0.2,True,False,1
1,0,1.0,0.675,2,1,1,30,6,0.5,0.14285714285714285,0.22222222222222224,2,3,0.4,2,8,0.2,True,False,1
1,0,1.15,0.675,2,1,1,30,6,0.5,0.14285714285714285,0.22222222222222224,2,3,0.4,2,8,0.2,True,False,1
1,1,0.55,0.675,2,1,1,30,6,0.5,0.14285714285714285,0.22222222222222224,2,3,0.4,2,8,0.2,True,False,1
1,1,0.7,0.675,2,1,1,30,6,0.5,0.14285714285714285,0.22222222222222224,2,3,0.4,2,8,0.2,True,False,1
1,1,0.85,0.675,2,1,1,30,6,0.5,0.14285714285714285,0.22222222222222224,2,3,0.4,2,8,0.2,True,False,1
1,1,1.0,0.675,2,1,1,30,6,0.5,0.14285714285714285,0.22222222222222224,2,3,0.4,2,8,0.2,True,False,1
1,1,1.15,0.675,2,1,1,30,6,0.5,0.14285714285714285,0.22222222222222224,2,3,0.4,2,8,0.2,True,False,1
1,2,0.55,0.675,2,1,1,30,6,0.5,0.14285714285714285,0.22222222222222224,2,3,0.4,2,8,0.2,True,False,1
1,2,0.7,0.675,2,1,1,30,6,0.5,0.14285714285714285,0.22222222222222224,2,3,0.4,2,8,0.2,True,False,1
1,2,0.85,0.675,2,1,1,30,6,0.5,0.14285714285714285,0.22222222222222224,2,3,0.4,2,8,0.2,True,False,1
1,2,1.0,0.675,2,1,1,30,6,0.5,0.14285714285714285,0.22222222222222224,2,3,0.4,2,8,0.2,True,False,1
1,2,1.15,0.675,2,1,1,30,6,0.5,0.14285714285714285,0.22222222222222224,2,3,0.4,2,8,0.2,True,False,1
1,3,0.55,0.675,2,1,1,30,6,0.5,0.14285714285714285,0.22222222222222224,2,3,0.4,2,8,0.2,True,False,1
1,3,0.7,0.675,2,1,1,30,6,0.5,0.14285714285714285,0.22222222222222224,2,3,0.4,2,8,0.2,True,False,1
1,3,0.85,0.675,2,1,1,30,6,0.5,0.14285714285714285,0.22222222222222224,2,3,0.4,2,8,0.2,True,False,1
1,3,1.0,0.675,2,1,1,30,6,0.5,0.14285714285714285,0.22222222222222224,2,3,0.4,2,8,0.2,True,False,1
1,3,1.15,0.675,2,1,1,30,6,0.5,0.14285714285714285,0.22222222222222224,2,3,0.4,2,8,0.2,True,False,1
1,4,0.55,0.675,2,1,1,30,6,0.5,0.14285714285714285,0.22222222222222224,2,3,0.4,2,8,0.2,True,False,1
1,4,0.7,0.675,2,1,1,30,6,0.5,0.14285714285714285,0.22222222222222224,2,3,0.4,2,8,0.2,True,False,1
1,4,0.85,0.675,2,1,1,30,6,0.5,0.14285714285714285,0.22222222222222224,2,3,0.4,2,8,0.2,True,False,1
1,4,1.0,0.675,2,1,1,30,6,0.5,0.14285714285714285,0.22222222222222224,2,3,0.4,2,8,0.2,True,False,1
1,4,1.15,0.675,2,1,1,30,6,0.5,0.14285714285714285,0.22222222222222224,2,3,0.4,2,8,0.2,True,False,1
2,0,0.7,0.675,2,1,1,30,6,0.5,0.14285714285714285,0.22222222222222224,2,3,0.4,2,8,0.2,True,False,1
2,0,0.85,0.675,2,1,1,30,6,0.5,0.14285714285714285,0.22222222222222224,2,3,0.4,2,8,0.2,True,False,1
2,0,1.0,0.675,2,1,1,30,6,0.5,0.14285714285714285,0.22222222222222224,2,3,0.4,2,8,0.2,True,False,1
2,0,1.15,0.675,2,1,1,30,6,0.5,0.14285714285714285,0.22222222222222224,2,3,0.4,2,8,0.2,True,False,1
2,1,0.55,0.675,2,1,1,30,6,0.5,0.14285714285714285,0.22222222222222224,2,3,0.4,2,8,0.2,True,False,1
2,1,0.7,0.675,2,1,1,30,6,0.5,0.14285714285714285,0.22222222222222224,2,3,0.4,2,8,0.2,True,False,1
2,1,0.85,0.675,2,1,1,30,6,0.5,0.14285714285714285,0.22222222222222224,2,3,0.4,2,8,0.2,True,False,1
2,1,1.0,0.675,2,1,1,30,6,0.5,0.14285714285714285,0.22222222222222224,2,3,0.4,2,8,0.2,True,False,1
2,1,1.15,0.675,2,1,1,30,6,0.5,0.14285714285714285,0.22222222222222224,2,3,0.4,2,8,0.2,True,False,1
2,2,0.7,0.675,2,1,1,30,6,0.5,0.14285714285714285,0.22222222222222224,2,3,0.4,2,8,0.2,True,False,1
2,2,0.85,0.675,2,1,1,30,6,0.5,0.14285714285714285,0.22222222222222224,2,3,0.4,2,8,0.2,True,False,1
2,2,1.0,0.675,2,1,1,30,6,0.5,0.14285714285714285,0.22222222222222224,2,3,0.4,2,8,0.2,True,False,1
2,2,1.15,0.675,2,1,1,30,6,0.5,0.14285714285714285,0.22222222222222224,2,3,0.4,2,8,0.2,True,False,1
2,3,0.7,0.675,2,1,1,30,6,0.5,0.14285714285714285,0.22222222222222224,2,3,0.4,2,8,0.2,True,False,1
2,3,0.85,0.675,2,1,1,30,6,0.5,0.14285714285714285,0.22222222222222224,2,3,0.4,2,8,0.2,True,False,1
2,3,1.0,0.675,2,1,1,30,6,0.5,0.14285714285714285,0.22222222222222224,2,3,0.4,2,8,0.2,True,False,1
2,3,1.15,0.675,2,1,1,30,6,0.5,0.14285714285714285,0.22222222222222224,2,3,0.4,2,8,0.2,True,False,1
2,4,0.7,0.675,2,1,1,30,6,0.5,0.14285714285714285,0.22222222222222224,2,3,0.4,2,8,0.2,True,False,1
2,4,0.85,0.675,2,1,1,30,6,0.5,0.14285714285714285,0.22222222222222224,2,3,0.4,2,8,0.2,True,False,1
2,4,1.0,0.675,2,1,1,30,6,0.5,0.14285714285714285,0.22222222222222224,2,3,0.4,2,8,0.2,True,False,1
2,4,1.15,0.675,2,1,1,30,6,0.5,0.14285714285714285,0.22222222222222224,2,3,0.4,2,8,0.2,True,False,1
3,0,0.7,0.675,2,1,1,30,6,0.5,0.14285714285714285,0.22222222222222224,2,3,0.4,2,8,0.2,True,False,1
3,0,0.85,0.675,2,1,1,30,6,0.5,0.14285714285714285,0.22222222222222224,2,3,0.4,2,8,0.2,True,False,1
3,0,1.0,0.675,2,1,1,30,6,0.5,0.14285714285714285,0.22222222222222224,2,3,0.4,2,8,0.2,True,False,1
3,0,1.15,0.675,2,1,1,30,6,0.5,0.14285714285714285,0.22222222222222224,2,3,0.4,2,8,0.2,True,False,1
3,1,0.55,0.675,2,1,1,30,6,0.5,0.14285714285714285,0.22222222222222224,2,3,0.4,2,8,0.2,True,False,1
3,1,0.7,0.675,2,1,1,30,6,0.5,0.14285714285714285,0.22222222222222224,2,3,0.4,2,8,0.2,True,False,1
3,1,0.85,0.675,2,1,1,30,6,0.5,0.14285714285714285,0.22222222222222224,2,3,0.4,2,8,0.2,True,False,1
3,1,1.0,0.675,2,1,1,30,6,0.5,0.14285714285714285,0.22222222222222224,2,3,0.4,2,8,0.2,True,False,1
3,1,1.15,0.675,2,1,1,30,6,0.5,0.14285714285714285,0.22222222222222224,2,3,0.4,2,8,0.2,True,False,1
3,2,0.7,0.675,2,1,1,30,6,0.5,0.14285714285714285,0.22222222222222224,2,3,0.4,2,8,0.2,True,False,1
3,2,0.85,0.675,2,1,1,30,6,0.5,0.14285714285714285,0.22222222222222224,2,3,0.4,2,8,0.2,True,False,1
3,2,1.0,0.675,2,1,1,30,6,0.5,0.14285714285714285,0.22222222222222224,2,3,0.4,2,8,0.2,True,False,1
3,2,1.15,0.675,2,1,1,30,6,0.5,0.14285714285714285,0.22222222222222224,2,3,0.4,2,8,0.2,True,False,1
3,3,0.7,0.675,2,1,1,30,6,0.5,0.14285714285714285,0.22222222222222224,2,3,0.4,2,8,0.2,True,False,1
3,3,0.85,0.675,2,1,1,30,6,0.5,0.14285714285714285,0.22222222222222224,2,3,0.4,2,8,0.2,True,False,1
3,3,1.0,0.675,2,1,1,30,6,0.5,0.14285714285714285,0.22222222222222224,2,3,0.4,2,8,0.2,True,False,1
3,3,1.15,0.675,2,1,1,30,6,0.5,0.14285714285714285,0.22222222222222224,2,3,0.4,2,8,0.2,True,False,1
3,4,0.7,0.675,2,1,1,30,6,0.5,0.14285714285714285,0.22222222222222224,2,3,0.4,2,8,0.2,True,False,1
3,4,0.85,0.675,2,1,1,30,6,0.5,0.14285714285714285,0.22222222222222224,2,3,0.4,2,8,0.2,True,False,1
3,4,1.0,0.675,2,1,1,30,6,0.5,0.14285714285714285,0.22222222222222224,2,3,0.4,2,8,0.2,True,False,1
3,4,1.15,0.675,2,1,1,30,6,0.5,0.14285714285714285,0.22222222222222224,2,3,0.4,2,8,0.2,True,False,1
4,0,0.85,0.675,2,1,1,30,6,0.5,0.14285714285714285,0.22222222222222224,2,3,0.4,2,8,0.2,True,False,1
4,0,1.0,0.675,2,1,1,30,6,0.5,0.14285714285714285,0.22222222222222224,2,3,0.4,2,8,0.2,True,False,1
4,0,1.15,0.675,2,1,1,30,6,0.5,0.14285714285714285,0.22222222222222224,2,3,0.4,2,8,0.2,True,False,1
4,1,0.7,0.675,2,1,1,30,6,0.5,0.14285714285714285,0.22222222222222224,2,3,0.4,2,8,0.2,True,False,1
4,1,0.85,0.675,2,1,1,30,6,0.5,0.14285714285714285,0.22222222222222224,2,3,0.4,2,8,0.2,True,False,1
4,1,1.0,0.675,2,1,1,30,6,0.5,0.14285714285714285,0.22222222222222224,2,3,0.4,2,8,0.2,True,False,1
4,1,1.15,0.675,2,1,1,30,6,0.5,0.14285714285714285,0.22222222222222224,2,3,0.4,2,8,0.2,True,False,1
4,2,0.85,0.675,2,1,1,30,6,0.5,0.14285714285714285,0.22222222222222224,2,3,0.4,2,8,0.2,True,False,1
4,2,1.0,0.675,2,1,1,30,6,0.5,0.14285714285714285,0.22222222222222224,2,3,0.4,2,8,0.2,True,False,1
4,2,1.15,0.675,2,1,1,30,6,0.5,0.14285714285714285,0.22222222222222224,2,3,0.4,2,8,0.2,True,False,1
4,3,0.7,0.675,2,1,1,30,6,0.5,0.14285714285714285,0.22222222222222224,2,3,0.4,2,8,0.2,True,False,1
4,3,0.85,0.675,2,1,1,30,6,0.5,0.14285714285714285,0.22222222222222224,2,3,0.4,2,8,0.2,True,False,1
4,3,1.0,0.675,2,1,1,30,6,0.5,0.14285714285714285,0.22222222222222224,2,3,0.4,2,8,0.2,True,False,1
4,3,1.15,0.675,2,1,1,30,6,0.5,0.14285714285714285,0.22222222222222224,2,3,0.4,2,8,0.2,True,False,1
4,4,0.85,0.675,2,1,1,30,6,0.5,0.14285714285714285,0.22222222222222224,2,3,0.4,2,8,0.2,True,False,1
4,4,1.0,0.675,2,1,1,30,6,0.5,0.14285714285714285,0.22222222222222224,2,3,0.4,2,8,0.2,True,False,1
4,4,1.15,0.675,2,1,1,30,6,0.5,0.14285714285714285,0.22222222222222224,2,3,0.4,2,8,0.2,True,False,1
0,0,0.85,0.65,2,1,1,30,6,0.5,0.14285714285714285,0.22222222222222224,2,3,0.4,2,8,0.2,True,False,1
0,0,1.0,0.65,2,1,1,30,6,0.5,0.14285714285714285,0.22222222222222224,2,3,0.4,2,8,0.2,True,False,1
0,0,1.15,0.65,2,1,1,30,6,0.5,0.14285714285714285,0.22222222222222224,2,3,0.4,2,8,0.2,True,False,1
0,1,0.7,0.65,2,1,1,30,6,0.5,0.14285714285714285,0.22222222222222224,2,3,0.4,2,8,0.2,True,False,1
0,1,0.85,0.65,2,1,1,30,6,0.5,0.14285714285714285,0.22222222222222224,2,3,0.4,2,8,0.2,True,False,1
0,1,1.0,0.65,2,1,1,30,6,0.5,0.14285714285714285,0.22222222222222224,2,3,0.4,2,8,0.2,True,False,1
0,1,1.15,0.65,2,1,1,30,6,0.5,0.14285714285714285,0.22222222222222224,2,3,0.4,2,8,0.2,True,False,1
0,2,0.85,0.65,2,1,1,30,6,0.5,0.14285714285714285,0.22222222222222224,2,3,0.4,2,8,0.2,True,False,1
0,2,1.0,0.65,2,1,1,30,6,0.5,0.14285714285714285,0.22222222222222224,2,3,0.4,2,8,0.2,True,False,1
0,2,1.15,0.65,2,1,1,30,6,0.5,0.14285714285714285,0.22222222222222224,2,3,0.4,2,8,0.2,True,False,1
0,3,0.7,0.65,2,1,1,30,6,0.5,0.14285714285714285,0.22222222222222224,2,3,0.4,2,8,0.2,True,False,1
0,3,0.85,0.65,2,1,1,30,6,0.5,0.14285714285714285,0.22222222222222224,2,3,0.4,2,8,0.2,True,False,1
0,3,1.0,0.65,2,1,1,30,6,0.5,0.14285714285714285,0.22222222222222224,2,3,0.4,2,8,0.2,True,False,1
0,3,1.15,0.65,2,1,1,30,6,0.5,0.14285714285714285,0.22222222222222224,2,3,0.4,2,8,0.2,True,False,1
0,4,0.85,0.65,2,1,1,30,6,0.5,0.14285714285714285,0.22222222222222224,2,3,0.4,2,8,0.2,True,False,1
0,4,1.0,0.65,2,1,1,30,6,0.5,0.14285714285714285,0.22222222222222224,2,3,0.4,2,8,0.2,True,False,1
0,4,1.15,0.65,2,1,1,30,6,0.5,0.14285714285714285,0.22222222222222224,2,3,0.4,2,8,0.2,True,False,1
1,0,0.85,0.65,2,1,1,30,6,0.5,0.14285714285714285,0.22222222222222224,2,3,0.4,2,8,0.2,True,False,1
1,0,1.0,0.65,2,1,1,30,6,0.5,0.14285714285714285,0.22222222222222224,2,3,0.4,2,8,0.2,True,False,1
1,0,1.15,0.65,2,1,1,30,6,0.5,0.14285714285714285,0.22222222222222224,2,3,0.4,2,8,0.2,True,False,1
1,1,0.7,0.65,2,1,1,30,6,0.5,0.14285714285714285,0.22222222222222224,2,3,0.4,2,8,0.2,True,False,1
1,1,0.85,0.65,2,1,1,30,6,0.5,0.14285714285714285,0.22222222222222224,2,3,0.4,2,8,0.2,True,False,1
1,1,1.0,0.65,2,1,1,30,6,0.5,0.14285714285714285,0.22222222222222224,2,3,0.4,2,8,0.2,True,False,1
1,1,1.15,0.65,2,1,1,30,6,0.5,0.14285714285714285,0.22222222222222224,2,3,0.4,2,8,0.2,True,False,1
1,2,0.7,0.65,2,1,1,30,6,0.5,0.14285714285714285,0.22222222222222224,2,3,0.4,2,8,0.2,True,False,1
1,2,0.85,0.65,2,1,1,30,6,0.5,0.14285714285714285,0.22222222222222224,2,3,0.4,2,8,0.2,True,False,1
1,2,1.0,0.65,2,1,1,30,6,0.5,0.14285714285714285,0.22222222222222224,2,3,0.4,2,8,0.2,True,False,1
1,2,1.15,0.65,2,1,1,30,6,0.5,0.14285714285714285,0.22222222222222224,2,3,0.4,2,8,0.2,True,False,1
1,3,0.7,0.65,2,1,1,30,6,0.5,0.14285714285714285,0.22222222222222224,2,3,0.4,2,8,0.2,True,False,1
1,3,0.85,0.65,2,1,1,30,6,0.5,0.14285714285714285,0.22222222222222224,2,3,0.4,2,8,0.2,True,False,1
1,3,1.0,0.65,2,1,1,30,6,0.5,0.14285714285714285,0.22222222222222224,2,3,0.4,2,8,0.2,True,False,1
1,3,1.15,0.65,2,1,1,30,6,0.5,0.14285714285714285,0.22222222222222224,2,3,0.4,2,8,0.2,True,False,1
1,4,0.7,0.65,2,1,1,30,6,0.5,0.14285714285714285,0.22222222222222224,2,3,0.4,2,8,0.2,True,False,1
1,4,0.85,0.65,2,1,1,30,6,0.5,0.14285714285714285,0.22222222222222224,2,3,0.4,2,8,0.2,True,False,1
1,4,1.0,0.65,2,1,1,30,6,0.5,0.14285714285714285,0.22222222222222224,2,3,0.4,2,8,0.2,True,False,1
1,4,1.15,0.65,2,1,1,30,6,0.5,0.14285714285714285,0.22222222222222224,2,3,0.4,2,8,0.2,True,False,1
2,0,0.85,0.65,2,1,1,30,6,0.5,0.14285714285714285,0.22222222222222224,2,3,0.4,2,8,0.2,True,False,1
2,0,1.0,0.65,2,1,1,30,6,0.5,0.14285714285714285,0.22222222222222224,2,3,0.4,2,8,0.2,True,False,1
2,0,1.15,0.65,2,1,1,30,6,0.5,0.14285714285714285,0.22222222222222224,2,3,0.4,2,8,0.2,True,False,1
2,1,0.7,0.65,2,1,1,30,6,0.5,0.14285714285714285,0.22222222222222224,2,3,0.4,2,8,0.2,True,False,1
2,1,0.85,0.65,2,1,1,30,6,0.5,0.14285714285714285,0.22222222222222224,2,3,0.4,2,8,0.2,True,False,1
2,1,1.0,0.65,2,1,1,30,6,0.5,0.14285714285714285,0.22222222222222224,2,3,0.4,2,8,0.2,True,False,1
2,1,1.15,0.65,2,1,1,30,6,0.5,0.14285714285714285,0.22222222222222224,2,3,0.4,2,8,0.2,True,False,1
2,2,0.85,0.65,2,1,1,30,6,0.5,0.14285714285714285,0.22222222222222224,2,3,0.4,2,8,0.2,True,False,1
2,2,1.0,0.65,2,1,1,30,6,0.5,0.14285714285714285,0.22222222222222224,2,3,0.4,2,8,0.2,True,False,1
2,2,1.15,0.65,2,1,1,30,6,0.5,0.14285714285714285,0.22222222222222224,2,3,0.4,2,8,0.2,True,False,1
2,3,0.7,0.65,2,1,1,30,6,0.5,0.14285714285714285,0.22222222222222224,2,3,0.4,2,8,0.2,True,False,1
2,3,0.85,0.65,2,1,1,30,6,0.5,0.14285714285714285,0.22222222222222224,2,3,0.4,2,8,0.2,True,False,1
2,3,1.0,0.65,2,1,1,30,6,0.5,0.14285714285714285,0.22222222222222224,2,3,0.4,2,8,0.2,True,False,1
2,3,1.15,0.65,2,1,1,30,6,0.5,0.14285714285714285,0.22222222222222224,2,3,0.4,2,8,0.2,True,False,1
2,4,0.85,0.65,2,1,1,30,6,0.5,0.14285714285714285,0.22222222222222224,2,3,0.4,2,8,0.2,True,False,1
2,4,1.0,0.65,2,1,1,30,6,0.5,0.14285714285714285,0.22222222222222224,2,3,0.4,2,8,0.2,True,False,1
2,4,1.15,0.65,2,1,1,30,6,0.5,0.14285714285714285,0.22222222222222224,2,3,0.4,2,8,0.2,True,False,1
3,0,0.85,0.65,2,1,1,30,6,0.5,0.14285714285714285,0.22222222222222224,2,3,0.4,2,8,0.2,True,False,1
3,0,1.0,0.65,2,1,1,30,6,0.5,0.14285714285714285,0.22222222222222224,2,3,0.4,2,8,0.2,True,False,1
3,0,1.15,0.65,2,1,1,30,6,0.5,0.14285714285714285,0.22222222222222224,2,3,0.4,2,8,0.2,True,False,1
3,1,0.7,0.65,2,1,1,30,6,0.5,0.14285714285714285,0.22222222222222224,2,3,0.4,2,8,0.2,True,False,1
3,1,0.85,0.65,2,1,1,30,6,0.5,0.14285714285714285,0.22222222222222224,2,3,0.4,2,8,0.2,True,False,1
3,1,1.0,0.65,2,1,1,30,6,0.5,0.14285714285714285,0.22222222222222224,2,3,0.4,2,8,0.2,True,False,1
3,1,1.15,0.65,2,1,1,30,6,0.5,0.14285714285714285,0.22222222222222224,2,3,0.4,2,8,0.2,True,False,1
3,2,0.85,0.65,2,1,1,30,6,0.5,0.14285714285714285,0.22222222222222224,2,3,0.4,2,8,0.2,True,False,1
3,2,1.0,0.65,2,1,1,30,6,0.5,0.14285714285714285,0.22222222222222224,2,3,0.4,2,8,0.2,True,False,1
3,2,1.15,0.65,2,1,1,30,6,0.5,0.14285714285714285,0.22222222222222224,2,3,0.4,2,8,0.2,True,False,1
3,3,0.7,0.65,2,1,1,30,6,0.5,0.14285714285714285,0.22222222222222224,2,3,0.4,2,8,0.2,True,False,1
3,3,0.85,0.65,2,1,1,30,6,0.5,0.14285714285714285,0.22222222222222224,2,3,0.4,2,8,0.2,True,False,1
3,3,1.0,0.65,2,1,1,30,6,0.5,0.14285714285714285,0.22222222222222224,2,3,0.4,2,8,0.2,True,False,1
3,3,1.15,0.65,2,1,1,30,6,0.5,0.14285714285714285,0.22222222222222224,2,3,0.4,2,8,0.2,True,False,1
3,4,0.85,0.65,2,1,1,30,6,0.5,0.14285714285714285,0.22222222222222224,2,3,0.4,2,8,0.2,True,False,1
3,4,1.0,0.65,2,1,1,30,6,0.5,0.14285714285714285,0.22222222222222224,2,3,0.4,2,8,0.2,True,False,1
3,4,1.15,0.65,2,1,1,30,6,0.5,0.14285714285714285,0.22222222222222224,2,3,0.4,2,8,0.2,True,False,1
4,0,1.0,0.65,2,1,1,30,6,0.5,0.14285714285714285,0.22222222222222224,2,3,0.4,2,8,0.2,True,False,1
4,0,1.15,0.65,2,1,1,30,6,0.5,0.14285714285714285,0.22222222222222224,2,3,0.4,2,8,0.2,True,False,1
4,1,0.85,0.65,2,1,1,30,6,0.5,0.14285714285714285,0.22222222222222224,2,3,0.4,2,8,0.2,True,False,1
4,1,1.0,0.65,2,1,1,30,6,0.5,0.14285714285714285,0.22222222222222224,2,3,0.4,2,8,0.2,True,False,1
4,1,1.15,0.65,2,1,1,30,6,0.5,0.14285714285714285,0.22222222222222224,2,3,0.4,2,8,0.2,True,False,1
4,2,0.85,0.65,2,1,1,30,6,0.5,0.14285714285714285,0.22222222222222224,2,3,0.4,2,8,0.2,True,False,1
4,2,1.0,0.65,2,1,1,30,6,0.5,0.14285714285714285,0.22222222222222224,2,3,0.4,2,8,0.2,True,False,1
4,2,1.15,0.65,2,1,1,30,6,0.5,0.14285714285714285,0.22222222222222224,2,3,0.4,2,8,0.2,True,False,1
4,3,0.85,0.65,2,1,1,30,6,0.5,0.14285714285714285,0.22222222222222224,2,3,0.4,2,8,0.2,True,False,1
4,3,1.0,0.65,2,1,1,30,6,0.5,0.14285714285714285,0.22222222222222224,2,3,0.4,2,8,0.2,True,False,1
4,3,1.15,0.65,2,1,1,30,6,0.5,0.14285714285714285,0.22222222222222224,2,3,0.4,2,8,0.2,True,False,1
4,4,0.85,0.65,2,1,1,30,6,0.5,0.14285714285714285,0.22222222222222224,2,3,0.4,2,8,0.2,True,False,1
4,4,1.0,0.65,2,1,1,30,6,0.5,0.14285714285714285,0.22222222222222224,2,3,0.4,2,8,0.2,True,False,1
4,4,1.15,0.65,2,1,1,30,6,0.5,0.14285714285714285,0.22222222222222224,2,3,0.4,2,8,0.2,True,False,1
0,0,1.0,0.625,2,1,1,30,6,0.5,0.14285714285714285,0.22222222222222224,2,3,0.4,2,8,0.2,True,False,1
0,0,1.15,0.625,2,1,1,30,6,0.5,0.14285714285714285,0.22222222222222224,2,3,0.4,2,8,0.2,True,False,1
0,1,0.85,0.625,2,1,1,30,6,0.5,0.14285714285714285,0.22222222222222224,2,3,0.4,2,8,0.2,True,False,1
0,1,1.0,0.625,2,1,1,30,6,0.5,0.14285714285714285,0.22222222222222224,2,3,0.4,2,8,0.2,True,False,1
0,1,1.15,0.625,2,1,1,30,6,0.5,0.14285714285714285,0.22222222222222224,2,3,0.4,2,8,0.2,True,False,1
0,2,1.0,0.625,2,1,1,30,6,0.5,0.14285714285714285,0.22222222222222224,2,3,0.4,2,8,0.2,True,False,1
0,2,1.15,0.625,2,1,1,30,6,0.5,0.14285714285714285,0.22222222222222224,2,3,0.4,2,8,0.2,True,False,1
0,3,0.85,0.625,2,1,1,30,6,0.5,0.14285714285714285,0.22222222222222224,2,3,0.4,2,8,0.2,True,False,1
0,3,1.0,0.625,2,1,1,30,6,0.5,0.14285714285714285,0.22222222222222224,2,3,0.4,2,8,0.2,True,False,1
0,3,1.15,0.625,2,1,1,30,6,0.5,0.14285714285714285,0.22222222222222224,2,3,0.4,2,8,0.2,True,False,1
0,4,1.0,0.625,2,1,1,30,6,0.5,0.14285714285714285,0.22222222222222224,2,3,0.4,2,8,0.2,True,False,1
0,4,1.15,0.625,2,1,1,30,6,0.5,0.14285714285714285,0.22222222222222224,2,3,0.4,2,8,0.2,True,False,1
1,0,0.85,0.625,2,1,1,30,6,0.5,0.14285714285714285,0.22222222222222224,2,3,0.4,2,8,0.2,True,False,1
1,0,1.0,0.625,2,1,1,30,6,0.5,0.14285714285714285,0.22222222222222224,2,3,0.4,2,8,0.2,True,False,1
1,0,1.15,0.625,2,1,1,30,6,0.5,0.14285714285714285,0.22222222222222224,2,3,0.4,2,8,0.2,True,False,1
1,1,0.85,0.625,2,1,1,30,6,0.5,0.14285714285714285,0.22222222222222224,2,3,0.4,2,8,0.2,True,False,1
1,1,1.0,0.625,2,1,1,30,6,0.5,0.14285714285714285,0.22222222222222224,2,3,0.4,2,8,0.2,True,False,1
1,1,1.15,0.625,2,1,1,30,6,0.5,0.14285714285714285,0.22222222222222224,2,3,0.4,2,8,0.2,True,False,1
1,2,0.85,0.625,2,1,1,30,6,0.5,0.14285714285714285,0.22222222222222224,2,3,0.4,2,8,0.2,True,False,1
1,2,1.0,0.625,2,1,1,30,6,0.5,0.14285714285714285,0.22222222222222224,2,3,0.4,2,8,0.2,True,False,1
1,2,1.15,0.625,2,1,1,30,6,0.5,0.14285714285714285,0.22222222222222224,2,3,0.4,2,8,0.2,True,False,1
1,3,0.85,0.625,2,1,1,30,6,0.5,0.14285714285714285,0.22222222222222224,2,3,0.4,2,8,0.2,True,False,1
1,3,1.0,0.625,2,1,1,30,6,0.5,0.14285714285714285,0.22222222222222224,2,3,0.4,2,8,0.2,True,False,1
1,3,1.15,0.625,2,1,1,30,6,0.5,0.14285714285714285,0.22222222222222224,2,3,0.4,2,8,0.2,True,False,1
1,4,0.85,0.625,2,1,1,30,6,0.5,0.14285714285714285,0.22222222222222224,2,3,0.4,2,8,0.2,True,False,1
1,4,1.0,0.625,2,1,1,30,6,0.5,0.14285714285714285,0.22222222222222224,2,3,0.4,2,8,0.2,True,False,1
1,4,1.15,0.625,2,1,1,30,6,0.5,0.14285714285714285,0.22222222222222224,2,3,0.4,2,8,0.2,True,False,1
2,0,1.0,0.625,2,1,1,30,6,0.5,0.14285714285714285,0.22222222222222224,2,3,0.4,2,8,0.2,True,False,1
2,0,1.15,0.625,2,1,1,30,6,0.5,0.14285714285714285,0.22222222222222224,2,3,0.4,2,8,0.2,True,False,1
2,1,0.85,0.625,2,1,1,30,6,0.5,0.14285714285714285,0.22222222222222224,2,3,0.4,2,8,0.2,True,False,1
2,1,1.0,0.625,2,1,1,30,6,0.5,0.14285714285714285,0.22222222222222224,2,3,0.4,2,8,0.2,True,False,1
2,1,1.15,0.625,2,1,1,30,6,0.5,0.14285714285714285,0.22222222222222224,2,3,0.4,2,8,0.2,True,False,1
2,2,1.0,0.625,2,1,1,30,6,0.5,0.14285714285714285,0.22222222222222224,2,3,0.4,2,8,0.2,True,False,1
2,2,1.15,0.625,2,1,1,30,6,0.5,0.14285714285714285,0.22222222222222224,2,3,0.4,2,8,0.2,True,False,1
2,3,0.85,0.625,2,1,1,30,6,0.5,0.14285714285714285,0.22222222222222224,2,3,0.4,2,8,0.2,True,False,1
2,3,1.0,0.625,2,1,1,30,6,0.5,0.14285714285714285,0.22222222222222224,2,3,0.4,2,8,0.2,True,False,1
2,3,1.15,0.625,2,1,1,30,6,0.5,0.14285714285714285,0.22222222222222224,2,3,0.4,2,8,0.2,True,False,1
2,4,1.0,0.625,2,1,1,30,6,0.5,0.14285714285714285,0.22222222222222224,2,3,0.4,2,8,0.2,True,False,1
2,4,1.15,0.625,2,1,1,30,6,0.5,0.14285714285714285,0.22222222222222224,2,3,0.4,2,8,0.2,True,False,1
3,0,1.0,0.625,2,1,1,30,6,0.5,0.14285714285714285,0.22222222222222224,2,3,0.4,2,8,0.2,True,False,1
3,0,1.15,0.625,2,1,1,30,6,0.5,0.14285714285714285,0.22222222222222224,2,3,0.4,2,8,0.2,True,False,1
3,1,0.85,0.625,2,1,1,30,6,0.5,0.14285714285714285,0.22222222222222224,2,3,0.4,2,8,0.2,True,False,1
3,1,1.0,0.625,2,1,1,30,6,0.5,0.14285714285714285,0.22222222222222224,2,3,0.4,2,8,0.2,True,False,1
3,1,1.15,0.625,2,1,1,30,6,0.5,0.14285714285714285,0.22222222222222224,2,3,0.4,2,8,0.2,True,False,1
3,2,1.0,0.625,2,1,1,30,6,0.5,0.14285714285714285,0.22222222222222224,2,3,0.4,2,8,0.2,True,False,1
3,2,1.15,0.625,2,1,1,30,6,0.5,0.14285714285714285,0.22222222222222224,2,3,0.4,2,8,0.2,True,False,1
3,3,0.85,0.625,2,1,1,30,6,0.5,0.14285714285714285,0.22222222222222224,2,3,0.4,2,8,0.2,True,False,1
3,3,1.0,0.625,2,1,1,30,6,0.5,0.14285714285714285,0.22222222222222224,2,3,0.4,2,8,0.2,True,False,1
3,3,1.15,0.625,2,1,1,30,6,0.5,0.14285714285714285,0.22222222222222224,2,3,0.4,2,8,0.2,True,False,1
3,4,1.0,0.625,2,1,1,30,6,0.5,0.14285714285714285,0.22222222222222224,2,3,0.4,2,8,0.2,True,False,1
3,4,1.15,0.625,2,1,1,30,6,0.5,0.14285714285714285,0.22222222222222224,2,3,0.4,2,8,0.2,True,False,1
4,0,1.0,0.625,2,1,1,30,6,0.5,0.14285714285714285,0.22222222222222224,2,3,0.4,2,8,0.2,True,False,1
4,0,1.15,0.625,2,1,1,30,6,0.5,0.14285714285714285,0.22222222222222224,2,3,0.4,2,8,0.2,True,False,1
4,1,0.85,0.625,2,1,1,30,6,0.5,0.14285714285714285,0.22222222222222224,2,3,0.4,2,8,0.2,True,False,1
4,1,1.0,0.625,2,1,1,30,6,0.5,0.14285714285714285,0.22222222222222224,2,3,0.4,2,8,0.2,True,False,1
4,1,1.15,0.625,2,1,1,30,6,0.5,0.14285714285714285,0.22222222222222224,2,3,0.4,2,8,0.2,True,False,1
4,2,1.0,0.625,2,1,1,30,6,0.5,0.14285714285714285,0.22222222222222224,2,3,0.4,2,8,0.2,True,False,1
4,2,1.15,0.625,2,1,1,30,6,0.5,0.14285714285714285,0.22222222222222224,2,3,0.4,2,8,0.2,True,False,1
4,3,1.0,0.625,2,1,1,30,6,0.5,0.14285714285714285,0.22222222222222224,2,3,0.4,2,8,0.2,True,False,1
4,3,1.15,0.625,2,1,1,30,6,0.5,0.14285714285714285,0.22222222222222224,2,3,0.4,2,8,0.2,True,False,1
4,4,1.0,0.625,2,1,1,30,6,0.5,0.14285714285714285,0.22222222222222224,2,3,0.4,2,8,0.2,True,False,1
4,4,1.15,0.625,2,1,1,30,6,0.5,0.14285714285714285,0.22222222222222224,2,3,0.4,2,8,0.2,True,False,1
0,0,1.15,0.6,2,1,1,30,6,0.5,0.14285714285714285,0.22222222222222224,2,3,0.4,2,8,0.2,True,False,1
0,1,1.0,0.6,2,1,1,30,6,0.5,0.14285714285714285,0.22222222222222224,2,3,0.4,2,8,0.2,True,False,1
0,1,1.15,0.6,2,1,1,30,6,0.5,0.14285714285714285,0.22222222222222224,2,3,0.4,2,8,0.2,True,False,1
0,2,1.0,0.6,2,1,1,30,6,0.5,0.14285714285714285,0.22222222222222224,2,3,0.4,2,8,0.2,True,False,1
0,2,1.15,0.6,2,1,1,30,6,0.5,0.14285714285714285,0.22222222222222224,2,3,0.4,2,8,0.2,True,False,1
0,3,1.0,0.6,2,1,1,30,6,0.5,0.14285714285714285,0.22222222222222224,2,3,0.4,2,8,0.2,True,False,1
0,3,1.15,0.6,2,1,1,30,6,0.5,0.14285714285714285,0.22222222222222224,2,3,0.4,2,8,0.2,True,False,1
0,4,1.0,0.6,2,1,1,30,6,0.5,0.14285714285714285,0.22222222222222224,2,3,0.4,2,8,0.2,True,False,1
0,4,1.15,0.6,2,1,1,30,6,0.5,0.14285714285714285,0.22222222222222224,2,3,0.4,2,8,0.2,True,False,1
1,0,1.0,0.6,2,1,1,30,6,0.5,0.14285714285714285,0.22222222222222224,2,3,0.4,2,8,0.2,True,False,1
1,0,1.15,0.6,2,1,1,30,6,0.5,0.14285714285714285,0.22222222222222224,2,3,0.4,2,8,0.2,True,False,1
1,1,0.85,0.6,2,1,1,30,6,0.5,0.14285714285714285,0.22222222222222224,2,3,0.4,2,8,0.2,True,False,1
1,1,1.0,0.6,2,1,1,30,6,0.5,0.14285714285714285,0.22222222222222224,2,3,0.4,2,8,0.2,True,False,1
1,1,1.15,0.6,2,1,1,30,6,0.5,0.14285714285714285,0.22222222222222224,2,3,0.4,2,8,0.2,True,False,1
1,2,1.0,0.6,2,1,1,30,6,0.5,0.14285714285714285,0.22222222222222224,2,3,0.4,2,8,0.2,True,False,1
1,2,1.15,0.6,2,1,1,30,6,0.5,0.14285714285714285,0.22222222222222224,2,3,0.4,2,8,0.2,True,False,1
1,3,1.0,0.6,2,1,1,30,6,0.5,0.14285714285714285,0.22222222222222224,2,3,0.4,2,8,0.2,True,False,1
1,3,1.15,0.6,2,1,1,30,6,0.5,0.14285714285714285,0.22222222222222224,2,3,0.4,2,8,0.2,True,False,1
1,4,1.0,0.6,2,1,1,30,6,0.5,0.14285714285714285,0.22222222222222224,2,3,0.4,2,8,0.2,True,False,1
1,4,1.15,0.6,2,1,1,30,6,0.5,0.14285714285714285,0.22222222222222224,2,3,0.4,2,8,0.2,True,False,1
2,0,1.15,0.6,2,1,1,30,6,0.5,0.14285714285714285,0.22222222222222224,2,3,0.4,2,8,0.2,True,False,1
2,1,1.0,0.6,2,1,1,30,6,0.5,0.14285714285714285,0.22222222222222224,2,3,0.4,2,8,0.2,True,False,1
2,1,1.15,0.6,2,1,1,30,6,0.5,0.14285714285714285,0.22222222222222224,2,3,0.4,2,8,0.2,True,False,1
2,2,1.15,0.6,2,1,1,30,6,0.5,0.14285714285714285,0.22222222222222224,2,3,0.4,2,8,0.2,True,False,1
2,3,1.0,0.6,2,1,1,30,6,0.5,0.14285714285714285,0.22222222222222224,2,3,0.4,2,8,0.2,True,False,1
2,3,1.15,0.6,2,1,1,30,6,0.5,0.14285714285714285,0.22222222222222224,2,3,0.4,2,8,0.2,True,False,1
2,4,1.15,0.6,2,1,1,30,6,0.5,0.14285714285714285,0.22222222222222224,2,3,0.4,2,8,0.2,True,False,1
3,0,1.15,0.6,2,1,1,30,6,0.5,0.14285714285714285,0.22222222222222224,2,3,0.4,2,8,0.2,True,False,1
3,1,1.0,0.6,2,1,1,30,6,0.5,0.14285714285714285,0.22222222222222224,2,3,0.4,2,8,0.2,True,False,1
3,1,1.15,0.6,2,1,1,30,6,0.5,0.14285714285714285,0.22222222222222224,2,3,0.4,2,8,0.2,True,False,1
3,2,1.15,0.6,2,1,1,30,6,0.5,0.14285714285714285,0.22222222222222224,2,3,0.4,2,8,0.2,True,False,1
3,3,1.0,0.6,2,1,1,30,6,0.5,0.14285714285714285,0.22222222222222224,2,3,0.4,2,8,0.2,True,False,1
3,3,1.15,0.6,2,1,1,30,6,0.5,0.14285714285714285,0.22222222222222224,2,3,0.4,2,8,0.2,True,False,1
3,4,1.15,0.6,2,1,1,30,6,0.5,0.14285714285714285,0.22222222222222224,2,3,0.4,2,8,0.2,True,False,1
4,0,1.15,0.6,2,1,1,30,6,0.5,0.14285714285714285,0.22222222222222224,2,3,0.4,2,8,0.2,True,False,1
4,1,1.0,0.6,2,1,1,30,6,0.5,0.14285714285714285,0.22222222222222224,2,3,0.4,2,8,0.2,True,False,1
4,1,1.15,0.6,2,1,1,30,6,0.5,0.14285714285714285,0.22222222222222224,2,3,0.4,2,8,0.2,True,False,1
4,2,1.15,0.6,2,1,1,30,6,0.5,0.14285714285714285,0.22222222222222224,2,3,0.4,2,8,0.2,True,False,1
4,3,1.15,0.6,2,1,1,30,6,0.5,0.14285714285714285,0.22222222222222224,2,3,0.4,2,8,0.2,True,False,1
4,4,1.15,0.6,2,1,1,30,6,0.5,0.14285714285714285,0.22222222222222224,2,3,0.4,2,8,0.2,True,False,1
0,1,1.0,0.575,2,1,1,30,6,0.5,0.14285714285714285,0.22222222222222224,2,3,0.4,2,8,0.2,True,False,1
0,1,1.15,0.575,2,1,1,30,6,0.5,0.14285714285714285,0.22222222222222224,2,3,0.4,2,8,0.2,True,False,1
0,2,1.15,0.575,2,1,1,30,6,0.5,0.14285714285714285,0.22222222222222224,2,3,0.4,2,8,0.2,True,False,1
0,3,1.15,0.575,2,1,1,30,6,0.5,0.14285714285714285,0.22222222222222224,2,3,0.4,2,8,0.2,True,False,1
0,4,1.15,0.575,2,1,1,30,6,0.5,0.14285714285714285,0.22222222222222224,2,3,0.4,2,8,0.2,True,False,1
1,0,1.15,0.575,2,1,1,30,6,0.5,0.14285714285714285,0.22222222222222224,2,3,0.4,2,8,0.2,True,False,1
1,1,1.0,0.575,2,1,1,30,6,0.5,0.14285714285714285,0.22222222222222224,2,3,0.4,2,8,0.2,True,False,1
1,1,1.15,0.575,2,1,1,30,6,0.5,0.14285714285714285,0.22222222222222224,2,3,0.4,2,8,0.2,True,False,1
1,2,1.15,0.575,2,1,1,30,6,0.5,0.14285714285714285,0.22222222222222224,2,3,0.4,2,8,0.2,True,False,1
1,3,1.15,0.575,2,1,1,30,6,0.5,0.14285714285714285,0.22222222222222224,2,3,0.4,2,8,0.2,True,False,1
1,4,1.15,0.575,2,1,1,30,6,0.5,0.14285714285714285,0.22222222222222224,2,3,0.4,2,8,0.2,True,False,1
2,1,1.15,0.575,2,1,1,30,6,0.5,0.14285714285714285,0.22222222222222224,2,3,0.4,2,8,0.2,True,False,1
2,3,1.15,0.575,2,1,1,30,6,0.5,0.14285714285714285,0.22222222222222224,2,3,0.4,2,8,0.2,True,False,1
3,1,1.15,0.575,2,1,1,30,6,0.5,0.14285714285714285,0.22222222222222224,2,3,0.4,2,8,0.2,True,False,1
3,3,1.15,0.575,2,1,1,30,6,0.5,0.14285714285714285,0.22222222222222224,2,3,0.4,2,8,0.2,True,False,1
4,1,1.15,0.575,2,1,1,30,6,0.5,0.14285714285714285,0.22222222222222224,2,3,0.4,2,8,0.2,True,False,1
0,1,1.15,0.55,2,1,1,30,6,0.5,0.14285714285714285,0.22222222222222224,2,3,0.4,2,8,0.2,True,False,1
1,1,1.15,0.55,2,1,1,30,6,0.5,0.14285714285714285,0.22222222222222224,2,3,0.4,2,8,0.2,True,False,1
1,3,1.15,0.55,2,1,1,30,6,0.5,0.14285714285714285,0.22222222222222224,2,3,0.4,2,8,0.2,True,False,1
2,1,1.15,0.55,2,1,1,30,6,0.5,0.14285714285714285,0.22222222222222224,2,3,0.4,2,8,0.2,True,False,1
3,1,1.15,0.55,2,1,1,30,6,0.5,0.14285714285714285,0.22222222222222224,2,3,0.4,2,8,0.2,True,False,1
3,2,0.55,0.65,5,2,3,28,5,0.4,0.2857142857142857,0.3333333333333333,2,3,0.4,2,8,0.2,False,True,2
0,1,0.55,0.625,5,2,3,28,5,0.4,0.2857142857142857,0.3333333333333333,2,3,0.4,2,8,0.2,False,True,2
1,3,0.55,0.625,5,2,3,28,5,0.4,0.2857142857142857,0.3333333333333333,2,3,0.4,2,8,0.2,False,True,2
2,1,0.55,0.625,5,2,3,28,5,0.4,0.2857142857142857,0.3333333333333333,2,3,0.4,2,8,0.2,False,True,2
3,1,0.55,0.625,5,2,3,28,5,0.4,0.2857142857142857,0.3333333333333333,2,3,0.4,2,8,0.2,False,True,2
4,3,0.7,0.625,5,2,3,28,5,0.4,0.2857142857142857,0.3333333333333333,2,3,0.4,2,8,0.2,False,True,2
0,3,0.7,0.6,5,2,3,28,5,0.4,0.2857142857142857,0.3333333333333333,2,3,0.4,2,8,0.2,False,True,2
1,3,0.7,0.6,5,2,3,28,5,0.4,0.2857142857142857,0.3333333333333333,2,3,0.4,2,8,0.2,False,True,2
2,3,0.7,0.6,5,2,3,28,5,0.4,0.2857142857142857,0.3333333333333333,2,3,0.4,2,8,0.2,False,True,2
3,3,0.7,0.6,5,2,3,28,5,0.4,0.2857142857142857,0.3333333333333333,2,3,0.4,2,8,0.2,False,True,2
4,4,0.7,0.6,5,2,3,28,5,0.4,0.2857142857142857,0.3333333333333333,2,3,0.4,2,8,0.2,False,True,2
0,4,0.7,0.575,5,2,3,28,5,0.4,0.2857142857142857,0.3333333333333333,2,3,0.4,2,8,0.2,False,True,2
3,4,0.7,0.575,5,2,3,28,5,0.4,0.2857142857142857,0.3333333333333333,2,3,0.4,2,8,0.2,False,True,2
4,2,1.0,0.575,5,2,3,28,5,0.4,0.2857142857142857,0.3333333333333333,2,3,0.4,2,8,0.2,False,True,2
4,3,0.85,0.575,5,2,3,28,5,0.4,0.2857142857142857,0.3333333333333333,2,3,0.4,2,8,0.2,False,True,2
0,2,1.0,0.55,5,2,3,28,5,0.4,0.2857142857142857,0.3333333333333333,2,3,0.4,2,8,0.2,False,True,2
0,3,0.85,0.55,5,2,3,28,5,0.4,0.2857142857142857,0.3333333333333333,2,3,0.4,2,8,0.2,False,True,2
1,2,1.0,0.55,5,2,3,28,5,0.4,0.2857142857142857,0.3333333333333333,2,3,0.4,2,8,0.2,False,True,2
1,3,0.85,0.55,5,2,3,28,5,0.4,0.2857142857142857,0.3333333333333333,2,3,0.4,2,8,0.2,False,True,2
2,2,1.0,0.55,5,2,3,28,5,0.4,0.2857142857142857,0.3333333333333333,2,3,0.4,2,8,0.2,False,True,2
2,3,0.85,0.55,5,2,3,28,5,0.4,0.2857142857142857,0.3333333333333333,2,3,0.4,2,8,0.2,False,True,2
3,1,0.85,0.55,5,2,3,28,5,0.4,0.2857142857142857,0.3333333333333333,2,3,0.4,2,8,0.2,False,True,2
3,2,1.0,0.55,5,2,3,28,5,0.4,0.2857142857142857,0.3333333333333333,2,3,0.4,2,8,0.2,False,True,2
3,4,0.85,0.55,5,2,3,28,5,0.4,0.2857142857142857,0.3333333333333333,2,3,0.4,2,8,0.2,False,True,2
4,3,1.0,0.55,5,2,3,28,5,0.4,0.2857142857142857,0.3333333333333333,2,3,0.4,2,8,0.2,False,True,2
0,3,1.0,0.525,5,2,3,28,5,0.4,0.2857142857142857,0.3333333333333333,2,3,0.4,2,8,0.2,False,True,2
1,3,1.0,0.525,5,2,3,28,5,0.4,0.2857142857142857,0.3333333333333333,2,3,0.4,2,8,0.2,False,True,2
2,3,1.0,0.525,5,2,3,28,5,0.4,0.2857142857142857,0.3333333333333333,2,3,0.4,2,8,0.2,False,True,2
3,3,1.0,0.525,5,2,3,28,5,0.4,0.2857142857142857,0.3333333333333333,2,3,0.4,2,8,0.2,False,True,2
4,0,1.15,0.525,5,2,3,28,5,0.4,0.2857142857142857,0.3333333333333333,2,3,0.4,2,8,0.2,False,True,2
4,3,1.15,0.525,5,2,3,28,5,0.4,0.2857142857142857,0.3333333333333333,2,3,0.4,2,8,0.2,False,True,2
4,4,1.0,0.525,5,2,3,28,5,0.4,0.2857142857142857,0.3333333333333333,2,3,0.4,2,8,0.2,False,True,2
0,4,1.0,0.5,5,2,3,28,5,0.4,0.2857142857142857,0.3333333333333333,2,3,0.4,2,8,0.2,False,True,2
1,4,1.0,0.5,5,2,3,28,5,0.4,0.2857142857142857,0.3333333333333333,2,3,0.4,2,8,0.2,False,True,2
2,3,1.15,0.5,5,2,3,28,5,0.4,0.2857142857142857,0.3333333333333333,2,3,0.4,2,8,0.2,False,True,2
2,4,1.0,0.5,5,2,3,28,5,0.4,0.2857142857142857,0.3333333333333333,2,3,0.4,2,8,0.2,False,True,2
3,0,1.15,0.5,5,2,3,28,5,0.4,0.2857142857142857,0.3333333333333333,2,3,0.4,2,8,0.2,False,True,2
3,4,1.0,0.5,5,2,3,28,5,0.4,0.2857142857142857,0.3333333333333333,2,3,0.4,2,8,0.2,False,True,2
4,3,1.15,0.5,5,2,3,28,5,0.4,0.2857142857142857,0.3333333333333333,2,3,0.4,2,8,0.2,False,True,2
0,3,1.15,0.475,5,2,3,28,5,0.4,0.2857142857142857,0.3333333333333333,2,3,0.4,2,8,0.2,False,True,2
0,4,1.15,0.475,5,2,3,28,5,0.4,0.2857142857142857,0.3333333333333333,2,3,0.4,2,8,0.2,False,True,2
1,3,1.15,0.475,5,2,3,28,5,0.4,0.2857142857142857,0.3333333333333333,2,3,0.4,2,8,0.2,False,True,2
2,3,1.15,0.475,5,2,3,28,5,0.4,0.2857142857142857,0.3333333333333333,2,3,0.4,2,8,0.2,False,True,2
2,4,1.15,0.475,5,2,3,28,5,0.4,0.2857142857142857,0.3333333333333333,2,3,0.4,2,8,0.2,False,True,2
3,3,1.15,0.475,5,2,3,28,5,0.4,0.2857142857142857,0.3333333333333333,2,3,0.4,2,8,0.2,False,True,2
3,4,1.15,0.475,5,2,3,28,5,0.4,0.2857142857142857,0.3333333333333333,2,3,0.4,2,8,0.2,False,True,2
4,0,0.55,0.65,6,2,4,27,5,0.3333333333333333,0.2857142857142857,0.30769230769230765,2,3,0.4,2,8,0.2,False,True,2
4,1,0.55,0.65,6,2,4,27,5,0.3333333333333333,0.2857142857142857,0.30769230769230765,2,3,0.4,2,8,0.2,False,True,2
4,2,0.55,0.65,6,2,4,27,5,0.3333333333333333,0.2857142857142857,0.30769230769230765,2,3,0.4,2,8,0.2,False,True,2
4,3,0.55,0.65,6,2,4,27,5,0.3333333333333333,0.2857142857142857,0.30769230769230765,2,3,0.4,2,8,0.2,False,True,2
0,0,0.55,0.625,6,2,4,27,5,0.3333333333333333,0.2857142857142857,0.30769230769230765,2,3,0.4,2,8,0.2,False,True,2
0,2,0.55,0.625,6,2,4,27,5,0.3333333333333333,0.2857142857142857,0.30769230769230765,2,3,0.4,2,8,0.2,False,True,2
0,3,0.55,0.625,6,2,4,27,5,0.3333333333333333,0.2857142857142857,0.30769230769230765,2,3,0.4,2,8,0.2,False,True,2
1,0,0.55,0.625,6,2,4,27,5,0.3333333333333333,0.2857142857142857,0.30769230769230765,2,3,0.4,2,8,0.2,False,True,2
1,2,0.55,0.625,6,2,4,27,5,0.3333333333333333,0.2857142857142857,0.30769230769230765,2,3,0.4,2,8,0.2,False,True,2
2,0,0.55,0.625,6,2,4,27,5,0.3333333333333333,0.2857142857142857,0.30769230769230765,2,3,0.4,2,8,0.2,False,True,2
2,2,0.55,0.625,6,2,4,27,5,0.3333333333333333,0.2857142857142857,0.30769230769230765,2,3,0.4,2,8,0.2,False,True,2
2,3,0.55,0.625,6,2,4,27,5,0.3333333333333333,0.2857142857142857,0.30769230769230765,2,3,0.4,2,8,0.2,False,True,2
3,0,0.55,0.625,6,2,4,27,5,0.3333333333333333,0.2857142857142857,0.30769230769230765,2,3,0.4,2,8,0.2,False,True,2
3,2,0.55,0.625,6,2,4,27,5,0.3333333333333333,0.2857142857142857,0.30769230769230765,2,3,0.4,2,8,0.2,False,True,2
3,3,0.55,0.625,6,2,4,27,5,0.3333333333333333,0.2857142857142857,0.30769230769230765,2,3,0.4,2,8,0.2,False,True,2
4,0,0.7,0.625,6,2,4,27,5,0.3333333333333333,0.2857142857142857,0.30769230769230765,2,3,0.4,2,8,0.2,False,True,2
4,1,0.55,0.625,6,2,4,27,5,0.3333333333333333,0.2857142857142857,0.30769230769230765,2,3,0.4,2,8,0.2,False,True,2
4,2,0.7,0.625,6,2,4,27,5,0.3333333333333333,0.2857142857142857,0.30769230769230765,2,3,0.4,2,8,0.2,False,True,2
4,3,0.55,0.625,6,2,4,27,5,0.3333333333333333,0.2857142857142857,0.30769230769230765,2,3,0.4,2,8,0.2,False,True,2
4,4,0.55,0.625,6,2,4,27,5,0.3333333333333333,0.2857142857142857,0.30769230769230765,2,3,0.4,2,8,0.2,False,True,2
0,0,0.55,0.6,6,2,4,27,5,0.3333333333333333,0.2857142857142857,0.30769230769230765,2,3,0.4,2,8,0.2,False,True,2
0,0,0.7,0.6,6,2,4,27,5,0.3333333333333333,0.2857142857142857,0.30769230769230765,2,3,0.4,2,8,0.2,False,True,2
0,1,0.55,0.6,6,2,4,27,5,0.3333333333333333,0.2857142857142857,0.30769230769230765,2,3,0.4,2,8,0.2,False,True,2
0,2,0.7,0.6,6,2,4,27,5,0.3333333333333333,0.2857142857142857,0.30769230769230765,2,3,0.4,2,8,0.2,False,True,2
0,3,0.55,0.6,6,2,4,27,5,0.3333333333333333,0.2857142857142857,0.30769230769230765,2,3,0.4,2,8,0.2,False,True,2
0,4,0.55,0.6,6,2,4,27,5,0.3333333333333333,0.2857142857142857,0.30769230769230765,2,3,0.4,2,8,0.2,False,True,2
1,0,0.55,0.6,6,2,4,27,5,0.3333333333333333,0.2857142857142857,0.30769230769230765,2,3,0.4,2,8,0.2,False,True,2
1,0,0.7,0.6,6,2,4,27,5,0.3333333333333333,0.2857142857142857,0.30769230769230765,2,3,0.4,2,8,0.2,False,True,2
1,1,0.55,0.6,6,2,4,27,5,0.3333333333333333,0.2857142857142857,0.30769230769230765,2,3,0.4,2,8,0.2,False,True,2
1,2,0.55,0.6,6,2,4,27,5,0.3333333333333333,0.2857142857142857,0.30769230769230765,2,3,0.4,2,8,0.2,False,True,2
1,2,0.7,0.6,6,2,4,27,5,0.3333333333333333,0.2857142857142857,0.30769230769230765,2,3,0.4,2,8,0.2,False,True,2
1,3,0.55,0.6,6,2,4,27,5,0.3333333333333333,0.2857142857142857,0.30769230769230765,2,3,0.4,2,8,0.2,False,True,2
1,4,0.55,0.6,6,2,4,27,5,0.3333333333333333,0.2857142857142857,0.30769230769230765,2,3,0.4,2,8,0.2,False,True,2
2,0,0.55,0.6,6,2,4,27,5,0.3333333333333333,0.2857142857142857,0.30769230769230765,2,3,0.4,2,8,0.2,False,True,2
2,0,0.7,0.6,6,2,4,27,5,0.3333333333333333,0.2857142857142857,0.30769230769230765,2,3,0.4,2,8,0.2,False,True,2
2,1,0.55,0.6,6,2,4,27,5,0.3333333333333333,0.2857142857142857,0.30769230769230765,2,3,0.4,2,8,0.2,False,True,2
2,2,0.7,0.6,6,2,4,27,5,0.3333333333333333,0.2857142857142857,0.30769230769230765,2,3,0.4,2,8,0.2,False,True,2
2,3,0.55,0.6,6,2,4,27,5,0.3333333333333333,0.2857142857142857,0.30769230769230765,2,3,0.4,2,8,0.2,False,True,2
2,4,0.55,0.6,6,2,4,27,5,0.3333333333333333,0.2857142857142857,0.30769230769230765,2,3,0.4,2,8,0.2,False,True,2
3,0,0.7,0.6,6,2,4,27,5,0.3333333333333333,0.2857142857142857,0.30769230769230765,2,3,0.4,2,8,0.2,False,True,2
3,1,0.55,0.6,6,2,4,27,5,0.3333333333333333,0.2857142857142857,0.30769230769230765,2,3,0.4,2,8,0.2,False,True,2
3,2,0.7,0.6,6,2,4,27,5,0.3333333333333333,0.2857142857142857,0.30769230769230765,2,3,0.4,2,8,0.2,False,True,2
4,0,0.7,0.6,6,2,4,27,5,0.3333333333333333,0.2857142857142857,0.30769230769230765,2,3,0.4,2,8,0.2,False,True,2
4,1,0.7,0.6,6,2,4,27,5,0.3333333333333333,0.2857142857142857,0.30769230769230765,2,3,0.4,2,8,0.2,False,True,2
4,2,0.7,0.6,6,2,4,27,5,0.3333333333333333,0.2857142857142857,0.30769230769230765,2,3,0.4,2,8,0.2,False,True,2
4,2,0.85,0.6,6,2,4,27,5,0.3333333333333333,0.2857142857142857,0.30769230769230765,2,3,0.4,2,8,0.2,False,True,2
4,3,0.7,0.6,6,2,4,27,5,0.3333333333333333,0.2857142857142857,0.30769230769230765,2,3,0.4,2,8,0.2,False,True,2
0,0,0.7,0.575,6,2,4,27,5,0.3333333333333333,0.2857142857142857,0.30769230769230765,2,3,0.4,2,8,0.2,False,True,2
0,1,0.7,0.575,6,2,4,27,5,0.3333333333333333,0.2857142857142857,0.30769230769230765,2,3,0.4,2,8,0.2,False,True,2
0,2,0.7,0.575,6,2,4,27,5,0.3333333333333333,0.2857142857142857,0.30769230769230765,2,3,0.4,2,8,0.2,False,True,2
0,2,0.85,0.575,6,2,4,27,5,0.3333333333333333,0.2857142857142857,0.30769230769230765,2,3,0.4,2,8,0.2,False,True,2
0,3,0.7,0.575,6,2,4,27,5,0.3333333333333333,0.2857142857142857,0.30769230769230765,2,3,0.4,2,8,0.2,False,True,2
1,0,0.7,0.575,6,2,4,27,5,0.3333333333333333,0.2857142857142857,0.30769230769230765,2,3,0.4,2,8,0.2,False,True,2
1,1,0.55,0.575,6,2,4,27,5,0.3333333333333333,0.2857142857142857,0.30769230769230765,2,3,0.4,2,8,0.2,False,True,2
1,1,0.7,0.575,6,2,4,27,5,0.3333333333333333,0.2857142857142857,0.30769230769230765,2,3,0.4,2,8,0.2,False,True,2
1,2,0.7,0.575,6,2,4,27,5,0.3333333333333333,0.2857142857142857,0.30769230769230765,2,3,0.4,2,8,0.2,False,True,2
1,2,0.85,0.575,6,2,4,27,5,0.3333333333333333,0.2857142857142857,0.30769230769230765,2,3,0.4,2,8,0.2,False,True,2
1,3,0.7,0.575,6,2,4,27,5,0.3333333333333333,0.2857142857142857,0.30769230769230765,2,3,0.4,2,8,0.2,False,True,2
2,0,0.7,0.575,6,2,4,27,5,0.3333333333333333,0.2857142857142857,0.30769230769230765,2,3,0.4,2,8,0.2,False,True,2
2,1,0.7,0.575,6,2,4,27,5,0.3333333333333333,0.2857142857142857,0.30769230769230765,2,3,0.4,2,8,0.2,False,True,2
2,2,0.7,0.575,6,2,4,27,5,0.3333333333333333,0.2857142857142857,0.30769230769230765,2,3,0.4,2,8,0.2,False,True,2
2,2,0.85,0.575,6,2,4,27,5,0.3333333333333333,0.2857142857142857,0.30769230769230765,2,3,0.4,2,8,0.2,False,True,2
2,3,0.7,0.575,6,2,4,27,5,0.3333333333333333,0.2857142857142857,0.30769230769230765,2,3,0.4,2,8,0.2,False,True,2
2,4,0.7,0.575,6,2,4,27,5,0.3333333333333333,0.2857142857142857,0.30769230769230765,2,3,0.4,2,8,0.2,False,True,2
3,0,0.7,0.575,6,2,4,27,5,0.3333333333333333,0.2857142857142857,0.30769230769230765,2,3,0.4,2,8,0.2,False,True,2
3,1,0.7,0.575,6,2,4,27,5,0.3333333333333333,0.2857142857142857,0.30769230769230765,2,3,0.4,2,8,0.2,False,True,2
3,2,0.7,0.575,6,2,4,27,5,0.3333333333333333,0.2857142857142857,0.30769230769230765,2,3,0.4,2,8,0.2,False,True,2
3,2,0.85,0.575,6,2,4,27,5,0.3333333333333333,0.2857142857142857,0.30769230769230765,2,3,0.4,2,8,0.2,False,True,2
3,3,0.7,0.575,6,2,4,27,5,0.3333333333333333,0.2857142857142857,0.30769230769230765,2,3,0.4,2,8,0.2,False,True,2
4,0,0.85,0.575,6,2,4,27,5,0.3333333333333333,0.2857142857142857,0.30769230769230765,2,3,0.4,2,8,0.2,False,True,2
4,1,0.7,0.575,6,2,4,27,5,0.3333333333333333,0.2857142857142857,0.30769230769230765,2,3,0.4,2,8,0.2,False,True,2
4,2,0.85,0.575,6,2,4,27,5,0.3333333333333333,0.2857142857142857,0.30769230769230765,2,3,0.4,2,8,0.2,False,True,2
0,0,0.85,0.55,6,2,4,27,5,0.3333333333333333,0.2857142857142857,0.30769230769230765,2,3,0.4,2,8,0.2,False,True,2
0,1,0.7,0.55,6,2,4,27,5,0.3333333333333333,0.2857142857142857,0.30769230769230765,2,3,0.4,2,8,0.2,False,True,2
0,2,0.85,0.55,6,2,4,27,5,0.3333333333333333,0.2857142857142857,0.30769230769230765,2,3,0.4,2,8,0.2,False,True,2
0,3,0.7,0.55,6,2,4,27,5,0.3333333333333333,0.2857142857142857,0.30769230769230765,2,3,0.4,2,8,0.2,False,True,2
0,4,0.7,0.55,6,2,4,27,5,0.3333333333333333,0.2857142857142857,0.30769230769230765,2,3,0.4,2,8,0.2,False,True,2
1,0,0.85,0.55,6,2,4,27,5,0.3333333333333333,0.2857142857142857,0.30769230769230765,2,3,0.4,2,8,0.2,False,True,2
1,1,0.7,0.55,6,2,4,27,5,0.3333333333333333,0.2857142857142857,0.30769230769230765,2,3,0.4,2,8,0.2,False,True,2
1,2,0.85,0.55,6,2,4,27,5,0.3333333333333333,0.2857142857142857,0.30769230769230765,2,3,0.4,2,8,0.2,False,True,2
1,3,0.7,0.55,6,2,4,27,5,0.3333333333333333,0.2857142857142857,0.30769230769230765,2,3,0.4,2,8,0.2,False,True,2
1,4,0.7,0.55,6,2,4,27,5,0.3333333333333333,0.2857142857142857,0.30769230769230765,2,3,0.4,2,8,0.2,False,True,2
2,0,0.85,0.55,6,2,4,27,5,0.3333333333333333,0.2857142857142857,0.30769230769230765,2,3,0.4,2,8,0.2,False,True,2
2,1,0.7,0.55,6,2,4,27,5,0.3333333333333333,0.2857142857142857,0.30769230769230765,2,3,0.4,2,8,0.2,False,True,2
2,2,0.85,0.55,6,2,4,27,5,0.3333333333333333,0.2857142857142857,0.30769230769230765,2,3,0.4,2,8,0.2,False,True,2
3,0,0.85,0.55,6,2,4,27,5,0.3333333333333333,0.2857142857142857,0.30769230769230765,2,3,0.4,2,8,0.2,False,True,2
3,1,0.7,0.55,6,2,4,27,5,0.3333333333333333,0.2857142857142857,0.30769230769230765,2,3,0.4,2,8,0.2,False,True,2
3,2,0.85,0.55,6,2,4,27,5,0.3333333333333333,0.2857142857142857,0.30769230769230765,2,3,0.4,2,8,0.2,False,True,2
3,3,0.85,0.55,6,2,4,27,5,0.3333333333333333,0.2857142857142857,0.30769230769230765,2,3,0.4,2,8,0.2,False,True,2
4,0,1.0,0.55,6,2,4,27,5,0.3333333333333333,0.2857142857142857,0.30769230769230765,2,3,0.4,2,8,0.2,False,True,2
4,1,0.85,0.55,6,2,4,27,5,0.3333333333333333,0.2857142857142857,0.30769230769230765,2,3,0.4,2,8,0.2,False,True,2
4,2,1.0,0.55,6,2,4,27,5,0.3333333333333333,0.2857142857142857,0.30769230769230765,2,3,0.4,2,8,0.2,False,True,2
4,3,0.85,0.55,6,2,4,27,5,0.3333333333333333,0.2857142857142857,0.30769230769230765,2,3,0.4,2,8,0.2,False,True,2
4,4,0.85,0.55,6,2,4,27,5,0.3333333333333333,0.2857142857142857,0.30769230769230765,2,3,0.4,2,8,0.2,False,True,2
0,0,0.85,0.525,6,2,4,27,5,0.3333333333333333,0.2857142857142857,0.30769230769230765,2,3,0.4,2,8,0.2,False,True,2
0,0,1.0,0.525,6,2,4,27,5,0.3333333333333333,0.2857142857142857,0.30769230769230765,2,3,0.4,2,8,0.2,False,True,2
0,1,0.85,0.525,6,2,4,27,5,0.3333333333333333,0.2857142857142857,0.30769230769230765,2,3,0.4,2,8,0.2,False,True,2
0,2,1.0,0.525,6,2,4,27,5,0.3333333333333333,0.2857142857142857,0.30769230769230765,2,3,0.4,2,8,0.2,False,True,2
0,3,0.85,0.525,6,2,4,27,5,0.3333333333333333,0.2857142857142857,0.30769230769230765,2,3,0.4,2,8,0.2,False,True,2
0,4,0.85,0.525,6,2,4,27,5,0.3333333333333333,0.2857142857142857,0.30769230769230765,2,3,0.4,2,8,0.2,False,True,2
1,0,0.85,0.525,6,2,4,27,5,0.3333333333333333,0.2857142857142857,0.30769230769230765,2,3,0.4,2,8,0.2,False,True,2
1,0,1.0,0.525,6,2,4,27,5,0.3333333333333333,0.2857142857142857,0.30769230769230765,2,3,0.4,2,8,0.2,False,True,2
1,1,0.85,0.525,6,2,4,27,5,0.3333333333333333,0.2857142857142857,0.30769230769230765,2,3,0.4,2,8,0.2,False,True,2
1,2,0.85,0.525,6,2,4,27,5,0.3333333333333333,0.2857142857142857,0.30769230769230765,2,3,0.4,2,8,0.2,False,True,2
1,2,1.0,0.525,6,2,4,27,5,0.3333333333333333,0.2857142857142857,0.30769230769230765,2,3,0.4,2,8,0.2,False,True,2
1,3,0.85,0.525,6,2,4,27,5,0.3333333333333333,0.2857142857142857,0.30769230769230765,2,3,0.4,2,8,0.2,False,True,2
1,4,0.85,0.525,6,2,4,27,5,0.3333333333333333,0.2857142857142857,0.30769230769230765,2,3,0.4,2,8,0.2,False,True,2
2,0,1.0,0.525,6,2,4,27,5,0.3333333333333333,0.2857142857142857,0.30769230769230765,2,3,0.4,2,8,0.2,False,True,2
2,1,0.85,0.525,6,2,4,27,5,0.3333333333333333,0.2857142857142857,0.30769230769230765,2,3,0.4,2,8,0.2,False,True,2
2,2,1.0,0.525,6,2,4,27,5,0.3333333333333333,0.2857142857142857,0.30769230769230765,2,3,0.4,2,8,0.2,False,True,2
2,3,0.85,0.525,6,2,4,27,5,0.3333333333333333,0.2857142857142857,0.30769230769230765,2,3,0.4,2,8,0.2,False,True,2
2,4,0.85,0.525,6,2,4,27,5,0.3333333333333333,0.2857142857142857,0.30769230769230765,2,3,0.4,2,8,0.2,False,True,2
3,0,1.0,0.525,6,2,4,27,5,0.3333333333333333,0.2857142857142857,0.30769230769230765,2,3,0.4,2,8,0.2,False,True,2
3,1,0.85,0.525,6,2,4,27,5,0.3333333333333333,0.2857142857142857,0.30769230769230765,2,3,0.4,2,8,0.2,False,True,2
3,2,1.0,0.525,6,2,4,27,5,0.3333333333333333,0.2857142857142857,0.30769230769230765,2,3,0.4,2,8,0.2,False,True,2
3,3,0.85,0.525,6,2,4,27,5,0.3333333333333333,0.2857142857142857,0.30769230769230765,2,3,0.4,2,8,0.2,False,True,2
3,4,0.85,0.525,6,2,4,27,5,0.3333333333333333,0.2857142857142857,0.30769230769230765,2,3,0.4,2,8,0.2,False,True,2
4,0,1.0,0.525,6,2,4,27,5,0.3333333333333333,0.2857142857142857,0.30769230769230765,2,3,0.4,2,8,0.2,False,True,2
4,1,1.0,0.525,6,2,4,27,5,0.3333333333333333,0.2857142857142857,0.30769230769230765,2,3,0.4,2,8,0.2,False,True,2
4,2,1.0,0.525,6,2,4,27,5,0.3333333333333333,0.2857142857142857,0.30769230769230765,2,3,0.4,2,8,0.2,False,True,2
4,2,1.15,0.525,6,2,4,27,5,0.3333333333333333,0.2857142857142857,0.30769230769230765,2,3,0.4,2,8,0.2,False,True,2
4,3,1.0,0.525,6,2,4,27,5,0.3333333333333333,0.2857142857142857,0.30769230769230765,2,3,0.4,2,8,0.2,False,True,2
0,0,1.0,0.5,6,2,4,27,5,0.3333333333333333,0.2857142857142857,0.30769230769230765,2,3,0.4,2,8,0.2,False,True,2
0,1,0.85,0.5,6,2,4,27,5,0.3333333333333333,0.2857142857142857,0.30769230769230765,2,3,0.4,2,8,0.2,False,True,2
0,1,1.0,0.5,6,2,4,27,5,0.3333333333333333,0.2857142857142857,0.30769230769230765,2,3,0.4,2,8,0.2,False,True,2
0,2,1.0,0.5,6,2,4,27,5,0.3333333333333333,0.2857142857142857,0.30769230769230765,2,3,0.4,2,8,0.2,False,True,2
0,2,1.15,0.5,6,2,4,27,5,0.3333333333333333,0.2857142857142857,0.30769230769230765,2,3,0.4,2,8,0.2,False,True,2
0,3,1.0,0.5,6,2,4,27,5,0.3333333333333333,0.2857142857142857,0.30769230769230765,2,3,0.4,2,8,0.2,False,True,2
1,0,1.0,0.5,6,2,4,27,5,0.3333333333333333,0.2857142857142857,0.30769230769230765,2,3,0.4,2,8,0.2,False,True,2
1,1,0.85,0.5,6,2,4,27,5,0.3333333333333333,0.2857142857142857,0.30769230769230765,2,3,0.4,2,8,0.2,False,True,2
1,1,1.0,0.5,6,2,4,27,5,0.3333333333333333,0.2857142857142857,0.30769230769230765,2,3,0.4,2,8,0.2,False,True,2
1,2,1.0,0.5,6,2,4,27,5,0.3333333333333333,0.2857142857142857,0.30769230769230765,2,3,0.4,2,8,0.2,False,True,2
1,2,1.15,0.5,6,2,4,27,5,0.3333333333333333,0.2857142857142857,0.30769230769230765,2,3,0.4,2,8,0.2,False,True,2
1,3,1.0,0.5,6,2,4,27,5,0.3333333333333333,0.2857142857142857,0.30769230769230765,2,3,0.4,2,8,0.2,False,True,2
2,0,1.0,0.5,6,2,4,27,5,0.3333333333333333,0.2857142857142857,0.30769230769230765,2,3,0.4,2,8,0.2,False,True,2
2,1,0.85,0.5,6,2,4,27,5,0.3333333333333333,0.2857142857142857,0.30769230769230765,2,3,0.4,2,8,0.2,False,True,2
2,1,1.0,0.5,6,2,4,27,5,0.3333333333333333,0.2857142857142857,0.30769230769230765,2,3,0.4,2,8,0.2,False,True,2
2,2,1.0,0.5,6,2,4,27,5,0.3333333333333333,0.2857142857142857,0.30769230769230765,2,3,0.4,2,8,0.2,False,True,2
2,2,1.15,0.5,6,2,4,27,5,0.3333333333333333,0.2857142857142857,0.30769230769230765,2,3,0.4,2,8,0.2,False,True,2
2,3,1.0,0.5,6,2,4,27,5,0.3333333333333333,0.2857142857142857,0.30769230769230765,2,3,0.4,2,8,0.2,False,True,2
3,0,1.0,0.5,6,2,4,27,5,0.3333333333333333,0.2857142857142857,0.30769230769230765,2,3,0.4,2,8,0.2,False,True,2
3,1,0.85,0.5,6,2,4,27,5,0.3333333333333333,0.2857142857142857,0.30769230769230765,2,3,0.4,2,8,0.2,False,True,2
3,1,1.0,0.5,6,2,4,27,5,0.3333333333333333,0.2857142857142857,0.30769230769230765,2,3,0.4,2,8,0.2,False,True,2
3,2,1.0,0.5,6,2,4,27,5,0.3333333333333333,0.2857142857142857,0.30769230769230765,2,3,0.4,2,8,0.2,False,True,2
3,2,1.15,0.5,6,2,4,27,5,0.3333333333333333,0.2857142857142857,0.30769230769230765,2,3,0.4,2,8,0.2,False,True,2
3,3,1.0,0.5,6,2,4,27,5,0.3333333333333333,0.2857142857142857,0.30769230769230765,2,3,0.4,2,8,0.2,False,True,2
4,0,1.15,0.5,6,2,4,27,5,0.3333333333333333,0.2857142857142857,0.30769230769230765,2,3,0.4,2,8,0.2,False,True,2
4,1,1.0,0.5,6,2,4,27,5,0.3333333333333333,0.2857142857142857,0.30769230769230765,2,3,0.4,2,8,0.2,False,True,2
4,2,1.15,0.5,6,2,4,27,5,0.3333333333333333,0.2857142857142857,0.30769230769230765,2,3,0.4,2,8,0.2,False,True,2
4,3,1.0,0.5,6,2,4,27,5,0.3333333333333333,0.2857142857142857,0.30769230769230765,2,3,0.4,2,8,0.2,False,True,2
0,0,1.15,0.475,6,2,4,27,5,0.3333333333333333,0.2857142857142857,0.30769230769230765,2,3,0.4,2,8,0.2,False,True,2
0,1,1.0,0.475,6,2,4,27,5,0.3333333333333333,0.2857142857142857,0.30769230769230765,2,3,0.4,2,8,0.2,False,True,2
0,2,1.15,0.475,6,2,4,27,5,0.3333333333333333,0.2857142857142857,0.30769230769230765,2,3,0.4,2,8,0.2,False,True,2
0,3,1.0,0.475,6,2,4,27,5,0.3333333333333333,0.2857142857142857,0.30769230769230765,2,3,0.4,2,8,0.2,False,True,2
0,4,1.0,0.475,6,2,4,27,5,0.3333333333333333,0.2857142857142857,0.30769230769230765,2,3,0.4,2,8,0.2,False,True,2
1,0,1.15,0.475,6,2,4,27,5,0.3333333333333333,0.2857142857142857,0.30769230769230765,2,3,0.4,2,8,0.2,False,True,2
1,1,1.0,0.475,6,2,4,27,5,0.3333333333333333,0.2857142857142857,0.30769230769230765,2,3,0.4,2,8,0.2,False,True,2
1,2,1.15,0.475,6,2,4,27,5,0.3333333333333333,0.2857142857142857,0.30769230769230765,2,3,0.4,2,8,0.2,False,True,2
1,3,1.0,0.475,6,2,4,27,5,0.3333333333333333,0.2857142857142857,0.30769230769230765,2,3,0.4,2,8,0.2,False,True,2
1,4,1.0,0.475,6,2,4,27,5,0.3333333333333333,0.2857142857142857,0.30769230769230765,2,3,0.4,2,8,0.2,False,True,2
2,0,1.15,0.475,6,2,4,27,5,0.3333333333333333,0.2857142857142857,0.30769230769230765,2,3,0.4,2,8,0.2,False,True,2
2,1,1.0,0.475,6,2,4,27,5,0.3333333333333333,0.2857142857142857,0.30769230769230765,2,3,0.4,2,8,0.2,False,True,2
2,2,1.15,0.475,6,2,4,27,5,0.3333333333333333,0.2857142857142857,0.30769230769230765,2,3,0.4,2,8,0.2,False,True,2
3,0,1.15,0.475,6,2,4,27,5,0.3333333333333333,0.2857142857142857,0.30769230769230765,2,3,0.4,2,8,0.2,False,True,2
3,1,1.0,0.475,6,2,4,27,5,0.3333333333333333,0.2857142857142857,0.30769230769230765,2,3,0.4,2,8,0.2,False,True,2
3,2,1.15,0.475,6,2,4,27,5,0.3333333333333333,0.2857142857142857,0.30769230769230765,2,3,0.4,2,8,0.2,False,True,2
4,1,1.15,0.475,6,2,4,27,5,0.3333333333333333,0.2857142857142857,0.30769230769230765,2,3,0.4,2,8,0.2,False,True,2
4,3,1.15,0.475,6,2,4,27,5,0.3333333333333333,0.2857142857142857,0.30769230769230765,2,3,0.4,2,8,0.2,False,True,2
4,4,1.15,0.475,6,2,4,27,5,0.3333333333333333,0.2857142857142857,0.30769230769230765,2,3,0.4,2,8,0.2,False,True,2
0,1,1.15,0.45,6,2,4,27,5,0.3333333333333333,0.2857142857142857,0.30769230769230765,2,3,0.4,2,8,0.2,False,True,2
0,3,1.15,0.45,6,2,4,27,5,0.3333333333333333,0.2857142857142857,0.30769230769230765,2,3,0.4,2,8,0.2,False,True,2
0,4,1.15,0.45,6,2,4,27,5,0.3333333333333333,0.2857142857142857,0.30769230769230765,2,3,0.4,2,8,0.2,False,True,2
1,0,1.15,0.45,6,2,4,27,5,0.3333333333333333,0.2857142857142857,0.30769230769230765,2,3,0.4,2,8,0.2,False,True,2
1,1,1.15,0.45,6,2,4,27,5,0.3333333333333333,0.2857142857142857,0.30769230769230765,2,3,0.4,2,8,0.2,False,True,2
1,3,1.15,0.45,6,2,4,27,5,0.3333333333333333,0.2857142857142857,0.30769230769230765,2,3,0.4,2,8,0.2,False,True,2
1,4,1.15,0.45,6,2,4,27,5,0.3333333333333333,0.2857142857142857,0.30769230769230765,2,3,0.4,2,8,0.2,False,True,2
2,1,1.15,0.45,6,2,4,27,5,0.3333333333333333,0.2857142857142857,0.30769230769230765,2,3,0.4,2,8,0.2,False,True,2
2,3,1.15,0.45,6,2,4,27,5,0.3333333333333333,0.2857142857142857,0.30769230769230765,2,3,0.4,2,8,0.2,False,True,2
2,4,1.15,0.45,6,2,4,27,5,0.3333333333333333,0.2857142857142857,0.30769230769230765,2,3,0.4,2,8,0.2,False,True,2
3,1,1.15,0.45,6,2,4,27,5,0.3333333333333333,0.2857142857142857,0.30769230769230765,2,3,0.4,2,8,0.2,False,True,2
3,3,1.15,0.45,6,2,4,27,5,0.3333333333333333,0.2857142857142857,0.30769230769230765,2,3,0.4,2,8,0.2,False,True,2
3,4,1.15,0.45,6,2,4,27,5,0.3333333333333333,0.2857142857142857,0.30769230769230765,2,3,0.4,2,8,0.2,False,True,2
4,1,1.15,0.45,6,2,4,27,5,0.3333333333333333,0.2857142857142857,0.30769230769230765,2,3,0.4,2,8,0.2,False,True,2
0,1,1.15,0.425,6,2,4,27,5,0.3333333333333333,0.2857142857142857,0.30769230769230765,2,3,0.4,2,8,0.2,False,True,2
1,1,1.15,0.425,6,2,4,27,5,0.3333333333333333,0.2857142857142857,0.30769230769230765,2,3,0.4,2,8,0.2,False,True,2
2,1,1.15,0.425,6,2,4,27,5,0.3333333333333333,0.2857142857142857,0.30769230769230765,2,3,0.4,2,8,0.2,False,True,2
3,1,1.15,0.425,6,2,4,27,5,0.3333333333333333,0.2857142857142857,0.30769230769230765,2,3,0.4,2,8,0.2,False,True,2
4,4,0.85,0.4,14,4,10,21,3,0.2857142857142857,0.5714285714285714,0.38095238095238093,2,3,0.4,2,8,0.2,False,True,2
1,4,0.85,0.375,14,4,10,21,3,0.2857142857142857,0.5714285714285714,0.38095238095238093,2,3,0.4,2,8,0.2,False,True,2
4,0,0.55,0.625,7,2,5,26,5,0.2857142857142857,0.2857142857142857,0.2857142857142857,2,3,0.4,2,8,0.2,False,True,2
4,2,0.55,0.625,7,2,5,26,5,0.2857142857142857,0.2857142857142857,0.2857142857142857,2,3,0.4,2,8,0.2,False,True,2
0,2,0.55,0.6,7,2,5,26,5,0.2857142857142857,0.2857142857142857,0.2857142857142857,2,3,0.4,2,8,0.2,False,True,2
3,0,0.55,0.6,7,2,5,26,5,0.2857142857142857,0.2857142857142857,0.2857142857142857,2,3,0.4,2,8,0.2,False,True,2
3,2,0.55,0.6,7,2,5,26,5,0.2857142857142857,0.2857142857142857,0.2857142857142857,2,3,0.4,2,8,0.2,False,True,2
3,3,0.55,0.6,7,2,5,26,5,0.2857142857142857,0.2857142857142857,0.2857142857142857,2,3,0.4,2,8,0.2,False,True,2
3,4,0.55,0.6,7,2,5,26,5,0.2857142857142857,0.2857142857142857,0.2857142857142857,2,3,0.4,2,8,0.2,False,True,2
4,3,0.7,0.575,7,2,5,26,5,0.2857142857142857,0.2857142857142857,0.2857142857142857,2,3,0.4,2,8,0.2,False,True,2
4,4,0.7,0.575,7,2,5,26,5,0.2857142857142857,0.2857142857142857,0.2857142857142857,2,3,0.4,2,8,0.2,False,True,2
2,3,0.7,0.55,7,2,5,26,5,0.2857142857142857,0.2857142857142857,0.2857142857142857,2,3,0.4,2,8,0.2,False,True,2
2,4,0.7,0.55,7,2,5,26,5,0.2857142857142857,0.2857142857142857,0.2857142857142857,2,3,0.4,2,8,0.2,False,True,2
0,2,0.85,0.525,7,2,5,26,5,0.2857142857142857,0.2857142857142857,0.2857142857142857,2,3,0.4,2,8,0.2,False,True,2
2,0,0.85,0.525,7,2,5,26,5,0.2857142857142857,0.2857142857142857,0.2857142857142857,2,3,0.4,2,8,0.2,False,True,2
3,0,0.85,0.525,7,2,5,26,5,0.2857142857142857,0.2857142857142857,0.2857142857142857,2,3,0.4,2,8,0.2,False,True,2
4,1,0.85,0.525,7,2,5,26,5,0.2857142857142857,0.2857142857142857,0.2857142857142857,2,3,0.4,2,8,0.2,False,True,2
0,3,0.85,0.5,7,2,5,26,5,0.2857142857142857,0.2857142857142857,0.2857142857142857,2,3,0.4,2,8,0.2,False,True,2
1,3,0.85,0.5,7,2,5,26,5,0.2857142857142857,0.2857142857142857,0.2857142857142857,2,3,0.4,2,8,0.2,False,True,2
4,4,1.0,0.5,7,2,5,26,5,0.2857142857142857,0.2857142857142857,0.2857142857142857,2,3,0.4,2,8,0.2,False,True,2
2,3,1.0,0.475,7,2,5,26,5,0.2857142857142857,0.2857142857142857,0.2857142857142857,2,3,0.4,2,8,0.2,False,True,2
2,4,1.0,0.475,7,2,5,26,5,0.2857142857142857,0.2857142857142857,0.2857142857142857,2,3,0.4,2,8,0.2,False,True,2
3,3,1.0,0.475,7,2,5,26,5,0.2857142857142857,0.2857142857142857,0.2857142857142857,2,3,0.4,2,8,0.2,False,True,2
3,4,1.0,0.475,7,2,5,26,5,0.2857142857142857,0.2857142857142857,0.2857142857142857,2,3,0.4,2,8,0.2,False,True,2
0,0,1.15,0.45,7,2,5,26,5,0.2857142857142857,0.2857142857142857,0.2857142857142857,2,3,0.4,2,8,0.2,False,True,2
2,0,1.15,0.45,7,2,5,26,5,0.2857142857142857,0.2857142857142857,0.2857142857142857,2,3,0.4,2,8,0.2,False,True,2
3,0,1.15,0.45,7,2,5,26,5,0.2857142857142857,0.2857142857142857,0.2857142857142857,2,3,0.4,2,8,0.2,False,True,2
4,3,1.15,0.45,7,2,5,26,5,0.2857142857142857,0.2857142857142857,0.2857142857142857,2,3,0.4,2,8,0.2,False,True,2
0,3,1.15,0.425,7,2,5,26,5,0.2857142857142857,0.2857142857142857,0.2857142857142857,2,3,0.4,2,8,0.2,False,True,2
1,3,1.15,0.425,7,2,5,26,5,0.2857142857142857,0.2857142857142857,0.2857142857142857,2,3,0.4,2,8,0.2,False,True,2
2,3,1.15,0.425,7,2,5,26,5,0.2857142857142857,0.2857142857142857,0.2857142857142857,2,3,0.4,2,8,0.2,False,True,2
3,3,1.15,0.425,7,2,5,26,5,0.2857142857142857,0.2857142857142857,0.2857142857142857,2,3,0.4,2,8,0.2,False,True,2
3,3,0.7,0.35,26,7,19,12,0,0.2692307692307692,1.0,0.42424242424242425,2,3,0.4,2,8,0.2,False,True,2
4,4,0.55,0.525,15,4,11,20,3,0.26666666666666666,0.5714285714285714,0.36363636363636365,2,3,0.4,2,8,0.2,False,True,2
0,4,0.55,0.5,15,4,11,20,3,0.26666666666666666,0.5714285714285714,0.36363636363636365,2,3,0.4,2,8,0.2,False,True,2
1,4,0.55,0.5,15,4,11,20,3,0.26666666666666666,0.5714285714285714,0.36363636363636365,2,3,0.4,2,8,0.2,False,True,2
2,4,0.55,0.5,15,4,11,20,3,0.26666666666666666,0.5714285714285714,0.36363636363636365,2,3,0.4,2,8,0.2,False,True,2
3,4,0.55,0.5,15,4,11,20,3,0.26666666666666666,0.5714285714285714,0.36363636363636365,2,3,0.4,2,8,0.2,False,True,2
4,3,0.7,0.4,19,5,14,17,2,0.2631578947368421,0.7142857142857143,0.3846153846153846,2,3,0.4,2,8,0.2,False,True,2
3,4,0.85,0.35,19,5,14,17,2,0.2631578947368421,0.7142857142857143,0.3846153846153846,2,3,0.4,2,8,0.2,False,True,2
4,4,0.85,0.35,19,5,14,17,2,0.2631578947368421,0.7142857142857143,0.3846153846153846,2,3,0.4,2,8,0.2,False,True,2
3,4,0.7,0.35,28,7,21,10,0,0.25,1.0,0.4,2,3,0.4,2,8,0.2,False,True,2
4,4,0.7,0.4,20,5,15,16,2,0.25,0.7142857142857143,0.37037037037037035,2,3,0.4,2,8,0.2,False,True,2
1,4,0.7,0.375,20,5,15,16,2,0.25,0.7142857142857143,0.37037037037037035,2,3,0.4,2,8,0.2,False,True,2
3,2,0.85,0.35,20,5,15,16,2,0.25,0.7142857142857143,0.37037037037037035,2,3,0.4,2,8,0.2,False,True,2
4,2,0.85,0.35,20,5,15,16,2,0.25,0.7142857142857143,0.37037037037037035,2,3,0.4,2,8,0.2,False,True,2
0,4,0.7,0.425,16,4,12,19,3,0.25,0.5714285714285714,0.34782608695652173,2,3,0.4,2,8,0.2,False,True,2
1,4,0.7,0.425,16,4,12,19,3,0.25,0.5714285714285714,0.34782608695652173,2,3,0.4,2,8,0.2,False,True,2
2,4,0.7,0.425,16,4,12,19,3,0.25,0.5714285714285714,0.34782608695652173,2,3,0.4,2,8,0.2,False,True,2
3,4,0.7,0.425,16,4,12,19,3,0.25,0.5714285714285714,0.34782608695652173,2,3,0.4,2,8,0.2,False,True,2
2,4,0.85,0.35,16,4,12,19,3,0.25,0.5714285714285714,0.34782608695652173,2,3,0.4,2,8,0.2,False,True,2
3,3,0.85,0.35,16,4,12,19,3,0.25,0.5714285714285714,0.34782608695652173,2,3,0.4,2,8,0.2,False,True,2
3,2,0.55,0.55,12,3,9,22,4,0.25,0.42857142857142855,0.3157894736842105,2,3,0.4,2,8,0.2,False,True,2
4,0,0.55,0.55,12,3,9,22,4,0.25,0.42857142857142855,0.3157894736842105,2,3,0.4,2,8,0.2,False,True,2
0,0,0.55,0.525,12,3,9,22,4,0.25,0.42857142857142855,0.3157894736842105,2,3,0.4,2,8,0.2,False,True,2
0,2,0.55,0.525,12,3,9,22,4,0.25,0.42857142857142855,0.3157894736842105,2,3,0.4,2,8,0.2,False,True,2
1,0,0.55,0.525,12,3,9,22,4,0.25,0.42857142857142855,0.3157894736842105,2,3,0.4,2,8,0.2,False,True,2
1,2,0.55,0.525,12,3,9,22,4,0.25,0.42857142857142855,0.3157894736842105,2,3,0.4,2,8,0.2,False,True,2
2,0,0.55,0.525,12,3,9,22,4,0.25,0.42857142857142855,0.3157894736842105,2,3,0.4,2,8,0.2,False,True,2
3,0,0.55,0.525,12,3,9,22,4,0.25,0.42857142857142855,0.3157894736842105,2,3,0.4,2,8,0.2,False,True,2
4,1,0.55,0.525,12,3,9,22,4,0.25,0.42857142857142855,0.3157894736842105,2,3,0.4,2,8,0.2,False,True,2
0,1,0.55,0.5,12,3,9,22,4,0.25,0.42857142857142855,0.3157894736842105,2,3,0.4,2,8,0.2,False,True,2
1,1,0.55,0.5,12,3,9,22,4,0.25,0.42857142857142855,0.3157894736842105,2,3,0.4,2,8,0.2,False,True,2
2,1,0.55,0.5,12,3,9,22,4,0.25,0.42857142857142855,0.3157894736842105,2,3,0.4,2,8,0.2,False,True,2
3,1,0.55,0.5,12,3,9,22,4,0.25,0.42857142857142855,0.3157894736842105,2,3,0.4,2,8,0.2,False,True,2
4,2,0.7,0.5,12,3,9,22,4,0.25,0.42857142857142855,0.3157894736842105,2,3,0.4,2,8,0.2,False,True,2
0,0,0.7,0.475,12,3,9,22,4,0.25,0.42857142857142855,0.3157894736842105,2,3,0.4,2,8,0.2,False,True,2
1,2,0.7,0.475,12,3,9,22,4,0.25,0.42857142857142855,0.3157894736842105,2,3,0.4,2,8,0.2,False,True,2
2,2,0.7,0.475,12,3,9,22,4,0.25,0.42857142857142855,0.3157894736842105,2,3,0.4,2,8,0.2,False,True,2
3,0,0.7,0.475,12,3,9,22,4,0.25,0.42857142857142855,0.3157894736842105,2,3,0.4,2,8,0.2,False,True,2
3,1,0.7,0.45,12,3,9,22,4,0.25,0.42857142857142855,0.3157894736842105,2,3,0.4,2,8,0.2,False,True,2
4,1,0.7,0.45,12,3,9,22,4,0.25,0.42857142857142855,0.3157894736842105,2,3,0.4,2,8,0.2,False,True,2
0,1,0.7,0.425,12,3,9,22,4,0.25,0.42857142857142855,0.3157894736842105,2,3,0.4,2,8,0.2,False,True,2
1,1,0.7,0.425,12,3,9,22,4,0.25,0.42857142857142855,0.3157894736842105,2,3,0.4,2,8,0.2,False,True,2
2,1,0.7,0.425,12,3,9,22,4,0.25,0.42857142857142855,0.3157894736842105,2,3,0.4,2,8,0.2,False,True,2
3,1,0.7,0.425,12,3,9,22,4,0.25,0.42857142857142855,0.3157894736842105,2,3,0.4,2,8,0.2,False,True,2
4,1,0.85,0.4,12,3,9,22,4,0.25,0.42857142857142855,0.3157894736842105,2,3,0.4,2,8,0.2,False,True,2
0,1,0.85,0.375,12,3,9,22,4,0.25,0.42857142857142855,0.3157894736842105,2,3,0.4,2,8,0.2,False,True,2
1,1,0.85,0.375,12,3,9,22,4,0.25,0.42857142857142855,0.3157894736842105,2,3,0.4,2,8,0.2,False,True,2
2,1,0.85,0.375,12,3,9,22,4,0.25,0.42857142857142855,0.3157894736842105,2,3,0.4,2,8,0.2,False,True,2
3,1,0.85,0.375,12,3,9,22,4,0.25,0.42857142857142855,0.3157894736842105,2,3,0.4,2,8,0.2,False,True,2
4,1,0.55,0.6,8,2,6,25,5,0.25,0.2857142857142857,0.26666666666666666,2,3,0.4,2,8,0.2,False,True,2
4,3,0.55,0.6,8,2,6,25,5,0.25,0.2857142857142857,0.26666666666666666,2,3,0.4,2,8,0.2,False,True,2
0,1,0.55,0.575,8,2,6,25,5,0.25,0.2857142857142857,0.26666666666666666,2,3,0.4,2,8,0.2,False,True,2
2,1,0.55,0.575,8,2,6,25,5,0.25,0.2857142857142857,0.26666666666666666,2,3,0.4,2,8,0.2,False,True,2
4,0,0.7,0.575,8,2,6,25,5,0.25,0.2857142857142857,0.26666666666666666,2,3,0.4,2,8,0.2,False,True,2
4,1,0.55,0.575,8,2,6,25,5,0.25,0.2857142857142857,0.26666666666666666,2,3,0.4,2,8,0.2,False,True,2
4,2,0.7,0.575,8,2,6,25,5,0.25,0.2857142857142857,0.26666666666666666,2,3,0.4,2,8,0.2,False,True,2
0,0,0.7,0.55,8,2,6,25,5,0.25,0.2857142857142857,0.26666666666666666,2,3,0.4,2,8,0.2,False,True,2
1,0,0.7,0.55,8,2,6,25,5,0.25,0.2857142857142857,0.26666666666666666,2,3,0.4,2,8,0.2,False,True,2
1,2,0.7,0.55,8,2,6,25,5,0.25,0.2857142857142857,0.26666666666666666,2,3,0.4,2,8,0.2,False,True,2
2,0,0.7,0.55,8,2,6,25,5,0.25,0.2857142857142857,0.26666666666666666,2,3,0.4,2,8,0.2,False,True,2
3,3,0.7,0.55,8,2,6,25,5,0.25,0.2857142857142857,0.26666666666666666,2,3,0.4,2,8,0.2,False,True,2
3,4,0.7,0.55,8,2,6,25,5,0.25,0.2857142857142857,0.26666666666666666,2,3,0.4,2,8,0.2,False,True,2
4,0,0.7,0.55,8,2,6,25,5,0.25,0.2857142857142857,0.26666666666666666,2,3,0.4,2,8,0.2,False,True,2
4,0,0.85,0.55,8,2,6,25,5,0.25,0.2857142857142857,0.26666666666666666,2,3,0.4,2,8,0.2,False,True,2
4,1,0.7,0.55,8,2,6,25,5,0.25,0.2857142857142857,0.26666666666666666,2,3,0.4,2,8,0.2,False,True,2
4,2,0.85,0.55,8,2,6,25,5,0.25,0.2857142857142857,0.26666666666666666,2,3,0.4,2,8,0.2,False,True,2
4,3,0.7,0.55,8,2,6,25,5,0.25,0.2857142857142857,0.26666666666666666,2,3,0.4,2,8,0.2,False,True,2
4,4,0.7,0.55,8,2,6,25,5,0.25,0.2857142857142857,0.26666666666666666,2,3,0.4,2,8,0.2,False,True,2
0,1,0.7,0.525,8,2,6,25,5,0.25,0.2857142857142857,0.26666666666666666,2,3,0.4,2,8,0.2,False,True,2
1,1,0.7,0.525,8,2,6,25,5,0.25,0.2857142857142857,0.26666666666666666,2,3,0.4,2,8,0.2,False,True,2
2,1,0.7,0.525,8,2,6,25,5,0.25,0.2857142857142857,0.26666666666666666,2,3,0.4,2,8,0.2,False,True,2
2,2,0.85,0.525,8,2,6,25,5,0.25,0.2857142857142857,0.26666666666666666,2,3,0.4,2,8,0.2,False,True,2
3,1,0.7,0.525,8,2,6,25,5,0.25,0.2857142857142857,0.26666666666666666,2,3,0.4,2,8,0.2,False,True,2
3,2,0.85,0.525,8,2,6,25,5,0.25,0.2857142857142857,0.26666666666666666,2,3,0.4,2,8,0.2,False,True,2
4,0,0.85,0.525,8,2,6,25,5,0.25,0.2857142857142857,0.26666666666666666,2,3,0.4,2,8,0.2,False,True,2
4,1,0.7,0.525,8,2,6,25,5,0.25,0.2857142857142857,0.26666666666666666,2,3,0.4,2,8,0.2,False,True,2
4,2,0.85,0.525,8,2,6,25,5,0.25,0.2857142857142857,0.26666666666666666,2,3,0.4,2,8,0.2,False,True,2
4,3,0.85,0.525,8,2,6,25,5,0.25,0.2857142857142857,0.26666666666666666,2,3,0.4,2,8,0.2,False,True,2
4,4,0.85,0.525,8,2,6,25,5,0.25,0.2857142857142857,0.26666666666666666,2,3,0.4,2,8,0.2,False,True,2
0,0,0.85,0.5,8,2,6,25,5,0.25,0.2857142857142857,0.26666666666666666,2,3,0.4,2,8,0.2,False,True,2
0,4,0.85,0.5,8,2,6,25,5,0.25,0.2857142857142857,0.26666666666666666,2,3,0.4,2,8,0.2,False,True,2
1,0,0.85,0.5,8,2,6,25,5,0.25,0.2857142857142857,0.26666666666666666,2,3,0.4,2,8,0.2,False,True,2
1,1,0.7,0.5,8,2,6,25,5,0.25,0.2857142857142857,0.26666666666666666,2,3,0.4,2,8,0.2,False,True,2
1,2,0.85,0.5,8,2,6,25,5,0.25,0.2857142857142857,0.26666666666666666,2,3,0.4,2,8,0.2,False,True,2
1,4,0.85,0.5,8,2,6,25,5,0.25,0.2857142857142857,0.26666666666666666,2,3,0.4,2,8,0.2,False,True,2
2,0,0.85,0.5,8,2,6,25,5,0.25,0.2857142857142857,0.26666666666666666,2,3,0.4,2,8,0.2,False,True,2
2,3,0.85,0.5,8,2,6,25,5,0.25,0.2857142857142857,0.26666666666666666,2,3,0.4,2,8,0.2,False,True,2
2,4,0.85,0.5,8,2,6,25,5,0.25,0.2857142857142857,0.26666666666666666,2,3,0.4,2,8,0.2,False,True,2
3,3,0.85,0.5,8,2,6,25,5,0.25,0.2857142857142857,0.26666666666666666,2,3,0.4,2,8,0.2,False,True,2
4,0,1.0,0.5,8,2,6,25,5,0.25,0.2857142857142857,0.26666666666666666,2,3,0.4,2,8,0.2,False,True,2
4,1,0.85,0.5,8,2,6,25,5,0.25,0.2857142857142857,0.26666666666666666,2,3,0.4,2,8,0.2,False,True,2
4,2,1.0,0.5,8,2,6,25,5,0.25,0.2857142857142857,0.26666666666666666,2,3,0.4,2,8,0.2,False,True,2
0,0,1.0,0.475,8,2,6,25,5,0.25,0.2857142857142857,0.26666666666666666,2,3,0.4,2,8,0.2,False,True,2
0,1,0.85,0.475,8,2,6,25,5,0.25,0.2857142857142857,0.26666666666666666,2,3,0.4,2,8,0.2,False,True,2
0,2,1.0,0.475,8,2,6,25,5,0.25,0.2857142857142857,0.26666666666666666,2,3,0.4,2,8,0.2,False,True,2
1,0,1.0,0.475,8,2,6,25,5,0.25,0.2857142857142857,0.26666666666666666,2,3,0.4,2,8,0.2,False,True,2
1,1,0.85,0.475,8,2,6,25,5,0.25,0.2857142857142857,0.26666666666666666,2,3,0.4,2,8,0.2,False,True,2
1,2,1.0,0.475,8,2,6,25,5,0.25,0.2857142857142857,0.26666666666666666,2,3,0.4,2,8,0.2,False,True,2
2,0,1.0,0.475,8,2,6,25,5,0.25,0.2857142857142857,0.26666666666666666,2,3,0.4,2,8,0.2,False,True,2
2,1,0.85,0.475,8,2,6,25,5,0.25,0.2857142857142857,0.26666666666666666,2,3,0.4,2,8,0.2,False,True,2
2,2,1.0,0.475,8,2,6,25,5,0.25,0.2857142857142857,0.26666666666666666,2,3,0.4,2,8,0.2,False,True,2
3,0,1.0,0.475,8,2,6,25,5,0.25,0.2857142857142857,0.26666666666666666,2,3,0.4,2,8,0.2,False,True,2
3,1,0.85,0.475,8,2,6,25,5,0.25,0.2857142857142857,0.26666666666666666,2,3,0.4,2,8,0.2,False,True,2
4,0,1.0,0.475,8,2,6,25,5,0.25,0.2857142857142857,0.26666666666666666,2,3,0.4,2,8,0.2,False,True,2
4,0,1.15,0.475,8,2,6,25,5,0.25,0.2857142857142857,0.26666666666666666,2,3,0.4,2,8,0.2,False,True,2
4,1,0.85,0.475,8,2,6,25,5,0.25,0.2857142857142857,0.26666666666666666,2,3,0.4,2,8,0.2,False,True,2
4,1,1.0,0.475,8,2,6,25,5,0.25,0.2857142857142857,0.26666666666666666,2,3,0.4,2,8,0.2,False,True,2
4,2,1.15,0.475,8,2,6,25,5,0.25,0.2857142857142857,0.26666666666666666,2,3,0.4,2,8,0.2,False,True,2
4,3,1.0,0.475,8,2,6,25,5,0.25,0.2857142857142857,0.26666666666666666,2,3,0.4,2,8,0.2,False,True,2
4,4,1.0,0.475,8,2,6,25,5,0.25,0.2857142857142857,0.26666666666666666,2,3,0.4,2,8,0.2,False,True,2
0,1,1.0,0.45,8,2,6,25,5,0.25,0.2857142857142857,0.26666666666666666,2,3,0.4,2,8,0.2,False,True,2
0,2,1.15,0.45,8,2,6,25,5,0.25,0.2857142857142857,0.26666666666666666,2,3,0.4,2,8,0.2,False,True,2
1,0,1.0,0.45,8,2,6,25,5,0.25,0.2857142857142857,0.26666666666666666,2,3,0.4,2,8,0.2,False,True,2
1,1,0.85,0.45,8,2,6,25,5,0.25,0.2857142857142857,0.26666666666666666,2,3,0.4,2,8,0.2,False,True,2
1,1,1.0,0.45,8,2,6,25,5,0.25,0.2857142857142857,0.26666666666666666,2,3,0.4,2,8,0.2,False,True,2
1,2,1.15,0.45,8,2,6,25,5,0.25,0.2857142857142857,0.26666666666666666,2,3,0.4,2,8,0.2,False,True,2
1,3,1.0,0.45,8,2,6,25,5,0.25,0.2857142857142857,0.26666666666666666,2,3,0.4,2,8,0.2,False,True,2
1,4,1.0,0.45,8,2,6,25,5,0.25,0.2857142857142857,0.26666666666666666,2,3,0.4,2,8,0.2,False,True,2
2,0,1.0,0.45,8,2,6,25,5,0.25,0.2857142857142857,0.26666666666666666,2,3,0.4,2,8,0.2,False,True,2
2,1,0.85,0.45,8,2,6,25,5,0.25,0.2857142857142857,0.26666666666666666,2,3,0.4,2,8,0.2,False,True,2
2,1,1.0,0.45,8,2,6,25,5,0.25,0.2857142857142857,0.26666666666666666,2,3,0.4,2,8,0.2,False,True,2
2,2,1.15,0.45,8,2,6,25,5,0.25,0.2857142857142857,0.26666666666666666,2,3,0.4,2,8,0.2,False,True,2
2,3,1.0,0.45,8,2,6,25,5,0.25,0.2857142857142857,0.26666666666666666,2,3,0.4,2,8,0.2,False,True,2
2,4,1.0,0.45,8,2,6,25,5,0.25,0.2857142857142857,0.26666666666666666,2,3,0.4,2,8,0.2,False,True,2
3,1,1.0,0.45,8,2,6,25,5,0.25,0.2857142857142857,0.26666666666666666,2,3,0.4,2,8,0.2,False,True,2
3,2,1.15,0.45,8,2,6,25,5,0.25,0.2857142857142857,0.26666666666666666,2,3,0.4,2,8,0.2,False,True,2
4,0,1.15,0.45,8,2,6,25,5,0.25,0.2857142857142857,0.26666666666666666,2,3,0.4,2,8,0.2,False,True,2
4,1,1.0,0.45,8,2,6,25,5,0.25,0.2857142857142857,0.26666666666666666,2,3,0.4,2,8,0.2,False,True,2
4,2,1.15,0.45,8,2,6,25,5,0.25,0.2857142857142857,0.26666666666666666,2,3,0.4,2,8,0.2,False,True,2
4,4,1.15,0.45,8,2,6,25,5,0.25,0.2857142857142857,0.26666666666666666,2,3,0.4,2,8,0.2,False,True,2
0,0,1.15,0.425,8,2,6,25,5,0.25,0.2857142857142857,0.26666666666666666,2,3,0.4,2,8,0.2,False,True,2
0,1,1.0,0.425,8,2,6,25,5,0.25,0.2857142857142857,0.26666666666666666,2,3,0.4,2,8,0.2,False,True,2
0,4,1.15,0.425,8,2,6,25,5,0.25,0.2857142857142857,0.26666666666666666,2,3,0.4,2,8,0.2,False,True,2
1,0,1.15,0.425,8,2,6,25,5,0.25,0.2857142857142857,0.26666666666666666,2,3,0.4,2,8,0.2,False,True,2
1,1,1.0,0.425,8,2,6,25,5,0.25,0.2857142857142857,0.26666666666666666,2,3,0.4,2,8,0.2,False,True,2
1,2,1.15,0.425,8,2,6,25,5,0.25,0.2857142857142857,0.26666666666666666,2,3,0.4,2,8,0.2,False,True,2
1,4,1.15,0.425,8,2,6,25,5,0.25,0.2857142857142857,0.26666666666666666,2,3,0.4,2,8,0.2,False,True,2
2,0,1.15,0.425,8,2,6,25,5,0.25,0.2857142857142857,0.26666666666666666,2,3,0.4,2,8,0.2,False,True,2
2,1,1.0,0.425,8,2,6,25,5,0.25,0.2857142857142857,0.26666666666666666,2,3,0.4,2,8,0.2,False,True,2
2,2,1.15,0.425,8,2,6,25,5,0.25,0.2857142857142857,0.26666666666666666,2,3,0.4,2,8,0.2,False,True,2
2,4,1.15,0.425,8,2,6,25,5,0.25,0.2857142857142857,0.26666666666666666,2,3,0.4,2,8,0.2,False,True,2
3,0,1.15,0.425,8,2,6,25,5,0.25,0.2857142857142857,0.26666666666666666,2,3,0.4,2,8,0.2,False,True,2
3,1,1.0,0.425,8,2,6,25,5,0.25,0.2857142857142857,0.26666666666666666,2,3,0.4,2,8,0.2,False,True,2
3,4,1.15,0.425,8,2,6,25,5,0.25,0.2857142857142857,0.26666666666666666,2,3,0.4,2,8,0.2,False,True,2
4,1,1.0,0.425,8,2,6,25,5,0.25,0.2857142857142857,0.26666666666666666,2,3,0.4,2,8,0.2,False,True,2
4,1,1.15,0.425,8,2,6,25,5,0.25,0.2857142857142857,0.26666666666666666,2,3,0.4,2,8,0.2,False,True,2
4,3,1.15,0.425,8,2,6,25,5,0.25,0.2857142857142857,0.26666666666666666,2,3,0.4,2,8,0.2,False,True,2
4,4,1.15,0.425,8,2,6,25,5,0.25,0.2857142857142857,0.26666666666666666,2,3,0.4,2,8,0.2,False,True,2
0,1,1.15,0.4,8,2,6,25,5,0.25,0.2857142857142857,0.26666666666666666,2,3,0.4,2,8,0.2,False,True,2
1,1,1.0,0.4,8,2,6,25,5,0.25,0.2857142857142857,0.26666666666666666,2,3,0.4,2,8,0.2,False,True,2
1,1,1.15,0.4,8,2,6,25,5,0.25,0.2857142857142857,0.26666666666666666,2,3,0.4,2,8,0.2,False,True,2
2,1,1.0,0.4,8,2,6,25,5,0.25,0.2857142857142857,0.26666666666666666,2,3,0.4,2,8,0.2,False,True,2
2,1,1.15,0.4,8,2,6,25,5,0.25,0.2857142857142857,0.26666666666666666,2,3,0.4,2,8,0.2,False,True,2
3,1,1.15,0.4,8,2,6,25,5,0.25,0.2857142857142857,0.26666666666666666,2,3,0.4,2,8,0.2,False,True,2
4,1,1.15,0.4,8,2,6,25,5,0.25,0.2857142857142857,0.26666666666666666,2,3,0.4,2,8,0.2,False,True,2
0,1,1.15,0.375,8,2,6,25,5,0.25,0.2857142857142857,0.26666666666666666,2,3,0.4,2,8,0.2,False,True,2
1,1,1.15,0.375,8,2,6,25,5,0.25,0.2857142857142857,0.26666666666666666,2,3,0.4,2,8,0.2,False,True,2
2,1,1.15,0.375,8,2,6,25,5,0.25,0.2857142857142857,0.26666666666666666,2,3,0.4,2,8,0.2,False,True,2
3,1,1.15,0.375,8,2,6,25,5,0.25,0.2857142857142857,0.26666666666666666,2,3,0.4,2,8,0.2,False,True,2
4,1,1.15,0.375,8,2,6,25,5,0.25,0.2857142857142857,0.26666666666666666,2,3,0.4,2,8,0.2,False,True,2
1,1,1.15,0.35,8,2,6,25,5,0.25,0.2857142857142857,0.26666666666666666,2,3,0.4,2,8,0.2,False,True,2
4,3,0.55,0.375,29,7,22,9,0,0.2413793103448276,1.0,0.3888888888888889,2,3,0.4,2,8,0.2,False,True,2
3,2,0.7,0.35,29,7,22,9,0,0.2413793103448276,1.0,0.3888888888888889,2,3,0.4,2,8,0.2,False,True,2
0,3,0.55,0.425,21,5,16,15,2,0.23809523809523808,0.7142857142857143,0.35714285714285715,2,3,0.4,2,8,0.2,False,True,2
4,3,0.7,0.375,21,5,16,15,2,0.23809523809523808,0.7142857142857143,0.35714285714285715,2,3,0.4,2,8,0.2,False,True,2
1,3,0.7,0.35,21,5,16,15,2,0.23809523809523808,0.7142857142857143,0.35714285714285715,2,3,0.4,2,8,0.2,False,True,2
2,3,0.7,0.35,21,5,16,15,2,0.23809523809523808,0.7142857142857143,0.35714285714285715,2,3,0.4,2,8,0.2,False,True,2
4,2,0.55,0.525,17,4,13,18,3,0.23529411764705882,0.5714285714285714,0.3333333333333333,2,3,0.4,2,8,0.2,False,True,2
0,2,0.55,0.5,17,4,13,18,3,0.23529411764705882,0.5714285714285714,0.3333333333333333,2,3,0.4,2,8,0.2,False,True,2
1,2,0.55,0.5,17,4,13,18,3,0.23529411764705882,0.5714285714285714,0.3333333333333333,2,3,0.4,2,8,0.2,False,True,2
2,2,0.55,0.5,17,4,13,18,3,0.23529411764705882,0.5714285714285714,0.3333333333333333,2,3,0.4,2,8,0.2,False,True,2
3,2,0.55,0.5,17,4,13,18,3,0.23529411764705882,0.5714285714285714,0.3333333333333333,2,3,0.4,2,8,0.2,False,True,2
4,0,0.55,0.5,17,4,13,18,3,0.23529411764705882,0.5714285714285714,0.3333333333333333,2,3,0.4,2,8,0.2,False,True,2
4,2,0.55,0.5,17,4,13,18,3,0.23529411764705882,0.5714285714285714,0.3333333333333333,2,3,0.4,2,8,0.2,False,True,2
4,4,0.55,0.5,17,4,13,18,3,0.23529411764705882,0.5714285714285714,0.3333333333333333,2,3,0.4,2,8,0.2,False,True,2
0,0,0.55,0.475,17,4,13,18,3,0.23529411764705882,0.5714285714285714,0.3333333333333333,2,3,0.4,2,8,0.2,False,True,2
0,4,0.55,0.475,17,4,13,18,3,0.23529411764705882,0.5714285714285714,0.3333333333333333,2,3,0.4,2,8,0.2,False,True,2
1,0,0.55,0.475,17,4,13,18,3,0.23529411764705882,0.5714285714285714,0.3333333333333333,2,3,0.4,2,8,0.2,False,True,2
1,2,0.55,0.475,17,4,13,18,3,0.23529411764705882,0.5714285714285714,0.3333333333333333,2,3,0.4,2,8,0.2,False,True,2
1,4,0.55,0.475,17,4,13,18,3,0.23529411764705882,0.5714285714285714,0.3333333333333333,2,3,0.4,2,8,0.2,False,True,2
2,2,0.55,0.475,17,4,13,18,3,0.23529411764705882,0.5714285714285714,0.3333333333333333,2,3,0.4,2,8,0.2,False,True,2
2,4,0.55,0.475,17,4,13,18,3,0.23529411764705882,0.5714285714285714,0.3333333333333333,2,3,0.4,2,8,0.2,False,True,2
3,4,0.55,0.475,17,4,13,18,3,0.23529411764705882,0.5714285714285714,0.3333333333333333,2,3,0.4,2,8,0.2,False,True,2
4,1,0.55,0.475,17,4,13,18,3,0.23529411764705882,0.5714285714285714,0.3333333333333333,2,3,0.4,2,8,0.2,False,True,2
0,1,0.55,0.45,17,4,13,18,3,0.23529411764705882,0.5714285714285714,0.3333333333333333,2,3,0.4,2,8,0.2,False,True,2
1,1,0.55,0.45,17,4,13,18,3,0.23529411764705882,0.5714285714285714,0.3333333333333333,2,3,0.4,2,8,0.2,False,True,2
4,2,0.7,0.45,17,4,13,18,3,0.23529411764705882,0.5714285714285714,0.3333333333333333,2,3,0.4,2,8,0.2,False,True,2
4,4,0.7,0.45,17,4,13,18,3,0.23529411764705882,0.5714285714285714,0.3333333333333333,2,3,0.4,2,8,0.2,False,True,2
0,2,0.7,0.425,17,4,13,18,3,0.23529411764705882,0.5714285714285714,0.3333333333333333,2,3,0.4,2,8,0.2,False,True,2
1,2,0.7,0.425,17,4,13,18,3,0.23529411764705882,0.5714285714285714,0.3333333333333333,2,3,0.4,2,8,0.2,False,True,2
2,1,0.55,0.425,17,4,13,18,3,0.23529411764705882,0.5714285714285714,0.3333333333333333,2,3,0.4,2,8,0.2,False,True,2
2,2,0.7,0.425,17,4,13,18,3,0.23529411764705882,0.5714285714285714,0.3333333333333333,2,3,0.4,2,8,0.2,False,True,2
0,0,0.7,0.4,17,4,13,18,3,0.23529411764705882,0.5714285714285714,0.3333333333333333,2,3,0.4,2,8,0.2,False,True,2
1,0,0.7,0.4,17,4,13,18,3,0.23529411764705882,0.5714285714285714,0.3333333333333333,2,3,0.4,2,8,0.2,False,True,2
2,4,0.7,0.4,17,4,13,18,3,0.23529411764705882,0.5714285714285714,0.3333333333333333,2,3,0.4,2,8,0.2,False,True,2
4,2,0.85,0.4,17,4,13,18,3,0.23529411764705882,0.5714285714285714,0.3333333333333333,2,3,0.4,2,8,0.2,False,True,2
1,2,0.85,0.375,17,4,13,18,3,0.23529411764705882,0.5714285714285714,0.3333333333333333,2,3,0.4,2,8,0.2,False,True,2
4,3,0.85,0.35,17,4,13,18,3,0.23529411764705882,0.5714285714285714,0.3333333333333333,2,3,0.4,2,8,0.2,False,True,2
0,2,0.55,0.375,30,7,23,8,0,0.23333333333333334,1.0,0.37837837837837834,2,3,0.4,2,8,0.2,False,True,2
0,3,0.55,0.375,30,7,23,8,0,0.23333333333333334,1.0,0.37837837837837834,2,3,0.4,2,8,0.2,False,True,2
4,2,0.55,0.375,30,7,23,8,0,0.23333333333333334,1.0,0.37837837837837834,2,3,0.4,2,8,0.2,False,True,2
4,4,0.55,0.375,30,7,23,8,0,0.23333333333333334,1.0,0.37837837837837834,2,3,0.4,2,8,0.2,False,True,2
1,0,0.55,0.35,30,7,23,8,0,0.23333333333333334,1.0,0.37837837837837834,2,3,0.4,2,8,0.2,False,True,2
1,2,0.55,0.35,30,7,23,8,0,0.23333333333333334,1.0,0.37837837837837834,2,3,0.4,2,8,0.2,False,True,2
1,3,0.55,0.35,30,7,23,8,0,0.23333333333333334,1.0,0.37837837837837834,2,3,0.4,2,8,0.2,False,True,2
4,3,0.7,0.35,26,6,20,11,1,0.23076923076923078,0.8571428571428571,0.36363636363636365,2,3,0.4,2,8,0.2,False,True,2
4,4,0.7,0.35,26,6,20,11,1,0.23076923076923078,0.8571428571428571,0.36363636363636365,2,3,0.4,2,8,0.2,False,True,2
4,2,0.55,0.55,13,3,10,21,4,0.23076923076923078,0.42857142857142855,0.3,2,3,0.4,2,8,0.2,False,True,2
2,2,0.55,0.525,13,3,10,21,4,0.23076923076923078,0.42857142857142855,0.3,2,3,0.4,2,8,0.2,False,True,2
3,3,0.55,0.525,13,3,10,21,4,0.23076923076923078,0.42857142857142855,0.3,2,3,0.4,2,8,0.2,False,True,2
3,4,0.55,0.525,13,3,10,21,4,0.23076923076923078,0.42857142857142855,0.3,2,3,0.4,2,8,0.2,False,True,2
0,2,0.7,0.475,13,3,10,21,4,0.23076923076923078,0.42857142857142855,0.3,2,3,0.4,2,8,0.2,False,True,2
2,1,0.55,0.475,13,3,10,21,4,0.23076923076923078,0.42857142857142855,0.3,2,3,0.4,2,8,0.2,False,True,2
4,4,0.7,0.475,13,3,10,21,4,0.23076923076923078,0.42857142857142855,0.3,2,3,0.4,2,8,0.2,False,True,2
0,4,0.7,0.45,13,3,10,21,4,0.23076923076923078,0.42857142857142855,0.3,2,3,0.4,2,8,0.2,False,True,2
1,0,0.7,0.45,13,3,10,21,4,0.23076923076923078,0.42857142857142855,0.3,2,3,0.4,2,8,0.2,False,True,2
1,4,0.7,0.45,13,3,10,21,4,0.23076923076923078,0.42857142857142855,0.3,2,3,0.4,2,8,0.2,False,True,2
2,0,0.7,0.45,13,3,10,21,4,0.23076923076923078,0.42857142857142855,0.3,2,3,0.4,2,8,0.2,False,True,2
2,4,0.7,0.45,13,3,10,21,4,0.23076923076923078,0.42857142857142855,0.3,2,3,0.4,2,8,0.2,False,True,2
3,4,0.7,0.45,13,3,10,21,4,0.23076923076923078,0.42857142857142855,0.3,2,3,0.4,2,8,0.2,False,True,2
4,2,0.85,0.45,13,3,10,21,4,0.23076923076923078,0.42857142857142855,0.3,2,3,0.4,2,8,0.2,False,True,2
0,2,0.85,0.425,13,3,10,21,4,0.23076923076923078,0.42857142857142855,0.3,2,3,0.4,2,8,0.2,False,True,2
1,2,0.85,0.425,13,3,10,21,4,0.23076923076923078,0.42857142857142855,0.3,2,3,0.4,2,8,0.2,False,True,2
2,2,0.85,0.425,13,3,10,21,4,0.23076923076923078,0.42857142857142855,0.3,2,3,0.4,2,8,0.2,False,True,2
3,2,0.85,0.425,13,3,10,21,4,0.23076923076923078,0.42857142857142855,0.3,2,3,0.4,2,8,0.2,False,True,2
1,0,0.85,0.4,13,3,10,21,4,0.23076923076923078,0.42857142857142855,0.3,2,3,0.4,2,8,0.2,False,True,2
2,0,0.85,0.4,13,3,10,21,4,0.23076923076923078,0.42857142857142855,0.3,2,3,0.4,2,8,0.2,False,True,2
2,1,0.7,0.4,13,3,10,21,4,0.23076923076923078,0.42857142857142855,0.3,2,3,0.4,2,8,0.2,False,True,2
0,4,0.85,0.375,13,3,10,21,4,0.23076923076923078,0.42857142857142855,0.3,2,3,0.4,2,8,0.2,False,True,2
2,4,0.85,0.375,13,3,10,21,4,0.23076923076923078,0.42857142857142855,0.3,2,3,0.4,2,8,0.2,False,True,2
3,2,1.0,0.375,13,3,10,21,4,0.23076923076923078,0.42857142857142855,0.3,2,3,0.4,2,8,0.2,False,True,2
4,1,0.85,0.375,13,3,10,21,4,0.23076923076923078,0.42857142857142855,0.3,2,3,0.4,2,8,0.2,False,True,2
0,0,1.0,0.35,13,3,10,21,4,0.23076923076923078,0.42857142857142855,0.3,2,3,0.4,2,8,0.2,False,True,2
1,1,0.85,0.35,13,3,10,21,4,0.23076923076923078,0.42857142857142855,0.3,2,3,0.4,2,8,0.2,False,True,2
2,1,0.85,0.35,13,3,10,21,4,0.23076923076923078,0.42857142857142855,0.3,2,3,0.4,2,8,0.2,False,True,2
3,3,0.55,0.425,22,5,17,14,2,0.22727272727272727,0.7142857142857143,0.3448275862068965,2,3,0.4,2,8,0.2,False,True,2
4,2,0.7,0.4,22,5,17,14,2,0.22727272727272727,0.7142857142857143,0.3448275862068965,2,3,0.4,2,8,0.2,False,True,2
1,2,0.7,0.375,22,5,17,14,2,0.22727272727272727,0.7142857142857143,0.3448275862068965,2,3,0.4,2,8,0.2,False,True,2
3,0,0.7,0.375,22,5,17,14,2,0.22727272727272727,0.7142857142857143,0.3448275862068965,2,3,0.4,2,8,0.2,False,True,2
0,4,0.55,0.375,31,7,24,7,0,0.22580645161290322,1.0,0.3684210526315789,2,3,0.4,2,8,0.2,False,True,2
3,0,0.55,0.375,31,7,24,7,0,0.22580645161290322,1.0,0.3684210526315789,2,3,0.4,2,8,0.2,False,True,2
1,4,0.55,0.35,31,7,24,7,0,0.22580645161290322,1.0,0.3684210526315789,2,3,0.4,2,8,0.2,False,True,2
3,3,0.55,0.4,27,6,21,10,1,0.2222222222222222,0.8571428571428571,0.35294117647058826,2,3,0.4,2,8,0.2,False,True,2
4,0,0.55,0.4,27,6,21,10,1,0.2222222222222222,0.8571428571428571,0.35294117647058826,2,3,0.4,2,8,0.2,False,True,2
4,2,0.55,0.4,27,6,21,10,1,0.2222222222222222,0.8571428571428571,0.35294117647058826,2,3,0.4,2,8,0.2,False,True,2
4,3,0.55,0.4,27,6,21,10,1,0.2222222222222222,0.8571428571428571,0.35294117647058826,2,3,0.4,2,8,0.2,False,True,2
4,4,0.55,0.4,27,6,21,10,1,0.2222222222222222,0.8571428571428571,0.35294117647058826,2,3,0.4,2,8,0.2,False,True,2
1,2,0.55,0.375,27,6,21,10,1,0.2222222222222222,0.8571428571428571,0.35294117647058826,2,3,0.4,2,8,0.2,False,True,2
1,3,0.55,0.375,27,6,21,10,1,0.2222222222222222,0.8571428571428571,0.35294117647058826,2,3,0.4,2,8,0.2,False,True,2
1,4,0.55,0.375,27,6,21,10,1,0.2222222222222222,0.8571428571428571,0.35294117647058826,2,3,0.4,2,8,0.2,False,True,2
4,0,0.7,0.35,27,6,21,10,1,0.2222222222222222,0.8571428571428571,0.35294117647058826,2,3,0.4,2,8,0.2,False,True,2
4,2,0.7,0.35,27,6,21,10,1,0.2222222222222222,0.8571428571428571,0.35294117647058826,2,3,0.4,2,8,0.2,False,True,2
0,2,0.55,0.475,18,4,14,17,3,0.2222222222222222,0.5714285714285714,0.32,2,3,0.4,2,8,0.2,False,True,2
3,0,0.55,0.475,18,4,14,17,3,0.2222222222222222,0.5714285714285714,0.32,2,3,0.4,2,8,0.2,False,True,2
3,2,0.55,0.475,18,4,14,17,3,0.2222222222222222,0.5714285714285714,0.32,2,3,0.4,2,8,0.2,False,True,2
4,0,0.55,0.475,18,4,14,17,3,0.2222222222222222,0.5714285714285714,0.32,2,3,0.4,2,8,0.2,False,True,2
4,3,0.55,0.475,18,4,14,17,3,0.2222222222222222,0.5714285714285714,0.32,2,3,0.4,2,8,0.2,False,True,2
4,4,0.55,0.475,18,4,14,17,3,0.2222222222222222,0.5714285714285714,0.32,2,3,0.4,2,8,0.2,False,True,2
0,3,0.55,0.45,18,4,14,17,3,0.2222222222222222,0.5714285714285714,0.32,2,3,0.4,2,8,0.2,False,True,2
1,0,0.55,0.45,18,4,14,17,3,0.2222222222222222,0.5714285714285714,0.32,2,3,0.4,2,8,0.2,False,True,2
1,3,0.55,0.45,18,4,14,17,3,0.2222222222222222,0.5714285714285714,0.32,2,3,0.4,2,8,0.2,False,True,2
1,4,0.55,0.45,18,4,14,17,3,0.2222222222222222,0.5714285714285714,0.32,2,3,0.4,2,8,0.2,False,True,2
2,0,0.55,0.45,18,4,14,17,3,0.2222222222222222,0.5714285714285714,0.32,2,3,0.4,2,8,0.2,False,True,2
4,1,0.55,0.45,18,4,14,17,3,0.2222222222222222,0.5714285714285714,0.32,2,3,0.4,2,8,0.2,False,True,2
4,3,0.55,0.45,18,4,14,17,3,0.2222222222222222,0.5714285714285714,0.32,2,3,0.4,2,8,0.2,False,True,2
1,1,0.55,0.425,18,4,14,17,3,0.2222222222222222,0.5714285714285714,0.32,2,3,0.4,2,8,0.2,False,True,2
3,2,0.7,0.425,18,4,14,17,3,0.2222222222222222,0.5714285714285714,0.32,2,3,0.4,2,8,0.2,False,True,2
4,0,0.7,0.425,18,4,14,17,3,0.2222222222222222,0.5714285714285714,0.32,2,3,0.4,2,8,0.2,False,True,2
4,2,0.7,0.425,18,4,14,17,3,0.2222222222222222,0.5714285714285714,0.32,2,3,0.4,2,8,0.2,False,True,2
4,4,0.7,0.425,18,4,14,17,3,0.2222222222222222,0.5714285714285714,0.32,2,3,0.4,2,8,0.2,False,True,2
0,4,0.7,0.4,18,4,14,17,3,0.2222222222222222,0.5714285714285714,0.32,2,3,0.4,2,8,0.2,False,True,2
1,4,0.7,0.4,18,4,14,17,3,0.2222222222222222,0.5714285714285714,0.32,2,3,0.4,2,8,0.2,False,True,2
4,1,0.7,0.4,18,4,14,17,3,0.2222222222222222,0.5714285714285714,0.32,2,3,0.4,2,8,0.2,False,True,2
0,3,0.7,0.375,18,4,14,17,3,0.2222222222222222,0.5714285714285714,0.32,2,3,0.4,2,8,0.2,False,True,2
1,3,0.7,0.375,18,4,14,17,3,0.2222222222222222,0.5714285714285714,0.32,2,3,0.4,2,8,0.2,False,True,2
4,1,0.7,0.375,18,4,14,17,3,0.2222222222222222,0.5714285714285714,0.32,2,3,0.4,2,8,0.2,False,True,2
4,2,0.85,0.375,18,4,14,17,3,0.2222222222222222,0.5714285714285714,0.32,2,3,0.4,2,8,0.2,False,True,2
4,4,0.85,0.375,18,4,14,17,3,0.2222222222222222,0.5714285714285714,0.32,2,3,0.4,2,8,0.2,False,True,2
0,1,0.7,0.35,18,4,14,17,3,0.2222222222222222,0.5714285714285714,0.32,2,3,0.4,2,8,0.2,False,True,2
0,4,0.85,0.35,18,4,14,17,3,0.2222222222222222,0.5714285714285714,0.32,2,3,0.4,2,8,0.2,False,True,2
1,1,0.7,0.35,18,4,14,17,3,0.2222222222222222,0.5714285714285714,0.32,2,3,0.4,2,8,0.2,False,True,2
1,2,0.85,0.35,18,4,14,17,3,0.2222222222222222,0.5714285714285714,0.32,2,3,0.4,2,8,0.2,False,True,2
1,4,0.85,0.35,18,4,14,17,3,0.2222222222222222,0.5714285714285714,0.32,2,3,0.4,2,8,0.2,False,True,2
2,1,0.7,0.35,18,4,14,17,3,0.2222222222222222,0.5714285714285714,0.32,2,3,0.4,2,8,0.2,False,True,2
2,2,0.85,0.35,18,4,14,17,3,0.2222222222222222,0.5714285714285714,0.32,2,3,0.4,2,8,0.2,False,True,2
4,0,0.85,0.35,18,4,14,17,3,0.2222222222222222,0.5714285714285714,0.32,2,3,0.4,2,8,0.2,False,True,2
2,2,0.55,0.6,9,2,7,24,5,0.2222222222222222,0.2857142857142857,0.25,2,3,0.4,2,8,0.2,False,True,2
4,0,0.55,0.6,9,2,7,24,5,0.2222222222222222,0.2857142857142857,0.25,2,3,0.4,2,8,0.2,False,True,2
4,2,0.55,0.6,9,2,7,24,5,0.2222222222222222,0.2857142857142857,0.25,2,3,0.4,2,8,0.2,False,True,2
4,4,0.55,0.6,9,2,7,24,5,0.2222222222222222,0.2857142857142857,0.25,2,3,0.4,2,8,0.2,False,True,2
0,0,0.55,0.575,9,2,7,24,5,0.2222222222222222,0.2857142857142857,0.25,2,3,0.4,2,8,0.2,False,True,2
0,3,0.55,0.575,9,2,7,24,5,0.2222222222222222,0.2857142857142857,0.25,2,3,0.4,2,8,0.2,False,True,2
1,0,0.55,0.575,9,2,7,24,5,0.2222222222222222,0.2857142857142857,0.25,2,3,0.4,2,8,0.2,False,True,2
1,2,0.55,0.575,9,2,7,24,5,0.2222222222222222,0.2857142857142857,0.25,2,3,0.4,2,8,0.2,False,True,2
1,3,0.55,0.575,9,2,7,24,5,0.2222222222222222,0.2857142857142857,0.25,2,3,0.4,2,8,0.2,False,True,2
1,4,0.55,0.575,9,2,7,24,5,0.2222222222222222,0.2857142857142857,0.25,2,3,0.4,2,8,0.2,False,True,2
2,0,0.55,0.575,9,2,7,24,5,0.2222222222222222,0.2857142857142857,0.25,2,3,0.4,2,8,0.2,False,True,2
2,3,0.55,0.575,9,2,7,24,5,0.2222222222222222,0.2857142857142857,0.25,2,3,0.4,2,8,0.2,False,True,2
2,4,0.55,0.575,9,2,7,24,5,0.2222222222222222,0.2857142857142857,0.25,2,3,0.4,2,8,0.2,False,True,2
3,1,0.55,0.575,9,2,7,24,5,0.2222222222222222,0.2857142857142857,0.25,2,3,0.4,2,8,0.2,False,True,2
0,1,0.55,0.55,9,2,7,24,5,0.2222222222222222,0.2857142857142857,0.25,2,3,0.4,2,8,0.2,False,True,2
0,2,0.7,0.55,9,2,7,24,5,0.2222222222222222,0.2857142857142857,0.25,2,3,0.4,2,8,0.2,False,True,2
1,1,0.55,0.55,9,2,7,24,5,0.2222222222222222,0.2857142857142857,0.25,2,3,0.4,2,8,0.2,False,True,2
2,1,0.55,0.55,9,2,7,24,5,0.2222222222222222,0.2857142857142857,0.25,2,3,0.4,2,8,0.2,False,True,2
2,2,0.7,0.55,9,2,7,24,5,0.2222222222222222,0.2857142857142857,0.25,2,3,0.4,2,8,0.2,False,True,2
3,0,0.7,0.55,9,2,7,24,5,0.2222222222222222,0.2857142857142857,0.25,2,3,0.4,2,8,0.2,False,True,2
1,0,0.7,0.525,9,2,7,24,5,0.2222222222222222,0.2857142857142857,0.25,2,3,0.4,2,8,0.2,False,True,2
1,3,0.7,0.525,9,2,7,24,5,0.2222222222222222,0.2857142857142857,0.25,2,3,0.4,2,8,0.2,False,True,2
1,4,0.7,0.525,9,2,7,24,5,0.2222222222222222,0.2857142857142857,0.25,2,3,0.4,2,8,0.2,False,True,2
0,1,0.7,0.5,9,2,7,24,5,0.2222222222222222,0.2857142857142857,0.25,2,3,0.4,2,8,0.2,False,True,2
2,1,0.7,0.5,9,2,7,24,5,0.2222222222222222,0.2857142857142857,0.25,2,3,0.4,2,8,0.2,False,True,2
2,2,0.85,0.5,9,2,7,24,5,0.2222222222222222,0.2857142857142857,0.25,2,3,0.4,2,8,0.2,False,True,2
4,0,0.85,0.5,9,2,7,24,5,0.2222222222222222,0.2857142857142857,0.25,2,3,0.4,2,8,0.2,False,True,2
4,3,0.85,0.5,9,2,7,24,5,0.2222222222222222,0.2857142857142857,0.25,2,3,0.4,2,8,0.2,False,True,2
3,2,1.0,0.475,9,2,7,24,5,0.2222222222222222,0.2857142857142857,0.25,2,3,0.4,2,8,0.2,False,True,2
4,2,1.0,0.475,9,2,7,24,5,0.2222222222222222,0.2857142857142857,0.25,2,3,0.4,2,8,0.2,False,True,2
0,0,1.0,0.45,9,2,7,24,5,0.2222222222222222,0.2857142857142857,0.25,2,3,0.4,2,8,0.2,False,True,2
0,1,0.85,0.45,9,2,7,24,5,0.2222222222222222,0.2857142857142857,0.25,2,3,0.4,2,8,0.2,False,True,2
0,3,1.0,0.45,9,2,7,24,5,0.2222222222222222,0.2857142857142857,0.25,2,3,0.4,2,8,0.2,False,True,2
3,3,1.0,0.45,9,2,7,24,5,0.2222222222222222,0.2857142857142857,0.25,2,3,0.4,2,8,0.2,False,True,2
4,0,1.0,0.45,9,2,7,24,5,0.2222222222222222,0.2857142857142857,0.25,2,3,0.4,2,8,0.2,False,True,2
4,1,0.85,0.45,9,2,7,24,5,0.2222222222222222,0.2857142857142857,0.25,2,3,0.4,2,8,0.2,False,True,2
4,3,1.0,0.45,9,2,7,24,5,0.2222222222222222,0.2857142857142857,0.25,2,3,0.4,2,8,0.2,False,True,2
0,2,1.15,0.425,9,2,7,24,5,0.2222222222222222,0.2857142857142857,0.25,2,3,0.4,2,8,0.2,False,True,2
1,3,1.0,0.425,9,2,7,24,5,0.2222222222222222,0.2857142857142857,0.25,2,3,0.4,2,8,0.2,False,True,2
3,2,1.15,0.425,9,2,7,24,5,0.2222222222222222,0.2857142857142857,0.25,2,3,0.4,2,8,0.2,False,True,2
4,0,1.15,0.425,9,2,7,24,5,0.2222222222222222,0.2857142857142857,0.25,2,3,0.4,2,8,0.2,False,True,2
4,2,1.15,0.425,9,2,7,24,5,0.2222222222222222,0.2857142857142857,0.25,2,3,0.4,2,8,0.2,False,True,2
0,0,1.15,0.4,9,2,7,24,5,0.2222222222222222,0.2857142857142857,0.25,2,3,0.4,2,8,0.2,False,True,2
0,1,1.0,0.4,9,2,7,24,5,0.2222222222222222,0.2857142857142857,0.25,2,3,0.4,2,8,0.2,False,True,2
0,3,1.15,0.4,9,2,7,24,5,0.2222222222222222,0.2857142857142857,0.25,2,3,0.4,2,8,0.2,False,True,2
1,0,1.15,0.4,9,2,7,24,5,0.2222222222222222,0.2857142857142857,0.25,2,3,0.4,2,8,0.2,False,True,2
1,3,1.15,0.4,9,2,7,24,5,0.2222222222222222,0.2857142857142857,0.25,2,3,0.4,2,8,0.2,False,True,2
1,4,1.15,0.4,9,2,7,24,5,0.2222222222222222,0.2857142857142857,0.25,2,3,0.4,2,8,0.2,False,True,2
2,0,1.15,0.4,9,2,7,24,5,0.2222222222222222,0.2857142857142857,0.25,2,3,0.4,2,8,0.2,False,True,2
2,3,1.15,0.4,9,2,7,24,5,0.2222222222222222,0.2857142857142857,0.25,2,3,0.4,2,8,0.2,False,True,2
3,1,1.0,0.4,9,2,7,24,5,0.2222222222222222,0.2857142857142857,0.25,2,3,0.4,2,8,0.2,False,True,2
3,3,1.15,0.4,9,2,7,24,5,0.2222222222222222,0.2857142857142857,0.25,2,3,0.4,2,8,0.2,False,True,2
4,0,1.15,0.4,9,2,7,24,5,0.2222222222222222,0.2857142857142857,0.25,2,3,0.4,2,8,0.2,False,True,2
4,1,1.0,0.4,9,2,7,24,5,0.2222222222222222,0.2857142857142857,0.25,2,3,0.4,2,8,0.2,False,True,2
4,3,1.15,0.4,9,2,7,24,5,0.2222222222222222,0.2857142857142857,0.25,2,3,0.4,2,8,0.2,False,True,2
1,3,1.15,0.375,9,2,7,24,5,0.2222222222222222,0.2857142857142857,0.25,2,3,0.4,2,8,0.2,False,True,2
0,1,1.15,0.35,9,2,7,24,5,0.2222222222222222,0.2857142857142857,0.25,2,3,0.4,2,8,0.2,False,True,2
2,1,1.15,0.35,9,2,7,24,5,0.2222222222222222,0.2857142857142857,0.25,2,3,0.4,2,8,0.2,False,True,2
3,1,1.15,0.35,9,2,7,24,5,0.2222222222222222,0.2857142857142857,0.25,2,3,0.4,2,8,0.2,False,True,2
4,1,1.15,0.35,9,2,7,24,5,0.2222222222222222,0.2857142857142857,0.25,2,3,0.4,2,8,0.2,False,True,2
3,3,0.55,0.375,32,7,25,6,0,0.21875,1.0,0.358974358974359,2,3,0.4,2,8,0.2,False,True,2
0,3,0.55,0.35,32,7,25,6,0,0.21875,1.0,0.358974358974359,2,3,0.4,2,8,0.2,False,True,2
3,3,0.55,0.35,32,7,25,6,0,0.21875,1.0,0.358974358974359,2,3,0.4,2,8,0.2,False,True,2
4,2,0.55,0.35,32,7,25,6,0,0.21875,1.0,0.358974358974359,2,3,0.4,2,8,0.2,False,True,2
4,3,0.55,0.35,32,7,25,6,0,0.21875,1.0,0.358974358974359,2,3,0.4,2,8,0.2,False,True,2
0,2,0.7,0.375,23,5,18,13,2,0.21739130434782608,0.7142857142857143,0.3333333333333333,2,3,0.4,2,8,0.2,False,True,2
0,4,0.7,0.375,23,5,18,13,2,0.21739130434782608,0.7142857142857143,0.3333333333333333,2,3,0.4,2,8,0.2,False,True,2
3,4,0.7,0.375,23,5,18,13,2,0.21739130434782608,0.7142857142857143,0.3333333333333333,2,3,0.4,2,8,0.2,False,True,2
4,0,0.7,0.375,23,5,18,13,2,0.21739130434782608,0.7142857142857143,0.3333333333333333,2,3,0.4,2,8,0.2,False,True,2
0,0,0.7,0.35,23,5,18,13,2,0.21739130434782608,0.7142857142857143,0.3333333333333333,2,3,0.4,2,8,0.2,False,True,2
0,3,0.7,0.35,23,5,18,13,2,0.21739130434782608,0.7142857142857143,0.3333333333333333,2,3,0.4,2,8,0.2,False,True,2
1,0,0.7,0.35,23,5,18,13,2,0.21739130434782608,0.7142857142857143,0.3333333333333333,2,3,0.4,2,8,0.2,False,True,2
3,2,0.55,0.4,28,6,22,9,1,0.21428571428571427,0.8571428571428571,0.34285714285714286,2,3,0.4,2,8,0.2,False,True,2
3,4,0.55,0.4,28,6,22,9,1,0.21428571428571427,0.8571428571428571,0.34285714285714286,2,3,0.4,2,8,0.2,False,True,2
0,0,0.55,0.375,28,6,22,9,1,0.21428571428571427,0.8571428571428571,0.34285714285714286,2,3,0.4,2,8,0.2,False,True,2
4,0,0.55,0.375,28,6,22,9,1,0.21428571428571427,0.8571428571428571,0.34285714285714286,2,3,0.4,2,8,0.2,False,True,2
2,0,0.55,0.35,28,6,22,9,1,0.21428571428571427,0.8571428571428571,0.34285714285714286,2,3,0.4,2,8,0.2,False,True,2
4,1,0.55,0.35,28,6,22,9,1,0.21428571428571427,0.8571428571428571,0.34285714285714286,2,3,0.4,2,8,0.2,False,True,2
4,3,0.55,0.525,14,3,11,20,4,0.21428571428571427,0.42857142857142855,0.2857142857142857,2,3,0.4,2,8,0.2,False,True,2
0,3,0.55,0.5,14,3,11,20,4,0.21428571428571427,0.42857142857142855,0.2857142857142857,2,3,0.4,2,8,0.2,False,True,2
1,0,0.55,0.5,14,3,11,20,4,0.21428571428571427,0.42857142857142855,0.2857142857142857,2,3,0.4,2,8,0.2,False,True,2
1,3,0.55,0.5,14,3,11,20,4,0.21428571428571427,0.42857142857142855,0.2857142857142857,2,3,0.4,2,8,0.2,False,True,2
2,0,0.55,0.5,14,3,11,20,4,0.21428571428571427,0.42857142857142855,0.2857142857142857,2,3,0.4,2,8,0.2,False,True,2
2,3,0.55,0.5,14,3,11,20,4,0.21428571428571427,0.42857142857142855,0.2857142857142857,2,3,0.4,2,8,0.2,False,True,2
3,3,0.55,0.5,14,3,11,20,4,0.21428571428571427,0.42857142857142855,0.2857142857142857,2,3,0.4,2,8,0.2,False,True,2
4,1,0.55,0.5,14,3,11,20,4,0.21428571428571427,0.42857142857142855,0.2857142857142857,2,3,0.4,2,8,0.2,False,True,2
0,1,0.55,0.475,14,3,11,20,4,0.21428571428571427,0.42857142857142855,0.2857142857142857,2,3,0.4,2,8,0.2,False,True,2
1,1,0.55,0.475,14,3,11,20,4,0.21428571428571427,0.42857142857142855,0.2857142857142857,2,3,0.4,2,8,0.2,False,True,2
3,1,0.55,0.475,14,3,11,20,4,0.21428571428571427,0.42857142857142855,0.2857142857142857,2,3,0.4,2,8,0.2,False,True,2
3,2,0.7,0.475,14,3,11,20,4,0.21428571428571427,0.42857142857142855,0.2857142857142857,2,3,0.4,2,8,0.2,False,True,2
4,0,0.7,0.475,14,3,11,20,4,0.21428571428571427,0.42857142857142855,0.2857142857142857,2,3,0.4,2,8,0.2,False,True,2
4,3,0.7,0.475,14,3,11,20,4,0.21428571428571427,0.42857142857142855,0.2857142857142857,2,3,0.4,2,8,0.2,False,True,2
0,0,0.7,0.45,14,3,11,20,4,0.21428571428571427,0.42857142857142855,0.2857142857142857,2,3,0.4,2,8,0.2,False,True,2
0,3,0.7,0.45,14,3,11,20,4,0.21428571428571427,0.42857142857142855,0.2857142857142857,2,3,0.4,2,8,0.2,False,True,2
1,3,0.7,0.45,14,3,11,20,4,0.21428571428571427,0.42857142857142855,0.2857142857142857,2,3,0.4,2,8,0.2,False,True,2
2,3,0.7,0.45,14,3,11,20,4,0.21428571428571427,0.42857142857142855,0.2857142857142857,2,3,0.4,2,8,0.2,False,True,2
3,0,0.7,0.45,14,3,11,20,4,0.21428571428571427,0.42857142857142855,0.2857142857142857,2,3,0.4,2,8,0.2,False,True,2
3,3,0.7,0.45,14,3,11,20,4,0.21428571428571427,0.42857142857142855,0.2857142857142857,2,3,0.4,2,8,0.2,False,True,2
4,3,0.7,0.45,14,3,11,20,4,0.21428571428571427,0.42857142857142855,0.2857142857142857,2,3,0.4,2,8,0.2,False,True,2
0,3,0.7,0.425,14,3,11,20,4,0.21428571428571427,0.42857142857142855,0.2857142857142857,2,3,0.4,2,8,0.2,False,True,2
1,3,0.7,0.425,14,3,11,20,4,0.21428571428571427,0.42857142857142855,0.2857142857142857,2,3,0.4,2,8,0.2,False,True,2
2,3,0.7,0.425,14,3,11,20,4,0.21428571428571427,0.42857142857142855,0.2857142857142857,2,3,0.4,2,8,0.2,False,True,2
3,3,0.7,0.425,14,3,11,20,4,0.21428571428571427,0.42857142857142855,0.2857142857142857,2,3,0.4,2,8,0.2,False,True,2
4,0,0.85,0.425,14,3,11,20,4,0.21428571428571427,0.42857142857142855,0.2857142857142857,2,3,0.4,2,8,0.2,False,True,2
4,1,0.7,0.425,14,3,11,20,4,0.21428571428571427,0.42857142857142855,0.2857142857142857,2,3,0.4,2,8,0.2,False,True,2
4,2,0.85,0.425,14,3,11,20,4,0.21428571428571427,0.42857142857142855,0.2857142857142857,2,3,0.4,2,8,0.2,False,True,2
0,0,0.85,0.4,14,3,11,20,4,0.21428571428571427,0.42857142857142855,0.2857142857142857,2,3,0.4,2,8,0.2,False,True,2
0,2,0.85,0.4,14,3,11,20,4,0.21428571428571427,0.42857142857142855,0.2857142857142857,2,3,0.4,2,8,0.2,False,True,2
1,1,0.7,0.4,14,3,11,20,4,0.21428571428571427,0.42857142857142855,0.2857142857142857,2,3,0.4,2,8,0.2,False,True,2
1,2,0.85,0.4,14,3,11,20,4,0.21428571428571427,0.42857142857142855,0.2857142857142857,2,3,0.4,2,8,0.2,False,True,2
2,2,0.85,0.4,14,3,11,20,4,0.21428571428571427,0.42857142857142855,0.2857142857142857,2,3,0.4,2,8,0.2,False,True,2
3,0,0.85,0.4,14,3,11,20,4,0.21428571428571427,0.42857142857142855,0.2857142857142857,2,3,0.4,2,8,0.2,False,True,2
3,2,0.85,0.4,14,3,11,20,4,0.21428571428571427,0.42857142857142855,0.2857142857142857,2,3,0.4,2,8,0.2,False,True,2
4,0,0.85,0.4,14,3,11,20,4,0.21428571428571427,0.42857142857142855,0.2857142857142857,2,3,0.4,2,8,0.2,False,True,2
4,3,0.85,0.4,14,3,11,20,4,0.21428571428571427,0.42857142857142855,0.2857142857142857,2,3,0.4,2,8,0.2,False,True,2
0,0,0.85,0.375,14,3,11,20,4,0.21428571428571427,0.42857142857142855,0.2857142857142857,2,3,0.4,2,8,0.2,False,True,2
0,3,0.85,0.375,14,3,11,20,4,0.21428571428571427,0.42857142857142855,0.2857142857142857,2,3,0.4,2,8,0.2,False,True,2
1,0,0.85,0.375,14,3,11,20,4,0.21428571428571427,0.42857142857142855,0.2857142857142857,2,3,0.4,2,8,0.2,False,True,2
1,3,0.85,0.375,14,3,11,20,4,0.21428571428571427,0.42857142857142855,0.2857142857142857,2,3,0.4,2,8,0.2,False,True,2
2,0,0.85,0.375,14,3,11,20,4,0.21428571428571427,0.42857142857142855,0.2857142857142857,2,3,0.4,2,8,0.2,False,True,2
2,3,0.85,0.375,14,3,11,20,4,0.21428571428571427,0.42857142857142855,0.2857142857142857,2,3,0.4,2,8,0.2,False,True,2
3,0,0.85,0.375,14,3,11,20,4,0.21428571428571427,0.42857142857142855,0.2857142857142857,2,3,0.4,2,8,0.2,False,True,2
3,3,0.85,0.375,14,3,11,20,4,0.21428571428571427,0.42857142857142855,0.2857142857142857,2,3,0.4,2,8,0.2,False,True,2
3,4,0.85,0.375,14,3,11,20,4,0.21428571428571427,0.42857142857142855,0.2857142857142857,2,3,0.4,2,8,0.2,False,True,2
4,2,1.0,0.375,14,3,11,20,4,0.21428571428571427,0.42857142857142855,0.2857142857142857,2,3,0.4,2,8,0.2,False,True,2
4,3,0.85,0.375,14,3,11,20,4,0.21428571428571427,0.42857142857142855,0.2857142857142857,2,3,0.4,2,8,0.2,False,True,2
0,1,0.85,0.35,14,3,11,20,4,0.21428571428571427,0.42857142857142855,0.2857142857142857,2,3,0.4,2,8,0.2,False,True,2
0,2,1.0,0.35,14,3,11,20,4,0.21428571428571427,0.42857142857142855,0.2857142857142857,2,3,0.4,2,8,0.2,False,True,2
0,3,0.85,0.35,14,3,11,20,4,0.21428571428571427,0.42857142857142855,0.2857142857142857,2,3,0.4,2,8,0.2,False,True,2
1,2,1.0,0.35,14,3,11,20,4,0.21428571428571427,0.42857142857142855,0.2857142857142857,2,3,0.4,2,8,0.2,False,True,2
1,3,0.85,0.35,14,3,11,20,4,0.21428571428571427,0.42857142857142855,0.2857142857142857,2,3,0.4,2,8,0.2,False,True,2
2,2,1.0,0.35,14,3,11,20,4,0.21428571428571427,0.42857142857142855,0.2857142857142857,2,3,0.4,2,8,0.2,False,True,2
2,3,0.85,0.35,14,3,11,20,4,0.21428571428571427,0.42857142857142855,0.2857142857142857,2,3,0.4,2,8,0.2,False,True,2
3,0,1.0,0.35,14,3,11,20,4,0.21428571428571427,0.42857142857142855,0.2857142857142857,2,3,0.4,2,8,0.2,False,True,2
3,1,0.85,0.35,14,3,11,20,4,0.21428571428571427,0.42857142857142855,0.2857142857142857,2,3,0.4,2,8,0.2,False,True,2
3,2,1.0,0.35,14,3,11,20,4,0.21428571428571427,0.42857142857142855,0.2857142857142857,2,3,0.4,2,8,0.2,False,True,2
4,0,1.0,0.35,14,3,11,20,4,0.21428571428571427,0.42857142857142855,0.2857142857142857,2,3,0.4,2,8,0.2,False,True,2
3,2,0.55,0.375,33,7,26,5,0,0.21212121212121213,1.0,0.35,2,3,0.4,2,8,0.2,False,True,2
3,4,0.55,0.375,33,7,26,5,0,0.21212121212121213,1.0,0.35,2,3,0.4,2,8,0.2,False,True,2
0,0,0.55,0.35,33,7,26,5,0,0.21212121212121213,1.0,0.35,2,3,0.4,2,8,0.2,False,True,2
0,2,0.55,0.35,33,7,26,5,0,0.21212121212121213,1.0,0.35,2,3,0.4,2,8,0.2,False,True,2
0,4,0.55,0.35,33,7,26,5,0,0.21212121212121213,1.0,0.35,2,3,0.4,2,8,0.2,False,True,2
3,0,0.55,0.35,33,7,26,5,0,0.21212121212121213,1.0,0.35,2,3,0.4,2,8,0.2,False,True,2
3,2,0.55,0.35,33,7,26,5,0,0.21212121212121213,1.0,0.35,2,3,0.4,2,8,0.2,False,True,2
3,4,0.55,0.35,33,7,26,5,0,0.21212121212121213,1.0,0.35,2,3,0.4,2,8,0.2,False,True,2
4,0,0.55,0.35,33,7,26,5,0,0.21212121212121213,1.0,0.35,2,3,0.4,2,8,0.2,False,True,2
4,4,0.55,0.35,33,7,26,5,0,0.21212121212121213,1.0,0.35,2,3,0.4,2,8,0.2,False,True,2
2,4,0.55,0.45,19,4,15,16,3,0.21052631578947367,0.5714285714285714,0.3076923076923077,2,3,0.4,2,8,0.2,False,True,2
0,1,0.55,0.425,19,4,15,16,3,0.21052631578947367,0.5714285714285714,0.3076923076923077,2,3,0.4,2,8,0.2,False,True,2
1,3,0.55,0.425,19,4,15,16,3,0.21052631578947367,0.5714285714285714,0.3076923076923077,2,3,0.4,2,8,0.2,False,True,2
2,3,0.55,0.425,19,4,15,16,3,0.21052631578947367,0.5714285714285714,0.3076923076923077,2,3,0.4,2,8,0.2,False,True,2
3,1,0.55,0.425,19,4,15,16,3,0.21052631578947367,0.5714285714285714,0.3076923076923077,2,3,0.4,2,8,0.2,False,True,2
4,1,0.55,0.425,19,4,15,16,3,0.21052631578947367,0.5714285714285714,0.3076923076923077,2,3,0.4,2,8,0.2,False,True,2
0,2,0.7,0.4,19,4,15,16,3,0.21052631578947367,0.5714285714285714,0.3076923076923077,2,3,0.4,2,8,0.2,False,True,2
1,1,0.55,0.4,19,4,15,16,3,0.21052631578947367,0.5714285714285714,0.3076923076923077,2,3,0.4,2,8,0.2,False,True,2
1,2,0.7,0.4,19,4,15,16,3,0.21052631578947367,0.5714285714285714,0.3076923076923077,2,3,0.4,2,8,0.2,False,True,2
2,2,0.7,0.4,19,4,15,16,3,0.21052631578947367,0.5714285714285714,0.3076923076923077,2,3,0.4,2,8,0.2,False,True,2
3,0,0.7,0.4,19,4,15,16,3,0.21052631578947367,0.5714285714285714,0.3076923076923077,2,3,0.4,2,8,0.2,False,True,2
3,4,0.7,0.4,19,4,15,16,3,0.21052631578947367,0.5714285714285714,0.3076923076923077,2,3,0.4,2,8,0.2,False,True,2
4,0,0.7,0.4,19,4,15,16,3,0.21052631578947367,0.5714285714285714,0.3076923076923077,2,3,0.4,2,8,0.2,False,True,2
1,0,0.7,0.375,19,4,15,16,3,0.21052631578947367,0.5714285714285714,0.3076923076923077,2,3,0.4,2,8,0.2,False,True,2
3,3,0.7,0.375,19,4,15,16,3,0.21052631578947367,0.5714285714285714,0.3076923076923077,2,3,0.4,2,8,0.2,False,True,2
0,2,0.85,0.35,19,4,15,16,3,0.21052631578947367,0.5714285714285714,0.3076923076923077,2,3,0.4,2,8,0.2,False,True,2
3,1,0.7,0.35,19,4,15,16,3,0.21052631578947367,0.5714285714285714,0.3076923076923077,2,3,0.4,2,8,0.2,False,True,2
4,1,0.7,0.35,19,4,15,16,3,0.21052631578947367,0.5714285714285714,0.3076923076923077,2,3,0.4,2,8,0.2,False,True,2
0,4,0.55,0.425,24,5,19,12,2,0.20833333333333334,0.7142857142857143,0.3225806451612903,2,3,0.4,2,8,0.2,False,True,2
3,0,0.55,0.425,24,5,19,12,2,0.20833333333333334,0.7142857142857143,0.3225806451612903,2,3,0.4,2,8,0.2,False,True,2
1,3,0.55,0.4,24,5,19,12,2,0.20833333333333334,0.7142857142857143,0.3225806451612903,2,3,0.4,2,8,0.2,False,True,2
2,3,0.55,0.4,24,5,19,12,2,0.20833333333333334,0.7142857142857143,0.3225806451612903,2,3,0.4,2,8,0.2,False,True,2
3,2,0.7,0.375,24,5,19,12,2,0.20833333333333334,0.7142857142857143,0.3225806451612903,2,3,0.4,2,8,0.2,False,True,2
1,4,0.7,0.35,24,5,19,12,2,0.20833333333333334,0.7142857142857143,0.3225806451612903,2,3,0.4,2,8,0.2,False,True,2
2,4,0.7,0.35,24,5,19,12,2,0.20833333333333334,0.7142857142857143,0.3225806451612903,2,3,0.4,2,8,0.2,False,True,2
2,2,0.55,0.35,29,6,23,8,1,0.20689655172413793,0.8571428571428571,0.33333333333333326,2,3,0.4,2,8,0.2,False,True,2
2,3,0.55,0.35,29,6,23,8,1,0.20689655172413793,0.8571428571428571,0.33333333333333326,2,3,0.4,2,8,0.2,False,True,2
2,4,0.55,0.35,30,6,24,7,1,0.2,0.8571428571428571,0.32432432432432434,2,3,0.4,2,8,0.2,False,True,2
3,4,0.55,0.425,25,5,20,11,2,0.2,0.7142857142857143,0.3125,2,3,0.4,2,8,0.2,False,True,2
4,0,0.55,0.425,25,5,20,11,2,0.2,0.7142857142857143,0.3125,2,3,0.4,2,8,0.2,False,True,2
4,3,0.55,0.425,25,5,20,11,2,0.2,0.7142857142857143,0.3125,2,3,0.4,2,8,0.2,False,True,2
4,4,0.55,0.425,25,5,20,11,2,0.2,0.7142857142857143,0.3125,2,3,0.4,2,8,0.2,False,True,2
0,3,0.55,0.4,25,5,20,11,2,0.2,0.7142857142857143,0.3125,2,3,0.4,2,8,0.2,False,True,2
0,4,0.55,0.4,25,5,20,11,2,0.2,0.7142857142857143,0.3125,2,3,0.4,2,8,0.2,False,True,2
1,4,0.55,0.4,25,5,20,11,2,0.2,0.7142857142857143,0.3125,2,3,0.4,2,8,0.2,False,True,2
2,4,0.55,0.4,25,5,20,11,2,0.2,0.7142857142857143,0.3125,2,3,0.4,2,8,0.2,False,True,2
2,3,0.55,0.375,25,5,20,11,2,0.2,0.7142857142857143,0.3125,2,3,0.4,2,8,0.2,False,True,2
4,2,0.7,0.375,25,5,20,11,2,0.2,0.7142857142857143,0.3125,2,3,0.4,2,8,0.2,False,True,2
4,4,0.7,0.375,25,5,20,11,2,0.2,0.7142857142857143,0.3125,2,3,0.4,2,8,0.2,False,True,2
0,4,0.7,0.35,25,5,20,11,2,0.2,0.7142857142857143,0.3125,2,3,0.4,2,8,0.2,False,True,2
3,0,0.7,0.35,25,5,20,11,2,0.2,0.7142857142857143,0.3125,2,3,0.4,2,8,0.2,False,True,2
4,2,0.55,0.475,20,4,16,15,3,0.2,0.5714285714285714,0.29629629629629634,2,3,0.4,2,8,0.2,False,True,2
0,0,0.55,0.45,20,4,16,15,3,0.2,0.5714285714285714,0.29629629629629634,2,3,0.4,2,8,0.2,False,True,2
1,2,0.55,0.45,20,4,16,15,3,0.2,0.5714285714285714,0.29629629629629634,2,3,0.4,2,8,0.2,False,True,2
2,2,0.55,0.45,20,4,16,15,3,0.2,0.5714285714285714,0.29629629629629634,2,3,0.4,2,8,0.2,False,True,2
3,0,0.55,0.45,20,4,16,15,3,0.2,0.5714285714285714,0.29629629629629634,2,3,0.4,2,8,0.2,False,True,2
2,1,0.55,0.4,20,4,16,15,3,0.2,0.5714285714285714,0.29629629629629634,2,3,0.4,2,8,0.2,False,True,2
3,2,0.7,0.4,20,4,16,15,3,0.2,0.5714285714285714,0.29629629629629634,2,3,0.4,2,8,0.2,False,True,2
0,0,0.7,0.375,20,4,16,15,3,0.2,0.5714285714285714,0.29629629629629634,2,3,0.4,2,8,0.2,False,True,2
2,0,0.7,0.375,20,4,16,15,3,0.2,0.5714285714285714,0.29629629629629634,2,3,0.4,2,8,0.2,False,True,2
3,2,0.55,0.525,15,3,12,19,4,0.2,0.42857142857142855,0.27272727272727276,2,3,0.4,2,8,0.2,False,True,2
4,0,0.55,0.525,15,3,12,19,4,0.2,0.42857142857142855,0.27272727272727276,2,3,0.4,2,8,0.2,False,True,2
0,0,0.55,0.5,15,3,12,19,4,0.2,0.42857142857142855,0.27272727272727276,2,3,0.4,2,8,0.2,False,True,2
2,2,0.7,0.45,15,3,12,19,4,0.2,0.42857142857142855,0.27272727272727276,2,3,0.4,2,8,0.2,False,True,2
0,1,0.7,0.4,15,3,12,19,4,0.2,0.42857142857142855,0.27272727272727276,2,3,0.4,2,8,0.2,False,True,2
3,1,0.7,0.4,15,3,12,19,4,0.2,0.42857142857142855,0.27272727272727276,2,3,0.4,2,8,0.2,False,True,2
4,1,0.85,0.35,15,3,12,19,4,0.2,0.42857142857142855,0.27272727272727276,2,3,0.4,2,8,0.2,False,True,2
0,4,0.55,0.575,10,2,8,23,5,0.2,0.2857142857142857,0.23529411764705882,2,3,0.4,2,8,0.2,False,True,2
2,2,0.55,0.575,10,2,8,23,5,0.2,0.2857142857142857,0.23529411764705882,2,3,0.4,2,8,0.2,False,True,2
4,3,0.55,0.575,10,2,8,23,5,0.2,0.2857142857142857,0.23529411764705882,2,3,0.4,2,8,0.2,False,True,2
3,1,0.55,0.55,10,2,8,23,5,0.2,0.2857142857142857,0.23529411764705882,2,3,0.4,2,8,0.2,False,True,2
3,2,0.7,0.55,10,2,8,23,5,0.2,0.2857142857142857,0.23529411764705882,2,3,0.4,2,8,0.2,False,True,2
4,1,0.55,0.55,10,2,8,23,5,0.2,0.2857142857142857,0.23529411764705882,2,3,0.4,2,8,0.2,False,True,2
4,2,0.7,0.55,10,2,8,23,5,0.2,0.2857142857142857,0.23529411764705882,2,3,0.4,2,8,0.2,False,True,2
0,0,0.7,0.525,10,2,8,23,5,0.2,0.2857142857142857,0.23529411764705882,2,3,0.4,2,8,0.2,False,True,2
0,3,0.7,0.525,10,2,8,23,5,0.2,0.2857142857142857,0.23529411764705882,2,3,0.4,2,8,0.2,False,True,2
1,1,0.55,0.525,10,2,8,23,5,0.2,0.2857142857142857,0.23529411764705882,2,3,0.4,2,8,0.2,False,True,2
2,0,0.7,0.525,10,2,8,23,5,0.2,0.2857142857142857,0.23529411764705882,2,3,0.4,2,8,0.2,False,True,2
2,3,0.7,0.525,10,2,8,23,5,0.2,0.2857142857142857,0.23529411764705882,2,3,0.4,2,8,0.2,False,True,2
0,2,0.85,0.5,10,2,8,23,5,0.2,0.2857142857142857,0.23529411764705882,2,3,0.4,2,8,0.2,False,True,2
3,0,0.85,0.5,10,2,8,23,5,0.2,0.2857142857142857,0.23529411764705882,2,3,0.4,2,8,0.2,False,True,2
3,1,0.7,0.5,10,2,8,23,5,0.2,0.2857142857142857,0.23529411764705882,2,3,0.4,2,8,0.2,False,True,2
4,1,0.7,0.5,10,2,8,23,5,0.2,0.2857142857142857,0.23529411764705882,2,3,0.4,2,8,0.2,False,True,2
4,4,0.85,0.5,10,2,8,23,5,0.2,0.2857142857142857,0.23529411764705882,2,3,0.4,2,8,0.2,False,True,2
0,3,0.85,0.475,10,2,8,23,5,0.2,0.2857142857142857,0.23529411764705882,2,3,0.4,2,8,0.2,False,True,2
1,0,0.85,0.475,10,2,8,23,5,0.2,0.2857142857142857,0.23529411764705882,2,3,0.4,2,8,0.2,False,True,2
1,1,0.7,0.475,10,2,8,23,5,0.2,0.2857142857142857,0.23529411764705882,2,3,0.4,2,8,0.2,False,True,2
1,3,0.85,0.475,10,2,8,23,5,0.2,0.2857142857142857,0.23529411764705882,2,3,0.4,2,8,0.2,False,True,2
2,0,0.85,0.475,10,2,8,23,5,0.2,0.2857142857142857,0.23529411764705882,2,3,0.4,2,8,0.2,False,True,2
2,3,0.85,0.475,10,2,8,23,5,0.2,0.2857142857142857,0.23529411764705882,2,3,0.4,2,8,0.2,False,True,2
0,4,1.0,0.45,10,2,8,23,5,0.2,0.2857142857142857,0.23529411764705882,2,3,0.4,2,8,0.2,False,True,2
1,2,1.0,0.45,10,2,8,23,5,0.2,0.2857142857142857,0.23529411764705882,2,3,0.4,2,8,0.2,False,True,2
3,0,1.0,0.45,10,2,8,23,5,0.2,0.2857142857142857,0.23529411764705882,2,3,0.4,2,8,0.2,False,True,2
3,1,0.85,0.45,10,2,8,23,5,0.2,0.2857142857142857,0.23529411764705882,2,3,0.4,2,8,0.2,False,True,2
4,4,1.0,0.45,10,2,8,23,5,0.2,0.2857142857142857,0.23529411764705882,2,3,0.4,2,8,0.2,False,True,2
1,0,1.0,0.425,10,2,8,23,5,0.2,0.2857142857142857,0.23529411764705882,2,3,0.4,2,8,0.2,False,True,2
1,1,0.85,0.425,10,2,8,23,5,0.2,0.2857142857142857,0.23529411764705882,2,3,0.4,2,8,0.2,False,True,2
2,1,0.85,0.425,10,2,8,23,5,0.2,0.2857142857142857,0.23529411764705882,2,3,0.4,2,8,0.2,False,True,2
0,4,1.15,0.4,10,2,8,23,5,0.2,0.2857142857142857,0.23529411764705882,2,3,0.4,2,8,0.2,False,True,2
2,4,1.15,0.4,10,2,8,23,5,0.2,0.2857142857142857,0.23529411764705882,2,3,0.4,2,8,0.2,False,True,2
3,0,1.15,0.4,10,2,8,23,5,0.2,0.2857142857142857,0.23529411764705882,2,3,0.4,2,8,0.2,False,True,2
4,4,1.15,0.4,10,2,8,23,5,0.2,0.2857142857142857,0.23529411764705882,2,3,0.4,2,8,0.2,False,True,2
1,0,1.15,0.375,10,2,8,23,5,0.2,0.2857142857142857,0.23529411764705882,2,3,0.4,2,8,0.2,False,True,2
1,1,1.0,0.375,10,2,8,23,5,0.2,0.2857142857142857,0.23529411764705882,2,3,0.4,2,8,0.2,False,True,2
2,1,1.0,0.375,10,2,8,23,5,0.2,0.2857142857142857,0.23529411764705882,2,3,0.4,2,8,0.2,False,True,2
2,3,1.15,0.375,10,2,8,23,5,0.2,0.2857142857142857,0.23529411764705882,2,3,0.4,2,8,0.2,False,True,2
0,2,0.55,0.425,26,5,21,10,2,0.19230769230769232,0.7142857142857143,0.30303030303030304,2,3,0.4,2,8,0.2,False,True,2
3,2,0.55,0.425,26,5,21,10,2,0.19230769230769232,0.7142857142857143,0.30303030303030304,2,3,0.4,2,8,0.2,False,True,2
4,2,0.55,0.425,26,5,21,10,2,0.19230769230769232,0.7142857142857143,0.30303030303030304,2,3,0.4,2,8,0.2,False,True,2
0,0,0.55,0.4,26,5,21,10,2,0.19230769230769232,0.7142857142857143,0.30303030303030304,2,3,0.4,2,8,0.2,False,True,2
0,2,0.55,0.4,26,5,21,10,2,0.19230769230769232,0.7142857142857143,0.30303030303030304,2,3,0.4,2,8,0.2,False,True,2
1,0,0.55,0.4,26,5,21,10,2,0.19230769230769232,0.7142857142857143,0.30303030303030304,2,3,0.4,2,8,0.2,False,True,2
1,2,0.55,0.4,26,5,21,10,2,0.19230769230769232,0.7142857142857143,0.30303030303030304,2,3,0.4,2,8,0.2,False,True,2
2,2,0.55,0.4,26,5,21,10,2,0.19230769230769232,0.7142857142857143,0.30303030303030304,2,3,0.4,2,8,0.2,False,True,2
2,0,0.55,0.375,26,5,21,10,2,0.19230769230769232,0.7142857142857143,0.30303030303030304,2,3,0.4,2,8,0.2,False,True,2
2,2,0.55,0.375,26,5,21,10,2,0.19230769230769232,0.7142857142857143,0.30303030303030304,2,3,0.4,2,8,0.2,False,True,2
2,4,0.55,0.375,26,5,21,10,2,0.19230769230769232,0.7142857142857143,0.30303030303030304,2,3,0.4,2,8,0.2,False,True,2
0,2,0.7,0.35,26,5,21,10,2,0.19230769230769232,0.7142857142857143,0.30303030303030304,2,3,0.4,2,8,0.2,False,True,2
1,2,0.7,0.35,26,5,21,10,2,0.19230769230769232,0.7142857142857143,0.30303030303030304,2,3,0.4,2,8,0.2,False,True,2
2,2,0.7,0.35,26,5,21,10,2,0.19230769230769232,0.7142857142857143,0.30303030303030304,2,3,0.4,2,8,0.2,False,True,2
0,2,0.55,0.45,21,4,17,14,3,0.19047619047619047,0.5714285714285714,0.2857142857142857,2,3,0.4,2,8,0.2,False,True,2
0,4,0.55,0.45,21,4,17,14,3,0.19047619047619047,0.5714285714285714,0.2857142857142857,2,3,0.4,2,8,0.2,False,True,2
4,0,0.55,0.45,21,4,17,14,3,0.19047619047619047,0.5714285714285714,0.2857142857142857,2,3,0.4,2,8,0.2,False,True,2
1,0,0.55,0.425,21,4,17,14,3,0.19047619047619047,0.5714285714285714,0.2857142857142857,2,3,0.4,2,8,0.2,False,True,2
2,0,0.55,0.425,21,4,17,14,3,0.19047619047619047,0.5714285714285714,0.2857142857142857,2,3,0.4,2,8,0.2,False,True,2
0,1,0.55,0.4,21,4,17,14,3,0.19047619047619047,0.5714285714285714,0.2857142857142857,2,3,0.4,2,8,0.2,False,True,2
2,4,0.7,0.375,21,4,17,14,3,0.19047619047619047,0.5714285714285714,0.2857142857142857,2,3,0.4,2,8,0.2,False,True,2
3,0,0.55,0.5,16,3,13,18,4,0.1875,0.42857142857142855,0.26086956521739124,2,3,0.4,2,8,0.2,False,True,2
4,3,0.55,0.5,16,3,13,18,4,0.1875,0.42857142857142855,0.26086956521739124,2,3,0.4,2,8,0.2,False,True,2
0,3,0.55,0.475,16,3,13,18,4,0.1875,0.42857142857142855,0.26086956521739124,2,3,0.4,2,8,0.2,False,True,2
1,3,0.55,0.475,16,3,13,18,4,0.1875,0.42857142857142855,0.26086956521739124,2,3,0.4,2,8,0.2,False,True,2
2,0,0.55,0.475,16,3,13,18,4,0.1875,0.42857142857142855,0.26086956521739124,2,3,0.4,2,8,0.2,False,True,2
2,3,0.55,0.475,16,3,13,18,4,0.1875,0.42857142857142855,0.26086956521739124,2,3,0.4,2,8,0.2,False,True,2
4,2,0.7,0.475,16,3,13,18,4,0.1875,0.42857142857142855,0.26086956521739124,2,3,0.4,2,8,0.2,False,True,2
0,2,0.7,0.45,16,3,13,18,4,0.1875,0.42857142857142855,0.26086956521739124,2,3,0.4,2,8,0.2,False,True,2
1,2,0.7,0.45,16,3,13,18,4,0.1875,0.42857142857142855,0.26086956521739124,2,3,0.4,2,8,0.2,False,True,2
2,1,0.55,0.45,16,3,13,18,4,0.1875,0.42857142857142855,0.26086956521739124,2,3,0.4,2,8,0.2,False,True,2
3,1,0.55,0.45,16,3,13,18,4,0.1875,0.42857142857142855,0.26086956521739124,2,3,0.4,2,8,0.2,False,True,2
3,2,0.7,0.45,16,3,13,18,4,0.1875,0.42857142857142855,0.26086956521739124,2,3,0.4,2,8,0.2,False,True,2
4,0,0.7,0.45,16,3,13,18,4,0.1875,0.42857142857142855,0.26086956521739124,2,3,0.4,2,8,0.2,False,True,2
0,0,0.7,0.425,16,3,13,18,4,0.1875,0.42857142857142855,0.26086956521739124,2,3,0.4,2,8,0.2,False,True,2
1,0,0.7,0.425,16,3,13,18,4,0.1875,0.42857142857142855,0.26086956521739124,2,3,0.4,2,8,0.2,False,True,2
2,0,0.7,0.425,16,3,13,18,4,0.1875,0.42857142857142855,0.26086956521739124,2,3,0.4,2,8,0.2,False,True,2
3,0,0.7,0.425,16,3,13,18,4,0.1875,0.42857142857142855,0.26086956521739124,2,3,0.4,2,8,0.2,False,True,2
4,3,0.7,0.425,16,3,13,18,4,0.1875,0.42857142857142855,0.26086956521739124,2,3,0.4,2,8,0.2,False,True,2
1,3,0.7,0.4,16,3,13,18,4,0.1875,0.42857142857142855,0.26086956521739124,2,3,0.4,2,8,0.2,False,True,2
2,0,0.7,0.4,16,3,13,18,4,0.1875,0.42857142857142855,0.26086956521739124,2,3,0.4,2,8,0.2,False,True,2
2,3,0.7,0.4,16,3,13,18,4,0.1875,0.42857142857142855,0.26086956521739124,2,3,0.4,2,8,0.2,False,True,2
0,1,0.7,0.375,16,3,13,18,4,0.1875,0.42857142857142855,0.26086956521739124,2,3,0.4,2,8,0.2,False,True,2
0,2,0.85,0.375,16,3,13,18,4,0.1875,0.42857142857142855,0.26086956521739124,2,3,0.4,2,8,0.2,False,True,2
1,1,0.7,0.375,16,3,13,18,4,0.1875,0.42857142857142855,0.26086956521739124,2,3,0.4,2,8,0.2,False,True,2
2,1,0.7,0.375,16,3,13,18,4,0.1875,0.42857142857142855,0.26086956521739124,2,3,0.4,2,8,0.2,False,True,2
2,2,0.85,0.375,16,3,13,18,4,0.1875,0.42857142857142855,0.26086956521739124,2,3,0.4,2,8,0.2,False,True,2
3,2,0.85,0.375,16,3,13,18,4,0.1875,0.42857142857142855,0.26086956521739124,2,3,0.4,2,8,0.2,False,True,2
4,0,0.85,0.375,16,3,13,18,4,0.1875,0.42857142857142855,0.26086956521739124,2,3,0.4,2,8,0.2,False,True,2
0,0,0.85,0.35,16,3,13,18,4,0.1875,0.42857142857142855,0.26086956521739124,2,3,0.4,2,8,0.2,False,True,2
1,0,0.85,0.35,16,3,13,18,4,0.1875,0.42857142857142855,0.26086956521739124,2,3,0.4,2,8,0.2,False,True,2
2,0,0.85,0.35,16,3,13,18,4,0.1875,0.42857142857142855,0.26086956521739124,2,3,0.4,2,8,0.2,False,True,2
4,2,1.0,0.35,16,3,13,18,4,0.1875,0.42857142857142855,0.26086956521739124,2,3,0.4,2,8,0.2,False,True,2
3,0,0.55,0.4,27,5,22,9,2,0.18518518518518517,0.7142857142857143,0.2941176470588235,2,3,0.4,2,8,0.2,False,True,2
1,0,0.55,0.375,27,5,22,9,2,0.18518518518518517,0.7142857142857143,0.2941176470588235,2,3,0.4,2,8,0.2,False,True,2
3,1,0.55,0.375,27,5,22,9,2,0.18518518518518517,0.7142857142857143,0.2941176470588235,2,3,0.4,2,8,0.2,False,True,2
4,1,0.55,0.375,27,5,22,9,2,0.18518518518518517,0.7142857142857143,0.2941176470588235,2,3,0.4,2,8,0.2,False,True,2
0,1,0.55,0.35,27,5,22,9,2,0.18518518518518517,0.7142857142857143,0.2941176470588235,2,3,0.4,2,8,0.2,False,True,2
1,1,0.55,0.35,27,5,22,9,2,0.18518518518518517,0.7142857142857143,0.2941176470588235,2,3,0.4,2,8,0.2,False,True,2
3,1,0.55,0.35,27,5,22,9,2,0.18518518518518517,0.7142857142857143,0.2941176470588235,2,3,0.4,2,8,0.2,False,True,2
3,2,0.55,0.45,22,4,18,13,3,0.18181818181818182,0.5714285714285714,0.27586206896551724,2,3,0.4,2,8,0.2,False,True,2
3,4,0.55,0.45,22,4,18,13,3,0.18181818181818182,0.5714285714285714,0.27586206896551724,2,3,0.4,2,8,0.2,False,True,2
0,0,0.55,0.425,22,4,18,13,3,0.18181818181818182,0.5714285714285714,0.27586206896551724,2,3,0.4,2,8,0.2,False,True,2
2,2,0.55,0.425,22,4,18,13,3,0.18181818181818182,0.5714285714285714,0.27586206896551724,2,3,0.4,2,8,0.2,False,True,2
2,4,0.55,0.425,22,4,18,13,3,0.18181818181818182,0.5714285714285714,0.27586206896551724,2,3,0.4,2,8,0.2,False,True,2
2,1,0.55,0.375,22,4,18,13,3,0.18181818181818182,0.5714285714285714,0.27586206896551724,2,3,0.4,2,8,0.2,False,True,2
2,2,0.7,0.375,22,4,18,13,3,0.18181818181818182,0.5714285714285714,0.27586206896551724,2,3,0.4,2,8,0.2,False,True,2
2,0,0.7,0.35,22,4,18,13,3,0.18181818181818182,0.5714285714285714,0.27586206896551724,2,3,0.4,2,8,0.2,False,True,2
0,2,0.55,0.575,11,2,9,22,5,0.18181818181818182,0.2857142857142857,0.2222222222222222,2,3,0.4,2,8,0.2,False,True,2
3,0,0.55,0.575,11,2,9,22,5,0.18181818181818182,0.2857142857142857,0.2222222222222222,2,3,0.4,2,8,0.2,False,True,2
3,2,0.55,0.575,11,2,9,22,5,0.18181818181818182,0.2857142857142857,0.2222222222222222,2,3,0.4,2,8,0.2,False,True,2
3,3,0.55,0.575,11,2,9,22,5,0.18181818181818182,0.2857142857142857,0.2222222222222222,2,3,0.4,2,8,0.2,False,True,2
3,4,0.55,0.575,11,2,9,22,5,0.18181818181818182,0.2857142857142857,0.2222222222222222,2,3,0.4,2,8,0.2,False,True,2
4,0,0.55,0.575,11,2,9,22,5,0.18181818181818182,0.2857142857142857,0.2222222222222222,2,3,0.4,2,8,0.2,False,True,2
4,2,0.55,0.575,11,2,9,22,5,0.18181818181818182,0.2857142857142857,0.2222222222222222,2,3,0.4,2,8,0.2,False,True,2
4,4,0.55,0.575,11,2,9,22,5,0.18181818181818182,0.2857142857142857,0.2222222222222222,2,3,0.4,2,8,0.2,False,True,2
0,0,0.55,0.55,11,2,9,22,5,0.18181818181818182,0.2857142857142857,0.2222222222222222,2,3,0.4,2,8,0.2,False,True,2
0,2,0.55,0.55,11,2,9,22,5,0.18181818181818182,0.2857142857142857,0.2222222222222222,2,3,0.4,2,8,0.2,False,True,2
0,3,0.55,0.55,11,2,9,22,5,0.18181818181818182,0.2857142857142857,0.2222222222222222,2,3,0.4,2,8,0.2,False,True,2
0,4,0.55,0.55,11,2,9,22,5,0.18181818181818182,0.2857142857142857,0.2222222222222222,2,3,0.4,2,8,0.2,False,True,2
1,0,0.55,0.55,11,2,9,22,5,0.18181818181818182,0.2857142857142857,0.2222222222222222,2,3,0.4,2,8,0.2,False,True,2
1,2,0.55,0.55,11,2,9,22,5,0.18181818181818182,0.2857142857142857,0.2222222222222222,2,3,0.4,2,8,0.2,False,True,2
1,3,0.55,0.55,11,2,9,22,5,0.18181818181818182,0.2857142857142857,0.2222222222222222,2,3,0.4,2,8,0.2,False,True,2
1,4,0.55,0.55,11,2,9,22,5,0.18181818181818182,0.2857142857142857,0.2222222222222222,2,3,0.4,2,8,0.2,False,True,2
2,0,0.55,0.55,11,2,9,22,5,0.18181818181818182,0.2857142857142857,0.2222222222222222,2,3,0.4,2,8,0.2,False,True,2
2,2,0.55,0.55,11,2,9,22,5,0.18181818181818182,0.2857142857142857,0.2222222222222222,2,3,0.4,2,8,0.2,False,True,2
2,3,0.55,0.55,11,2,9,22,5,0.18181818181818182,0.2857142857142857,0.2222222222222222,2,3,0.4,2,8,0.2,False,True,2
2,4,0.55,0.55,11,2,9,22,5,0.18181818181818182,0.2857142857142857,0.2222222222222222,2,3,0.4,2,8,0.2,False,True,2
3,0,0.55,0.55,11,2,9,22,5,0.18181818181818182,0.2857142857142857,0.2222222222222222,2,3,0.4,2,8,0.2,False,True,2
3,3,0.55,0.55,11,2,9,22,5,0.18181818181818182,0.2857142857142857,0.2222222222222222,2,3,0.4,2,8,0.2,False,True,2
3,4,0.55,0.55,11,2,9,22,5,0.18181818181818182,0.2857142857142857,0.2222222222222222,2,3,0.4,2,8,0.2,False,True,2
4,3,0.55,0.55,11,2,9,22,5,0.18181818181818182,0.2857142857142857,0.2222222222222222,2,3,0.4,2,8,0.2,False,True,2
4,4,0.55,0.55,11,2,9,22,5,0.18181818181818182,0.2857142857142857,0.2222222222222222,2,3,0.4,2,8,0.2,False,True,2
0,1,0.55,0.525,11,2,9,22,5,0.18181818181818182,0.2857142857142857,0.2222222222222222,2,3,0.4,2,8,0.2,False,True,2
0,2,0.7,0.525,11,2,9,22,5,0.18181818181818182,0.2857142857142857,0.2222222222222222,2,3,0.4,2,8,0.2,False,True,2
0,3,0.55,0.525,11,2,9,22,5,0.18181818181818182,0.2857142857142857,0.2222222222222222,2,3,0.4,2,8,0.2,False,True,2
0,4,0.55,0.525,11,2,9,22,5,0.18181818181818182,0.2857142857142857,0.2222222222222222,2,3,0.4,2,8,0.2,False,True,2
0,4,0.7,0.525,11,2,9,22,5,0.18181818181818182,0.2857142857142857,0.2222222222222222,2,3,0.4,2,8,0.2,False,True,2
1,2,0.7,0.525,11,2,9,22,5,0.18181818181818182,0.2857142857142857,0.2222222222222222,2,3,0.4,2,8,0.2,False,True,2
1,3,0.55,0.525,11,2,9,22,5,0.18181818181818182,0.2857142857142857,0.2222222222222222,2,3,0.4,2,8,0.2,False,True,2
1,4,0.55,0.525,11,2,9,22,5,0.18181818181818182,0.2857142857142857,0.2222222222222222,2,3,0.4,2,8,0.2,False,True,2
2,1,0.55,0.525,11,2,9,22,5,0.18181818181818182,0.2857142857142857,0.2222222222222222,2,3,0.4,2,8,0.2,False,True,2
2,2,0.7,0.525,11,2,9,22,5,0.18181818181818182,0.2857142857142857,0.2222222222222222,2,3,0.4,2,8,0.2,False,True,2
2,3,0.55,0.525,11,2,9,22,5,0.18181818181818182,0.2857142857142857,0.2222222222222222,2,3,0.4,2,8,0.2,False,True,2
2,4,0.55,0.525,11,2,9,22,5,0.18181818181818182,0.2857142857142857,0.2222222222222222,2,3,0.4,2,8,0.2,False,True,2
2,4,0.7,0.525,11,2,9,22,5,0.18181818181818182,0.2857142857142857,0.2222222222222222,2,3,0.4,2,8,0.2,False,True,2
3,0,0.7,0.525,11,2,9,22,5,0.18181818181818182,0.2857142857142857,0.2222222222222222,2,3,0.4,2,8,0.2,False,True,2
3,1,0.55,0.525,11,2,9,22,5,0.18181818181818182,0.2857142857142857,0.2222222222222222,2,3,0.4,2,8,0.2,False,True,2
3,2,0.7,0.525,11,2,9,22,5,0.18181818181818182,0.2857142857142857,0.2222222222222222,2,3,0.4,2,8,0.2,False,True,2
3,3,0.7,0.525,11,2,9,22,5,0.18181818181818182,0.2857142857142857,0.2222222222222222,2,3,0.4,2,8,0.2,False,True,2
3,4,0.7,0.525,11,2,9,22,5,0.18181818181818182,0.2857142857142857,0.2222222222222222,2,3,0.4,2,8,0.2,False,True,2
4,0,0.7,0.525,11,2,9,22,5,0.18181818181818182,0.2857142857142857,0.2222222222222222,2,3,0.4,2,8,0.2,False,True,2
4,2,0.7,0.525,11,2,9,22,5,0.18181818181818182,0.2857142857142857,0.2222222222222222,2,3,0.4,2,8,0.2,False,True,2
4,3,0.7,0.525,11,2,9,22,5,0.18181818181818182,0.2857142857142857,0.2222222222222222,2,3,0.4,2,8,0.2,False,True,2
4,4,0.7,0.525,11,2,9,22,5,0.18181818181818182,0.2857142857142857,0.2222222222222222,2,3,0.4,2,8,0.2,False,True,2
0,0,0.7,0.5,11,2,9,22,5,0.18181818181818182,0.2857142857142857,0.2222222222222222,2,3,0.4,2,8,0.2,False,True,2
0,2,0.7,0.5,11,2,9,22,5,0.18181818181818182,0.2857142857142857,0.2222222222222222,2,3,0.4,2,8,0.2,False,True,2
0,3,0.7,0.5,11,2,9,22,5,0.18181818181818182,0.2857142857142857,0.2222222222222222,2,3,0.4,2,8,0.2,False,True,2
0,4,0.7,0.5,11,2,9,22,5,0.18181818181818182,0.2857142857142857,0.2222222222222222,2,3,0.4,2,8,0.2,False,True,2
1,0,0.7,0.5,11,2,9,22,5,0.18181818181818182,0.2857142857142857,0.2222222222222222,2,3,0.4,2,8,0.2,False,True,2
1,2,0.7,0.5,11,2,9,22,5,0.18181818181818182,0.2857142857142857,0.2222222222222222,2,3,0.4,2,8,0.2,False,True,2
1,3,0.7,0.5,11,2,9,22,5,0.18181818181818182,0.2857142857142857,0.2222222222222222,2,3,0.4,2,8,0.2,False,True,2
1,4,0.7,0.5,11,2,9,22,5,0.18181818181818182,0.2857142857142857,0.2222222222222222,2,3,0.4,2,8,0.2,False,True,2
2,0,0.7,0.5,11,2,9,22,5,0.18181818181818182,0.2857142857142857,0.2222222222222222,2,3,0.4,2,8,0.2,False,True,2
2,2,0.7,0.5,11,2,9,22,5,0.18181818181818182,0.2857142857142857,0.2222222222222222,2,3,0.4,2,8,0.2,False,True,2
2,3,0.7,0.5,11,2,9,22,5,0.18181818181818182,0.2857142857142857,0.2222222222222222,2,3,0.4,2,8,0.2,False,True,2
2,4,0.7,0.5,11,2,9,22,5,0.18181818181818182,0.2857142857142857,0.2222222222222222,2,3,0.4,2,8,0.2,False,True,2
3,0,0.7,0.5,11,2,9,22,5,0.18181818181818182,0.2857142857142857,0.2222222222222222,2,3,0.4,2,8,0.2,False,True,2
3,2,0.7,0.5,11,2,9,22,5,0.18181818181818182,0.2857142857142857,0.2222222222222222,2,3,0.4,2,8,0.2,False,True,2
3,2,0.85,0.5,11,2,9,22,5,0.18181818181818182,0.2857142857142857,0.2222222222222222,2,3,0.4,2,8,0.2,False,True,2
3,3,0.7,0.5,11,2,9,22,5,0.18181818181818182,0.2857142857142857,0.2222222222222222,2,3,0.4,2,8,0.2,False,True,2
3,4,0.7,0.5,11,2,9,22,5,0.18181818181818182,0.2857142857142857,0.2222222222222222,2,3,0.4,2,8,0.2,False,True,2
3,4,0.85,0.5,11,2,9,22,5,0.18181818181818182,0.2857142857142857,0.2222222222222222,2,3,0.4,2,8,0.2,False,True,2
4,0,0.7,0.5,11,2,9,22,5,0.18181818181818182,0.2857142857142857,0.2222222222222222,2,3,0.4,2,8,0.2,False,True,2
4,2,0.85,0.5,11,2,9,22,5,0.18181818181818182,0.2857142857142857,0.2222222222222222,2,3,0.4,2,8,0.2,False,True,2
4,3,0.7,0.5,11,2,9,22,5,0.18181818181818182,0.2857142857142857,0.2222222222222222,2,3,0.4,2,8,0.2,False,True,2
4,4,0.7,0.5,11,2,9,22,5,0.18181818181818182,0.2857142857142857,0.2222222222222222,2,3,0.4,2,8,0.2,False,True,2
0,0,0.85,0.475,11,2,9,22,5,0.18181818181818182,0.2857142857142857,0.2222222222222222,2,3,0.4,2,8,0.2,False,True,2
0,1,0.7,0.475,11,2,9,22,5,0.18181818181818182,0.2857142857142857,0.2222222222222222,2,3,0.4,2,8,0.2,False,True,2
0,2,0.85,0.475,11,2,9,22,5,0.18181818181818182,0.2857142857142857,0.2222222222222222,2,3,0.4,2,8,0.2,False,True,2
0,4,0.85,0.475,11,2,9,22,5,0.18181818181818182,0.2857142857142857,0.2222222222222222,2,3,0.4,2,8,0.2,False,True,2
1,0,0.7,0.475,11,2,9,22,5,0.18181818181818182,0.2857142857142857,0.2222222222222222,2,3,0.4,2,8,0.2,False,True,2
1,2,0.85,0.475,11,2,9,22,5,0.18181818181818182,0.2857142857142857,0.2222222222222222,2,3,0.4,2,8,0.2,False,True,2
1,3,0.7,0.475,11,2,9,22,5,0.18181818181818182,0.2857142857142857,0.2222222222222222,2,3,0.4,2,8,0.2,False,True,2
1,4,0.7,0.475,11,2,9,22,5,0.18181818181818182,0.2857142857142857,0.2222222222222222,2,3,0.4,2,8,0.2,False,True,2
1,4,0.85,0.475,11,2,9,22,5,0.18181818181818182,0.2857142857142857,0.2222222222222222,2,3,0.4,2,8,0.2,False,True,2
2,0,0.7,0.475,11,2,9,22,5,0.18181818181818182,0.2857142857142857,0.2222222222222222,2,3,0.4,2,8,0.2,False,True,2
2,1,0.7,0.475,11,2,9,22,5,0.18181818181818182,0.2857142857142857,0.2222222222222222,2,3,0.4,2,8,0.2,False,True,2
2,2,0.85,0.475,11,2,9,22,5,0.18181818181818182,0.2857142857142857,0.2222222222222222,2,3,0.4,2,8,0.2,False,True,2
2,3,0.7,0.475,11,2,9,22,5,0.18181818181818182,0.2857142857142857,0.2222222222222222,2,3,0.4,2,8,0.2,False,True,2
2,4,0.7,0.475,11,2,9,22,5,0.18181818181818182,0.2857142857142857,0.2222222222222222,2,3,0.4,2,8,0.2,False,True,2
2,4,0.85,0.475,11,2,9,22,5,0.18181818181818182,0.2857142857142857,0.2222222222222222,2,3,0.4,2,8,0.2,False,True,2
3,0,0.85,0.475,11,2,9,22,5,0.18181818181818182,0.2857142857142857,0.2222222222222222,2,3,0.4,2,8,0.2,False,True,2
3,1,0.7,0.475,11,2,9,22,5,0.18181818181818182,0.2857142857142857,0.2222222222222222,2,3,0.4,2,8,0.2,False,True,2
3,2,0.85,0.475,11,2,9,22,5,0.18181818181818182,0.2857142857142857,0.2222222222222222,2,3,0.4,2,8,0.2,False,True,2
3,3,0.85,0.475,11,2,9,22,5,0.18181818181818182,0.2857142857142857,0.2222222222222222,2,3,0.4,2,8,0.2,False,True,2
3,4,0.85,0.475,11,2,9,22,5,0.18181818181818182,0.2857142857142857,0.2222222222222222,2,3,0.4,2,8,0.2,False,True,2
4,0,0.85,0.475,11,2,9,22,5,0.18181818181818182,0.2857142857142857,0.2222222222222222,2,3,0.4,2,8,0.2,False,True,2
4,1,0.7,0.475,11,2,9,22,5,0.18181818181818182,0.2857142857142857,0.2222222222222222,2,3,0.4,2,8,0.2,False,True,2
4,2,0.85,0.475,11,2,9,22,5,0.18181818181818182,0.2857142857142857,0.2222222222222222,2,3,0.4,2,8,0.2,False,True,2
4,3,0.85,0.475,11,2,9,22,5,0.18181818181818182,0.2857142857142857,0.2222222222222222,2,3,0.4,2,8,0.2,False,True,2
4,4,0.85,0.475,11,2,9,22,5,0.18181818181818182,0.2857142857142857,0.2222222222222222,2,3,0.4,2,8,0.2,False,True,2
0,0,0.85,0.45,11,2,9,22,5,0.18181818181818182,0.2857142857142857,0.2222222222222222,2,3,0.4,2,8,0.2,False,True,2
0,1,0.7,0.45,11,2,9,22,5,0.18181818181818182,0.2857142857142857,0.2222222222222222,2,3,0.4,2,8,0.2,False,True,2
0,2,0.85,0.45,11,2,9,22,5,0.18181818181818182,0.2857142857142857,0.2222222222222222,2,3,0.4,2,8,0.2,False,True,2
0,2,1.0,0.45,11,2,9,22,5,0.18181818181818182,0.2857142857142857,0.2222222222222222,2,3,0.4,2,8,0.2,False,True,2
0,3,0.85,0.45,11,2,9,22,5,0.18181818181818182,0.2857142857142857,0.2222222222222222,2,3,0.4,2,8,0.2,False,True,2
0,4,0.85,0.45,11,2,9,22,5,0.18181818181818182,0.2857142857142857,0.2222222222222222,2,3,0.4,2,8,0.2,False,True,2
1,0,0.85,0.45,11,2,9,22,5,0.18181818181818182,0.2857142857142857,0.2222222222222222,2,3,0.4,2,8,0.2,False,True,2
1,1,0.7,0.45,11,2,9,22,5,0.18181818181818182,0.2857142857142857,0.2222222222222222,2,3,0.4,2,8,0.2,False,True,2
1,2,0.85,0.45,11,2,9,22,5,0.18181818181818182,0.2857142857142857,0.2222222222222222,2,3,0.4,2,8,0.2,False,True,2
1,3,0.85,0.45,11,2,9,22,5,0.18181818181818182,0.2857142857142857,0.2222222222222222,2,3,0.4,2,8,0.2,False,True,2
1,4,0.85,0.45,11,2,9,22,5,0.18181818181818182,0.2857142857142857,0.2222222222222222,2,3,0.4,2,8,0.2,False,True,2
2,0,0.85,0.45,11,2,9,22,5,0.18181818181818182,0.2857142857142857,0.2222222222222222,2,3,0.4,2,8,0.2,False,True,2
2,1,0.7,0.45,11,2,9,22,5,0.18181818181818182,0.2857142857142857,0.2222222222222222,2,3,0.4,2,8,0.2,False,True,2
2,2,0.85,0.45,11,2,9,22,5,0.18181818181818182,0.2857142857142857,0.2222222222222222,2,3,0.4,2,8,0.2,False,True,2
2,2,1.0,0.45,11,2,9,22,5,0.18181818181818182,0.2857142857142857,0.2222222222222222,2,3,0.4,2,8,0.2,False,True,2
2,3,0.85,0.45,11,2,9,22,5,0.18181818181818182,0.2857142857142857,0.2222222222222222,2,3,0.4,2,8,0.2,False,True,2
2,4,0.85,0.45,11,2,9,22,5,0.18181818181818182,0.2857142857142857,0.2222222222222222,2,3,0.4,2,8,0.2,False,True,2
3,0,0.85,0.45,11,2,9,22,5,0.18181818181818182,0.2857142857142857,0.2222222222222222,2,3,0.4,2,8,0.2,False,True,2
3,2,0.85,0.45,11,2,9,22,5,0.18181818181818182,0.2857142857142857,0.2222222222222222,2,3,0.4,2,8,0.2,False,True,2
3,2,1.0,0.45,11,2,9,22,5,0.18181818181818182,0.2857142857142857,0.2222222222222222,2,3,0.4,2,8,0.2,False,True,2
3,3,0.85,0.45,11,2,9,22,5,0.18181818181818182,0.2857142857142857,0.2222222222222222,2,3,0.4,2,8,0.2,False,True,2
3,4,0.85,0.45,11,2,9,22,5,0.18181818181818182,0.2857142857142857,0.2222222222222222,2,3,0.4,2,8,0.2,False,True,2
3,4,1.0,0.45,11,2,9,22,5,0.18181818181818182,0.2857142857142857,0.2222222222222222,2,3,0.4,2,8,0.2,False,True,2
4,0,0.85,0.45,11,2,9,22,5,0.18181818181818182,0.2857142857142857,0.2222222222222222,2,3,0.4,2,8,0.2,False,True,2
4,2,1.0,0.45,11,2,9,22,5,0.18181818181818182,0.2857142857142857,0.2222222222222222,2,3,0.4,2,8,0.2,False,True,2
0,0,0.85,0.425,11,2,9,22,5,0.18181818181818182,0.2857142857142857,0.2222222222222222,2,3,0.4,2,8,0.2,False,True,2
0,0,1.0,0.425,11,2,9,22,5,0.18181818181818182,0.2857142857142857,0.2222222222222222,2,3,0.4,2,8,0.2,False,True,2
0,1,0.85,0.425,11,2,9,22,5,0.18181818181818182,0.2857142857142857,0.2222222222222222,2,3,0.4,2,8,0.2,False,True,2
0,2,1.0,0.425,11,2,9,22,5,0.18181818181818182,0.2857142857142857,0.2222222222222222,2,3,0.4,2,8,0.2,False,True,2
0,3,1.0,0.425,11,2,9,22,5,0.18181818181818182,0.2857142857142857,0.2222222222222222,2,3,0.4,2,8,0.2,False,True,2
0,4,1.0,0.425,11,2,9,22,5,0.18181818181818182,0.2857142857142857,0.2222222222222222,2,3,0.4,2,8,0.2,False,True,2
1,0,0.85,0.425,11,2,9,22,5,0.18181818181818182,0.2857142857142857,0.2222222222222222,2,3,0.4,2,8,0.2,False,True,2
1,2,1.0,0.425,11,2,9,22,5,0.18181818181818182,0.2857142857142857,0.2222222222222222,2,3,0.4,2,8,0.2,False,True,2
1,4,1.0,0.425,11,2,9,22,5,0.18181818181818182,0.2857142857142857,0.2222222222222222,2,3,0.4,2,8,0.2,False,True,2
2,0,0.85,0.425,11,2,9,22,5,0.18181818181818182,0.2857142857142857,0.2222222222222222,2,3,0.4,2,8,0.2,False,True,2
2,0,1.0,0.425,11,2,9,22,5,0.18181818181818182,0.2857142857142857,0.2222222222222222,2,3,0.4,2,8,0.2,False,True,2
2,2,1.0,0.425,11,2,9,22,5,0.18181818181818182,0.2857142857142857,0.2222222222222222,2,3,0.4,2,8,0.2,False,True,2
2,3,1.0,0.425,11,2,9,22,5,0.18181818181818182,0.2857142857142857,0.2222222222222222,2,3,0.4,2,8,0.2,False,True,2
2,4,1.0,0.425,11,2,9,22,5,0.18181818181818182,0.2857142857142857,0.2222222222222222,2,3,0.4,2,8,0.2,False,True,2
3,0,0.85,0.425,11,2,9,22,5,0.18181818181818182,0.2857142857142857,0.2222222222222222,2,3,0.4,2,8,0.2,False,True,2
3,0,1.0,0.425,11,2,9,22,5,0.18181818181818182,0.2857142857142857,0.2222222222222222,2,3,0.4,2,8,0.2,False,True,2
3,1,0.85,0.425,11,2,9,22,5,0.18181818181818182,0.2857142857142857,0.2222222222222222,2,3,0.4,2,8,0.2,False,True,2
3,2,1.0,0.425,11,2,9,22,5,0.18181818181818182,0.2857142857142857,0.2222222222222222,2,3,0.4,2,8,0.2,False,True,2
3,3,1.0,0.425,11,2,9,22,5,0.18181818181818182,0.2857142857142857,0.2222222222222222,2,3,0.4,2,8,0.2,False,True,2
3,4,1.0,0.425,11,2,9,22,5,0.18181818181818182,0.2857142857142857,0.2222222222222222,2,3,0.4,2,8,0.2,False,True,2
4,0,1.0,0.425,11,2,9,22,5,0.18181818181818182,0.2857142857142857,0.2222222222222222,2,3,0.4,2,8,0.2,False,True,2
4,1,0.85,0.425,11,2,9,22,5,0.18181818181818182,0.2857142857142857,0.2222222222222222,2,3,0.4,2,8,0.2,False,True,2
4,2,1.0,0.425,11,2,9,22,5,0.18181818181818182,0.2857142857142857,0.2222222222222222,2,3,0.4,2,8,0.2,False,True,2
4,3,1.0,0.425,11,2,9,22,5,0.18181818181818182,0.2857142857142857,0.2222222222222222,2,3,0.4,2,8,0.2,False,True,2
4,4,1.0,0.425,11,2,9,22,5,0.18181818181818182,0.2857142857142857,0.2222222222222222,2,3,0.4,2,8,0.2,False,True,2
0,0,1.0,0.4,11,2,9,22,5,0.18181818181818182,0.2857142857142857,0.2222222222222222,2,3,0.4,2,8,0.2,False,True,2
0,1,0.85,0.4,11,2,9,22,5,0.18181818181818182,0.2857142857142857,0.2222222222222222,2,3,0.4,2,8,0.2,False,True,2
0,2,1.0,0.4,11,2,9,22,5,0.18181818181818182,0.2857142857142857,0.2222222222222222,2,3,0.4,2,8,0.2,False,True,2
0,2,1.15,0.4,11,2,9,22,5,0.18181818181818182,0.2857142857142857,0.2222222222222222,2,3,0.4,2,8,0.2,False,True,2
0,3,1.0,0.4,11,2,9,22,5,0.18181818181818182,0.2857142857142857,0.2222222222222222,2,3,0.4,2,8,0.2,False,True,2
0,4,1.0,0.4,11,2,9,22,5,0.18181818181818182,0.2857142857142857,0.2222222222222222,2,3,0.4,2,8,0.2,False,True,2
1,0,1.0,0.4,11,2,9,22,5,0.18181818181818182,0.2857142857142857,0.2222222222222222,2,3,0.4,2,8,0.2,False,True,2
1,1,0.85,0.4,11,2,9,22,5,0.18181818181818182,0.2857142857142857,0.2222222222222222,2,3,0.4,2,8,0.2,False,True,2
1,2,1.0,0.4,11,2,9,22,5,0.18181818181818182,0.2857142857142857,0.2222222222222222,2,3,0.4,2,8,0.2,False,True,2
1,2,1.15,0.4,11,2,9,22,5,0.18181818181818182,0.2857142857142857,0.2222222222222222,2,3,0.4,2,8,0.2,False,True,2
1,3,1.0,0.4,11,2,9,22,5,0.18181818181818182,0.2857142857142857,0.2222222222222222,2,3,0.4,2,8,0.2,False,True,2
1,4,1.0,0.4,11,2,9,22,5,0.18181818181818182,0.2857142857142857,0.2222222222222222,2,3,0.4,2,8,0.2,False,True,2
2,0,1.0,0.4,11,2,9,22,5,0.18181818181818182,0.2857142857142857,0.2222222222222222,2,3,0.4,2,8,0.2,False,True,2
2,1,0.85,0.4,11,2,9,22,5,0.18181818181818182,0.2857142857142857,0.2222222222222222,2,3,0.4,2,8,0.2,False,True,2
2,2,1.0,0.4,11,2,9,22,5,0.18181818181818182,0.2857142857142857,0.2222222222222222,2,3,0.4,2,8,0.2,False,True,2
2,2,1.15,0.4,11,2,9,22,5,0.18181818181818182,0.2857142857142857,0.2222222222222222,2,3,0.4,2,8,0.2,False,True,2
2,3,1.0,0.4,11,2,9,22,5,0.18181818181818182,0.2857142857142857,0.2222222222222222,2,3,0.4,2,8,0.2,False,True,2
2,4,1.0,0.4,11,2,9,22,5,0.18181818181818182,0.2857142857142857,0.2222222222222222,2,3,0.4,2,8,0.2,False,True,2
3,0,1.0,0.4,11,2,9,22,5,0.18181818181818182,0.2857142857142857,0.2222222222222222,2,3,0.4,2,8,0.2,False,True,2
3,1,0.85,0.4,11,2,9,22,5,0.18181818181818182,0.2857142857142857,0.2222222222222222,2,3,0.4,2,8,0.2,False,True,2
3,2,1.15,0.4,11,2,9,22,5,0.18181818181818182,0.2857142857142857,0.2222222222222222,2,3,0.4,2,8,0.2,False,True,2
3,4,1.15,0.4,11,2,9,22,5,0.18181818181818182,0.2857142857142857,0.2222222222222222,2,3,0.4,2,8,0.2,False,True,2
4,0,1.0,0.4,11,2,9,22,5,0.18181818181818182,0.2857142857142857,0.2222222222222222,2,3,0.4,2,8,0.2,False,True,2
4,2,1.15,0.4,11,2,9,22,5,0.18181818181818182,0.2857142857142857,0.2222222222222222,2,3,0.4,2,8,0.2,False,True,2
0,0,1.0,0.375,11,2,9,22,5,0.18181818181818182,0.2857142857142857,0.2222222222222222,2,3,0.4,2,8,0.2,False,True,2
0,0,1.15,0.375,11,2,9,22,5,0.18181818181818182,0.2857142857142857,0.2222222222222222,2,3,0.4,2,8,0.2,False,True,2
0,1,1.0,0.375,11,2,9,22,5,0.18181818181818182,0.2857142857142857,0.2222222222222222,2,3,0.4,2,8,0.2,False,True,2
0,2,1.15,0.375,11,2,9,22,5,0.18181818181818182,0.2857142857142857,0.2222222222222222,2,3,0.4,2,8,0.2,False,True,2
0,3,1.15,0.375,11,2,9,22,5,0.18181818181818182,0.2857142857142857,0.2222222222222222,2,3,0.4,2,8,0.2,False,True,2
0,4,1.15,0.375,11,2,9,22,5,0.18181818181818182,0.2857142857142857,0.2222222222222222,2,3,0.4,2,8,0.2,False,True,2
1,0,1.0,0.375,11,2,9,22,5,0.18181818181818182,0.2857142857142857,0.2222222222222222,2,3,0.4,2,8,0.2,False,True,2
1,2,1.15,0.375,11,2,9,22,5,0.18181818181818182,0.2857142857142857,0.2222222222222222,2,3,0.4,2,8,0.2,False,True,2
1,4,1.15,0.375,11,2,9,22,5,0.18181818181818182,0.2857142857142857,0.2222222222222222,2,3,0.4,2,8,0.2,False,True,2
2,0,1.0,0.375,11,2,9,22,5,0.18181818181818182,0.2857142857142857,0.2222222222222222,2,3,0.4,2,8,0.2,False,True,2
2,0,1.15,0.375,11,2,9,22,5,0.18181818181818182,0.2857142857142857,0.2222222222222222,2,3,0.4,2,8,0.2,False,True,2
2,2,1.15,0.375,11,2,9,22,5,0.18181818181818182,0.2857142857142857,0.2222222222222222,2,3,0.4,2,8,0.2,False,True,2
2,4,1.15,0.375,11,2,9,22,5,0.18181818181818182,0.2857142857142857,0.2222222222222222,2,3,0.4,2,8,0.2,False,True,2
3,0,1.15,0.375,11,2,9,22,5,0.18181818181818182,0.2857142857142857,0.2222222222222222,2,3,0.4,2,8,0.2,False,True,2
3,1,1.0,0.375,11,2,9,22,5,0.18181818181818182,0.2857142857142857,0.2222222222222222,2,3,0.4,2,8,0.2,False,True,2
3,2,1.15,0.375,11,2,9,22,5,0.18181818181818182,0.2857142857142857,0.2222222222222222,2,3,0.4,2,8,0.2,False,True,2
3,3,1.15,0.375,11,2,9,22,5,0.18181818181818182,0.2857142857142857,0.2222222222222222,2,3,0.4,2,8,0.2,False,True,2
3,4,1.15,0.375,11,2,9,22,5,0.18181818181818182,0.2857142857142857,0.2222222222222222,2,3,0.4,2,8,0.2,False,True,2
4,0,1.15,0.375,11,2,9,22,5,0.18181818181818182,0.2857142857142857,0.2222222222222222,2,3,0.4,2,8,0.2,False,True,2
4,1,1.0,0.375,11,2,9,22,5,0.18181818181818182,0.2857142857142857,0.2222222222222222,2,3,0.4,2,8,0.2,False,True,2
4,2,1.15,0.375,11,2,9,22,5,0.18181818181818182,0.2857142857142857,0.2222222222222222,2,3,0.4,2,8,0.2,False,True,2
4,3,1.15,0.375,11,2,9,22,5,0.18181818181818182,0.2857142857142857,0.2222222222222222,2,3,0.4,2,8,0.2,False,True,2
4,4,1.15,0.375,11,2,9,22,5,0.18181818181818182,0.2857142857142857,0.2222222222222222,2,3,0.4,2,8,0.2,False,True,2
0,0,1.15,0.35,11,2,9,22,5,0.18181818181818182,0.2857142857142857,0.2222222222222222,2,3,0.4,2,8,0.2,False,True,2
0,1,1.0,0.35,11,2,9,22,5,0.18181818181818182,0.2857142857142857,0.2222222222222222,2,3,0.4,2,8,0.2,False,True,2
1,0,1.15,0.35,11,2,9,22,5,0.18181818181818182,0.2857142857142857,0.2222222222222222,2,3,0.4,2,8,0.2,False,True,2
1,1,1.0,0.35,11,2,9,22,5,0.18181818181818182,0.2857142857142857,0.2222222222222222,2,3,0.4,2,8,0.2,False,True,2
1,2,1.15,0.35,11,2,9,22,5,0.18181818181818182,0.2857142857142857,0.2222222222222222,2,3,0.4,2,8,0.2,False,True,2
1,3,1.15,0.35,11,2,9,22,5,0.18181818181818182,0.2857142857142857,0.2222222222222222,2,3,0.4,2,8,0.2,False,True,2
1,4,1.15,0.35,11,2,9,22,5,0.18181818181818182,0.2857142857142857,0.2222222222222222,2,3,0.4,2,8,0.2,False,True,2
2,0,1.15,0.35,11,2,9,22,5,0.18181818181818182,0.2857142857142857,0.2222222222222222,2,3,0.4,2,8,0.2,False,True,2
2,1,1.0,0.35,11,2,9,22,5,0.18181818181818182,0.2857142857142857,0.2222222222222222,2,3,0.4,2,8,0.2,False,True,2
2,2,1.15,0.35,11,2,9,22,5,0.18181818181818182,0.2857142857142857,0.2222222222222222,2,3,0.4,2,8,0.2,False,True,2
2,3,1.15,0.35,11,2,9,22,5,0.18181818181818182,0.2857142857142857,0.2222222222222222,2,3,0.4,2,8,0.2,False,True,2
2,4,1.15,0.35,11,2,9,22,5,0.18181818181818182,0.2857142857142857,0.2222222222222222,2,3,0.4,2,8,0.2,False,True,2
3,0,1.15,0.35,11,2,9,22,5,0.18181818181818182,0.2857142857142857,0.2222222222222222,2,3,0.4,2,8,0.2,False,True,2
3,1,1.0,0.35,11,2,9,22,5,0.18181818181818182,0.2857142857142857,0.2222222222222222,2,3,0.4,2,8,0.2,False,True,2
4,0,1.15,0.35,11,2,9,22,5,0.18181818181818182,0.2857142857142857,0.2222222222222222,2,3,0.4,2,8,0.2,False,True,2
4,1,1.0,0.35,11,2,9,22,5,0.18181818181818182,0.2857142857142857,0.2222222222222222,2,3,0.4,2,8,0.2,False,True,2
3,3,0.55,0.475,17,3,14,17,4,0.17647058823529413,0.42857142857142855,0.25,2,3,0.4,2,8,0.2,False,True,2
2,3,0.55,0.45,17,3,14,17,4,0.17647058823529413,0.42857142857142855,0.25,2,3,0.4,2,8,0.2,False,True,2
0,3,0.7,0.4,17,3,14,17,4,0.17647058823529413,0.42857142857142855,0.25,2,3,0.4,2,8,0.2,False,True,2
3,3,0.7,0.4,17,3,14,17,4,0.17647058823529413,0.42857142857142855,0.25,2,3,0.4,2,8,0.2,False,True,2
2,3,0.7,0.375,17,3,14,17,4,0.17647058823529413,0.42857142857142855,0.25,2,3,0.4,2,8,0.2,False,True,2
3,1,0.7,0.375,17,3,14,17,4,0.17647058823529413,0.42857142857142855,0.25,2,3,0.4,2,8,0.2,False,True,2
3,0,0.85,0.35,17,3,14,17,4,0.17647058823529413,0.42857142857142855,0.25,2,3,0.4,2,8,0.2,False,True,2
4,4,0.55,0.45,23,4,19,12,3,0.17391304347826086,0.5714285714285714,0.26666666666666666,2,3,0.4,2,8,0.2,False,True,2
1,2,0.55,0.425,23,4,19,12,3,0.17391304347826086,0.5714285714285714,0.26666666666666666,2,3,0.4,2,8,0.2,False,True,2
1,4,0.55,0.425,23,4,19,12,3,0.17391304347826086,0.5714285714285714,0.26666666666666666,2,3,0.4,2,8,0.2,False,True,2
3,1,0.55,0.4,23,4,19,12,3,0.17391304347826086,0.5714285714285714,0.26666666666666666,2,3,0.4,2,8,0.2,False,True,2
4,1,0.55,0.4,23,4,19,12,3,0.17391304347826086,0.5714285714285714,0.26666666666666666,2,3,0.4,2,8,0.2,False,True,2
4,2,0.55,0.45,24,4,20,11,3,0.16666666666666666,0.5714285714285714,0.25806451612903225,2,3,0.4,2,8,0.2,False,True,2
2,0,0.55,0.4,24,4,20,11,3,0.16666666666666666,0.5714285714285714,0.25806451612903225,2,3,0.4,2,8,0.2,False,True,2
1,1,0.55,0.375,24,4,20,11,3,0.16666666666666666,0.5714285714285714,0.25806451612903225,2,3,0.4,2,8,0.2,False,True,2
3,3,0.55,0.45,18,3,15,16,4,0.16666666666666666,0.42857142857142855,0.24,2,3,0.4,2,8,0.2,False,True,2
0,3,0.7,0.475,12,2,10,21,5,0.16666666666666666,0.2857142857142857,0.2105263157894737,2,3,0.4,2,8,0.2,False,True,2
0,4,0.7,0.475,12,2,10,21,5,0.16666666666666666,0.2857142857142857,0.2105263157894737,2,3,0.4,2,8,0.2,False,True,2
3,3,0.7,0.475,12,2,10,21,5,0.16666666666666666,0.2857142857142857,0.2105263157894737,2,3,0.4,2,8,0.2,False,True,2
3,4,0.7,0.475,12,2,10,21,5,0.16666666666666666,0.2857142857142857,0.2105263157894737,2,3,0.4,2,8,0.2,False,True,2
4,3,0.85,0.45,12,2,10,21,5,0.16666666666666666,0.2857142857142857,0.2105263157894737,2,3,0.4,2,8,0.2,False,True,2
4,4,0.85,0.45,12,2,10,21,5,0.16666666666666666,0.2857142857142857,0.2105263157894737,2,3,0.4,2,8,0.2,False,True,2
0,3,0.85,0.425,12,2,10,21,5,0.16666666666666666,0.2857142857142857,0.2105263157894737,2,3,0.4,2,8,0.2,False,True,2
0,4,0.85,0.425,12,2,10,21,5,0.16666666666666666,0.2857142857142857,0.2105263157894737,2,3,0.4,2,8,0.2,False,True,2
1,3,0.85,0.425,12,2,10,21,5,0.16666666666666666,0.2857142857142857,0.2105263157894737,2,3,0.4,2,8,0.2,False,True,2
1,4,0.85,0.425,12,2,10,21,5,0.16666666666666666,0.2857142857142857,0.2105263157894737,2,3,0.4,2,8,0.2,False,True,2
2,3,0.85,0.425,12,2,10,21,5,0.16666666666666666,0.2857142857142857,0.2105263157894737,2,3,0.4,2,8,0.2,False,True,2
2,4,0.85,0.425,12,2,10,21,5,0.16666666666666666,0.2857142857142857,0.2105263157894737,2,3,0.4,2,8,0.2,False,True,2
3,3,0.85,0.425,12,2,10,21,5,0.16666666666666666,0.2857142857142857,0.2105263157894737,2,3,0.4,2,8,0.2,False,True,2
3,4,0.85,0.425,12,2,10,21,5,0.16666666666666666,0.2857142857142857,0.2105263157894737,2,3,0.4,2,8,0.2,False,True,2
4,4,0.85,0.425,12,2,10,21,5,0.16666666666666666,0.2857142857142857,0.2105263157894737,2,3,0.4,2,8,0.2,False,True,2
0,4,0.85,0.4,12,2,10,21,5,0.16666666666666666,0.2857142857142857,0.2105263157894737,2,3,0.4,2,8,0.2,False,True,2
1,4,0.85,0.4,12,2,10,21,5,0.16666666666666666,0.2857142857142857,0.2105263157894737,2,3,0.4,2,8,0.2,False,True,2
2,4,0.85,0.4,12,2,10,21,5,0.16666666666666666,0.2857142857142857,0.2105263157894737,2,3,0.4,2,8,0.2,False,True,2
3,2,1.0,0.4,12,2,10,21,5,0.16666666666666666,0.2857142857142857,0.2105263157894737,2,3,0.4,2,8,0.2,False,True,2
3,3,1.0,0.4,12,2,10,21,5,0.16666666666666666,0.2857142857142857,0.2105263157894737,2,3,0.4,2,8,0.2,False,True,2
3,4,0.85,0.4,12,2,10,21,5,0.16666666666666666,0.2857142857142857,0.2105263157894737,2,3,0.4,2,8,0.2,False,True,2
3,4,1.0,0.4,12,2,10,21,5,0.16666666666666666,0.2857142857142857,0.2105263157894737,2,3,0.4,2,8,0.2,False,True,2
4,2,1.0,0.4,12,2,10,21,5,0.16666666666666666,0.2857142857142857,0.2105263157894737,2,3,0.4,2,8,0.2,False,True,2
4,3,1.0,0.4,12,2,10,21,5,0.16666666666666666,0.2857142857142857,0.2105263157894737,2,3,0.4,2,8,0.2,False,True,2
4,4,1.0,0.4,12,2,10,21,5,0.16666666666666666,0.2857142857142857,0.2105263157894737,2,3,0.4,2,8,0.2,False,True,2
0,2,1.0,0.375,12,2,10,21,5,0.16666666666666666,0.2857142857142857,0.2105263157894737,2,3,0.4,2,8,0.2,False,True,2
0,3,1.0,0.375,12,2,10,21,5,0.16666666666666666,0.2857142857142857,0.2105263157894737,2,3,0.4,2,8,0.2,False,True,2
0,4,1.0,0.375,12,2,10,21,5,0.16666666666666666,0.2857142857142857,0.2105263157894737,2,3,0.4,2,8,0.2,False,True,2
1,2,1.0,0.375,12,2,10,21,5,0.16666666666666666,0.2857142857142857,0.2105263157894737,2,3,0.4,2,8,0.2,False,True,2
1,3,1.0,0.375,12,2,10,21,5,0.16666666666666666,0.2857142857142857,0.2105263157894737,2,3,0.4,2,8,0.2,False,True,2
1,4,1.0,0.375,12,2,10,21,5,0.16666666666666666,0.2857142857142857,0.2105263157894737,2,3,0.4,2,8,0.2,False,True,2
2,2,1.0,0.375,12,2,10,21,5,0.16666666666666666,0.2857142857142857,0.2105263157894737,2,3,0.4,2,8,0.2,False,True,2
2,3,1.0,0.375,12,2,10,21,5,0.16666666666666666,0.2857142857142857,0.2105263157894737,2,3,0.4,2,8,0.2,False,True,2
2,4,1.0,0.375,12,2,10,21,5,0.16666666666666666,0.2857142857142857,0.2105263157894737,2,3,0.4,2,8,0.2,False,True,2
3,0,1.0,0.375,12,2,10,21,5,0.16666666666666666,0.2857142857142857,0.2105263157894737,2,3,0.4,2,8,0.2,False,True,2
3,3,1.0,0.375,12,2,10,21,5,0.16666666666666666,0.2857142857142857,0.2105263157894737,2,3,0.4,2,8,0.2,False,True,2
3,4,1.0,0.375,12,2,10,21,5,0.16666666666666666,0.2857142857142857,0.2105263157894737,2,3,0.4,2,8,0.2,False,True,2
4,0,1.0,0.375,12,2,10,21,5,0.16666666666666666,0.2857142857142857,0.2105263157894737,2,3,0.4,2,8,0.2,False,True,2
4,4,1.0,0.375,12,2,10,21,5,0.16666666666666666,0.2857142857142857,0.2105263157894737,2,3,0.4,2,8,0.2,False,True,2
0,2,1.15,0.35,12,2,10,21,5,0.16666666666666666,0.2857142857142857,0.2105263157894737,2,3,0.4,2,8,0.2,False,True,2
0,3,1.15,0.35,12,2,10,21,5,0.16666666666666666,0.2857142857142857,0.2105263157894737,2,3,0.4,2,8,0.2,False,True,2
0,4,1.0,0.35,12,2,10,21,5,0.16666666666666666,0.2857142857142857,0.2105263157894737,2,3,0.4,2,8,0.2,False,True,2
0,4,1.15,0.35,12,2,10,21,5,0.16666666666666666,0.2857142857142857,0.2105263157894737,2,3,0.4,2,8,0.2,False,True,2
1,0,1.0,0.35,12,2,10,21,5,0.16666666666666666,0.2857142857142857,0.2105263157894737,2,3,0.4,2,8,0.2,False,True,2
1,4,1.0,0.35,12,2,10,21,5,0.16666666666666666,0.2857142857142857,0.2105263157894737,2,3,0.4,2,8,0.2,False,True,2
2,0,1.0,0.35,12,2,10,21,5,0.16666666666666666,0.2857142857142857,0.2105263157894737,2,3,0.4,2,8,0.2,False,True,2
2,4,1.0,0.35,12,2,10,21,5,0.16666666666666666,0.2857142857142857,0.2105263157894737,2,3,0.4,2,8,0.2,False,True,2
3,2,1.15,0.35,12,2,10,21,5,0.16666666666666666,0.2857142857142857,0.2105263157894737,2,3,0.4,2,8,0.2,False,True,2
3,3,1.15,0.35,12,2,10,21,5,0.16666666666666666,0.2857142857142857,0.2105263157894737,2,3,0.4,2,8,0.2,False,True,2
3,4,1.0,0.35,12,2,10,21,5,0.16666666666666666,0.2857142857142857,0.2105263157894737,2,3,0.4,2,8,0.2,False,True,2
3,4,1.15,0.35,12,2,10,21,5,0.16666666666666666,0.2857142857142857,0.2105263157894737,2,3,0.4,2,8,0.2,False,True,2
4,2,1.15,0.35,12,2,10,21,5,0.16666666666666666,0.2857142857142857,0.2105263157894737,2,3,0.4,2,8,0.2,False,True,2
4,3,1.15,0.35,12,2,10,21,5,0.16666666666666666,0.2857142857142857,0.2105263157894737,2,3,0.4,2,8,0.2,False,True,2
4,4,1.0,0.35,12,2,10,21,5,0.16666666666666666,0.2857142857142857,0.2105263157894737,2,3,0.4,2,8,0.2,False,True,2
4,4,1.15,0.35,12,2,10,21,5,0.16666666666666666,0.2857142857142857,0.2105263157894737,2,3,0.4,2,8,0.2,False,True,2
0,1,0.55,0.375,25,4,21,10,3,0.16,0.5714285714285714,0.25,2,3,0.4,2,8,0.2,False,True,2
2,1,0.55,0.35,26,4,22,9,3,0.15384615384615385,0.5714285714285714,0.24242424242424246,2,3,0.4,2,8,0.2,False,True,2
4,3,0.85,0.425,13,2,11,20,5,0.15384615384615385,0.2857142857142857,0.2,2,3,0.4,2,8,0.2,False,True,2
0,3,0.85,0.4,13,2,11,20,5,0.15384615384615385,0.2857142857142857,0.2,2,3,0.4,2,8,0.2,False,True,2
1,3,0.85,0.4,13,2,11,20,5,0.15384615384615385,0.2857142857142857,0.2,2,3,0.4,2,8,0.2,False,True,2
2,3,0.85,0.4,13,2,11,20,5,0.15384615384615385,0.2857142857142857,0.2,2,3,0.4,2,8,0.2,False,True,2
3,3,0.85,0.4,13,2,11,20,5,0.15384615384615385,0.2857142857142857,0.2,2,3,0.4,2,8,0.2,False,True,2
4,3,1.0,0.375,13,2,11,20,5,0.15384615384615385,0.2857142857142857,0.2,2,3,0.4,2,8,0.2,False,True,2
0,3,1.0,0.35,13,2,11,20,5,0.15384615384615385,0.2857142857142857,0.2,2,3,0.4,2,8,0.2,False,True,2
1,3,1.0,0.35,13,2,11,20,5,0.15384615384615385,0.2857142857142857,0.2,2,3,0.4,2,8,0.2,False,True,2
2,3,1.0,0.35,13,2,11,20,5,0.15384615384615385,0.2857142857142857,0.2,2,3,0.4,2,8,0.2,False,True,2
3,3,1.0,0.35,13,2,11,20,5,0.15384615384615385,0.2857142857142857,0.2,2,3,0.4,2,8,0.2,False,True,2
4,3,1.0,0.35,13,2,11,20,5,0.15384615384615385,0.2857142857142857,0.2,2,3,0.4,2,8,0.2,False,True,2
0,0,1.0,0.75,1,0,1,30,7,0.0,0.0,0.0,2,3,0.4,2,8,0.2,False,False,2
0,0,1.15,0.75,1,0,1,30,7,0.0,0.0,0.0,2,3,0.4,2,8,0.2,False,False,2
0,1,0.85,0.75,1,0,1,30,7,0.0,0.0,0.0,2,3,0.4,2,8,0.2,False,False,2
0,1,1.0,0.75,1,0,1,30,7,0.0,0.0,0.0,2,3,0.4,2,8,0.2,False,False,2
0,1,1.15,0.75,1,0,1,30,7,0.0,0.0,0.0,2,3,0.4,2,8,0.2,False,False,2
0,2,1.0,0.75,1,0,1,30,7,0.0,0.0,0.0,2,3,0.4,2,8,0.2,False,False,2
0,2,1.15,0.75,1,0,1,30,7,0.0,0.0,0.0,2,3,0.4,2,8,0.2,False,False,2
0,3,1.0,0.75,1,0,1,30,7,0.0,0.0,0.0,2,3,0.4,2,8,0.2,False,False,2
0,3,1.15,0.75,1,0,1,30,7,0.0,0.0,0.0,2,3,0.4,2,8,0.2,False,False,2
0,4,1.0,0.75,1,0,1,30,7,0.0,0.0,0.0,2,3,0.4,2,8,0.2,False,False,2
0,4,1.15,0.75,1,0,1,30,7,0.0,0.0,0.0,2,3,0.4,2,8,0.2,False,False,2
1,0,0.85,0.75,1,0,1,30,7,0.0,0.0,0.0,2,3,0.4,2,8,0.2,False,False,2
1,0,1.0,0.75,1,0,1,30,7,0.0,0.0,0.0,2,3,0.4,2,8,0.2,False,False,2
1,0,1.15,0.75,1,0,1,30,7,0.0,0.0,0.0,2,3,0.4,2,8,0.2,False,False,2
1,1,0.85,0.75,1,0,1,30,7,0.0,0.0,0.0,2,3,0.4,2,8,0.2,False,False,2
1,1,1.0,0.75,1,0,1,30,7,0.0,0.0,0.0,2,3,0.4,2,8,0.2,False,False,2
1,1,1.15,0.75,1,0,1,30,7,0.0,0.0,0.0,2,3,0.4,2,8,0.2,False,False,2
1,2,0.85,0.75,1,0,1,30,7,0.0,0.0,0.0,2,3,0.4,2,8,0.2,False,False,2
1,2,1.0,0.75,1,0,1,30,7,0.0,0.0,0.0,2,3,0.4,2,8,0.2,False,False,2
1,2,1.15,0.75,1,0,1,30,7,0.0,0.0,0.0,2,3,0.4,2,8,0.2,False,False,2
1,3,0.85,0.75,1,0,1,30,7,0.0,0.0,0.0,2,3,0.4,2,8,0.2,False,False,2
1,3,1.0,0.75,1,0,1,30,7,0.0,0.0,0.0,2,3,0.4,2,8,0.2,False,False,2
1,3,1.15,0.75,1,0,1,30,7,0.0,0.0,0.0,2,3,0.4,2,8,0.2,False,False,2
1,4,0.85,0.75,1,0,1,30,7,0.0,0.0,0.0,2,3,0.4,2,8,0.2,False,False,2
1,4,1.0,0.75,1,0,1,30,7,0.0,0.0,0.0,2,3,0.4,2,8,0.2,False,False,2
1,4,1.15,0.75,1,0,1,30,7,0.0,0.0,0.0,2,3,0.4,2,8,0.2,False,False,2
2,0,1.0,0.75,1,0,1,30,7,0.0,0.0,0.0,2,3,0.4,2,8,0.2,False,False,2
2,0,1.15,0.75,1,0,1,30,7,0.0,0.0,0.0,2,3,0.4,2,8,0.2,False,False,2
2,1,0.85,0.75,1,0,1,30,7,0.0,0.0,0.0,2,3,0.4,2,8,0.2,False,False,2
2,1,1.0,0.75,1,0,1,30,7,0.0,0.0,0.0,2,3,0.4,2,8,0.2,False,False,2
2,1,1.15,0.75,1,0,1,30,7,0.0,0.0,0.0,2,3,0.4,2,8,0.2,False,False,2
2,2,1.0,0.75,1,0,1,30,7,0.0,0.0,0.0,2,3,0.4,2,8,0.2,False,False,2
2,2,1.15,0.75,1,0,1,30,7,0.0,0.0,0.0,2,3,0.4,2,8,0.2,False,False,2
2,3,0.85,0.75,1,0,1,30,7,0.0,0.0,0.0,2,3,0.4,2,8,0.2,False,False,2
2,3,1.0,0.75,1,0,1,30,7,0.0,0.0,0.0,2,3,0.4,2,8,0.2,False,False,2
2,3,1.15,0.75,1,0,1,30,7,0.0,0.0,0.0,2,3,0.4,2,8,0.2,False,False,2
2,4,1.0,0.75,1,0,1,30,7,0.0,0.0,0.0,2,3,0.4,2,8,0.2,False,False,2
2,4,1.15,0.75,1,0,1,30,7,0.0,0.0,0.0,2,3,0.4,2,8,0.2,False,False,2
3,0,1.15,0.75,1,0,1,30,7,0.0,0.0,0.0,2,3,0.4,2,8,0.2,False,False,2
3,1,1.0,0.75,1,0,1,30,7,0.0,0.0,0.0,2,3,0.4,2,8,0.2,False,False,2
3,1,1.15,0.75,1,0,1,30,7,0.0,0.0,0.0,2,3,0.4,2,8,0.2,False,False,2
3,2,1.15,0.75,1,0,1,30,7,0.0,0.0,0.0,2,3,0.4,2,8,0.2,False,False,2
3,3,1.0,0.75,1,0,1,30,7,0.0,0.0,0.0,2,3,0.4,2,8,0.2,False,False,2
3,3,1.15,0.75,1,0,1,30,7,0.0,0.0,0.0,2,3,0.4,2,8,0.2,False,False,2
3,4,1.15,0.75,1,0,1,30,7,0.0,0.0,0.0,2,3,0.4,2,8,0.2,False,False,2
4,0,0.85,0.75,1,0,1,30,7,0.0,0.0,0.0,2,3,0.4,2,8,0.2,False,False,2
4,0,1.0,0.75,1,0,1,30,7,0.0,0.0,0.0,2,3,0.4,2,8,0.2,False,False,2
4,0,1.15,0.75,1,0,1,30,7,0.0,0.0,0.0,2,3,0.4,2,8,0.2,False,False,2
4,1,0.85,0.75,1,0,1,30,7,0.0,0.0,0.0,2,3,0.4,2,8,0.2,False,False,2
4,1,1.0,0.75,1,0,1,30,7,0.0,0.0,0.0,2,3,0.4,2,8,0.2,False,False,2
4,1,1.15,0.75,1,0,1,30,7,0.0,0.0,0.0,2,3,0.4,2,8,0.2,False,False,2
4,2,0.85,0.75,1,0,1,30,7,0.0,0.0,0.0,2,3,0.4,2,8,0.2,False,False,2
4,2,1.0,0.75,1,0,1,30,7,0.0,0.0,0.0,2,3,0.4,2,8,0.2,False,False,2
4,2,1.15,0.75,1,0,1,30,7,0.0,0.0,0.0,2,3,0.4,2,8,0.2,False,False,2
4,3,0.85,0.75,1,0,1,30,7,0.0,0.0,0.0,2,3,0.4,2,8,0.2,False,False,2
4,3,1.0,0.75,1,0,1,30,7,0.0,0.0,0.0,2,3,0.4,2,8,0.2,False,False,2
4,3,1.15,0.75,1,0,1,30,7,0.0,0.0,0.0,2,3,0.4,2,8,0.2,False,False,2
4,4,0.85,0.75,1,0,1,30,7,0.0,0.0,0.0,2,3,0.4,2,8,0.2,False,False,2
4,4,1.0,0.75,1,0,1,30,7,0.0,0.0,0.0,2,3,0.4,2,8,0.2,False,False,2
4,4,1.15,0.75,1,0,1,30,7,0.0,0.0,0.0,2,3,0.4,2,8,0.2,False,False,2
0,1,1.15,0.725,1,0,1,30,7,0.0,0.0,0.0,2,3,0.4,2,8,0.2,False,False,2
0,3,1.15,0.725,1,0,1,30,7,0.0,0.0,0.0,2,3,0.4,2,8,0.2,False,False,2
1,0,1.15,0.725,1,0,1,30,7,0.0,0.0,0.0,2,3,0.4,2,8,0.2,False,False,2
1,1,1.0,0.725,1,0,1,30,7,0.0,0.0,0.0,2,3,0.4,2,8,0.2,False,False,2
1,1,1.15,0.725,1,0,1,30,7,0.0,0.0,0.0,2,3,0.4,2,8,0.2,False,False,2
1,2,1.15,0.725,1,0,1,30,7,0.0,0.0,0.0,2,3,0.4,2,8,0.2,False,False,2
1,3,1.0,0.725,1,0,1,30,7,0.0,0.0,0.0,2,3,0.4,2,8,0.2,False,False,2
1,3,1.15,0.725,1,0,1,30,7,0.0,0.0,0.0,2,3,0.4,2,8,0.2,False,False,2
1,4,1.15,0.725,1,0,1,30,7,0.0,0.0,0.0,2,3,0.4,2,8,0.2,False,False,2
2,0,1.15,0.725,1,0,1,30,7,0.0,0.0,0.0,2,3,0.4,2,8,0.2,False,False,2
2,1,1.0,0.725,1,0,1,30,7,0.0,0.0,0.0,2,3,0.4,2,8,0.2,False,False,2
2,1,1.15,0.725,1,0,1,30,7,0.0,0.0,0.0,2,3,0.4,2,8,0.2,False,False,2
2,2,1.15,0.725,1,0,1,30,7,0.0,0.0,0.0,2,3,0.4,2,8,0.2,False,False,2
2,3,1.15,0.725,1,0,1,30,7,0.0,0.0,0.0,2,3,0.4,2,8,0.2,False,False,2
2,4,1.15,0.725,1,0,1,30,7,0.0,0.0,0.0,2,3,0.4,2,8,0.2,False,False,2
3,1,1.15,0.725,1,0,1,30,7,0.0,0.0,0.0,2,3,0.4,2,8,0.2,False,False,2
4,0,1.15,0.725,1,0,1,30,7,0.0,0.0,0.0,2,3,0.4,2,8,0.2,False,False,2
4,1,1.0,0.725,1,0,1,30,7,0.0,0.0,0.0,2,3,0.4,2,8,0.2,False,False,2
4,1,1.15,0.725,1,0,1,30,7,0.0,0.0,0.0,2,3,0.4,2,8,0.2,False,False,2
4,2,1.15,0.725,1,0,1,30,7,0.0,0.0,0.0,2,3,0.4,2,8,0.2,False,False,2
4,3,1.0,0.725,1,0,1,30,7,0.0,0.0,0.0,2,3,0.4,2,8,0.2,False,False,2
4,3,1.15,0.725,1,0,1,30,7,0.0,0.0,0.0,2,3,0.4,2,8,0.2,False,False,2
4,4,1.15,0.725,1,0,1,30,7,0.0,0.0,0.0,2,3,0.4,2,8,0.2,False,False,2
1,1,1.15,0.7,1,0,1,30,7,0.0,0.0,0.0,2,3,0.4,2,8,0.2,False,False,2
1,3,1.15,0.7,1,0,1,30,7,0.0,0.0,0.0,2,3,0.4,2,8,0.2,False,False,2
4,1,1.15,0.7,1,0,1,30,7,0.0,0.0,0.0,2,3,0.4,2,8,0.2,False,False,2
4,3,1.15,0.7,1,0,1,30,7,0.0,0.0,0.0,2,3,0.4,2,8,0.2,False,False,2
