pl_name,k2_name,epic_hostname,default_flag,disposition,disp_refname,k2_campaigns,pl_orbper,rowupdate,releasedate
"K2-241 b","K2-241 b","EPIC 201092629",1,"CONFIRMED","Livingston et al. 2018","10",26.81990000000,"2022-03-28","2022-03-28"
"K2-242 b","K2-242 b","EPIC 201102594",1,"CONFIRMED","Livingston et al. 2018","10",6.51389000000,"2022-03-28","2022-03-28"
"K2-156 b","K2-156 b","EPIC 201110617",1,"CONFIRMED","Mayo et al. 2018","10",0.81314300000,"2022-03-28","2022-03-28"
"K2-156 b","K2-156 b","EPIC 201110617",0,"CONFIRMED","Mayo et al. 2018","10",0.81314000000,"2022-03-28","2022-03-28"
"K2-156 b","K2-156 b","EPIC 201110617",0,"CONFIRMED","Mayo et al. 2018","10",0.81314900000,"2018-07-12","2018-02-15"
"EPIC 201111557.01",,"EPIC 201111557",1,"CANDIDATE","Livingston et al. 2018","10",2.30183000000,"2018-08-02","2018-08-02"
"EPIC 201111557.01",,"EPIC 201111557",0,"CANDIDATE","Livingston et al. 2018","10",2.30236800000,"2018-02-15","2018-02-15"
"EPIC 201126503.01",,"EPIC 201126503",1,"CANDIDATE","Vanderburg et al. 2016","1",1.19474880000,"2015-12-05","2015-12-05"
"EPIC 201127519.01",,"EPIC 201127519",1,"CANDIDATE","Livingston et al. 2018","10",6.17887000000,"2018-08-02","2018-08-02"
"EPIC 201127519.01",,"EPIC 201127519",0,"CANDIDATE","Livingston et al. 2018","10",6.17836900000,"2018-02-15","2018-02-15"
"K2-152 b","K2-152 b","EPIC 201128338",1,"CONFIRMED","Hirano et al. 2018","10",32.64790000000,"2022-03-28","2022-03-28"
"K2-152 b","K2-152 b","EPIC 201128338",0,"CONFIRMED","Hirano et al. 2018","10",32.65270000000,"2018-07-12","2018-02-01"
"K2-157 b","K2-157 b","EPIC 201130233",1,"CONFIRMED","Mayo et al. 2018","10",0.36525750000,"2025-05-13","2025-05-13"
"K2-157 b","K2-157 b","EPIC 201130233",0,"CONFIRMED","Mayo et al. 2018","10",0.36525700000,"2018-02-14","2018-02-15"
"K2-157 b","K2-157 b","EPIC 201130233",0,"CONFIRMED","Mayo et al. 2018","10",0.36526100000,"2022-03-28","2022-03-28"
"K2-158 b","K2-158 b","EPIC 201132684",1,"CONFIRMED","Mayo et al. 2018","10",10.06049000000,"2022-03-28","2022-03-28"
"K2-158 b","K2-158 b","EPIC 201132684",0,"CONFIRMED","Mayo et al. 2018","10",10.06210600000,"2018-07-12","2018-02-15"
"K2-158 c","K2-158 c","EPIC 201132684",1,"CONFIRMED","Livingston et al. 2018","10",5.90279000000,"2022-03-28","2022-03-28"
"EPIC 201147085.01",,"EPIC 201147085",1,"CANDIDATE","Kruse et al. 2019","1",1.17589000000,"2019-09-05","2019-09-05"
"EPIC 201152065.01",,"EPIC 201152065",1,"CANDIDATE","Kruse et al. 2019","1",10.69660000000,"2019-09-05","2019-09-05"
"K2-42 b","K2-42 b","EPIC 201155177",1,"CONFIRMED","Crossfield et al. 2016","1",6.68796000000,"2016-07-14","2016-07-18"
"K2-42 b","K2-42 b","EPIC 201155177",0,"CONFIRMED","Crossfield et al. 2016","1",6.68743520000,"2015-12-05","2015-12-05"
"K2-42 b","K2-42 b","EPIC 201155177",0,"CONFIRMED","Crossfield et al. 2016","1",6.68851000000,"2019-09-05","2019-09-05"
"EPIC 201160662.01",,"EPIC 201160662",1,"CANDIDATE","Kruse et al. 2019","1",1.53741150000,"2019-09-05","2019-09-05"
"EPIC 201164625.01",,"EPIC 201164625",1,"CANDIDATE","Livingston et al. 2018","10",2.71189000000,"2018-08-02","2018-08-02"
"EPIC 201166680.01",,"EPIC 201166680",1,"CANDIDATE","Mayo et al. 2018","10",18.10549000000,"2018-02-15","2018-02-15"
"K2-243 b","K2-243 b","EPIC 201166680",1,"CONFIRMED","Livingston et al. 2018","10",11.54182000000,"2022-03-28","2022-03-28"
"K2-243 c","K2-243 c","EPIC 201166680",1,"CONFIRMED","Livingston et al. 2018","10",24.94598000000,"2022-03-28","2022-03-28"
"EPIC 201170410.02","K2-327 b","EPIC 201170410",1,"CONFIRMED","del Ser &amp; Fors 2020","1",6.79870000000,"2020-11-13","2020-11-19"
"EPIC 201176672.01",,"EPIC 201176672",1,"CANDIDATE","Crossfield et al. 2016","1",79.99990000000,"2016-07-18","2016-07-18"
"EPIC 201176672.02",,"EPIC 201176672",1,"CANDIDATE","Kruse et al. 2019","1",,"2019-09-05","2019-09-05"
"EPIC 201180665.01",,"EPIC 201180665",1,"CANDIDATE","Livingston et al. 2018","10",17.77297000000,"2018-08-02","2018-08-02"
"EPIC 201182911.01",,"EPIC 201182911",1,"CANDIDATE","Vanderburg et al. 2016","1",0.99656225000,"2015-12-05","2015-12-05"
"EPIC 201197348.01",,"EPIC 201197348",1,"CANDIDATE","Kruse et al. 2019","1",14.91390000000,"2019-09-05","2019-09-05"
"EPIC 201197348.01",,"EPIC 201197348",0,"CANDIDATE","Kruse et al. 2019","1",14.91238100000,"2015-12-05","2015-12-05"
"K2-43 b","K2-43 b","EPIC 201205469",1,"CONFIRMED","Crossfield et al. 2016","1",3.47114900000,"2019-08-09","2019-08-15"
"K2-43 b","K2-43 b","EPIC 201205469",0,"CONFIRMED","Crossfield et al. 2016","1",3.47128026240,"2024-12-10","2024-12-10"
"K2-43 b","K2-43 b","EPIC 201205469",0,"CONFIRMED","Crossfield et al. 2016","1",3.47134100000,"2019-08-09","2017-10-26"
"K2-43 b","K2-43 b","EPIC 201205469",0,"CONFIRMED","Crossfield et al. 2016","1",3.47128500000,"2015-12-05","2015-12-05"
"K2-43 b","K2-43 b","EPIC 201205469",0,"CONFIRMED","Crossfield et al. 2016","1",3.47114000000,"2019-08-09","2016-07-18"
"K2-43 b","K2-43 b","EPIC 201205469",0,"CONFIRMED","Crossfield et al. 2016","1",3.47113600000,"2019-09-05","2019-09-05"
"K2-43 c","K2-43 c","EPIC 201205469",1,"CONFIRMED","Hedges et al. 2019","1",2.19888400000,"2019-08-09","2019-08-15"
"K2-43 c","K2-43 c","EPIC 201205469",0,"CONFIRMED","Hedges et al. 2019","1",2.19945000000,"2019-09-05","2019-09-05"
"K2-4 b","K2-4 b","EPIC 201208431",1,"CONFIRMED","Montet et al. 2015","1",10.00341700000,"2017-12-12","2017-10-26"
"K2-4 b","K2-4 b","EPIC 201208431",0,"CONFIRMED","Montet et al. 2015","1",10.00440000000,"2017-12-12","2016-07-18"
"K2-4 b","K2-4 b","EPIC 201208431",0,"CONFIRMED","Montet et al. 2015","1",10.00329000000,"2017-12-12","2015-07-16"
"K2-4 b","K2-4 b","EPIC 201208431",0,"CONFIRMED","Montet et al. 2015","1",10.00510000000,"2019-09-05","2019-09-05"
"K2-4 b","K2-4 b","EPIC 201208431",0,"CONFIRMED","Montet et al. 2015","1",10.00361000000,"2015-12-05","2015-12-05"
"K2-4 b","K2-4 b","EPIC 201208431",0,"CONFIRMED","Montet et al. 2015","1",10.00617969000,"2016-12-21","2016-12-21"
"K2-244 b","K2-244 b","EPIC 201211526",1,"CONFIRMED","Livingston et al. 2018","10",21.06884000000,"2022-03-28","2022-03-28"
"K2-244 b","K2-244 b","EPIC 201211526",0,"CONFIRMED","Livingston et al. 2018","10",21.07020100000,"2018-02-15","2018-02-15"
"K2-159 b","K2-159 b","EPIC 201225286",1,"CONFIRMED","Mayo et al. 2018","10",12.42205000000,"2022-03-28","2022-03-28"
"K2-159 b","K2-159 b","EPIC 201225286",0,"CONFIRMED","Mayo et al. 2018","10",12.42107800000,"2018-07-12","2018-02-15"
"K2-160 b","K2-160 b","EPIC 201227197",1,"CONFIRMED","Mayo et al. 2018","10",3.70587100000,"2018-02-14","2018-02-15"
"K2-161 b","K2-161 b","EPIC 201231064",1,"CONFIRMED","Mayo et al. 2018","10",9.28318800000,"2018-02-14","2018-02-15"
"EPIC 201231940.01",,"EPIC 201231940",1,"CANDIDATE","Vanderburg et al. 2016","1",0.57303573000,"2015-12-05","2015-12-05"
"EPIC 201238110 b","K2-296 b","EPIC 201238110",1,"CONFIRMED","Heller et al. 2019","1",28.16560000000,"2019-06-03","2019-06-13"
"EPIC 201238110 b","K2-296 b","EPIC 201238110",0,"CONFIRMED","Heller et al. 2019","1",28.16960000000,"2019-09-05","2019-09-05"
"EPIC 201238110.01",,"EPIC 201238110",1,"CANDIDATE","Kruse et al. 2019","1",7.90417000000,"2019-09-05","2019-09-05"
"EPIC 201238110.01",,"EPIC 201238110",0,"CANDIDATE","Kruse et al. 2019","1",7.90696060000,"2015-12-05","2015-12-05"
"EPIC 201238163.01",,"EPIC 201238163",1,"CANDIDATE","Vanderburg et al. 2016","1",1.08296140000,"2015-12-05","2015-12-05"
"EPIC 201239401.01",,"EPIC 201239401",1,"CANDIDATE","Kruse et al. 2019","1",0.90565500000,"2019-09-05","2019-09-05"
"EPIC 201239401.01",,"EPIC 201239401",0,"CANDIDATE","Kruse et al. 2019","1",0.90552205000,"2015-12-05","2015-12-05"
"EPIC 201247497.01",,"EPIC 201247497",1,"CANDIDATE","Kruse et al. 2019","1",2.75421000000,"2019-09-05","2019-09-05"
"EPIC 201247497.01",,"EPIC 201247497",0,"CANDIDATE","Kruse et al. 2019","1",2.75391000000,"2016-07-18","2016-07-18"
"EPIC 201247497.01",,"EPIC 201247497",0,"CANDIDATE","Kruse et al. 2019","1",2.75411290000,"2015-12-05","2015-12-05"
"EPIC 201257461.01",,"EPIC 201257461",1,"FALSE POSITIVE","Montet et al. 2015","1",50.28586900000,"2015-12-05","2015-12-05"
"EPIC 201257461.01",,"EPIC 201257461",0,"FALSE POSITIVE","Montet et al. 2015","1",50.27762000000,"2015-12-05","2015-12-05"
"EPIC 201258341.01",,"EPIC 201258341",1,"CANDIDATE","Kruse et al. 2019","1",10.50439000000,"2019-09-05","2019-09-05"
"EPIC 201259803.01",,"EPIC 201259803",1,"CANDIDATE","Kruse et al. 2019","1",1.68420800000,"2019-09-05","2019-09-05"
"EPIC 201264302.01",,"EPIC 201264302",1,"CANDIDATE","Kruse et al. 2019","1",0.21220130000,"2019-09-05","2019-09-05"
"EPIC 201264302.01",,"EPIC 201264302",0,"CANDIDATE","Kruse et al. 2019","1",0.21219899000,"2015-12-05","2015-12-05"
"EPIC 201264302.01",,"EPIC 201264302",0,"CANDIDATE","Kruse et al. 2019","1",0.21219400000,"2016-06-09","2016-06-09"
"EPIC 201270176.01",,"EPIC 201270176",1,"CANDIDATE","Barros et al. 2016","1",1.57771549000,"2016-12-21","2016-12-21"
"EPIC 201270176.01",,"EPIC 201270176",0,"CANDIDATE","Barros et al. 2016","1",1.57786430000,"2015-12-05","2015-12-05"
"EPIC 201270464.01",,"EPIC 201270464",1,"CANDIDATE","Barros et al. 2016","1",1.57771549000,"2016-12-21","2016-12-21"
"EPIC 201274010.01",,"EPIC 201274010",1,"CANDIDATE","Livingston et al. 2018","10",13.01130000000,"2018-08-02","2018-08-02"
"EPIC 201291843.01",,"EPIC 201291843",1,"CANDIDATE","Barros et al. 2016","1",40.70206194000,"2016-12-21","2016-12-21"
"K2-44 b","K2-44 b","EPIC 201295312",1,"CONFIRMED","Crossfield et al. 2016","1",5.65700000000,"2020-11-13","2020-11-19"
"K2-44 b","K2-44 b","EPIC 201295312",0,"CONFIRMED","Crossfield et al. 2016","1",5.65688000000,"2020-11-13","2016-07-18"
"K2-44 b","K2-44 b","EPIC 201295312",0,"CONFIRMED","Crossfield et al. 2016","1",5.65621000000,"2019-09-05","2019-09-05"
"K2-44 b","K2-44 b","EPIC 201295312",0,"CONFIRMED","Crossfield et al. 2016","1",5.65706000000,"2015-12-05","2015-12-05"
"K2-44 b","K2-44 b","EPIC 201295312",0,"CONFIRMED","Crossfield et al. 2016","1",5.65630400000,"2020-11-13","2018-02-15"
"K2-44 b","K2-44 b","EPIC 201295312",0,"CONFIRMED","Crossfield et al. 2016","1",5.65625600000,"2015-12-05","2015-12-05"
"EPIC 201299088.01",,"EPIC 201299088",1,"CANDIDATE","Mayo et al. 2018","10",21.20473900000,"2018-02-15","2018-02-15"
"EPIC 201324549.01",,"EPIC 201324549",1,"FALSE POSITIVE","Crossfield et al. 2016","1",2.51938600000,"2019-09-05","2019-09-05"
"EPIC 201324549.01",,"EPIC 201324549",0,"FALSE POSITIVE","Crossfield et al. 2016","1",2.51940390000,"2024-02-05","2024-02-05"
"EPIC 201324549.01",,"EPIC 201324549",0,"FALSE POSITIVE","Crossfield et al. 2016","1",2.51881781000,"2016-12-21","2016-12-21"
"EPIC 201324549.01",,"EPIC 201324549",0,"FALSE POSITIVE","Crossfield et al. 2016","1",2.51940780000,"2015-12-05","2015-12-05"
"EPIC 201324549.01",,"EPIC 201324549",0,"FALSE POSITIVE","Crossfield et al. 2016","1",2.51933400000,"2016-07-18","2016-07-18"
"K2-5 b","K2-5 b","EPIC 201338508",1,"CONFIRMED","Montet et al. 2015","1",5.73594000000,"2016-07-06","2016-07-07"
"K2-5 b","K2-5 b","EPIC 201338508",0,"CONFIRMED","Montet et al. 2015","1",5.73484620000,"2015-12-05","2015-12-05"
"K2-5 b","K2-5 b","EPIC 201338508",0,"CONFIRMED","Montet et al. 2015","1",5.73649000000,"2019-09-05","2019-09-05"
"K2-5 b","K2-5 b","EPIC 201338508",0,"CONFIRMED","Montet et al. 2015","1",5.73491000000,"2016-07-06","2015-07-16"
"K2-5 b","K2-5 b","EPIC 201338508",0,"CONFIRMED","Montet et al. 2015","1",5.73597000000,"2016-07-14","2016-07-18"
"K2-5 c","K2-5 c","EPIC 201338508",1,"CONFIRMED","Montet et al. 2015","1",10.93241000000,"2016-07-06","2016-07-07"
"K2-5 c","K2-5 c","EPIC 201338508",0,"CONFIRMED","Montet et al. 2015","1",10.93240000000,"2016-07-14","2016-07-18"
"K2-5 c","K2-5 c","EPIC 201338508",0,"CONFIRMED","Montet et al. 2015","1",10.93459000000,"2019-09-05","2019-09-05"
"K2-5 c","K2-5 c","EPIC 201338508",0,"CONFIRMED","Montet et al. 2015","1",10.93406000000,"2016-07-06","2015-07-16"
"K2-45 b","K2-45 b","EPIC 201345483",1,"CONFIRMED","Crossfield et al. 2016","1",1.72926840000,"2016-07-14","2016-07-18"
"K2-45 b","K2-45 b","EPIC 201345483",0,"CONFIRMED","Crossfield et al. 2016","1",1.72925770000,"2019-09-05","2019-09-05"
"K2-45 b","K2-45 b","EPIC 201345483",0,"CONFIRMED","Crossfield et al. 2016","1",1.72925910000,"2015-12-05","2015-12-05"
"K2-45 b","K2-45 b","EPIC 201345483",0,"CONFIRMED","Crossfield et al. 2016","1",1.72926812424,"2024-12-10","2024-12-10"
"K2-45 b","K2-45 b","EPIC 201345483",0,"CONFIRMED","Crossfield et al. 2016","1",1.72925700000,"2017-10-23","2017-10-26"
"EPIC 201352100.01",,"EPIC 201352100",1,"CANDIDATE","Livingston et al. 2018","10",13.38382000000,"2018-08-02","2018-08-02"
"EPIC 201352100.01",,"EPIC 201352100",0,"CANDIDATE","Livingston et al. 2018","10",13.38362900000,"2018-02-15","2018-02-15"
"K2-245 b","K2-245 b","EPIC 201357643",1,"CONFIRMED","Livingston et al. 2018","10",11.89307000000,"2022-03-28","2022-03-28"
"K2-245 b","K2-245 b","EPIC 201357643",0,"CONFIRMED","Livingston et al. 2018","10",11.89376000000,"2025-09-17","2025-09-17"
"EPIC 201357835.01",,"EPIC 201357835",1,"CANDIDATE","Zink et al. 2019","10",11.89510000000,"2019-09-19","2019-09-19"
"EPIC 201359834.01",,"EPIC 201359834",1,"CANDIDATE","Kruse et al. 2019","1",40.14010000000,"2019-09-05","2019-09-05"
"EPIC 201366540.01",,"EPIC 201366540",1,"CANDIDATE","Kruse et al. 2019","1",7.44330000000,"2019-09-05","2019-09-05"
"K2-3 b","K2-3 b","EPIC 201367065",1,"CONFIRMED","Crossfield et al. 2015","1",10.05465350000,"2023-07-10","2023-07-10"
"K2-3 b","K2-3 b","EPIC 201367065",0,"CONFIRMED","Crossfield et al. 2015","1",10.05462600000,"2023-04-17","2023-04-17"
"K2-3 b","K2-3 b","EPIC 201367065",0,"CONFIRMED","Crossfield et al. 2015","1",10.05448000000,"2020-05-04","2015-07-16"
"K2-3 b","K2-3 b","EPIC 201367065",0,"CONFIRMED","Crossfield et al. 2015","1",10.05467000000,"2019-09-05","2019-09-05"
"K2-3 b","K2-3 b","EPIC 201367065",0,"CONFIRMED","Crossfield et al. 2015","1",10.05443000000,"2020-05-04","2016-07-18"
"K2-3 b","K2-3 b","EPIC 201367065",0,"CONFIRMED","Crossfield et al. 2015","1",10.05462600000,"2020-05-04","2020-05-07"
"K2-3 b","K2-3 b","EPIC 201367065",0,"CONFIRMED","Crossfield et al. 2015","1",10.05454400000,"2020-05-04","2016-03-24"
"K2-3 b","K2-3 b","EPIC 201367065",0,"CONFIRMED","Crossfield et al. 2015","1",10.05437400000,"2015-12-05","2015-12-05"
"K2-3 b","K2-3 b","EPIC 201367065",0,"CONFIRMED","Crossfield et al. 2015","1",10.05462600000,"2025-09-17","2025-09-17"
"K2-3 b","K2-3 b","EPIC 201367065",0,"CONFIRMED","Crossfield et al. 2015","1",10.05403000000,"2020-05-04","2015-02-26"
"K2-3 b","K2-3 b","EPIC 201367065",0,"CONFIRMED","Crossfield et al. 2015","1",10.05449000000,"2020-05-04","2016-07-07"
"K2-3 b","K2-3 b","EPIC 201367065",0,"CONFIRMED","Crossfield et al. 2015","1",10.05176778000,"2016-12-21","2016-12-21"
"K2-3 b","K2-3 b","EPIC 201367065",0,"CONFIRMED","Crossfield et al. 2015","1",10.05429000000,"2020-05-04","2015-10-15"
"K2-3 b","K2-3 b","EPIC 201367065",0,"CONFIRMED","Crossfield et al. 2015","1",10.05403000000,"2020-05-04","2016-05-05"
"K2-3 b","K2-3 b","EPIC 201367065",0,"CONFIRMED","Crossfield et al. 2015","1",10.05460031054,"2024-12-10","2024-12-10"
"K2-3 b","K2-3 b","EPIC 201367065",0,"CONFIRMED","Crossfield et al. 2015","1",10.05454000000,"2020-05-04","2020-05-07"
"K2-3 c","K2-3 c","EPIC 201367065",1,"CONFIRMED","Crossfield et al. 2015","1",24.64672900000,"2023-07-10","2023-07-10"
"K2-3 c","K2-3 c","EPIC 201367065",0,"CONFIRMED","Crossfield et al. 2015","1",24.64910000000,"2020-05-04","2015-10-15"
"K2-3 c","K2-3 c","EPIC 201367065",0,"CONFIRMED","Crossfield et al. 2015","1",24.64540000000,"2020-05-04","2016-05-05"
"K2-3 c","K2-3 c","EPIC 201367065",0,"CONFIRMED","Crossfield et al. 2015","1",24.64638000000,"2020-05-04","2020-05-07"
"K2-3 c","K2-3 c","EPIC 201367065",0,"CONFIRMED","Crossfield et al. 2015","1",24.64350000000,"2020-05-04","2016-07-18"
"K2-3 c","K2-3 c","EPIC 201367065",0,"CONFIRMED","Crossfield et al. 2015","1",24.64671000000,"2019-09-05","2019-09-05"
"K2-3 c","K2-3 c","EPIC 201367065",0,"CONFIRMED","Crossfield et al. 2015","1",24.64658200000,"2020-05-04","2020-05-07"
"K2-3 c","K2-3 c","EPIC 201367065",0,"CONFIRMED","Crossfield et al. 2015","1",24.64501300000,"2015-12-05","2015-12-05"
"K2-3 c","K2-3 c","EPIC 201367065",0,"CONFIRMED","Crossfield et al. 2015","1",24.64638000000,"2020-05-04","2016-03-24"
"K2-3 c","K2-3 c","EPIC 201367065",0,"CONFIRMED","Crossfield et al. 2015","1",24.64658200000,"2023-04-17","2023-04-17"
"K2-3 c","K2-3 c","EPIC 201367065",0,"CONFIRMED","Crossfield et al. 2015","1",24.64745000000,"2020-05-04","2015-07-16"
"K2-3 c","K2-3 c","EPIC 201367065",0,"CONFIRMED","Crossfield et al. 2015","1",24.64354000000,"2020-05-04","2016-07-07"
"K2-3 c","K2-3 c","EPIC 201367065",0,"CONFIRMED","Crossfield et al. 2015","1",24.64540000000,"2020-05-04","2015-02-26"
"K2-3 c","K2-3 c","EPIC 201367065",0,"CONFIRMED","Crossfield et al. 2015","1",24.64658200000,"2025-09-17","2025-09-17"
"K2-3 d","K2-3 d","EPIC 201367065",1,"CONFIRMED","Crossfield et al. 2015","1",44.55603000000,"2023-07-10","2023-07-10"
"K2-3 d","K2-3 d","EPIC 201367065",0,"CONFIRMED","Crossfield et al. 2015","1",44.56090000000,"2020-05-04","2016-07-18"
"K2-3 d","K2-3 d","EPIC 201367065",0,"CONFIRMED","Crossfield et al. 2015","1",44.55765000000,"2020-05-04","2016-03-24"
"K2-3 d","K2-3 d","EPIC 201367065",0,"CONFIRMED","Crossfield et al. 2015","1",44.55740000000,"2019-09-05","2019-09-05"
"K2-3 d","K2-3 d","EPIC 201367065",0,"CONFIRMED","Crossfield et al. 2015","1",44.55764000000,"2020-05-04","2020-05-07"
"K2-3 d","K2-3 d","EPIC 201367065",0,"CONFIRMED","Crossfield et al. 2015","1",44.56310000000,"2020-05-04","2015-02-26"
"K2-3 d","K2-3 d","EPIC 201367065",0,"CONFIRMED","Crossfield et al. 2015","1",44.57050000000,"2020-05-04","2015-10-15"
"K2-3 d","K2-3 d","EPIC 201367065",0,"CONFIRMED","Crossfield et al. 2015","1",44.55645600000,"2025-09-17","2025-09-17"
"K2-3 d","K2-3 d","EPIC 201367065",0,"CONFIRMED","Crossfield et al. 2015","1",44.55645600000,"2023-04-17","2023-04-17"
"K2-3 d","K2-3 d","EPIC 201367065",0,"CONFIRMED","Crossfield et al. 2015","1",44.55983000000,"2020-05-04","2016-07-07"
"K2-3 d","K2-3 d","EPIC 201367065",0,"CONFIRMED","Crossfield et al. 2015","1",44.55612000000,"2020-05-04","2016-10-13"
"K2-3 d","K2-3 d","EPIC 201367065",0,"CONFIRMED","Crossfield et al. 2015","1",44.55646000000,"2021-10-25","2021-10-25"
"K2-3 d","K2-3 d","EPIC 201367065",0,"CONFIRMED","Crossfield et al. 2015","1",44.56310000000,"2020-05-04","2016-05-05"
"K2-3 d","K2-3 d","EPIC 201367065",0,"CONFIRMED","Crossfield et al. 2015","1",44.56115000000,"2015-12-05","2015-12-05"
"K2-6 b","K2-6 b","EPIC 201384232",1,"CONFIRMED","Montet et al. 2015","1",30.94191000000,"2015-07-13","2015-07-16"
"K2-6 b","K2-6 b","EPIC 201384232",0,"CONFIRMED","Montet et al. 2015","1",30.93490000000,"2016-07-14","2016-07-18"
"K2-6 b","K2-6 b","EPIC 201384232",0,"CONFIRMED","Montet et al. 2015","1",30.94464800000,"2015-12-05","2015-12-05"
"K2-6 b","K2-6 b","EPIC 201384232",0,"CONFIRMED","Montet et al. 2015","1",30.94459300000,"2018-02-14","2018-02-15"
"K2-6 b","K2-6 b","EPIC 201384232",0,"CONFIRMED","Montet et al. 2015","1",30.94030000000,"2019-09-05","2019-09-05"
"K2-246 b","K2-246 b","EPIC 201386739",1,"CONFIRMED","Livingston et al. 2018","10",5.76918000000,"2022-03-28","2022-03-28"
"K2-162 b","K2-162 b","EPIC 201390048",1,"CONFIRMED","Mayo et al. 2018","10",9.45889000000,"2022-06-08","2022-06-08"
"K2-162 b","K2-162 b","EPIC 201390048",0,"CONFIRMED","Mayo et al. 2018","10",9.45774700000,"2018-07-12","2018-02-15"
"EPIC 201390927.01",,"EPIC 201390927",1,"CANDIDATE","Livingston et al. 2018","10",2.63800000000,"2018-08-02","2018-08-02"
"EPIC 201392505.01",,"EPIC 201392505",1,"CANDIDATE","Livingston et al. 2018","10",27.47083000000,"2018-08-02","2018-08-02"
"K2-7 b","K2-7 b","EPIC 201393098",1,"CONFIRMED","Montet et al. 2015","1",28.67810000000,"2024-11-20","2024-11-20"
"K2-7 b","K2-7 b","EPIC 201393098",0,"CONFIRMED","Montet et al. 2015","1",28.67992000000,"2015-07-13","2015-07-16"
"K2-7 b","K2-7 b","EPIC 201393098",0,"CONFIRMED","Montet et al. 2015","1",28.67770000000,"2016-07-14","2016-07-18"
"K2-7 b","K2-7 b","EPIC 201393098",0,"CONFIRMED","Montet et al. 2015","1",28.69110000000,"2019-09-05","2019-09-05"
"K2-46 b","K2-46 b","EPIC 201403446",1,"CONFIRMED","Crossfield et al. 2016","1",19.15410000000,"2016-07-14","2016-07-18"
"K2-46 b","K2-46 b","EPIC 201403446",0,"CONFIRMED","Crossfield et al. 2016","1",19.15454000000,"2018-02-14","2018-02-15"
"K2-46 b","K2-46 b","EPIC 201403446",0,"CONFIRMED","Crossfield et al. 2016","1",19.15376500000,"2015-12-05","2015-12-05"
"K2-46 b","K2-46 b","EPIC 201403446",0,"CONFIRMED","Crossfield et al. 2016","1",19.15300000000,"2019-09-05","2019-09-05"
"K2-46 b","K2-46 b","EPIC 201403446",0,"CONFIRMED","Crossfield et al. 2016","1",19.15344000000,"2015-12-05","2015-12-05"
"EPIC 201407812.01",,"EPIC 201407812",1,"CANDIDATE","Vanderburg et al. 2016","1",2.82681210000,"2015-12-05","2015-12-05"
"EPIC 201427007 b","K2-359 b","EPIC 201427007",1,"CONFIRMED","Adams et al. 2021","10",0.72091000000,"2021-10-25","2021-10-25"
"K2-163 b","K2-163 b","EPIC 201427874",1,"CONFIRMED","Mayo et al. 2018","10",6.67311700000,"2018-02-14","2018-02-15"
"HD 106315 b","K2-109 b","EPIC 201437844",1,"CONFIRMED","Crossfield et al. 2017","10",9.55237000000,"2019-07-19","2019-07-25"
"HD 106315 b","K2-109 b","EPIC 201437844",0,"CONFIRMED","Crossfield et al. 2017","10",9.58028883839,"2025-10-30","2025-10-30"
"HD 106315 b","K2-109 b","EPIC 201437844",0,"CONFIRMED","Crossfield et al. 2017","10",9.55210000000,"2019-07-19","2017-09-15"
"HD 106315 b","K2-109 b","EPIC 201437844",0,"CONFIRMED","Crossfield et al. 2017","10",9.55210500000,"2026-01-29","2026-01-29"
"HD 106315 b","K2-109 b","EPIC 201437844",0,"CONFIRMED","Crossfield et al. 2017","10",9.55385000000,"2019-07-19","2017-09-28"
"HD 106315 b","K2-109 b","EPIC 201437844",0,"CONFIRMED","Crossfield et al. 2017","10",9.55804000000,"2022-03-28","2022-03-28"
"HD 106315 b","K2-109 b","EPIC 201437844",0,"CONFIRMED","Crossfield et al. 2017","10",9.55451500000,"2019-07-19","2018-02-15"
"HD 106315 b","K2-109 b","EPIC 201437844",0,"CONFIRMED","Crossfield et al. 2017","10",9.55288000000,"2025-09-17","2025-09-17"
"HD 106315 b","K2-109 b","EPIC 201437844",0,"CONFIRMED","Crossfield et al. 2017","10",9.55287000000,"2024-12-10","2024-12-10"
"HD 106315 c","K2-109 c","EPIC 201437844",1,"CONFIRMED","Crossfield et al. 2017","10",21.05704000000,"2019-07-19","2019-07-25"
"HD 106315 c","K2-109 c","EPIC 201437844",0,"CONFIRMED","Crossfield et al. 2017","10",1221.27097726164,"2025-10-30","2025-10-30"
"HD 106315 c","K2-109 c","EPIC 201437844",0,"CONFIRMED","Crossfield et al. 2017","10",21.05731000000,"2024-04-19","2024-04-19"
"HD 106315 c","K2-109 c","EPIC 201437844",0,"CONFIRMED","Crossfield et al. 2017","10",21.05683000000,"2019-07-19","2017-09-28"
"HD 106315 c","K2-109 c","EPIC 201437844",0,"CONFIRMED","Crossfield et al. 2017","10",21.05788000000,"2022-03-28","2022-03-28"
"HD 106315 c","K2-109 c","EPIC 201437844",0,"CONFIRMED","Crossfield et al. 2017","10",21.05603000000,"2019-08-09","2019-08-15"
"HD 106315 c","K2-109 c","EPIC 201437844",0,"CONFIRMED","Crossfield et al. 2017","10",21.05800000000,"2019-07-19","2017-09-28"
"HD 106315 c","K2-109 c","EPIC 201437844",0,"CONFIRMED","Crossfield et al. 2017","10",21.05750400000,"2019-07-19","2018-02-15"
"HD 106315 c","K2-109 c","EPIC 201437844",0,"CONFIRMED","Crossfield et al. 2017","10",21.05661400000,"2024-03-04","2024-03-04"
"HD 106315 c","K2-109 c","EPIC 201437844",0,"CONFIRMED","Crossfield et al. 2017","10",21.05760000000,"2019-07-19","2017-09-15"
"HD 106315 c","K2-109 c","EPIC 201437844",0,"CONFIRMED","Crossfield et al. 2017","10",21.05652000000,"2024-12-10","2024-12-10"
"HD 106315 c","K2-109 c","EPIC 201437844",0,"CONFIRMED","Crossfield et al. 2017","10",21.05652000000,"2025-09-17","2025-09-17"
"EPIC 201441872.01",,"EPIC 201441872",1,"CANDIDATE","Kruse et al. 2019","1",4.44044000000,"2019-09-05","2019-09-05"
"EPIC 201441872.01",,"EPIC 201441872",0,"CANDIDATE","Kruse et al. 2019","1",4.44164210000,"2015-12-05","2015-12-05"
"EPIC 201441872.01",,"EPIC 201441872",0,"CANDIDATE","Kruse et al. 2019","1",4.44125800000,"2018-02-15","2018-02-15"
"K2-8 b","K2-8 b","EPIC 201445392",1,"CONFIRMED","Montet et al. 2015","1",10.35239000000,"2016-07-06","2016-07-07"
"K2-8 b","K2-8 b","EPIC 201445392",0,"CONFIRMED","Montet et al. 2015","1",10.35326300000,"2015-12-05","2015-12-05"
"K2-8 b","K2-8 b","EPIC 201445392",0,"CONFIRMED","Montet et al. 2015","1",10.35350000000,"2016-07-14","2016-07-18"
"K2-8 b","K2-8 b","EPIC 201445392",0,"CONFIRMED","Montet et al. 2015","1",10.35848367000,"2016-12-21","2016-12-21"
"K2-8 b","K2-8 b","EPIC 201445392",0,"CONFIRMED","Montet et al. 2015","1",10.35176000000,"2016-07-06","2015-07-16"
"K2-8 b","K2-8 b","EPIC 201445392",0,"CONFIRMED","Montet et al. 2015","1",10.35160000000,"2019-09-05","2019-09-05"
"K2-8 c","K2-8 c","EPIC 201445392",1,"CONFIRMED","Sinukoff et al. 2016","1",5.06416000000,"2016-07-06","2016-07-07"
"K2-8 c","K2-8 c","EPIC 201445392",0,"CONFIRMED","Sinukoff et al. 2016","1",5.06390640000,"2015-12-05","2015-12-05"
"K2-8 c","K2-8 c","EPIC 201445392",0,"CONFIRMED","Sinukoff et al. 2016","1",5.06468000000,"2015-12-05","2015-12-05"
"K2-8 c","K2-8 c","EPIC 201445392",0,"CONFIRMED","Sinukoff et al. 2016","1",5.06408000000,"2016-07-14","2016-07-18"
"K2-8 c","K2-8 c","EPIC 201445392",0,"CONFIRMED","Sinukoff et al. 2016","1",5.06347000000,"2019-09-05","2019-09-05"
"EPIC 201445732.01",,"EPIC 201445732",1,"CANDIDATE","Kruse et al. 2019","1",11.20381000000,"2019-09-05","2019-09-05"
"EPIC 201456770.01",,"EPIC 201456770",1,"CANDIDATE","Zink et al. 2021","10",8.00687500000,"2021-11-19","2021-11-19"
"K2-164 b","K2-164 b","EPIC 201460826",1,"CONFIRMED","Mayo et al. 2018","1",17.35506600000,"2018-02-14","2018-02-15"
"K2-164 b","K2-164 b","EPIC 201460826",0,"CONFIRMED","Mayo et al. 2018","1",17.35568100000,"2015-12-05","2015-12-05"
"K2-164 b","K2-164 b","EPIC 201460826",0,"CONFIRMED","Mayo et al. 2018","1",17.36780000000,"2019-09-05","2019-09-05"
"K2-9 b","K2-9 b","EPIC 201465501",1,"CONFIRMED","Montet et al. 2015","1",18.44980000000,"2016-01-20","2016-01-21"
"K2-9 b","K2-9 b","EPIC 201465501",0,"CONFIRMED","Montet et al. 2015","1",18.44883000000,"2016-01-20","2015-07-16"
"K2-9 b","K2-9 b","EPIC 201465501",0,"CONFIRMED","Montet et al. 2015","1",18.44951000000,"2019-09-05","2019-09-05"
"K2-9 b","K2-9 b","EPIC 201465501",0,"CONFIRMED","Montet et al. 2015","1",18.44865300000,"2015-12-05","2015-12-05"
"K2-9 b","K2-9 b","EPIC 201465501",0,"CONFIRMED","Montet et al. 2015","1",18.44740000000,"2016-07-14","2016-07-18"
"EPIC 201488365.01",,"EPIC 201488365",1,"CANDIDATE","Vanderburg et al. 2016","1",3.36431150000,"2015-12-05","2015-12-05"
"EPIC 201497682 b","K2-297 b","EPIC 201497682",1,"CONFIRMED","Heller et al. 2019","1",2.13174000000,"2019-06-03","2019-06-13"
"EPIC 201497682.01",,"EPIC 201497682",1,"CANDIDATE","Kruse et al. 2019","1",13.83940000000,"2019-09-05","2019-09-05"
"EPIC 201497682.01",,"EPIC 201497682",0,"CANDIDATE","Kruse et al. 2019","1",13.83781400000,"2015-12-05","2015-12-05"
"EPIC 201497682.02",,"EPIC 201497682",1,"CANDIDATE","Kruse et al. 2019","1",7.79983000000,"2019-09-05","2019-09-05"
"EPIC 201497682.02",,"EPIC 201497682",0,"CANDIDATE","Kruse et al. 2019","1",7.79915860000,"2015-12-05","2015-12-05"
"EPIC 201497682.04",,"EPIC 201497682",1,"CANDIDATE","Kruse et al. 2019","1",3.88300000000,"2022-04-12","2022-04-12"
"K2-261 b","K2-261 b","EPIC 201498078",1,"CONFIRMED","Johnson et al. 2018","14",11.63346810000,"2024-11-20","2024-11-20"
"K2-261 b","K2-261 b","EPIC 201498078",0,"CONFIRMED","Johnson et al. 2018","14",11.63347800000,"2022-02-15","2022-02-15"
"K2-261 b","K2-261 b","EPIC 201498078",0,"CONFIRMED","Johnson et al. 2018","14",11.63395000000,"2025-09-17","2025-09-17"
"K2-261 b","K2-261 b","EPIC 201498078",0,"CONFIRMED","Johnson et al. 2018","14",11.63345000000,"2022-05-03","2022-05-03"
"K2-261 b","K2-261 b","EPIC 201498078",0,"CONFIRMED","Johnson et al. 2018","14",11.63344000000,"2024-11-20","2024-11-20"
"K2-261 b","K2-261 b","EPIC 201498078",0,"CONFIRMED","Johnson et al. 2018","14",11.63348200000,"2022-10-18","2022-10-18"
"K2-261 b","K2-261 b","EPIC 201498078",0,"CONFIRMED","Johnson et al. 2018","14",11.63347800000,"2022-02-15","2022-02-15"
"K2-261 b","K2-261 b","EPIC 201498078",0,"CONFIRMED","Johnson et al. 2018","14",11.63321270000,"2024-02-05","2024-02-05"
"K2-261 b","K2-261 b","EPIC 201498078",0,"CONFIRMED","Johnson et al. 2018","14",11.63344000000,"2018-08-14","2018-08-16"
"K2-261 b","K2-261 b","EPIC 201498078",0,"CONFIRMED","Johnson et al. 2018","14",11.63347580000,"2024-03-04","2024-03-04"
"K2-19 b","K2-19 b","EPIC 201505350",1,"CONFIRMED","Dai et al. 2016","1",7.91930000000,"2026-04-30","2026-04-30"
"K2-19 b","K2-19 b","EPIC 201505350",0,"CONFIRMED","Dai et al. 2016","1",7.92099400000,"2016-07-06","2015-11-19"
"K2-19 b","K2-19 b","EPIC 201505350",0,"CONFIRMED","Dai et al. 2016","1",7.91940000000,"2016-07-06","2016-07-07"
"K2-19 b","K2-19 b","EPIC 201505350",0,"CONFIRMED","Dai et al. 2016","1",7.92280600000,"2026-03-26","2026-03-26"
"K2-19 b","K2-19 b","EPIC 201505350",0,"CONFIRMED","Dai et al. 2016","1",7.91952000000,"2016-07-14","2016-07-18"
"K2-19 b","K2-19 b","EPIC 201505350",0,"CONFIRMED","Dai et al. 2016","1",7.91945400000,"2016-07-06","2015-10-15"
"K2-19 b","K2-19 b","EPIC 201505350",0,"CONFIRMED","Dai et al. 2016","1",7.91951000000,"2021-07-12","2021-07-12"
"K2-19 b","K2-19 b","EPIC 201505350",0,"CONFIRMED","Dai et al. 2016","1",7.91949790000,"2015-12-05","2015-12-05"
"K2-19 b","K2-19 b","EPIC 201505350",0,"CONFIRMED","Dai et al. 2016","1",7.91952314000,"2016-12-21","2016-12-21"
"K2-19 b","K2-19 b","EPIC 201505350",0,"CONFIRMED","Dai et al. 2016","1",7.92220000000,"2025-09-17","2025-09-17"
"K2-19 b","K2-19 b","EPIC 201505350",0,"CONFIRMED","Dai et al. 2016","1",7.91943000000,"2016-07-06","2015-07-16"
"K2-19 b","K2-19 b","EPIC 201505350",0,"CONFIRMED","Dai et al. 2016","1",7.91940000000,"2016-07-06","2016-05-05"
"K2-19 b","K2-19 b","EPIC 201505350",0,"CONFIRMED","Dai et al. 2016","1",7.92110100000,"2016-07-06","2015-11-19"
"K2-19 b","K2-19 b","EPIC 201505350",0,"CONFIRMED","Dai et al. 2016","1",7.92097800000,"2024-03-04","2024-03-04"
"K2-19 b","K2-19 b","EPIC 201505350",0,"CONFIRMED","Dai et al. 2016","1",7.91778552860,"2024-02-05","2024-02-05"
"K2-19 b","K2-19 b","EPIC 201505350",0,"CONFIRMED","Dai et al. 2016","1",7.92220000000,"2022-01-31","2022-01-31"
"K2-19 b","K2-19 b","EPIC 201505350",0,"CONFIRMED","Dai et al. 2016","1",7.91949300000,"2018-02-14","2018-02-15"
"K2-19 b","K2-19 b","EPIC 201505350",0,"CONFIRMED","Dai et al. 2016","1",7.91945400000,"2019-09-05","2019-09-05"
"K2-19 c","K2-19 c","EPIC 201505350",1,"CONFIRMED","Dai et al. 2016","1",11.90600000000,"2026-04-30","2026-04-30"
"K2-19 c","K2-19 c","EPIC 201505350",0,"CONFIRMED","Dai et al. 2016","1",11.90767000000,"2015-12-05","2015-12-05"
"K2-19 c","K2-19 c","EPIC 201505350",0,"CONFIRMED","Dai et al. 2016","1",11.90660000000,"2021-07-12","2021-07-12"
"K2-19 c","K2-19 c","EPIC 201505350",0,"CONFIRMED","Dai et al. 2016","1",11.89770000000,"2026-03-26","2026-03-26"
"K2-19 c","K2-19 c","EPIC 201505350",0,"CONFIRMED","Dai et al. 2016","1",11.90691000000,"2016-07-06","2015-07-16"
"K2-19 c","K2-19 c","EPIC 201505350",0,"CONFIRMED","Dai et al. 2016","1",11.90715000000,"2016-07-06","2016-07-07"
"K2-19 c","K2-19 c","EPIC 201505350",0,"CONFIRMED","Dai et al. 2016","1",23.81486000000,"2019-09-05","2019-09-05"
"K2-19 c","K2-19 c","EPIC 201505350",0,"CONFIRMED","Dai et al. 2016","1",11.90715000000,"2016-07-06","2016-05-05"
"K2-19 c","K2-19 c","EPIC 201505350",0,"CONFIRMED","Dai et al. 2016","1",11.89930000000,"2025-09-17","2025-09-17"
"K2-19 c","K2-19 c","EPIC 201505350",0,"CONFIRMED","Dai et al. 2016","1",11.90762500000,"2018-02-14","2018-02-15"
"K2-19 c","K2-19 c","EPIC 201505350",0,"CONFIRMED","Dai et al. 2016","1",11.89930000000,"2022-01-31","2022-01-31"
"K2-19 c","K2-19 c","EPIC 201505350",0,"CONFIRMED","Dai et al. 2016","1",11.90724000000,"2016-07-14","2016-07-18"
"K2-19 c","K2-19 c","EPIC 201505350",0,"CONFIRMED","Dai et al. 2016","1",11.90727000000,"2016-07-06","2015-11-19"
"K2-19 c","K2-19 c","EPIC 201505350",0,"CONFIRMED","Dai et al. 2016","1",11.90701000000,"2016-07-06","2015-10-15"
"K2-19 c","K2-19 c","EPIC 201505350",0,"CONFIRMED","Dai et al. 2016","1",12.00280000000,"2016-07-06","2015-11-19"
"K2-19 d","K2-19 d","EPIC 201505350",1,"CONFIRMED","Dai et al. 2016","1",2.50827000000,"2026-03-26","2026-03-26"
"K2-19 d","K2-19 d","EPIC 201505350",0,"CONFIRMED","Dai et al. 2016","1",2.50856000000,"2016-07-06","2016-05-05"
"K2-19 d","K2-19 d","EPIC 201505350",0,"CONFIRMED","Dai et al. 2016","1",2.50810000000,"2022-01-31","2022-01-31"
"K2-19 d","K2-19 d","EPIC 201505350",0,"CONFIRMED","Dai et al. 2016","1",2.50848940000,"2015-12-05","2015-12-05"
"K2-19 d","K2-19 d","EPIC 201505350",0,"CONFIRMED","Dai et al. 2016","1",2.50856000000,"2016-07-06","2016-07-07"
"K2-19 d","K2-19 d","EPIC 201505350",0,"CONFIRMED","Dai et al. 2016","1",2.50810000000,"2025-09-17","2025-09-17"
"K2-19 d","K2-19 d","EPIC 201505350",0,"CONFIRMED","Dai et al. 2016","1",2.50828300000,"2018-02-14","2018-02-15"
"K2-19 d","K2-19 d","EPIC 201505350",0,"CONFIRMED","Dai et al. 2016","1",2.50858000000,"2016-07-14","2016-07-18"
"EPIC 201512465.01",,"EPIC 201512465",1,"CANDIDATE","Kruse et al. 2019","1",2.33312300000,"2019-09-05","2019-09-05"
"EPIC 201512465.01",,"EPIC 201512465",0,"CANDIDATE","Kruse et al. 2019","1",2.33309820000,"2015-12-05","2015-12-05"
"EPIC 201512465.01",,"EPIC 201512465",0,"CANDIDATE","Kruse et al. 2019","1",2.33293000000,"2016-07-18","2016-07-18"
"EPIC 201515470.01",,"EPIC 201515470",1,"CANDIDATE","Kruse et al. 2019","1",20.20730000000,"2019-09-05","2019-09-05"
"EPIC 201516974.01",,"EPIC 201516974",1,"CANDIDATE","Schmitt et al. 2016","1",36.70990000000,"2016-06-09","2016-06-09"
"EPIC 201516974.01",,"EPIC 201516974",0,"CANDIDATE","Schmitt et al. 2016","1",36.76233700000,"2015-12-05","2015-12-05"
"EPIC 201521212.01",,"EPIC 201521212",1,"CANDIDATE","Zink et al. 2021","14",19.56579900000,"2021-11-19","2021-11-19"
"EPIC 201528215.01",,"EPIC 201528215",1,"CANDIDATE","Kruse et al. 2019","1",6.39916000000,"2019-09-05","2019-09-05"
"EPIC 201528215.01",,"EPIC 201528215",0,"CANDIDATE","Kruse et al. 2019","1",6.39913980000,"2015-12-05","2015-12-05"
"K2-165 b","K2-165 b","EPIC 201528828",1,"CONFIRMED","Mayo et al. 2018","10",2.35499200000,"2018-02-14","2018-02-15"
"K2-165 c","K2-165 c","EPIC 201528828",1,"CONFIRMED","Mayo et al. 2018","10",4.38274500000,"2018-02-14","2018-02-15"
"K2-165 d","K2-165 d","EPIC 201528828",1,"CONFIRMED","Mayo et al. 2018","10",14.10136100000,"2018-02-14","2018-02-15"
"K2-165 d","K2-165 d","EPIC 201528828",0,"CONFIRMED","Mayo et al. 2018","10",14.06660140645,"2022-08-09","2022-08-09"
"EPIC 201534540.01",,"EPIC 201534540",1,"CANDIDATE","Barros et al. 2016","1",2.72273204000,"2016-12-21","2016-12-21"
"EPIC 201541160.01",,"EPIC 201541160",1,"CANDIDATE","Zink et al. 2021","14",15.69514200000,"2021-11-19","2021-11-19"
"EPIC 201543531.01",,"EPIC 201543531",1,"CANDIDATE","Kruse et al. 2019","1",2.48038000000,"2019-09-05","2019-09-05"
"EPIC 201546136.01",,"EPIC 201546136",1,"CANDIDATE","Kruse et al. 2019","1",1.96712000000,"2019-09-05","2019-09-05"
"EPIC 201546136.01",,"EPIC 201546136",0,"CANDIDATE","Kruse et al. 2019","1",1.96685790000,"2015-12-05","2015-12-05"
"K2-27 b","K2-27 b","EPIC 201546283",1,"CONFIRMED","Van Eylen et al. 2016","1",6.77134700000,"2025-09-17","2025-09-17"
"K2-27 b","K2-27 b","EPIC 201546283",0,"CONFIRMED","Van Eylen et al. 2016","1",6.77131500000,"2017-02-08","2017-02-09"
"K2-27 b","K2-27 b","EPIC 201546283",0,"CONFIRMED","Van Eylen et al. 2016","1",6.77131000000,"2015-12-05","2015-12-05"
"K2-27 b","K2-27 b","EPIC 201546283",0,"CONFIRMED","Van Eylen et al. 2016","1",6.77131500000,"2017-02-08","2016-07-18"
"K2-27 b","K2-27 b","EPIC 201546283",0,"CONFIRMED","Van Eylen et al. 2016","1",6.77145000000,"2017-02-08","2016-02-11"
"K2-27 b","K2-27 b","EPIC 201546283",0,"CONFIRMED","Van Eylen et al. 2016","1",6.77140210000,"2015-12-05","2015-12-05"
"K2-27 b","K2-27 b","EPIC 201546283",0,"CONFIRMED","Van Eylen et al. 2016","1",6.77137500000,"2019-09-05","2019-09-05"
"K2-27 b","K2-27 b","EPIC 201546283",0,"CONFIRMED","Van Eylen et al. 2016","1",6.77138900000,"2018-02-14","2018-02-15"
"K2-27 b","K2-27 b","EPIC 201546283",0,"CONFIRMED","Van Eylen et al. 2016","1",6.77093147000,"2016-12-21","2016-12-21"
"K2-27 b","K2-27 b","EPIC 201546283",0,"CONFIRMED","Van Eylen et al. 2016","1",6.77134110000,"2024-12-10","2024-12-10"
"K2-35 b","K2-35 b","EPIC 201549860",1,"CONFIRMED","Sinukoff et al. 2016","1",2.39996400000,"2020-10-15","2020-10-22"
"K2-35 b","K2-35 b","EPIC 201549860",0,"CONFIRMED","Sinukoff et al. 2016","1",2.39901000000,"2019-09-05","2019-09-05"
"K2-35 b","K2-35 b","EPIC 201549860",0,"CONFIRMED","Sinukoff et al. 2016","1",2.39984000000,"2017-12-12","2016-07-07"
"K2-35 b","K2-35 b","EPIC 201549860",0,"CONFIRMED","Sinukoff et al. 2016","1",2.39964630000,"2015-12-05","2015-12-05"
"K2-35 b","K2-35 b","EPIC 201549860",0,"CONFIRMED","Sinukoff et al. 2016","1",2.39991000000,"2017-12-12","2016-07-18"
"K2-35 c","K2-35 c","EPIC 201549860",1,"CONFIRMED","Sinukoff et al. 2016","1",5.60835200000,"2020-10-15","2020-10-22"
"K2-35 c","K2-35 c","EPIC 201549860",0,"CONFIRMED","Sinukoff et al. 2016","1",5.60840000000,"2015-12-05","2015-12-05"
"K2-35 c","K2-35 c","EPIC 201549860",0,"CONFIRMED","Sinukoff et al. 2016","1",5.60906000000,"2017-12-12","2016-07-18"
"K2-35 c","K2-35 c","EPIC 201549860",0,"CONFIRMED","Sinukoff et al. 2016","1",5.60912000000,"2017-12-12","2016-07-07"
"K2-35 c","K2-35 c","EPIC 201549860",0,"CONFIRMED","Sinukoff et al. 2016","1",5.60871000000,"2019-09-05","2019-09-05"
"K2-35 c","K2-35 c","EPIC 201549860",0,"CONFIRMED","Sinukoff et al. 2016","1",5.60967748000,"2016-12-21","2016-12-21"
"K2-35 c","K2-35 c","EPIC 201549860",0,"CONFIRMED","Sinukoff et al. 2016","1",5.60894650000,"2015-12-05","2015-12-05"
"EPIC 201555883.01",,"EPIC 201555883",1,"FALSE POSITIVE","Montet et al. 2015","1",,"2015-12-05","2015-12-05"
"EPIC 201556134.01",,"EPIC 201556134",1,"CANDIDATE","Vanderburg et al. 2016","1",12.72674300000,"2015-12-05","2015-12-05"
"EPIC 201561956.01",,"EPIC 201561956",1,"CANDIDATE","Kruse et al. 2019","1",13.23590000000,"2019-09-05","2019-09-05"
"EPIC 201563164.01",,"EPIC 201563164",1,"CANDIDATE","Vanderburg et al. 2016","1",0.18746328000,"2015-12-05","2015-12-05"
"EPIC 201565013.01",,"EPIC 201565013",1,"CANDIDATE","Kruse et al. 2019","1",8.63795000000,"2019-09-05","2019-09-05"
"EPIC 201565013.01",,"EPIC 201565013",0,"CANDIDATE","Kruse et al. 2019","1",8.63829000000,"2016-07-18","2016-07-18"
"EPIC 201565013.01",,"EPIC 201565013",0,"CANDIDATE","Kruse et al. 2019","1",8.63810000000,"2015-12-05","2015-12-05"
"EPIC 201565013.01",,"EPIC 201565013",0,"CANDIDATE","Kruse et al. 2019","1",8.63826310000,"2015-12-05","2015-12-05"
"EPIC 201569483.01",,"EPIC 201569483",1,"FALSE POSITIVE","Montet et al. 2015","1",5.79688610000,"2015-12-05","2015-12-05"
"EPIC 201569483.01",,"EPIC 201569483",0,"FALSE POSITIVE","Montet et al. 2015","1",5.79687000000,"2015-12-05","2015-12-05"
"EPIC 201577017.01",,"EPIC 201577017",1,"CANDIDATE","Kruse et al. 2019","1",0.47752520000,"2019-09-05","2019-09-05"
"K2-10 b","K2-10 b","EPIC 201577035",1,"CONFIRMED","Montet et al. 2015","1",19.30553000000,"2025-09-17","2025-09-17"
"K2-10 b","K2-10 b","EPIC 201577035",0,"CONFIRMED","Montet et al. 2015","1",19.30481000000,"2019-09-05","2019-09-05"
"K2-10 b","K2-10 b","EPIC 201577035",0,"CONFIRMED","Montet et al. 2015","1",19.30710700000,"2015-12-05","2015-12-05"
"K2-10 b","K2-10 b","EPIC 201577035",0,"CONFIRMED","Montet et al. 2015","1",19.30691000000,"2016-02-10","2015-07-16"
"K2-10 b","K2-10 b","EPIC 201577035",0,"CONFIRMED","Montet et al. 2015","1",19.30370000000,"2016-07-14","2016-07-18"
"K2-10 b","K2-10 b","EPIC 201577035",0,"CONFIRMED","Montet et al. 2015","1",19.30704400000,"2018-02-14","2018-02-15"
"K2-10 b","K2-10 b","EPIC 201577035",0,"CONFIRMED","Montet et al. 2015","1",19.29206200000,"2016-12-21","2016-12-21"
"K2-10 b","K2-10 b","EPIC 201577035",0,"CONFIRMED","Montet et al. 2015","1",19.30440000000,"2016-02-10","2016-02-11"
"EPIC 201577112.01",,"EPIC 201577112",1,"CANDIDATE","Kruse et al. 2019","1",44.39400000000,"2019-09-05","2019-09-05"
"EPIC 201577112.01",,"EPIC 201577112",0,"CANDIDATE","Kruse et al. 2019","1",22.19799200000,"2015-12-05","2015-12-05"
"EPIC 201588420.01",,"EPIC 201588420",1,"CANDIDATE","Kruse et al. 2019","1",3.29163000000,"2019-09-05","2019-09-05"
"EPIC 201588420.01",,"EPIC 201588420",0,"CANDIDATE","Kruse et al. 2019","1",3.29089980000,"2015-12-05","2015-12-05"
"EPIC 201595106 b","K2-360 b","EPIC 201595106",1,"CONFIRMED","Adams et al. 2021","10",0.87724000000,"2025-01-29","2025-01-29"
"EPIC 201595106 b","K2-360 b","EPIC 201595106",0,"CONFIRMED","Adams et al. 2021","10",0.87721400000,"2021-10-25","2021-10-25"
"EPIC 201595106 b","K2-360 b","EPIC 201595106",0,"CONFIRMED","Adams et al. 2021","10",0.87718300000,"2018-02-15","2018-02-15"
"EPIC 201595106 b","K2-360 b","EPIC 201595106",0,"CONFIRMED","Adams et al. 2021","10",0.87703000000,"2018-08-02","2018-08-02"
"K2-360 c","K2-360 c","EPIC 201595106",1,"CONFIRMED","Livingston et al. 2024","10",9.79692000000,"2025-01-29","2025-01-29"
"K2-11 b","K2-11 b","EPIC 201596316",1,"CONFIRMED","Montet et al. 2015","1",39.93767000000,"2015-07-13","2015-07-16"
"K2-11 b","K2-11 b","EPIC 201596316",0,"CONFIRMED","Montet et al. 2015","1",39.86420000000,"2019-09-05","2019-09-05"
"K2-11 b","K2-11 b","EPIC 201596316",0,"CONFIRMED","Montet et al. 2015","1",39.84780000000,"2016-07-14","2016-07-18"
"K2-11 b","K2-11 b","EPIC 201596316",0,"CONFIRMED","Montet et al. 2015","1",39.86356600000,"2015-12-05","2015-12-05"
"EPIC 201596733.01",,"EPIC 201596733",1,"CANDIDATE","Kruse et al. 2019","1",2.89652800000,"2019-09-05","2019-09-05"
"EPIC 201596733.01",,"EPIC 201596733",0,"CANDIDATE","Kruse et al. 2019","1",2.89641390000,"2015-12-05","2015-12-05"
"EPIC 201596733.01",,"EPIC 201596733",0,"CANDIDATE","Kruse et al. 2019","1",2.89607106000,"2016-12-21","2016-12-21"
"K2-153 b","K2-153 b","EPIC 201598502",1,"CONFIRMED","Hirano et al. 2018","10",7.51574000000,"2022-03-28","2022-03-28"
"K2-153 b","K2-153 b","EPIC 201598502",0,"CONFIRMED","Hirano et al. 2018","10",7.51554000000,"2018-07-12","2018-02-01"
"EPIC 201606542.01",,"EPIC 201606542",1,"CANDIDATE","Adams et al. 2016","1",0.44437200000,"2016-06-09","2016-06-09"
"EPIC 201606542.01",,"EPIC 201606542",0,"CANDIDATE","Adams et al. 2016","1",0.44433632000,"2015-12-05","2015-12-05"
"K2-12 b","K2-12 b","EPIC 201613023",1,"CONFIRMED","Montet et al. 2015","1",8.28246000000,"2023-04-17","2023-04-17"
"K2-12 b","K2-12 b","EPIC 201613023",0,"CONFIRMED","Montet et al. 2015","1",8.28241610000,"2015-12-05","2015-12-05"
"K2-12 b","K2-12 b","EPIC 201613023",0,"CONFIRMED","Montet et al. 2015","1",8.28212000000,"2015-07-13","2015-07-16"
"K2-12 b","K2-12 b","EPIC 201613023",0,"CONFIRMED","Montet et al. 2015","1",8.28245500000,"2018-02-14","2018-02-15"
"K2-12 b","K2-12 b","EPIC 201613023",0,"CONFIRMED","Montet et al. 2015","1",8.28176000000,"2016-07-14","2016-07-18"
"K2-12 b","K2-12 b","EPIC 201613023",0,"CONFIRMED","Montet et al. 2015","1",8.28192000000,"2019-09-05","2019-09-05"
"EPIC 201615463 c","K2-166 c","EPIC 201615463",1,"CONFIRMED","Heller et al. 2019","10",3.80464000000,"2019-06-03","2019-06-13"
"K2-166 b","K2-166 b","EPIC 201615463",1,"CONFIRMED","Mayo et al. 2018","10",8.52695000000,"2022-03-28","2022-03-28"
"K2-166 b","K2-166 b","EPIC 201615463",0,"CONFIRMED","Mayo et al. 2018","10",8.52721900000,"2018-07-12","2018-02-15"
"EPIC 201617985.01",,"EPIC 201617985",1,"CANDIDATE","Kruse et al. 2019","1",7.28076000000,"2019-09-05","2019-09-05"
"EPIC 201617985.01",,"EPIC 201617985",0,"CANDIDATE","Kruse et al. 2019","1",7.28161000000,"2015-12-05","2015-12-05"
"EPIC 201617985.01",,"EPIC 201617985",0,"CANDIDATE","Kruse et al. 2019","1",7.28116000000,"2017-12-14","2017-12-14"
"EPIC 201617985.01",,"EPIC 201617985",0,"CANDIDATE","Kruse et al. 2019","1",7.28131000000,"2015-12-05","2015-12-05"
"EPIC 201617985.01",,"EPIC 201617985",0,"CANDIDATE","Kruse et al. 2019","1",7.28138000000,"2016-07-18","2016-07-18"
"EPIC 201619647.01",,"EPIC 201619647",1,"CANDIDATE","Kruse et al. 2019","1",4.58328000000,"2019-09-05","2019-09-05"
"EPIC 201619647.02",,"EPIC 201619647",1,"CANDIDATE","Kruse et al. 2019","1",1.65336000000,"2019-09-05","2019-09-05"
"EPIC 201626686.01",,"EPIC 201626686",1,"CANDIDATE","Barros et al. 2016","1",5.28130579000,"2016-12-21","2016-12-21"
"EPIC 201626686.01",,"EPIC 201626686",0,"CANDIDATE","Barros et al. 2016","1",5.28081000000,"2016-07-18","2016-07-18"
"K2-13 b","K2-13 b","EPIC 201629650",1,"CONFIRMED","Montet et al. 2015","1",39.91488000000,"2015-07-13","2015-07-16"
"K2-13 b","K2-13 b","EPIC 201629650",0,"CONFIRMED","Montet et al. 2015","1",40.06030000000,"2016-07-14","2016-07-18"
"K2-13 b","K2-13 b","EPIC 201629650",0,"CONFIRMED","Montet et al. 2015","1",40.06277100000,"2015-12-05","2015-12-05"
"EPIC 201631267.01",,"EPIC 201631267",1,"CANDIDATE","Osborn et al. 2016","1",440.00000000000,"2017-12-13","2017-12-13"
"EPIC 201635132.01",,"EPIC 201635132",1,"CANDIDATE","Osborn et al. 2016","1",30.00000000000,"2017-12-13","2017-12-13"
"EPIC 201635132.02",,"EPIC 201635132",1,"CANDIDATE","Kruse et al. 2019","1",,"2019-09-05","2019-09-05"
"K2-14 b","K2-14 b","EPIC 201635569",1,"CONFIRMED","Montet et al. 2015","1",8.36802000000,"2015-07-13","2015-07-16"
"K2-14 b","K2-14 b","EPIC 201635569",0,"CONFIRMED","Montet et al. 2015","1",8.36779000000,"2019-09-05","2019-09-05"
"K2-14 b","K2-14 b","EPIC 201635569",0,"CONFIRMED","Montet et al. 2015","1",8.36881680000,"2015-12-05","2015-12-05"
"K2-14 b","K2-14 b","EPIC 201635569",0,"CONFIRMED","Montet et al. 2015","1",8.36926000000,"2016-07-14","2016-07-18"
"K2-14 b","K2-14 b","EPIC 201635569",0,"CONFIRMED","Montet et al. 2015","1",8.36879100000,"2017-10-23","2017-10-26"
"K2-22 b","K2-22 b","EPIC 201637175",1,"CONFIRMED","Sanchis-Ojeda et al. 2015","1",0.38107300000,"2022-03-28","2022-03-28"
"K2-22 b","K2-22 b","EPIC 201637175",0,"CONFIRMED","Sanchis-Ojeda et al. 2015","1",0.38107852000,"2015-12-05","2015-12-05"
"K2-22 b","K2-22 b","EPIC 201637175",0,"CONFIRMED","Sanchis-Ojeda et al. 2015","1",0.38106540000,"2019-09-05","2019-09-05"
"K2-22 b","K2-22 b","EPIC 201637175",0,"CONFIRMED","Sanchis-Ojeda et al. 2015","1",1.14320100000,"2016-07-14","2016-07-18"
"K2-22 b","K2-22 b","EPIC 201637175",0,"CONFIRMED","Sanchis-Ojeda et al. 2015","1",0.38107800000,"2015-10-07","2015-10-15"
"K2-22 b","K2-22 b","EPIC 201637175",0,"CONFIRMED","Sanchis-Ojeda et al. 2015","1",0.38108700000,"2016-06-09","2016-06-09"
"K2-22 b","K2-22 b","EPIC 201637175",0,"CONFIRMED","Sanchis-Ojeda et al. 2015","1",0.38107800000,"2017-10-23","2017-10-26"
"EPIC 201639576.01",,"EPIC 201639576",1,"CANDIDATE","Zink et al. 2021","14",7.65553300000,"2021-11-19","2021-11-19"
"K2-47 b","K2-47 b","EPIC 201647718",1,"CONFIRMED","Crossfield et al. 2016","1",31.63720000000,"2016-07-14","2016-07-18"
"K2-47 b","K2-47 b","EPIC 201647718",0,"CONFIRMED","Crossfield et al. 2016","1",31.65510000000,"2019-09-05","2019-09-05"
"K2-47 b","K2-47 b","EPIC 201647718",0,"CONFIRMED","Crossfield et al. 2016","1",31.64630600000,"2015-12-05","2015-12-05"
"EPIC 201649426.01",,"EPIC 201649426",1,"FALSE POSITIVE","Montet et al. 2015","1",27.77038800000,"2015-12-05","2015-12-05"
"EPIC 201649426.01",,"EPIC 201649426",0,"FALSE POSITIVE","Montet et al. 2015","1",27.77045000000,"2015-12-05","2015-12-05"
"EPIC 201650711.01",,"EPIC 201650711",1,"CANDIDATE","Adams et al. 2016","1",0.25966900000,"2016-06-09","2016-06-09"
"EPIC 201650711.01",,"EPIC 201650711",0,"CANDIDATE","Adams et al. 2016","1",0.25967056000,"2015-12-05","2015-12-05"
"EPIC 201650711.02",,"EPIC 201650711",1,"CANDIDATE","Kruse et al. 2019","1",5.54583000000,"2019-09-05","2019-09-05"
"EPIC 201654498.01",,"EPIC 201654498",1,"CANDIDATE","Kruse et al. 2019","1",18.45020000000,"2019-09-05","2019-09-05"
"EPIC 201663879.02",,"EPIC 201663879",1,"CANDIDATE","Castro Gonz&aacute;lez et al. 2020","14",35.62100000000,"2022-03-28","2022-03-28"
"K2-319 b","K2-319 b","EPIC 201663879",1,"CONFIRMED","Castro Gonz&aacute;lez et al. 2020","14",26.68000000000,"2020-09-09","2020-09-09 17:05:58"
"EPIC 201666578.01",,"EPIC 201666578",1,"CANDIDATE","Kruse et al. 2019","1",4.13330000000,"2019-09-05","2019-09-05"
"K2-48 b","K2-48 b","EPIC 201677835",1,"CONFIRMED","Crossfield et al. 2016","1",20.50650000000,"2016-07-14","2016-07-18"
"K2-48 b","K2-48 b","EPIC 201677835",0,"CONFIRMED","Crossfield et al. 2016","1",20.50769300000,"2015-12-05","2015-12-05"
"K2-48 b","K2-48 b","EPIC 201677835",0,"CONFIRMED","Crossfield et al. 2016","1",20.51070000000,"2019-09-05","2019-09-05"
"EPIC 201683540.01",,"EPIC 201683540",1,"CANDIDATE","Vanderburg et al. 2016","1",1.96114690000,"2015-12-05","2015-12-05"
"EPIC 201683540.01",,"EPIC 201683540",0,"CANDIDATE","Vanderburg et al. 2016","1",1.96133691104,"2024-05-13","2024-05-13"
"K2-49 b","K2-49 b","EPIC 201690311",1,"CONFIRMED","Crossfield et al. 2016","1",2.77065000000,"2016-07-14","2016-07-18"
"K2-49 b","K2-49 b","EPIC 201690311",0,"CONFIRMED","Crossfield et al. 2016","1",2.77062970000,"2015-12-05","2015-12-05"
"K2-49 b","K2-49 b","EPIC 201690311",0,"CONFIRMED","Crossfield et al. 2016","1",2.77052200000,"2019-09-05","2019-09-05"
"EPIC 201702477.01",,"EPIC 201702477",1,"CANDIDATE","Crossfield et al. 2016","1",40.73020000000,"2016-07-18","2016-07-18"
"EPIC 201702477.01",,"EPIC 201702477",0,"CANDIDATE","Crossfield et al. 2016","1",40.73620000000,"2015-12-05","2015-12-05"
"EPIC 201705526.01",,"EPIC 201705526",1,"CANDIDATE","Barros et al. 2016","1",18.10220826000,"2016-12-21","2016-12-21"
"K2-36 b","K2-36 b","EPIC 201713348",1,"CONFIRMED","Sinukoff et al. 2016","1",1.42261400000,"2023-04-17","2023-04-17"
"K2-36 b","K2-36 b","EPIC 201713348",0,"CONFIRMED","Sinukoff et al. 2016","1",1.42261400000,"2019-08-09","2019-08-15"
"K2-36 b","K2-36 b","EPIC 201713348",0,"CONFIRMED","Sinukoff et al. 2016","1",1.42261900000,"2019-08-09","2018-02-15"
"K2-36 b","K2-36 b","EPIC 201713348",0,"CONFIRMED","Sinukoff et al. 2016","1",1.42264700000,"2019-08-09","2016-07-18"
"K2-36 b","K2-36 b","EPIC 201713348",0,"CONFIRMED","Sinukoff et al. 2016","1",1.42266000000,"2019-08-09","2016-07-07"
"K2-36 b","K2-36 b","EPIC 201713348",0,"CONFIRMED","Sinukoff et al. 2016","1",1.42260200000,"2019-09-05","2019-09-05"
"K2-36 b","K2-36 b","EPIC 201713348",0,"CONFIRMED","Sinukoff et al. 2016","1",1.42261080000,"2015-12-05","2015-12-05"
"K2-36 b","K2-36 b","EPIC 201713348",0,"CONFIRMED","Sinukoff et al. 2016","1",1.42258600000,"2025-09-17","2025-09-17"
"K2-36 c","K2-36 c","EPIC 201713348",1,"CONFIRMED","Sinukoff et al. 2016","1",5.34088800000,"2023-04-17","2023-04-17"
"K2-36 c","K2-36 c","EPIC 201713348",0,"CONFIRMED","Sinukoff et al. 2016","1",5.34072000000,"2019-08-09","2016-07-18"
"K2-36 c","K2-36 c","EPIC 201713348",0,"CONFIRMED","Sinukoff et al. 2016","1",5.34059000000,"2019-08-09","2016-07-07"
"K2-36 c","K2-36 c","EPIC 201713348",0,"CONFIRMED","Sinukoff et al. 2016","1",5.34105070000,"2022-08-23","2022-08-23"
"K2-36 c","K2-36 c","EPIC 201713348",0,"CONFIRMED","Sinukoff et al. 2016","1",5.34107237000,"2016-12-21","2016-12-21"
"K2-36 c","K2-36 c","EPIC 201713348",0,"CONFIRMED","Sinukoff et al. 2016","1",5.34088800000,"2019-08-09","2019-08-15"
"K2-36 c","K2-36 c","EPIC 201713348",0,"CONFIRMED","Sinukoff et al. 2016","1",5.34078600000,"2025-09-17","2025-09-17"
"K2-36 c","K2-36 c","EPIC 201713348",0,"CONFIRMED","Sinukoff et al. 2016","1",5.34089340000,"2015-12-05","2015-12-05"
"K2-36 c","K2-36 c","EPIC 201713348",0,"CONFIRMED","Sinukoff et al. 2016","1",5.34088300000,"2019-08-09","2018-02-15"
"EPIC 201717159.01",,"EPIC 201717159",1,"CANDIDATE","Vanderburg et al. 2016","1",0.60408352000,"2015-12-05","2015-12-05"
"EPIC 201717274.01",,"EPIC 201717274",1,"CANDIDATE","Kruse et al. 2019","1",3.52725000000,"2019-09-05","2019-09-05"
"EPIC 201717274.01",,"EPIC 201717274",0,"CANDIDATE","Kruse et al. 2019","1",3.52743000000,"2016-07-18","2016-07-18"
"EPIC 201717274.01",,"EPIC 201717274",0,"CANDIDATE","Kruse et al. 2019","1",3.52674000000,"2017-12-14","2017-12-14"
"EPIC 201717274.01",,"EPIC 201717274",0,"CANDIDATE","Kruse et al. 2019","1",3.52690240000,"2015-12-05","2015-12-05"
"EPIC 201720401.01",,"EPIC 201720401",1,"CANDIDATE","Osborn et al. 2016","1",6340.00000000000,"2017-12-13","2017-12-13"
"EPIC 201729655.01",,"EPIC 201729655",1,"CANDIDATE","Zink et al. 2021","14",9.32169100000,"2022-01-10","2022-01-10"
"EPIC 201732557.01",,"EPIC 201732557",1,"CANDIDATE","Kruse et al. 2019","1",6.66200000000,"2019-09-05","2019-09-05"
"K2-15 b","K2-15 b","EPIC 201736247",1,"CONFIRMED","Montet et al. 2015","1",11.81040000000,"2015-07-13","2015-07-16"
"K2-15 b","K2-15 b","EPIC 201736247",0,"CONFIRMED","Montet et al. 2015","1",11.80970000000,"2016-07-14","2016-07-18"
"K2-15 b","K2-15 b","EPIC 201736247",0,"CONFIRMED","Montet et al. 2015","1",11.80839800000,"2015-12-05","2015-12-05"
"K2-15 b","K2-15 b","EPIC 201736247",0,"CONFIRMED","Montet et al. 2015","1",11.81004000000,"2019-09-05","2019-09-05"
"EPIC 201754305 d","K2-16 d","EPIC 201754305",1,"CONFIRMED","Heller et al. 2019","1",2.71578000000,"2019-06-03","2019-06-13"
"K2-16 b","K2-16 b","EPIC 201754305",1,"CONFIRMED","Montet et al. 2015","1",7.61880000000,"2016-07-06","2016-07-07"
"K2-16 b","K2-16 b","EPIC 201754305",0,"CONFIRMED","Montet et al. 2015","1",7.61856000000,"2016-07-14","2016-07-18"
"K2-16 b","K2-16 b","EPIC 201754305",0,"CONFIRMED","Montet et al. 2015","1",7.62117000000,"2019-09-05","2019-09-05"
"K2-16 b","K2-16 b","EPIC 201754305",0,"CONFIRMED","Montet et al. 2015","1",7.61965740000,"2015-12-05","2015-12-05"
"K2-16 b","K2-16 b","EPIC 201754305",0,"CONFIRMED","Montet et al. 2015","1",7.62067000000,"2016-07-06","2015-07-16"
"K2-16 c","K2-16 c","EPIC 201754305",1,"CONFIRMED","Montet et al. 2015","1",19.07863000000,"2016-07-06","2016-07-07"
"K2-16 c","K2-16 c","EPIC 201754305",0,"CONFIRMED","Montet et al. 2015","1",19.07454000000,"2015-12-05","2015-12-05"
"K2-16 c","K2-16 c","EPIC 201754305",0,"CONFIRMED","Montet et al. 2015","1",19.07020000000,"2019-09-05","2019-09-05"
"K2-16 c","K2-16 c","EPIC 201754305",0,"CONFIRMED","Montet et al. 2015","1",19.07700000000,"2016-07-14","2016-07-18"
"K2-16 c","K2-16 c","EPIC 201754305",0,"CONFIRMED","Montet et al. 2015","1",19.07536000000,"2016-07-06","2015-07-16"
"EPIC 201757695.02","K2-328 b","EPIC 201757695",1,"CONFIRMED","del Ser &amp; Fors 2020","1",2.04780000000,"2020-11-13","2020-11-19"
"EPIC 201775904.01",,"EPIC 201775904",1,"CANDIDATE","Kruse et al. 2019","1",,"2019-09-05","2019-09-05"
"EPIC 201779067.01",,"EPIC 201779067",1,"FALSE POSITIVE","Montet et al. 2015","1",27.24280800000,"2019-09-05","2019-09-05"
"EPIC 201779067.01",,"EPIC 201779067",0,"FALSE POSITIVE","Montet et al. 2015","1",27.24291200000,"2015-12-05","2015-12-05"
"EPIC 201779067.01",,"EPIC 201779067",0,"FALSE POSITIVE","Montet et al. 2015","1",27.27048734000,"2016-12-21","2016-12-21"
"EPIC 201779067.01",,"EPIC 201779067",0,"FALSE POSITIVE","Montet et al. 2015","1",27.24273000000,"2015-12-05","2015-12-05"
"EPIC 201785059.01",,"EPIC 201785059",1,"CANDIDATE","Kruse et al. 2019","1",1.39533600000,"2019-09-05","2019-09-05"
"EPIC 201785059.01",,"EPIC 201785059",0,"CANDIDATE","Kruse et al. 2019","1",1.39533316000,"2016-12-21","2016-12-21"
"EPIC 201785059.01",,"EPIC 201785059",0,"CANDIDATE","Kruse et al. 2019","1",1.39515130000,"2015-12-05","2015-12-05"
"EPIC 201793642.01",,"EPIC 201793642",1,"CANDIDATE","Kruse et al. 2019","1",15.37910000000,"2019-09-05","2019-09-05"
"K2-320 b","K2-320 b","EPIC 201796690",1,"CONFIRMED","Castro Gonz&aacute;lez et al. 2020","14",1.99500000000,"2020-09-09","2020-09-09 17:05:59"
"EPIC 201828749.01",,"EPIC 201828749",1,"CANDIDATE","Kruse et al. 2019","1",33.51160000000,"2019-09-05","2019-09-05"
"EPIC 201828749.01",,"EPIC 201828749",0,"CANDIDATE","Kruse et al. 2019","1",33.51360700000,"2018-02-15","2018-02-15"
"EPIC 201828749.01",,"EPIC 201828749",0,"CANDIDATE","Kruse et al. 2019","1",33.51070000000,"2016-07-18","2016-07-18"
"EPIC 201828749.01",,"EPIC 201828749",0,"CANDIDATE","Kruse et al. 2019","1",33.51569000000,"2015-12-05","2015-12-05"
"EPIC 201828749.01",,"EPIC 201828749",0,"CANDIDATE","Kruse et al. 2019","1",33.51539900000,"2015-12-05","2015-12-05"
"EPIC 201833600 c","K2-50 c","EPIC 201833600",1,"CONFIRMED","Heller et al. 2019","1",3.96151000000,"2019-06-03","2019-06-13"
"EPIC 201833600 c","K2-50 c","EPIC 201833600",0,"CONFIRMED","Heller et al. 2019","1",3.96165000000,"2019-09-05","2019-09-05"
"K2-50 b","K2-50 b","EPIC 201833600",1,"CONFIRMED","Crossfield et al. 2016","1",8.75290000000,"2016-07-14","2016-07-18"
"K2-50 b","K2-50 b","EPIC 201833600",0,"CONFIRMED","Crossfield et al. 2016","1",8.75198000000,"2019-09-05","2019-09-05"
"K2-50 b","K2-50 b","EPIC 201833600",0,"CONFIRMED","Crossfield et al. 2016","1",8.75298740000,"2015-12-05","2015-12-05"
"EPIC 201837434.01",,"EPIC 201837434",1,"CANDIDATE","Kruse et al. 2019","1",6.97251000000,"2019-09-05","2019-09-05"
"EPIC 201841433 b","K2-298 b","EPIC 201841433",1,"CONFIRMED","Heller et al. 2019","1",4.16980000000,"2020-11-13","2020-11-19"
"EPIC 201841433 b","K2-298 b","EPIC 201841433",0,"CONFIRMED","Heller et al. 2019","1",4.16888000000,"2019-09-05","2019-09-05"
"EPIC 201841433 b","K2-298 b","EPIC 201841433",0,"CONFIRMED","Heller et al. 2019","1",4.16959000000,"2020-11-13","2019-06-13"
"EPIC 201841433.01",,"EPIC 201841433",1,"CANDIDATE","Kruse et al. 2019","1",12.33890000000,"2019-09-05","2019-09-05"
"EPIC 201841433.01",,"EPIC 201841433",0,"CANDIDATE","Kruse et al. 2019","1",12.33913300000,"2015-12-05","2015-12-05"
"EPIC 201846824.01",,"EPIC 201846824",1,"CANDIDATE","Kruse et al. 2019","1",2.89465000000,"2019-09-05","2019-09-05"
"K2-17 b","K2-17 b","EPIC 201855371",1,"CONFIRMED","Montet et al. 2015","1",17.96753000000,"2015-07-13","2015-07-16"
"K2-17 b","K2-17 b","EPIC 201855371",0,"CONFIRMED","Montet et al. 2015","1",17.96902900000,"2017-10-23","2017-10-26"
"K2-17 b","K2-17 b","EPIC 201855371",0,"CONFIRMED","Montet et al. 2015","1",17.96540000000,"2016-07-14","2016-07-18"
"K2-17 b","K2-17 b","EPIC 201855371",0,"CONFIRMED","Montet et al. 2015","1",17.96832000000,"2019-09-05","2019-09-05"
"K2-17 b","K2-17 b","EPIC 201855371",0,"CONFIRMED","Montet et al. 2015","1",17.96821600000,"2015-12-05","2015-12-05"
"K2-17 b","K2-17 b","EPIC 201855371",0,"CONFIRMED","Montet et al. 2015","1",17.96907900000,"2018-02-14","2018-02-15"
"EPIC 201856786.01",,"EPIC 201856786",1,"CANDIDATE","Kruse et al. 2019","1",3.83794000000,"2019-09-05","2019-09-05"
"EPIC 201856786.02",,"EPIC 201856786",1,"CANDIDATE","Kruse et al. 2019","1",5.24086000000,"2019-09-05","2019-09-05"
"WASP-85 A b","K2-94 b","EPIC 201862715",1,"CONFIRMED","Mo&#x10D;nik et al. 2016","1",2.65567770000,"2019-12-02","2016-07-07"
"WASP-85 A b","K2-94 b","EPIC 201862715",0,"CONFIRMED","Mo&#x10D;nik et al. 2016","1",2.65567650000,"2022-01-24","2022-01-24"
"WASP-85 A b","K2-94 b","EPIC 201862715",0,"CONFIRMED","Mo&#x10D;nik et al. 2016","1",2.65568520000,"2015-12-05","2015-12-05"
"WASP-85 A b","K2-94 b","EPIC 201862715",0,"CONFIRMED","Mo&#x10D;nik et al. 2016","1",2.65567525096,"2024-02-05","2024-02-05"
"WASP-85 A b","K2-94 b","EPIC 201862715",0,"CONFIRMED","Mo&#x10D;nik et al. 2016","1",2.65662719000,"2016-12-21","2016-12-21"
"WASP-85 A b","K2-94 b","EPIC 201862715",0,"CONFIRMED","Mo&#x10D;nik et al. 2016","1",2.65567600000,"2019-09-05","2019-09-05"
"WASP-85 A b","K2-94 b","EPIC 201862715",0,"CONFIRMED","Mo&#x10D;nik et al. 2016","1",2.65568170000,"2016-07-18","2016-07-18"
"WASP-85 A b","K2-94 b","EPIC 201862715",0,"CONFIRMED","Mo&#x10D;nik et al. 2016","1",2.65567440300,"2024-03-04","2024-03-04"
"EPIC 201892470.01",,"EPIC 201892470",1,"CANDIDATE","Osborn et al. 2016","1",2790.00000000000,"2017-12-13","2017-12-13"
"EPIC 201896171.01",,"EPIC 201896171",1,"CANDIDATE","Kruse et al. 2019","1",8.91058000000,"2019-09-05","2019-09-05"
"K2-18 b","K2-18 b","EPIC 201912552",1,"CONFIRMED","Montet et al. 2015","1",32.93962300000,"2019-03-18","2019-03-21"
"K2-18 b","K2-18 b","EPIC 201912552",0,"CONFIRMED","Montet et al. 2015","1",32.94171000000,"2019-09-05","2019-09-05"
"K2-18 b","K2-18 b","EPIC 201912552",0,"CONFIRMED","Montet et al. 2015","1",32.94488000000,"2019-03-18","2015-07-16"
"K2-18 b","K2-18 b","EPIC 201912552",0,"CONFIRMED","Montet et al. 2015","1",32.93961400000,"2019-03-18","2016-11-03"
"K2-18 b","K2-18 b","EPIC 201912552",0,"CONFIRMED","Montet et al. 2015","1",32.94180000000,"2019-03-18","2016-07-18"
"K2-18 b","K2-18 b","EPIC 201912552",0,"CONFIRMED","Montet et al. 2015","1",32.93737167947,"2024-12-10","2024-12-10"
"K2-18 b","K2-18 b","EPIC 201912552",0,"CONFIRMED","Montet et al. 2015","1",32.93963000000,"2019-03-18","2017-12-21"
"K2-18 b","K2-18 b","EPIC 201912552",0,"CONFIRMED","Montet et al. 2015","1",32.94004500000,"2020-03-26","2020-04-02"
"K2-18 b","K2-18 b","EPIC 201912552",0,"CONFIRMED","Montet et al. 2015","1",32.94112000000,"2025-09-17","2025-09-17"
"K2-18 b","K2-18 b","EPIC 201912552",0,"CONFIRMED","Montet et al. 2015","1",32.92801934000,"2016-12-21","2016-12-21"
"K2-18 b","K2-18 b","EPIC 201912552",0,"CONFIRMED","Montet et al. 2015","1",32.94732800000,"2015-12-05","2015-12-05"
"K2-18 c","K2-18 c","EPIC 201912552",1,"CONFIRMED","Cloutier et al. 2017","1",8.96200000000,"2017-12-19","2017-12-21"
"EPIC 201920032.01",,"EPIC 201920032",1,"CANDIDATE","Kruse et al. 2019","1",28.26710000000,"2019-09-05","2019-09-05"
"EPIC 201920032.01",,"EPIC 201920032",0,"CANDIDATE","Kruse et al. 2019","1",28.27176100000,"2018-02-15","2018-02-15"
"EPIC 201920032.01",,"EPIC 201920032",0,"CANDIDATE","Kruse et al. 2019","1",28.27170000000,"2016-06-09","2016-06-09"
"EPIC 201920032.01",,"EPIC 201920032",0,"CANDIDATE","Kruse et al. 2019","1",28.26920000000,"2016-07-18","2016-07-18"
"EPIC 201920032.01",,"EPIC 201920032",0,"CANDIDATE","Kruse et al. 2019","1",28.27064200000,"2015-12-05","2015-12-05"
"EPIC 201920032.02",,"EPIC 201920032",1,"CANDIDATE","Kruse et al. 2019","1",4.73172000000,"2019-09-05","2019-09-05"
"EPIC 201923289.01",,"EPIC 201923289",1,"CANDIDATE","Kruse et al. 2019","1",0.78202200000,"2019-09-05","2019-09-05"
"EPIC 201923289.01",,"EPIC 201923289",0,"CANDIDATE","Kruse et al. 2019","1",0.78214992000,"2015-12-05","2015-12-05"
"EPIC 201925324.01",,"EPIC 201925324",1,"CANDIDATE","Kruse et al. 2019","1",15.47690000000,"2019-09-05","2019-09-05"
"EPIC 201927336.01",,"EPIC 201927336",1,"CANDIDATE","Kruse et al. 2019","1",6.45027000000,"2019-09-05","2019-09-05"
"EPIC 201927336.01",,"EPIC 201927336",0,"CANDIDATE","Kruse et al. 2019","1",6.44986480000,"2015-12-05","2015-12-05"
"EPIC 201928106.01",,"EPIC 201928106",1,"FALSE POSITIVE","Crossfield et al. 2016","1",1.19478000000,"2016-07-18","2016-07-18"
"EPIC 201929294.01",,"EPIC 201929294",1,"FALSE POSITIVE","Montet et al. 2015","1",,"2015-12-05","2015-12-05"
"EPIC 202059377.01",,"EPIC 202059377",1,"FALSE POSITIVE","Crossfield et al. 2016","0",1.57753000000,"2016-07-18","2016-07-18"
"EPIC 202059377.01",,"EPIC 202059377",0,"FALSE POSITIVE","Crossfield et al. 2016","0",1.57718320000,"2015-12-05","2015-12-05"
"EPIC 202060800.01",,"EPIC 202060800",1,"CANDIDATE","Kruse et al. 2019","0",3.26203800000,"2019-09-05","2019-09-05"
"EPIC 202062450.01",,"EPIC 202062450",1,"CANDIDATE","Kruse et al. 2019","0",4.46540000000,"2019-09-05","2019-09-05"
"EPIC 202064253.01",,"EPIC 202064253",1,"CANDIDATE","Vanderburg et al. 2016","0",21.14057400000,"2015-12-05","2015-12-05"
"EPIC 202065819.01",,"EPIC 202065819",1,"CANDIDATE","Kruse et al. 2019","0",5.74372000000,"2019-09-05","2019-09-05"
"EPIC 202066192.01",,"EPIC 202066192",1,"CANDIDATE","Vanderburg et al. 2016","0",3.29238180000,"2015-12-05","2015-12-05"
"EPIC 202066537.01",,"EPIC 202066537",1,"CANDIDATE","Kruse et al. 2019","0",6.90505300000,"2019-09-05","2019-09-05"
"EPIC 202066537.01",,"EPIC 202066537",0,"CANDIDATE","Kruse et al. 2019","0",6.90552110000,"2015-12-05","2015-12-05"
"EPIC 202066537.01",,"EPIC 202066537",0,"CANDIDATE","Kruse et al. 2019","0",6.90487000000,"2016-07-18","2016-07-18"
"EPIC 202066811.01",,"EPIC 202066811",1,"CANDIDATE","Kruse et al. 2019","0",1.69637400000,"2019-09-05","2019-09-05"
"EPIC 202071289.01",,"EPIC 202071289",1,"CANDIDATE","Kruse et al. 2019","0",3.04613600000,"2019-09-05","2019-09-05"
"EPIC 202071289.01",,"EPIC 202071289",0,"CANDIDATE","Kruse et al. 2019","0",3.04593830000,"2015-12-05","2015-12-05"
"EPIC 202071289.01",,"EPIC 202071289",0,"CANDIDATE","Kruse et al. 2019","0",3.04622000000,"2016-07-18","2016-07-18"
"EPIC 202071401.01",,"EPIC 202071401",1,"CANDIDATE","Kruse et al. 2019","0",3.23792000000,"2019-09-05","2019-09-05"
"EPIC 202071401.01",,"EPIC 202071401",0,"CANDIDATE","Kruse et al. 2019","0",3.23670000000,"2016-07-18","2016-07-18"
"EPIC 202071401.01",,"EPIC 202071401",0,"CANDIDATE","Kruse et al. 2019","0",3.23854200000,"2015-12-05","2015-12-05"
"EPIC 202071635.01",,"EPIC 202071635",1,"CANDIDATE","Vanderburg et al. 2016","0",6.27190920000,"2015-12-05","2015-12-05"
"EPIC 202071645.01",,"EPIC 202071645",1,"FALSE POSITIVE","Crossfield et al. 2016","0",23.77820000000,"2016-07-18","2016-07-18"
"EPIC 202071725.01",,"EPIC 202071725",1,"CANDIDATE","Kruse et al. 2019","0",1.42636000000,"2019-09-05","2019-09-05"
"EPIC 202072596.01",,"EPIC 202072596",1,"CANDIDATE","Vanderburg et al. 2016","0",3.97928700000,"2015-12-05","2015-12-05"
"EPIC 202072965.01",,"EPIC 202072965",1,"CANDIDATE","Vanderburg et al. 2016","0",2.14175190000,"2015-12-05","2015-12-05"
"K2-26 b","K2-26 b","EPIC 202083828",1,"CONFIRMED","Schlieder et al. 2016","0",14.56650000000,"2016-01-20","2016-01-21"
"K2-26 b","K2-26 b","EPIC 202083828",0,"CONFIRMED","Schlieder et al. 2016","0",14.56594000000,"2019-09-05","2019-09-05"
"K2-26 b","K2-26 b","EPIC 202083828",0,"CONFIRMED","Schlieder et al. 2016","0",14.56810100000,"2016-03-23","2016-03-24"
"K2-26 b","K2-26 b","EPIC 202083828",0,"CONFIRMED","Schlieder et al. 2016","0",14.56702500000,"2015-12-05","2015-12-05"
"K2-26 b","K2-26 b","EPIC 202083828",0,"CONFIRMED","Schlieder et al. 2016","0",,"2024-06-10","2024-06-10"
"K2-26 b","K2-26 b","EPIC 202083828",0,"CONFIRMED","Schlieder et al. 2016","0",14.56620000000,"2016-07-14","2016-07-18"
"EPIC 202084970.01",,"EPIC 202084970",1,"CANDIDATE","Kruse et al. 2019","0",2.86136000000,"2019-09-05","2019-09-05"
"EPIC 202085553.01",,"EPIC 202085553",1,"CANDIDATE","Kruse et al. 2019","0",3.10622000000,"2019-09-05","2019-09-05"
"EPIC 202085597.01",,"EPIC 202085597",1,"CANDIDATE","Kruse et al. 2019","0",1.81455300000,"2019-09-05","2019-09-05"
"EPIC 202085698.01",,"EPIC 202085698",1,"CANDIDATE","Kruse et al. 2019","0",17.15410000000,"2019-09-05","2019-09-05"
"EPIC 202085934.01",,"EPIC 202085934",1,"CANDIDATE","Kruse et al. 2019","0",12.15070000000,"2019-09-05","2019-09-05"
"EPIC 202086291.01",,"EPIC 202086291",1,"CANDIDATE","Vanderburg et al. 2016","0",2.43437340000,"2015-12-05","2015-12-05"
"EPIC 202086968.01",,"EPIC 202086968",1,"CANDIDATE","Vanderburg et al. 2016","0",1.84908760000,"2015-12-05","2015-12-05"
"EPIC 202088212.01",,"EPIC 202088212",1,"CANDIDATE","Kruse et al. 2019","0",2.62079900000,"2019-09-05","2019-09-05"
"EPIC 202088212.01",,"EPIC 202088212",0,"CANDIDATE","Kruse et al. 2019","0",2.62072400000,"2015-12-05","2015-12-05"
"EPIC 202088212.01",,"EPIC 202088212",0,"CANDIDATE","Kruse et al. 2019","0",2.62077000000,"2016-07-18","2016-07-18"
"EPIC 202089657.01",,"EPIC 202089657",1,"CANDIDATE","Mayo et al. 2018","0",1.31443700000,"2018-02-15","2018-02-15"
"EPIC 202089657.01",,"EPIC 202089657",0,"CANDIDATE","Mayo et al. 2018","0",1.31440140000,"2015-12-05","2015-12-05"
"EPIC 202090152.01",,"EPIC 202090152",1,"CANDIDATE","Vanderburg et al. 2016","0",4.80452440000,"2015-12-05","2015-12-05"
"EPIC 202090723.01",,"EPIC 202090723",1,"CANDIDATE","Kruse et al. 2019","0",6.14818000000,"2019-09-05","2019-09-05"
"EPIC 202090737.01",,"EPIC 202090737",1,"CANDIDATE","Kruse et al. 2019","0",1.49761000000,"2019-09-05","2019-09-05"
"EPIC 202091388.01",,"EPIC 202091388",1,"CANDIDATE","Kruse et al. 2019","0",6.48167000000,"2019-09-05","2019-09-05"
"EPIC 202091388.01",,"EPIC 202091388",0,"CANDIDATE","Kruse et al. 2019","0",6.48041110000,"2015-12-05","2015-12-05"
"EPIC 202091388.01",,"EPIC 202091388",0,"CANDIDATE","Kruse et al. 2019","0",6.47965600000,"2018-02-15","2018-02-15"
"EPIC 202092480.01",,"EPIC 202092480",1,"CANDIDATE","Vanderburg et al. 2016","0",2.84453310000,"2015-12-05","2015-12-05"
"EPIC 202092559.01",,"EPIC 202092559",1,"CANDIDATE","Kruse et al. 2019","0",0.66870000000,"2019-09-05","2019-09-05"
"EPIC 202092782.01",,"EPIC 202092782",1,"CANDIDATE","Kruse et al. 2019","0",13.34610000000,"2019-09-05","2019-09-05"
"EPIC 202093020.01",,"EPIC 202093020",1,"CANDIDATE","Kruse et al. 2019","0",4.13737000000,"2019-09-05","2019-09-05"
"EPIC 202093020.01",,"EPIC 202093020",0,"CANDIDATE","Kruse et al. 2019","0",4.13760470000,"2015-12-05","2015-12-05"
"EPIC 202093968.01",,"EPIC 202093968",1,"CANDIDATE","Kruse et al. 2019","0",2.46985100000,"2019-09-05","2019-09-05"
"EPIC 202094740.01",,"EPIC 202094740",1,"CANDIDATE","Kruse et al. 2019","0",0.69045800000,"2019-09-05","2019-09-05"
"EPIC 202094740.01",,"EPIC 202094740",0,"CANDIDATE","Kruse et al. 2019","0",0.68964700000,"2016-06-09","2016-06-09"
"EPIC 202126847.01",,"EPIC 202126847",1,"CANDIDATE","Vanderburg et al. 2016","0",4.16879220000,"2015-12-05","2015-12-05"
"HAT-P-54 b","K2-410 b","EPIC 202126849",1,"CONFIRMED","Bakos et al. 2015","0",3.79984700000,"2015-04-24","2015-04-24"
"HAT-P-54 b","K2-410 b","EPIC 202126849",0,"CONFIRMED","Bakos et al. 2015","0",3.79985363000,"2025-09-25","2025-09-25"
"HAT-P-54 b","K2-410 b","EPIC 202126849",0,"CONFIRMED","Bakos et al. 2015","0",3.79985340000,"2022-01-24","2022-01-24"
"HAT-P-54 b","K2-410 b","EPIC 202126849",0,"CONFIRMED","Bakos et al. 2015","0",3.79991390000,"2022-08-23","2015-12-05"
"HAT-P-54 b","K2-410 b","EPIC 202126849",0,"CONFIRMED","Bakos et al. 2015","0",3.80001000000,"2022-08-23","2016-07-18"
"HAT-P-54 b","K2-410 b","EPIC 202126849",0,"CONFIRMED","Bakos et al. 2015","0",3.79985297000,"2024-03-04","2024-03-04"
"HAT-P-54 b","K2-410 b","EPIC 202126849",0,"CONFIRMED","Bakos et al. 2015","0",3.79987800000,"2022-08-23","2019-09-05"
"HAT-P-54 b","K2-410 b","EPIC 202126849",0,"CONFIRMED","Bakos et al. 2015","0",3.79985358153,"2024-12-10","2024-12-10"
"HAT-P-54 b","K2-410 b","EPIC 202126849",0,"CONFIRMED","Bakos et al. 2015","0",3.79984700000,"2019-03-18","2019-03-21"
"HAT-P-54 b","K2-410 b","EPIC 202126849",0,"CONFIRMED","Bakos et al. 2015","0",3.79985290000,"2022-10-18","2022-10-18"
"HAT-P-56 b","K2-20 b","EPIC 202126852",1,"CONFIRMED","Huang et al. 2015","0",2.79083000000,"2018-04-25","2018-04-26"
"HAT-P-56 b","K2-20 b","EPIC 202126852",0,"CONFIRMED","Huang et al. 2015","0",2.79082479000,"2022-10-18","2022-10-18"
"HAT-P-56 b","K2-20 b","EPIC 202126852",0,"CONFIRMED","Huang et al. 2015","0",2.79083300000,"2018-04-25","2016-05-19"
"HAT-P-56 b","K2-20 b","EPIC 202126852",0,"CONFIRMED","Huang et al. 2015","0",2.79082500000,"2024-03-04","2024-03-04"
"HAT-P-56 b","K2-20 b","EPIC 202126852",0,"CONFIRMED","Huang et al. 2015","0",2.79086200000,"2019-09-05","2019-09-05"
"HAT-P-56 b","K2-20 b","EPIC 202126852",0,"CONFIRMED","Huang et al. 2015","0",2.79096300000,"2018-04-25","2016-07-18"
"HAT-P-56 b","K2-20 b","EPIC 202126852",0,"CONFIRMED","Huang et al. 2015","0",2.79082350000,"2022-01-24","2022-01-24"
"HAT-P-56 b","K2-20 b","EPIC 202126852",0,"CONFIRMED","Huang et al. 2015","0",2.79082852671,"2024-12-10","2024-12-10"
"HAT-P-56 b","K2-20 b","EPIC 202126852",0,"CONFIRMED","Huang et al. 2015","0",2.79083270000,"2018-04-25","2015-07-23"
"HAT-P-56 b","K2-20 b","EPIC 202126852",0,"CONFIRMED","Huang et al. 2015","0",2.79088210000,"2015-12-05","2015-12-05"
"HAT-P-56 b","K2-20 b","EPIC 202126852",0,"CONFIRMED","Huang et al. 2015","0",2.79083270000,"2019-03-18","2019-03-21"
"EPIC 202126853.01",,"EPIC 202126853",1,"CANDIDATE","Kruse et al. 2019","0",21.17051000000,"2019-09-05","2019-09-05"
"EPIC 202126884.01",,"EPIC 202126884",1,"CANDIDATE","Kruse et al. 2019","0",5.31907500000,"2019-09-05","2019-09-05"
"EPIC 202126884.01",,"EPIC 202126884",0,"CANDIDATE","Kruse et al. 2019","0",5.31937553733,"2026-07-30","2023-02-22"
"EPIC 202126887.01",,"EPIC 202126887",1,"FALSE POSITIVE","Crossfield et al. 2016","0",12.86641200000,"2019-09-05","2019-09-05"
"EPIC 202126887.01",,"EPIC 202126887",0,"FALSE POSITIVE","Crossfield et al. 2016","0",12.86653900000,"2015-12-05","2015-12-05"
"EPIC 202126887.01",,"EPIC 202126887",0,"FALSE POSITIVE","Crossfield et al. 2016","0",12.86772000000,"2016-07-18","2016-07-18"
"EPIC 202126888.01",,"EPIC 202126888",1,"FALSE POSITIVE","Crossfield et al. 2016","0",1.84617000000,"2016-07-18","2016-07-18"
"EPIC 202126888.01",,"EPIC 202126888",0,"FALSE POSITIVE","Crossfield et al. 2016","0",1.84612220000,"2015-12-05","2015-12-05"
"EPIC 202137637.01",,"EPIC 202137637",1,"CANDIDATE","Kruse et al. 2019","0",6.62230000000,"2019-09-05","2019-09-05"
"EPIC 202139294.01",,"EPIC 202139294",1,"CANDIDATE","Kruse et al. 2019","0",0.52171360000,"2019-09-05","2019-09-05"
"EPIC 202565282.01",,"EPIC 202565282",1,"CANDIDATE","Crossfield et al. 2016","2",11.97495000000,"2016-07-18","2016-07-18"
"EPIC 202565282.01",,"EPIC 202565282",0,"CANDIDATE","Crossfield et al. 2016","2",11.97581800000,"2015-12-05","2015-12-05"
"EPIC 202600948.01",,"EPIC 202600948",1,"CANDIDATE","Kruse et al. 2019","2",5.98950000000,"2019-09-05","2019-09-05"
"EPIC 202634963.01",,"EPIC 202634963",1,"CANDIDATE","Vanderburg et al. 2016","2",28.70762300000,"2015-12-05","2015-12-05"
"EPIC 202675839.01",,"EPIC 202675839",1,"CANDIDATE","Mayo et al. 2018","2",15.46667400000,"2018-02-15","2018-02-15"
"EPIC 202675839.01",,"EPIC 202675839",0,"CANDIDATE","Mayo et al. 2018","2",15.46569100000,"2015-12-05","2015-12-05"
"EPIC 202675839.01",,"EPIC 202675839",0,"CANDIDATE","Mayo et al. 2018","2",15.47150000000,"2016-07-18","2016-07-18"
"EPIC 202688980.01",,"EPIC 202688980",1,"CANDIDATE","Kruse et al. 2019","2",1.45556515000,"2019-09-05","2019-09-05"
"EPIC 202688980.01",,"EPIC 202688980",0,"CANDIDATE","Kruse et al. 2019","2",1.45566370000,"2016-12-21","2016-12-21"
"EPIC 202710713.01",,"EPIC 202710713",1,"CANDIDATE","Kruse et al. 2019","2",3.32550000000,"2019-09-05","2019-09-05"
"EPIC 202710713.01",,"EPIC 202710713",0,"CANDIDATE","Kruse et al. 2019","2",3.32623960000,"2015-12-05","2015-12-05"
"EPIC 202710713.01",,"EPIC 202710713",0,"CANDIDATE","Kruse et al. 2019","2",3.32592848000,"2016-12-21","2016-12-21"
"EPIC 202774883.01",,"EPIC 202774883",1,"CANDIDATE","Kruse et al. 2019","2",13.14260000000,"2019-09-05","2019-09-05"
"EPIC 202821899.01",,"EPIC 202821899",1,"CANDIDATE","Kruse et al. 2019","2",4.47471000000,"2019-09-05","2019-09-05"
"EPIC 202821899.01",,"EPIC 202821899",0,"CANDIDATE","Kruse et al. 2019","2",4.47451300000,"2018-02-15","2018-02-15"
"EPIC 202821899.01",,"EPIC 202821899",0,"CANDIDATE","Kruse et al. 2019","2",4.47434650000,"2015-12-05","2015-12-05"
"EPIC 202843107.01",,"EPIC 202843107",1,"CANDIDATE","Vanderburg et al. 2016","2",2.19890410000,"2015-12-05","2015-12-05"
"EPIC 202893157.01",,"EPIC 202893157",1,"CANDIDATE","Vanderburg et al. 2016","2",4.16572920000,"2015-12-05","2015-12-05"
"K2-51 b","K2-51 b","EPIC 202900527",1,"REFUTED","Shporer et al. 2017","2",13.00819000000,"2019-09-05","2019-09-05"
"K2-51 b","K2-51 b","EPIC 202900527",0,"REFUTED","Shporer et al. 2017","2",13.00827800000,"2015-12-05","2015-12-05"
"K2-51 b","K2-51 b","EPIC 202900527",0,"REFUTED","Shporer et al. 2017","2",13.01060000000,"2016-07-18","2016-07-18"
"K2-51 b","K2-51 b","EPIC 202900527",0,"REFUTED","Shporer et al. 2017","2",13.00838300000,"2018-02-15","2018-02-15"
"EPIC 202963882.01",,"EPIC 202963882",1,"FALSE POSITIVE","Rizzuto et al. 2017","2",0.63080000000,"2017-12-14","2017-12-14"
"EPIC 202971774.01",,"EPIC 202971774",1,"CANDIDATE","Kruse et al. 2019","2",0.23586840000,"2019-09-05","2019-09-05"
"EPIC 203042994.01",,"EPIC 203042994",1,"CANDIDATE","Kruse et al. 2019","2",12.99109000000,"2019-09-05","2019-09-05"
"EPIC 203070421.01",,"EPIC 203070421",1,"CANDIDATE","Vanderburg et al. 2016","2",1.73594470000,"2015-12-05","2015-12-05"
"EPIC 203099398.01",,"EPIC 203099398",1,"CANDIDATE","Kruse et al. 2019","2",1.83916000000,"2019-09-05","2019-09-05"
"EPIC 203099398.01",,"EPIC 203099398",0,"CANDIDATE","Kruse et al. 2019","2",1.83893490000,"2015-12-05","2015-12-05"
"EPIC 203139512.01",,"EPIC 203139512",1,"CANDIDATE","Kruse et al. 2019","2",2.03266400000,"2019-09-05","2019-09-05"
"EPIC 203139512.02",,"EPIC 203139512",1,"CANDIDATE","Kruse et al. 2019","2",6.11706000000,"2019-09-05","2019-09-05"
"EPIC 203294831.01",,"EPIC 203294831",1,"CANDIDATE","Barros et al. 2016","2",1.85872487000,"2016-12-21","2016-12-21"
"EPIC 203294831.01",,"EPIC 203294831",0,"CANDIDATE","Barros et al. 2016","2",1.85901790000,"2015-12-05","2015-12-05"
"EPIC 203294831.01",,"EPIC 203294831",0,"CANDIDATE","Barros et al. 2016","2",1.85901700000,"2016-07-18","2016-07-18"
"EPIC 203311200.01",,"EPIC 203311200",1,"CANDIDATE","Kruse et al. 2019","2",,"2019-09-05","2019-09-05"
"EPIC 203311200.01",,"EPIC 203311200",0,"CANDIDATE","Kruse et al. 2019","2",540.00000000000,"2017-12-13","2017-12-13"
"EPIC 203476597.01",,"EPIC 203476597",1,"FALSE POSITIVE","Rizzuto et al. 2017","2",1.44080000000,"2017-12-14","2017-12-14"
"EPIC 203485624.01",,"EPIC 203485624",1,"FALSE POSITIVE","Crossfield et al. 2016","2",0.84120200000,"2016-07-18","2016-07-18"
"EPIC 203518244.01",,"EPIC 203518244",1,"CANDIDATE","Vanderburg et al. 2016","2",0.84112570000,"2015-12-05","2015-12-05"
"EPIC 203533312.01",,"EPIC 203533312",1,"CANDIDATE","Adams et al. 2016","2",0.17566000000,"2016-06-09","2016-06-09"
"EPIC 203560204.01",,"EPIC 203560204",1,"CANDIDATE","Barros et al. 2016","2",29.33873041000,"2016-12-21","2016-12-21"
"EPIC 203581469.01",,"EPIC 203581469",1,"FALSE POSITIVE","Crossfield et al. 2016","2",22.79840000000,"2016-07-18","2016-07-18"
"EPIC 203616858.01",,"EPIC 203616858",1,"CANDIDATE","Kruse et al. 2019","2, 11",1.68027000000,"2019-09-05","2019-09-05"
"EPIC 203623230.01",,"EPIC 203623230",1,"CANDIDATE","Barros et al. 2016","2",2.54427583000,"2016-12-21","2016-12-21"
"EPIC 203633064.01",,"EPIC 203633064",1,"CANDIDATE","Kruse et al. 2019","2",0.70995040000,"2019-09-05","2019-09-05"
"EPIC 203692610.01",,"EPIC 203692610",1,"FALSE POSITIVE","Rizzuto et al. 2017","2",1.82040000000,"2017-12-14","2017-12-14"
"EPIC 203710387.01",,"EPIC 203710387",1,"FALSE POSITIVE","Rizzuto et al. 2017","2",2.80900000000,"2017-12-14","2017-12-14"
"EPIC 203710387.01",,"EPIC 203710387",0,"FALSE POSITIVE","Rizzuto et al. 2017","2",1.40441100000,"2016-07-18","2016-07-18"
"EPIC 203710387.01",,"EPIC 203710387",0,"FALSE POSITIVE","Rizzuto et al. 2017","2",1.40442830000,"2015-12-05","2015-12-05"
"EPIC 203753577.01",,"EPIC 203753577",1,"CANDIDATE","Kruse et al. 2019","2",3.40085800000,"2019-09-05","2019-09-05"
"EPIC 203753577.01",,"EPIC 203753577",0,"CANDIDATE","Kruse et al. 2019","2",3.40077580000,"2015-12-05","2015-12-05"
"EPIC 203771098.03",,"EPIC 203771098",1,"CANDIDATE","Kruse et al. 2019","2",,"2019-09-05","2019-09-05"
"K2-24 b","K2-24 b","EPIC 203771098",1,"CONFIRMED","Petigura et al. 2016","2",20.88977000000,"2018-12-10","2018-12-13"
"K2-24 b","K2-24 b","EPIC 203771098",0,"CONFIRMED","Petigura et al. 2016","2",20.88506000000,"2019-09-05","2019-09-05"
"K2-24 b","K2-24 b","EPIC 203771098",0,"CONFIRMED","Petigura et al. 2016","2",20.88526000000,"2018-12-10","2016-07-18"
"K2-24 b","K2-24 b","EPIC 203771098",0,"CONFIRMED","Petigura et al. 2016","2",20.88507500000,"2015-12-05","2015-12-05"
"K2-24 b","K2-24 b","EPIC 203771098",0,"CONFIRMED","Petigura et al. 2016","2",20.88510000000,"2018-12-10","2016-02-11"
"K2-24 b","K2-24 b","EPIC 203771098",0,"CONFIRMED","Petigura et al. 2016","2",20.88977000000,"2025-09-17","2025-09-17"
"K2-24 b","K2-24 b","EPIC 203771098",0,"CONFIRMED","Petigura et al. 2016","2",20.88501600000,"2018-12-10","2018-02-15"
"K2-24 b","K2-24 b","EPIC 203771098",0,"CONFIRMED","Petigura et al. 2016","2",20.88508000000,"2018-12-10","2016-07-07"
"K2-24 b","K2-24 b","EPIC 203771098",0,"CONFIRMED","Petigura et al. 2016","2",20.88510000000,"2018-12-10","2016-05-05"
"K2-24 c","K2-24 c","EPIC 203771098",1,"CONFIRMED","Petigura et al. 2016","2",42.33910000000,"2018-12-10","2018-12-13"
"K2-24 c","K2-24 c","EPIC 203771098",0,"CONFIRMED","Petigura et al. 2016","2",42.33910000000,"2025-09-17","2025-09-17"
"K2-24 c","K2-24 c","EPIC 203771098",0,"CONFIRMED","Petigura et al. 2016","2",42.36349300000,"2015-12-05","2015-12-05"
"K2-24 c","K2-24 c","EPIC 203771098",0,"CONFIRMED","Petigura et al. 2016","2",42.36330000000,"2018-12-10","2016-02-11"
"K2-24 c","K2-24 c","EPIC 203771098",0,"CONFIRMED","Petigura et al. 2016","2",,"2019-09-05","2019-09-05"
"K2-24 c","K2-24 c","EPIC 203771098",0,"CONFIRMED","Petigura et al. 2016","2",42.36342000000,"2018-12-10","2016-07-07"
"K2-24 c","K2-24 c","EPIC 203771098",0,"CONFIRMED","Petigura et al. 2016","2",42.36330000000,"2018-12-10","2016-05-05"
"K2-24 c","K2-24 c","EPIC 203771098",0,"CONFIRMED","Petigura et al. 2016","2",42.36398200000,"2018-12-10","2018-02-15"
"K2-24 c","K2-24 c","EPIC 203771098",0,"CONFIRMED","Petigura et al. 2016","2",42.36301000000,"2018-12-10","2016-07-18"
"K2-52 b","K2-52 b","EPIC 203776696",1,"CONFIRMED","Crossfield et al. 2016","2",3.53505500000,"2019-01-28","2019-01-31"
"K2-52 b","K2-52 b","EPIC 203776696",0,"CONFIRMED","Crossfield et al. 2016","2",3.53482000000,"2019-01-28","2016-07-18"
"K2-52 b","K2-52 b","EPIC 203776696",0,"CONFIRMED","Crossfield et al. 2016","2",3.53539750000,"2015-12-05","2015-12-05"
"K2-52 b","K2-52 b","EPIC 203776696",0,"CONFIRMED","Crossfield et al. 2016","2",3.53515500000,"2019-09-05","2019-09-05"
"EPIC 203784668.01",,"EPIC 203784668",1,"CANDIDATE","Kruse et al. 2019","2, 11",,"2019-09-05","2019-09-05"
"EPIC 203823381.01",,"EPIC 203823381",1,"FALSE POSITIVE","Crossfield et al. 2016","2",8.27810000000,"2017-12-14","2017-12-14"
"EPIC 203823381.01",,"EPIC 203823381",0,"FALSE POSITIVE","Crossfield et al. 2016","2",8.27663950000,"2015-12-05","2015-12-05"
"EPIC 203823381.01",,"EPIC 203823381",0,"FALSE POSITIVE","Crossfield et al. 2016","2",8.27580000000,"2016-07-18","2016-07-18"
"K2-37 b","K2-37 b","EPIC 203826436",1,"CONFIRMED","Sinukoff et al. 2016","2",4.44340000000,"2025-09-17","2025-09-17"
"K2-37 b","K2-37 b","EPIC 203826436",0,"CONFIRMED","Sinukoff et al. 2016","2",4.44117000000,"2016-07-06","2016-07-07"
"K2-37 b","K2-37 b","EPIC 203826436",0,"CONFIRMED","Sinukoff et al. 2016","2",4.44366490000,"2015-12-05","2015-12-05"
"K2-37 b","K2-37 b","EPIC 203826436",0,"CONFIRMED","Sinukoff et al. 2016","2",4.44377400000,"2018-02-14","2018-02-15"
"K2-37 b","K2-37 b","EPIC 203826436",0,"CONFIRMED","Sinukoff et al. 2016","2",4.44360000000,"2019-09-05","2019-09-05"
"K2-37 b","K2-37 b","EPIC 203826436",0,"CONFIRMED","Sinukoff et al. 2016","2",4.44118000000,"2016-07-14","2016-07-18"
"K2-37 c","K2-37 c","EPIC 203826436",1,"CONFIRMED","Sinukoff et al. 2016","2",6.42966000000,"2025-09-17","2025-09-17"
"K2-37 c","K2-37 c","EPIC 203826436",0,"CONFIRMED","Sinukoff et al. 2016","2",6.42959000000,"2019-09-05","2019-09-05"
"K2-37 c","K2-37 c","EPIC 203826436",0,"CONFIRMED","Sinukoff et al. 2016","2",6.42950230000,"2015-12-05","2015-12-05"
"K2-37 c","K2-37 c","EPIC 203826436",0,"CONFIRMED","Sinukoff et al. 2016","2",6.43032491000,"2016-12-21","2016-12-21"
"K2-37 c","K2-37 c","EPIC 203826436",0,"CONFIRMED","Sinukoff et al. 2016","2",6.42958200000,"2018-02-14","2018-02-15"
"K2-37 c","K2-37 c","EPIC 203826436",0,"CONFIRMED","Sinukoff et al. 2016","2",6.42973000000,"2016-07-14","2016-07-18"
"K2-37 c","K2-37 c","EPIC 203826436",0,"CONFIRMED","Sinukoff et al. 2016","2",6.42904000000,"2016-07-06","2016-07-07"
"K2-37 d","K2-37 d","EPIC 203826436",1,"CONFIRMED","Sinukoff et al. 2016","2",14.09229000000,"2025-09-17","2025-09-17"
"K2-37 d","K2-37 d","EPIC 203826436",0,"CONFIRMED","Sinukoff et al. 2016","2",14.09190000000,"2016-07-14","2016-07-18"
"K2-37 d","K2-37 d","EPIC 203826436",0,"CONFIRMED","Sinukoff et al. 2016","2",14.09099600000,"2018-02-14","2018-02-15"
"K2-37 d","K2-37 d","EPIC 203826436",0,"CONFIRMED","Sinukoff et al. 2016","2",14.09292000000,"2019-09-05","2019-09-05"
"K2-37 d","K2-37 d","EPIC 203826436",0,"CONFIRMED","Sinukoff et al. 2016","2",14.09090700000,"2015-12-05","2015-12-05"
"K2-37 d","K2-37 d","EPIC 203826436",0,"CONFIRMED","Sinukoff et al. 2016","2",14.09189000000,"2016-07-06","2016-07-07"
"EPIC 203849738.01",,"EPIC 203849738",1,"FALSE POSITIVE","Rizzuto et al. 2017","2",0.61990000000,"2017-12-14","2017-12-14"
"EPIC 203867512.01",,"EPIC 203867512",1,"CANDIDATE","Kruse et al. 2019","2, 11",28.46762000000,"2019-09-05","2019-09-05"
"EPIC 203867512.01",,"EPIC 203867512",0,"CANDIDATE","Kruse et al. 2019","2, 11",28.46563300000,"2015-12-05","2015-12-05"
"EPIC 203868608.01",,"EPIC 203868608",1,"FALSE POSITIVE","Rizzuto et al. 2017","2",4.54170000000,"2017-12-14","2017-12-14"
"EPIC 203914123.01",,"EPIC 203914123",1,"CANDIDATE","Osborn et al. 2016","2",83830.00000000000,"2017-12-13","2017-12-13"
"EPIC 203925865.01",,"EPIC 203925865",1,"CANDIDATE","Kruse et al. 2019","2, 11",8.79689000000,"2019-09-05","2019-09-05"
"EPIC 203929178.01",,"EPIC 203929178",1,"CANDIDATE","Crossfield et al. 2016","2",1.15388600000,"2016-07-18","2016-07-18"
"EPIC 203942067.01",,"EPIC 203942067",1,"CANDIDATE","Vanderburg et al. 2016","2",1.63989340000,"2015-12-05","2015-12-05"
"EPIC 204043888.01",,"EPIC 204043888",1,"FALSE POSITIVE","Crossfield et al. 2016","2",1.48624300000,"2016-07-18","2016-07-18"
"EPIC 204057095.01",,"EPIC 204057095",1,"CANDIDATE","Kruse et al. 2019","2",23.21037000000,"2019-09-05","2019-09-05"
"EPIC 204057095.01",,"EPIC 204057095",0,"CANDIDATE","Kruse et al. 2019","2",23.21058500000,"2015-12-05","2015-12-05"
"EPIC 204124270.01",,"EPIC 204124270",1,"CANDIDATE","Kruse et al. 2019","2",1.33002300000,"2019-09-05","2019-09-05"
"EPIC 204128016.01",,"EPIC 204128016",1,"CANDIDATE","Kruse et al. 2019","2",50.73641000000,"2019-09-05","2019-09-05"
"K2-31 b","K2-31 b","EPIC 204129699",1,"CONFIRMED","Dai et al. 2016","2",1.25785000000,"2016-11-30","2016-12-01"
"K2-31 b","K2-31 b","EPIC 204129699",0,"CONFIRMED","Dai et al. 2016","2",1.25785000000,"2016-11-30","2016-05-05"
"K2-31 b","K2-31 b","EPIC 204129699",0,"CONFIRMED","Dai et al. 2016","2",1.25784906000,"2025-09-17","2025-09-17"
"K2-31 b","K2-31 b","EPIC 204129699",0,"CONFIRMED","Dai et al. 2016","2",1.25783320000,"2016-12-21","2016-12-21"
"K2-31 b","K2-31 b","EPIC 204129699",0,"CONFIRMED","Dai et al. 2016","2",1.25784887000,"2024-03-04","2024-03-04"
"K2-31 b","K2-31 b","EPIC 204129699",0,"CONFIRMED","Dai et al. 2016","2",1.25785420000,"2016-11-30","2016-07-18"
"K2-31 b","K2-31 b","EPIC 204129699",0,"CONFIRMED","Dai et al. 2016","2",1.25781300511,"2025-09-17","2025-08-28"
"K2-31 b","K2-31 b","EPIC 204129699",0,"CONFIRMED","Dai et al. 2016","2",1.25784930000,"2015-12-05","2015-12-05"
"EPIC 204143627.01",,"EPIC 204143627",1,"FALSE POSITIVE","Rizzuto et al. 2017","2",1.12400000000,"2017-12-14","2017-12-14"
"EPIC 204165788.01",,"EPIC 204165788",1,"FALSE POSITIVE","Rizzuto et al. 2017","2",0.74740000000,"2017-12-14","2017-12-14"
"EPIC 204197636.01",,"EPIC 204197636",1,"CANDIDATE","Kruse et al. 2019","2, 15",46.13730000000,"2019-09-05","2019-09-05"
"K2-38 b","K2-38 b","EPIC 204221263",1,"CONFIRMED","Sinukoff et al. 2016","2, 15",4.01593000000,"2023-01-18","2023-01-18"
"K2-38 b","K2-38 b","EPIC 204221263",0,"CONFIRMED","Sinukoff et al. 2016","2, 15",4.01668000000,"2025-09-17","2025-09-17"
"K2-38 b","K2-38 b","EPIC 204221263",0,"CONFIRMED","Sinukoff et al. 2016","2, 15",4.01593000000,"2018-04-25","2018-04-26"
"K2-38 b","K2-38 b","EPIC 204221263",0,"CONFIRMED","Sinukoff et al. 2016","2, 15",4.01663000000,"2019-09-05","2019-09-05"
"K2-38 b","K2-38 b","EPIC 204221263",0,"CONFIRMED","Sinukoff et al. 2016","2, 15",4.01593000000,"2023-04-17","2023-04-17"
"K2-38 b","K2-38 b","EPIC 204221263",0,"CONFIRMED","Sinukoff et al. 2016","2, 15",4.01593000000,"2018-04-25","2016-07-07"
"K2-38 b","K2-38 b","EPIC 204221263",0,"CONFIRMED","Sinukoff et al. 2016","2, 15",4.01628000000,"2018-04-25","2016-07-18"
"K2-38 c","K2-38 c","EPIC 204221263",1,"CONFIRMED","Sinukoff et al. 2016","2, 15",10.56103000000,"2023-01-18","2023-01-18"
"K2-38 c","K2-38 c","EPIC 204221263",0,"CONFIRMED","Sinukoff et al. 2016","2, 15",10.56098000000,"2016-07-14","2016-07-18"
"K2-38 c","K2-38 c","EPIC 204221263",0,"CONFIRMED","Sinukoff et al. 2016","2, 15",10.56103000000,"2023-04-17","2023-04-17"
"K2-38 c","K2-38 c","EPIC 204221263",0,"CONFIRMED","Sinukoff et al. 2016","2, 15",10.56104000000,"2025-09-17","2025-09-17"
"K2-38 c","K2-38 c","EPIC 204221263",0,"CONFIRMED","Sinukoff et al. 2016","2, 15",10.56103000000,"2016-07-06","2016-07-07"
"K2-38 c","K2-38 c","EPIC 204221263",0,"CONFIRMED","Sinukoff et al. 2016","2, 15",10.56131000000,"2019-09-05","2019-09-05"
"EPIC 204276894.01",,"EPIC 204276894",1,"CANDIDATE","Rizzuto et al. 2017","2",1.95700000000,"2017-12-14","2017-12-14"
"EPIC 204308061.01",,"EPIC 204308061",1,"CANDIDATE","Kruse et al. 2019","2",22.63980000000,"2019-09-05","2019-09-05"
"EPIC 204312847.01",,"EPIC 204312847",1,"CANDIDATE","Vanderburg et al. 2016","2",24.19361300000,"2015-12-05","2015-12-05"
"EPIC 204322265.01",,"EPIC 204322265",1,"CANDIDATE","Kruse et al. 2019","2",2.78449600000,"2019-09-05","2019-09-05"
"EPIC 204346718.01",,"EPIC 204346718",1,"CANDIDATE","Barros et al. 2016","2",0.64292573000,"2016-12-21","2016-12-21"
"EPIC 204364515.01",,"EPIC 204364515",1,"FALSE POSITIVE","Rizzuto et al. 2017","2, 15",1.45620000000,"2017-12-14","2017-12-14"
"EPIC 204432860.01",,"EPIC 204432860",1,"FALSE POSITIVE","Rizzuto et al. 2017","2, 15",2.87420000000,"2017-12-14","2017-12-14"
"EPIC 204489514.01",,"EPIC 204489514",1,"CANDIDATE","Crossfield et al. 2016","2, 15",10.22360000000,"2016-07-18","2016-07-18"
"EPIC 204506777.01",,"EPIC 204506777",1,"FALSE POSITIVE","Rizzuto et al. 2017","2",1.62810000000,"2017-12-14","2017-12-14"
"EPIC 204529573.01",,"EPIC 204529573",1,"CANDIDATE","Kruse et al. 2019","2",2.75180000000,"2019-09-05","2019-09-05"
"EPIC 204546592.01",,"EPIC 204546592",1,"CANDIDATE","Kruse et al. 2019","2, 15",,"2019-09-05","2019-09-05"
"EPIC 204576757.01",,"EPIC 204576757",1,"CANDIDATE","Vanderburg et al. 2016","2",23.27766900000,"2015-12-05","2015-12-05"
"EPIC 204579445.01",,"EPIC 204579445",1,"CANDIDATE","Kruse et al. 2019","2, 15",24.68420000000,"2019-09-05","2019-09-05"
"EPIC 204634789.01",,"EPIC 204634789",1,"CANDIDATE","Osborn et al. 2016","2",2.20000000000,"2017-12-13","2017-12-13"
"EPIC 204649811.01",,"EPIC 204649811",1,"CANDIDATE","Barros et al. 2016","2",2.64594828000,"2016-12-21","2016-12-21"
"EPIC 204649811.01",,"EPIC 204649811",0,"CANDIDATE","Barros et al. 2016","2",2.64541650000,"2015-12-05","2015-12-05"
"EPIC 204658292.01",,"EPIC 204658292",1,"CANDIDATE","Barros et al. 2016","2",20.98296043000,"2016-12-21","2016-12-21"
"EPIC 204676499.01",,"EPIC 204676499",1,"CANDIDATE","Barros et al. 2016","2",1.52717920000,"2016-12-21","2016-12-21"
"EPIC 204750116.02",,"EPIC 204750116",1,"CANDIDATE","Kruse et al. 2019","2",7.83920000000,"2019-09-05","2019-09-05"
"K2-365 b","K2-365 b","EPIC 204750116",1,"CONFIRMED","Christiansen et al. 2022","2",23.44817200000,"2022-03-16","2022-03-16"
"K2-365 b","K2-365 b","EPIC 204750116",0,"CONFIRMED","Christiansen et al. 2022","2",23.44650100000,"2015-12-05","2015-12-05"
"K2-365 b","K2-365 b","EPIC 204750116",0,"CONFIRMED","Christiansen et al. 2022","2",23.44701000000,"2019-09-05","2019-09-05"
"K2-365 b","K2-365 b","EPIC 204750116",0,"CONFIRMED","Christiansen et al. 2022","2",23.43020000000,"2017-12-14","2017-12-14"
"K2-365 b","K2-365 b","EPIC 204750116",0,"CONFIRMED","Christiansen et al. 2022","2",23.44687300000,"2018-02-15","2018-02-15"
"EPIC 204760247.01",,"EPIC 204760247",1,"FALSE POSITIVE","Rizzuto et al. 2017","2",9.20480000000,"2017-12-14","2017-12-14"
"EPIC 204763194.01",,"EPIC 204763194",1,"CANDIDATE","Kruse et al. 2019","2",2.32093700000,"2019-09-05","2019-09-05"
"EPIC 204763194.01",,"EPIC 204763194",0,"CANDIDATE","Kruse et al. 2019","2",2.32046168000,"2016-12-21","2016-12-21"
"EPIC 204791347.01",,"EPIC 204791347",1,"CANDIDATE","Zink et al. 2021","2",1.94297000000,"2021-11-19","2021-11-19"
"EPIC 204873331.01",,"EPIC 204873331",1,"FALSE POSITIVE","Crossfield et al. 2016","2",1.31787190000,"2019-09-05","2019-09-05"
"EPIC 204873331.01",,"EPIC 204873331",0,"FALSE POSITIVE","Crossfield et al. 2016","2",1.31790000000,"2016-07-18","2016-07-18"
"EPIC 204880394.01",,"EPIC 204880394",1,"CANDIDATE","Kruse et al. 2019","2",0.23381080000,"2019-09-05","2019-09-05"
"EPIC 204882444.01",,"EPIC 204882444",1,"FALSE POSITIVE","Rizzuto et al. 2017","2",1.14880000000,"2017-12-14","2017-12-14"
"EPIC 204884005.01",,"EPIC 204884005",1,"CANDIDATE","Kruse et al. 2019","2",46.38363000000,"2019-09-05","2019-09-05"
"EPIC 204884005.01",,"EPIC 204884005",0,"CANDIDATE","Kruse et al. 2019","2",46.40651000000,"2015-12-05","2015-12-05"
"EPIC 204888276.01",,"EPIC 204888276",1,"CANDIDATE","Kruse et al. 2019","2",16.56127000000,"2019-09-05","2019-09-05"
"EPIC 204888276.01",,"EPIC 204888276",0,"CANDIDATE","Kruse et al. 2019","2",16.56315500000,"2015-12-05","2015-12-05"
"K2-53 b","K2-53 b","EPIC 204890128",1,"CONFIRMED","Crossfield et al. 2016","2",12.20772000000,"2019-01-28","2019-01-31"
"K2-53 b","K2-53 b","EPIC 204890128",0,"CONFIRMED","Crossfield et al. 2016","2",12.20763200000,"2015-12-05","2015-12-05"
"K2-53 b","K2-53 b","EPIC 204890128",0,"CONFIRMED","Crossfield et al. 2016","2",12.20540000000,"2019-01-28","2016-07-18"
"K2-53 b","K2-53 b","EPIC 204890128",0,"CONFIRMED","Crossfield et al. 2016","2",12.20773000000,"2019-09-05","2019-09-05"
"K2-53 b","K2-53 b","EPIC 204890128",0,"CONFIRMED","Crossfield et al. 2016","2",12.20911650000,"2016-12-21","2016-12-21"
"EPIC 204914585.01",,"EPIC 204914585",1,"CANDIDATE","Kruse et al. 2019","2",18.36470000000,"2019-09-05","2019-09-05"
"EPIC 204914585.01",,"EPIC 204914585",0,"CANDIDATE","Kruse et al. 2019","2",18.35777300000,"2015-12-05","2015-12-05"
"EPIC 204990932.01",,"EPIC 204990932",1,"CANDIDATE","Kruse et al. 2019","2",21.91840000000,"2019-09-05","2019-09-05"
"EPIC 204991696.01",,"EPIC 204991696",1,"CANDIDATE","Kruse et al. 2019","2",49.85580000000,"2019-09-05","2019-09-05"
"EPIC 205029914.01",,"EPIC 205029914",1,"CANDIDATE","Kruse et al. 2019","2",4.98150000000,"2019-09-05","2019-09-05"
"EPIC 205029914.01",,"EPIC 205029914",0,"CANDIDATE","Kruse et al. 2019","2",4.98183800000,"2018-02-15","2018-02-15"
"EPIC 205029914.01",,"EPIC 205029914",0,"CANDIDATE","Kruse et al. 2019","2",4.98205000000,"2016-07-18","2016-07-18"
"EPIC 205029914.01",,"EPIC 205029914",0,"CANDIDATE","Kruse et al. 2019","2",4.98189210000,"2015-12-05","2015-12-05"
"EPIC 205029914.01",,"EPIC 205029914",0,"CANDIDATE","Kruse et al. 2019","2",4.98049071000,"2016-12-21","2016-12-21"
"EPIC 205040048.01",,"EPIC 205040048",1,"CANDIDATE","Kruse et al. 2019","2",3.30524000000,"2019-09-05","2019-09-05"
"EPIC 205040048.01",,"EPIC 205040048",0,"CANDIDATE","Kruse et al. 2019","2",3.30551910000,"2015-12-05","2015-12-05"
"EPIC 205046529.01",,"EPIC 205046529",1,"FALSE POSITIVE","Rizzuto et al. 2017","2",1.83610000000,"2017-12-14","2017-12-14"
"EPIC 205047565.01",,"EPIC 205047565",1,"CANDIDATE","Barros et al. 2016","2",14.54444130000,"2016-12-21","2016-12-21"
"EPIC 205050711.01",,"EPIC 205050711",1,"CANDIDATE","Barros et al. 2016","2",4.30221683000,"2016-12-21","2016-12-21"
"EPIC 205064326.01",,"EPIC 205064326",1,"FALSE POSITIVE","Crossfield et al. 2016","2",8.02335000000,"2019-09-05","2019-09-05"
"EPIC 205064326.01",,"EPIC 205064326",0,"FALSE POSITIVE","Crossfield et al. 2016","2",8.02415000000,"2016-07-18","2016-07-18"
"EPIC 205064326.01",,"EPIC 205064326",0,"FALSE POSITIVE","Crossfield et al. 2016","2",8.02413060000,"2015-12-05","2015-12-05"
"EPIC 205064326.01",,"EPIC 205064326",0,"FALSE POSITIVE","Crossfield et al. 2016","2",8.02678456000,"2016-12-21","2016-12-21"
"K2-32 b","K2-32 b","EPIC 205071984",1,"CONFIRMED","Dai et al. 2016","2",8.99200000000,"2021-05-17","2021-05-17"
"K2-32 b","K2-32 b","EPIC 205071984",0,"CONFIRMED","Dai et al. 2016","2",8.99218000000,"2019-06-03","2016-05-05"
"K2-32 b","K2-32 b","EPIC 205071984",0,"CONFIRMED","Dai et al. 2016","2",8.99002105000,"2016-12-21","2016-12-21"
"K2-32 b","K2-32 b","EPIC 205071984",0,"CONFIRMED","Dai et al. 2016","2",8.99213000000,"2019-06-03","2016-07-18"
"K2-32 b","K2-32 b","EPIC 205071984",0,"CONFIRMED","Dai et al. 2016","2",8.99218000000,"2019-06-03","2016-07-07"
"K2-32 b","K2-32 b","EPIC 205071984",0,"CONFIRMED","Dai et al. 2016","2",17.97586029496,"2025-09-17","2025-09-17"
"K2-32 b","K2-32 b","EPIC 205071984",0,"CONFIRMED","Dai et al. 2016","2",8.99182800000,"2019-06-03","2019-06-13"
"K2-32 b","K2-32 b","EPIC 205071984",0,"CONFIRMED","Dai et al. 2016","2",8.99213000000,"2019-06-03","2017-02-09"
"K2-32 b","K2-32 b","EPIC 205071984",0,"CONFIRMED","Dai et al. 2016","2",8.99196000000,"2025-09-17","2025-09-17"
"K2-32 b","K2-32 b","EPIC 205071984",0,"CONFIRMED","Dai et al. 2016","2",8.99201800000,"2019-09-05","2019-09-05"
"K2-32 b","K2-32 b","EPIC 205071984",0,"CONFIRMED","Dai et al. 2016","2",8.99191560000,"2015-12-05","2015-12-05"
"K2-32 b","K2-32 b","EPIC 205071984",0,"CONFIRMED","Dai et al. 2016","2",8.99194200000,"2019-06-03","2018-02-15"
"K2-32 c","K2-32 c","EPIC 205071984",1,"CONFIRMED","Dai et al. 2016","2",20.66093000000,"2021-05-17","2021-05-17"
"K2-32 c","K2-32 c","EPIC 205071984",0,"CONFIRMED","Dai et al. 2016","2",20.66020000000,"2019-06-03","2016-07-18"
"K2-32 c","K2-32 c","EPIC 205071984",0,"CONFIRMED","Dai et al. 2016","2",20.66020000000,"2019-06-03","2017-02-09"
"K2-32 c","K2-32 c","EPIC 205071984",0,"CONFIRMED","Dai et al. 2016","2",20.65614000000,"2019-06-03","2016-05-05"
"K2-32 c","K2-32 c","EPIC 205071984",0,"CONFIRMED","Dai et al. 2016","2",20.66098700000,"2015-12-05","2015-12-05"
"K2-32 c","K2-32 c","EPIC 205071984",0,"CONFIRMED","Dai et al. 2016","2",20.66186000000,"2019-06-03","2019-06-13"
"K2-32 c","K2-32 c","EPIC 205071984",0,"CONFIRMED","Dai et al. 2016","2",20.66093000000,"2025-09-17","2025-09-17"
"K2-32 c","K2-32 c","EPIC 205071984",0,"CONFIRMED","Dai et al. 2016","2",20.66178000000,"2019-09-05","2019-09-05"
"K2-32 c","K2-32 c","EPIC 205071984",0,"CONFIRMED","Dai et al. 2016","2",20.66162300000,"2019-06-03","2018-02-15"
"K2-32 c","K2-32 c","EPIC 205071984",0,"CONFIRMED","Dai et al. 2016","2",20.65614000000,"2019-06-03","2016-07-07"
"K2-32 d","K2-32 d","EPIC 205071984",1,"CONFIRMED","Dai et al. 2016","2",31.71701000000,"2021-05-17","2021-05-17"
"K2-32 d","K2-32 d","EPIC 205071984",0,"CONFIRMED","Dai et al. 2016","2",31.71586800000,"2015-12-05","2015-12-05"
"K2-32 d","K2-32 d","EPIC 205071984",0,"CONFIRMED","Dai et al. 2016","2",31.71922000000,"2019-06-03","2016-07-07"
"K2-32 d","K2-32 d","EPIC 205071984",0,"CONFIRMED","Dai et al. 2016","2",31.71420000000,"2019-06-03","2019-06-13"
"K2-32 d","K2-32 d","EPIC 205071984",0,"CONFIRMED","Dai et al. 2016","2",31.71540000000,"2019-06-03","2016-07-18"
"K2-32 d","K2-32 d","EPIC 205071984",0,"CONFIRMED","Dai et al. 2016","2",31.71540000000,"2019-06-03","2017-02-09"
"K2-32 d","K2-32 d","EPIC 205071984",0,"CONFIRMED","Dai et al. 2016","2",31.71690000000,"2025-09-17","2025-09-17"
"K2-32 d","K2-32 d","EPIC 205071984",0,"CONFIRMED","Dai et al. 2016","2",31.71506100000,"2019-06-03","2018-02-15"
"K2-32 d","K2-32 d","EPIC 205071984",0,"CONFIRMED","Dai et al. 2016","2",31.72360000000,"2019-09-05","2019-09-05"
"K2-32 d","K2-32 d","EPIC 205071984",0,"CONFIRMED","Dai et al. 2016","2",31.71922000000,"2019-06-03","2016-05-05"
"K2-32 e","K2-32 e","EPIC 205071984",1,"CONFIRMED","Heller et al. 2019","2",4.34934000000,"2021-05-17","2021-05-17"
"K2-32 e","K2-32 e","EPIC 205071984",0,"CONFIRMED","Heller et al. 2019","2",4.34882000000,"2019-06-03","2019-06-13"
"K2-32 e","K2-32 e","EPIC 205071984",0,"CONFIRMED","Heller et al. 2019","2",4.34910000000,"2019-09-05","2019-09-05"
"EPIC 205084841.01",,"EPIC 205084841",1,"CANDIDATE","Kruse et al. 2019","2",11.31028000000,"2019-09-05","2019-09-05"
"EPIC 205084841.01",,"EPIC 205084841",0,"CANDIDATE","Kruse et al. 2019","2",11.31009000000,"2016-07-18","2016-07-18"
"K2-366 b","K2-366 b","EPIC 205111664",1,"CONFIRMED","Christiansen et al. 2022","2",15.93703900000,"2022-03-16","2022-03-16"
"K2-366 b","K2-366 b","EPIC 205111664",0,"CONFIRMED","Christiansen et al. 2022","2",15.93737800000,"2015-12-05","2015-12-05"
"K2-366 b","K2-366 b","EPIC 205111664",0,"CONFIRMED","Christiansen et al. 2022","2",15.93709000000,"2019-09-05","2019-09-05"
"K2-33 b","K2-33 b","EPIC 205117205",1,"CONFIRMED","David et al. 2016","2",5.42486500000,"2016-07-06","2016-06-23"
"K2-33 b","K2-33 b","EPIC 205117205",0,"CONFIRMED","David et al. 2016","2",5.42520610000,"2015-12-05","2015-12-05"
"K2-33 b","K2-33 b","EPIC 205117205",0,"CONFIRMED","David et al. 2016","2",5.42526000000,"2019-09-05","2019-09-05"
"K2-33 b","K2-33 b","EPIC 205117205",0,"CONFIRMED","David et al. 2016","2",5.42240000000,"2017-12-14","2017-12-14"
"K2-33 b","K2-33 b","EPIC 205117205",0,"CONFIRMED","David et al. 2016","2",5.42486200000,"2026-06-04","2026-06-04"
"K2-33 b","K2-33 b","EPIC 205117205",0,"CONFIRMED","David et al. 2016","2",5.42513000000,"2016-07-06","2016-06-23"
"EPIC 205145448.01",,"EPIC 205145448",1,"CANDIDATE","Barros et al. 2016","2",16.63091654000,"2016-12-21","2016-12-21"
"EPIC 205145448.01",,"EPIC 205145448",0,"CANDIDATE","Barros et al. 2016","2",16.63237000000,"2015-12-05","2015-12-05"
"EPIC 205145448.01",,"EPIC 205145448",0,"CANDIDATE","Barros et al. 2016","2",16.63311000000,"2016-07-18","2016-07-18"
"EPIC 205146011.01",,"EPIC 205146011",1,"CANDIDATE","Kruse et al. 2019","2",1.05717100000,"2019-09-05","2019-09-05"
"EPIC 205148699.01",,"EPIC 205148699",1,"FALSE POSITIVE","Crossfield et al. 2016","2",4.37733900000,"2019-09-05","2019-09-05"
"EPIC 205148699.01",,"EPIC 205148699",0,"FALSE POSITIVE","Crossfield et al. 2016","2",4.37729860000,"2015-12-05","2015-12-05"
"EPIC 205148699.01",,"EPIC 205148699",0,"FALSE POSITIVE","Crossfield et al. 2016","2",4.37983009000,"2016-12-21","2016-12-21"
"EPIC 205148699.01",,"EPIC 205148699",0,"FALSE POSITIVE","Crossfield et al. 2016","2",4.37732600000,"2016-07-18","2016-07-18"
"EPIC 205152172.01",,"EPIC 205152172",1,"CANDIDATE","Kruse et al. 2019","2",0.98029400000,"2019-09-05","2019-09-05"
"EPIC 205152172.01",,"EPIC 205152172",0,"CANDIDATE","Kruse et al. 2019","2",0.98036126000,"2015-12-05","2015-12-05"
"EPIC 205152172.01",,"EPIC 205152172",0,"CANDIDATE","Kruse et al. 2019","2",0.98041400000,"2016-06-09","2016-06-09"
"EPIC 205152172.01",,"EPIC 205152172",0,"CANDIDATE","Kruse et al. 2019","2",0.97988263000,"2016-12-21","2016-12-21"
"EPIC 205170731.01",,"EPIC 205170731",1,"CANDIDATE","Kruse et al. 2019","2",14.20050000000,"2019-09-05","2019-09-05"
"EPIC 205205452.01",,"EPIC 205205452",1,"CANDIDATE","Kruse et al. 2019","2",28.80770000000,"2019-09-05","2019-09-05"
"EPIC 205224877.01",,"EPIC 205224877",1,"CANDIDATE","Kruse et al. 2019","2",3.75927000000,"2019-09-05","2019-09-05"
"EPIC 205242733.01",,"EPIC 205242733",1,"CANDIDATE","Kruse et al. 2019","2",2.41628000000,"2019-09-05","2019-09-05"
"EPIC 205242733.01",,"EPIC 205242733",0,"CANDIDATE","Kruse et al. 2019","2",2.41650660000,"2015-12-05","2015-12-05"
"EPIC 205252523.01",,"EPIC 205252523",1,"CANDIDATE","Vanderburg et al. 2016","2",4.49843540000,"2015-12-05","2015-12-05"
"EPIC 205377483.01",,"EPIC 205377483",1,"CANDIDATE","Kruse et al. 2019","2",0.39385050000,"2019-09-05","2019-09-05"
"EPIC 205463986.01",,"EPIC 205463986",1,"CANDIDATE","Vanderburg et al. 2016","2",2.32404890000,"2015-12-05","2015-12-05"
"EPIC 205470347.01",,"EPIC 205470347",1,"CANDIDATE","Kruse et al. 2019","2",1.86732000000,"2019-09-05","2019-09-05"
"EPIC 205483055.01",,"EPIC 205483055",1,"CANDIDATE","Kruse et al. 2019","2",22.97350000000,"2019-09-05","2019-09-05"
"EPIC 205483258.01",,"EPIC 205483258",1,"FALSE POSITIVE","Rizzuto et al. 2017","2",5.66830000000,"2017-12-14","2017-12-14"
"EPIC 205489894.01",,"EPIC 205489894",1,"CANDIDATE","Kruse et al. 2019","2",14.65835000000,"2019-09-05","2019-09-05"
"EPIC 205489894.01",,"EPIC 205489894",0,"CANDIDATE","Kruse et al. 2019","2",14.65819600000,"2015-12-05","2015-12-05"
"EPIC 205503762.01",,"EPIC 205503762",1,"CANDIDATE","Kruse et al. 2019","2",6.43490000000,"2019-09-05","2019-09-05"
"EPIC 205530323.01",,"EPIC 205530323",1,"CANDIDATE","Kruse et al. 2019","2",4.27065000000,"2019-09-05","2019-09-05"
"EPIC 205530323.02",,"EPIC 205530323",1,"CANDIDATE","Kruse et al. 2019","2",7.64309000000,"2019-09-05","2019-09-05"
"EPIC 205570849.01",,"EPIC 205570849",1,"CANDIDATE","Crossfield et al. 2016","2",16.85800000000,"2016-07-18","2016-07-18"
"EPIC 205618538.01",,"EPIC 205618538",1,"CANDIDATE","Kruse et al. 2019","2",2.16769700000,"2019-09-05","2019-09-05"
"EPIC 205632508.01",,"EPIC 205632508",1,"CANDIDATE","Kruse et al. 2019","2",19.22990000000,"2019-09-05","2019-09-05"
"EPIC 205652650.01",,"EPIC 205652650",1,"CANDIDATE","Kruse et al. 2019","2",5.07152000000,"2019-09-05","2019-09-05"
"K2-289 b","K2-289 b","EPIC 205686202",1,"CONFIRMED","Livingston et al. 2019","2",13.15696900000,"2019-01-28","2019-01-31"
"K2-289 b","K2-289 b","EPIC 205686202",0,"CONFIRMED","Livingston et al. 2019","2",13.15727000000,"2019-09-05","2019-09-05"
"K2-289 b","K2-289 b","EPIC 205686202",0,"CONFIRMED","Livingston et al. 2019","2",13.15628000000,"2016-07-18","2016-07-18"
"K2-289 b","K2-289 b","EPIC 205686202",0,"CONFIRMED","Livingston et al. 2019","2",13.15697400000,"2015-12-05","2015-12-05"
"EPIC 205703094.01",,"EPIC 205703094",1,"CANDIDATE","Crossfield et al. 2016","2",8.11910000000,"2016-07-18","2016-07-18"
"EPIC 205703094.02",,"EPIC 205703094",1,"CANDIDATE","Crossfield et al. 2016","2",16.23500000000,"2016-07-18","2016-07-18"
"EPIC 205703094.03",,"EPIC 205703094",1,"FALSE POSITIVE","Crossfield et al. 2016","2",24.99220000000,"2016-07-18","2016-07-18"
"K2-167 b","K2-167 b","EPIC 205904628",1,"CONFIRMED","Mayo et al. 2018","3",9.97854100000,"2024-11-20","2024-11-20"
"K2-167 b","K2-167 b","EPIC 205904628",0,"CONFIRMED","Mayo et al. 2018","3",9.97748000000,"2023-04-17","2023-04-17"
"K2-167 b","K2-167 b","EPIC 205904628",0,"CONFIRMED","Mayo et al. 2018","3",9.97852750000,"2022-08-23","2022-08-23"
"K2-167 b","K2-167 b","EPIC 205904628",0,"CONFIRMED","Mayo et al. 2018","3",9.97748100000,"2018-02-14","2018-02-15"
"K2-167 b","K2-167 b","EPIC 205904628",0,"CONFIRMED","Mayo et al. 2018","3",9.97540300000,"2015-12-05","2015-12-05"
"K2-167 b","K2-167 b","EPIC 205904628",0,"CONFIRMED","Mayo et al. 2018","3",9.97857000000,"2022-02-15","2022-02-15"
"K2-167 b","K2-167 b","EPIC 205904628",0,"CONFIRMED","Mayo et al. 2018","3",9.97833192740,"2024-09-16","2024-09-16"
"K2-54 b","K2-54 b","EPIC 205916793",1,"CONFIRMED","Crossfield et al. 2016","3",9.78330000000,"2024-11-20","2024-11-20"
"K2-54 b","K2-54 b","EPIC 205916793",0,"CONFIRMED","Crossfield et al. 2016","3",9.78430000000,"2016-07-14","2016-07-18"
"K2-55 b","K2-55 b","EPIC 205924614",1,"CONFIRMED","Crossfield et al. 2016","3",2.84927100000,"2025-09-17","2025-09-17"
"K2-55 b","K2-55 b","EPIC 205924614",0,"CONFIRMED","Crossfield et al. 2016","3",2.84947127000,"2016-12-21","2016-12-21"
"K2-55 b","K2-55 b","EPIC 205924614",0,"CONFIRMED","Crossfield et al. 2016","3",2.84930000000,"2016-06-09","2016-06-09"
"K2-55 b","K2-55 b","EPIC 205924614",0,"CONFIRMED","Crossfield et al. 2016","3",2.84928022554,"2026-01-29","2022-08-09"
"K2-55 b","K2-55 b","EPIC 205924614",0,"CONFIRMED","Crossfield et al. 2016","3",2.84928180000,"2015-12-05","2015-12-05"
"K2-55 b","K2-55 b","EPIC 205924614",0,"CONFIRMED","Crossfield et al. 2016","3",2.84928160000,"2024-03-04","2024-03-04"
"K2-55 b","K2-55 b","EPIC 205924614",0,"CONFIRMED","Crossfield et al. 2016","3",2.84925800000,"2016-07-14","2016-07-18"
"K2-55 b","K2-55 b","EPIC 205924614",0,"CONFIRMED","Crossfield et al. 2016","3",2.84927400000,"2017-10-23","2017-10-26"
"K2-55 b","K2-55 b","EPIC 205924614",0,"CONFIRMED","Crossfield et al. 2016","3",2.84930200000,"2019-09-05","2019-09-05"
"EPIC 205938820.01",,"EPIC 205938820",1,"CANDIDATE","Kruse et al. 2019","3",4.20773000000,"2019-09-05","2019-09-05"
"EPIC 205939498.01",,"EPIC 205939498",1,"CANDIDATE","Kruse et al. 2019","3",1.17614770000,"2019-09-05","2019-09-05"
"EPIC 205943325.01",,"EPIC 205943325",1,"CANDIDATE","Zink et al. 2021","3",27.27019100000,"2021-11-19","2021-11-19"
"EPIC 205944181.01",,"EPIC 205944181",1,"CANDIDATE","Kruse et al. 2019","3",2.47557300000,"2019-09-05","2019-09-05"
"EPIC 205944181.01",,"EPIC 205944181",0,"CANDIDATE","Kruse et al. 2019","3",2.47552700000,"2016-07-18","2016-07-18"
"EPIC 205944181.01",,"EPIC 205944181",0,"CANDIDATE","Kruse et al. 2019","3",2.47563130000,"2015-12-05","2015-12-05"
"EPIC 205944181.01",,"EPIC 205944181",0,"CANDIDATE","Kruse et al. 2019","3",2.47564100000,"2018-02-15","2018-02-15"
"EPIC 205947161.01",,"EPIC 205947161",1,"CANDIDATE","Kruse et al. 2019","3",17.72590000000,"2019-09-05","2019-09-05"
"EPIC 205947161.01",,"EPIC 205947161",0,"CANDIDATE","Kruse et al. 2019","3",17.72507000000,"2016-07-18","2016-07-18"
"EPIC 205947161.01",,"EPIC 205947161",0,"CANDIDATE","Kruse et al. 2019","3",17.72583700000,"2015-12-05","2015-12-05"
"EPIC 205947161.01",,"EPIC 205947161",0,"CANDIDATE","Kruse et al. 2019","3",17.72567730000,"2022-08-09","2022-08-09"
"EPIC 205947214.01",,"EPIC 205947214",1,"CANDIDATE","Vanderburg et al. 2016","3",54.16983200000,"2015-12-05","2015-12-05"
"EPIC 205950854 c","K2-168 c","EPIC 205950854",1,"CONFIRMED","Heller et al. 2019","3",8.05072200000,"2019-08-09","2019-08-15"
"EPIC 205950854 c","K2-168 c","EPIC 205950854",0,"CONFIRMED","Heller et al. 2019","3",8.05160000000,"2019-09-05","2019-09-05"
"EPIC 205950854 c","K2-168 c","EPIC 205950854",0,"CONFIRMED","Heller et al. 2019","3",8.04680000000,"2019-08-09","2019-06-13"
"K2-168 b","K2-168 b","EPIC 205950854",1,"CONFIRMED","Mayo et al. 2018","3",15.85230000000,"2019-08-09","2019-08-15"
"K2-168 b","K2-168 b","EPIC 205950854",0,"CONFIRMED","Mayo et al. 2018","3",15.85412000000,"2015-12-05","2015-12-05"
"K2-168 b","K2-168 b","EPIC 205950854",0,"CONFIRMED","Mayo et al. 2018","3",15.85398900000,"2019-08-09","2018-02-15"
"K2-168 b","K2-168 b","EPIC 205950854",0,"CONFIRMED","Mayo et al. 2018","3",15.85230000000,"2019-09-05","2019-09-05"
"EPIC 205951125.01",,"EPIC 205951125",1,"CANDIDATE","Kruse et al. 2019","3",6.79143000000,"2019-09-05","2019-09-05"
"EPIC 205957328.01",,"EPIC 205957328",1,"CANDIDATE","Kruse et al. 2019","3",14.35330000000,"2019-09-05","2019-09-05"
"EPIC 205957328.01",,"EPIC 205957328",0,"CANDIDATE","Kruse et al. 2019","3",14.35334700000,"2015-12-05","2015-12-05"
"EPIC 205957328.01",,"EPIC 205957328",0,"CANDIDATE","Kruse et al. 2019","3",14.35343800000,"2018-02-15","2018-02-15"
"EPIC 205962305.01",,"EPIC 205962305",1,"CANDIDATE","Kruse et al. 2019","3",1.88282000000,"2019-09-05","2019-09-05"
"EPIC 205969319.01",,"EPIC 205969319",1,"CANDIDATE","Kruse et al. 2019","3",6.47560000000,"2019-09-05","2019-09-05"
"EPIC 205976958.01",,"EPIC 205976958",1,"CANDIDATE","Kruse et al. 2019","3",2.31803000000,"2019-09-05","2019-09-05"
"EPIC 205976958.01",,"EPIC 205976958",0,"CANDIDATE","Kruse et al. 2019","3",2.31814660000,"2015-12-05","2015-12-05"
"EPIC 205979483.01",,"EPIC 205979483",1,"FALSE POSITIVE","del Ser et al. 2023","3",12.42920000000,"2022-11-07","2022-11-07"
"EPIC 205981465.01",,"EPIC 205981465",1,"CANDIDATE","Kruse et al. 2019","3",6.37733000000,"2019-09-05","2019-09-05"
"EPIC 205990339.01",,"EPIC 205990339",1,"FALSE POSITIVE","Crossfield et al. 2016","3",19.44212000000,"2016-07-18","2016-07-18"
"EPIC 205990339.01",,"EPIC 205990339",0,"FALSE POSITIVE","Crossfield et al. 2016","3",19.44189900000,"2015-12-05","2015-12-05"
"EPIC 205996447.01",,"EPIC 205996447",1,"CANDIDATE","Vanderburg et al. 2016","3",0.80032756000,"2015-12-05","2015-12-05"
"EPIC 205998649.01",,"EPIC 205998649",1,"CANDIDATE","Kruse et al. 2019","3",8.39580000000,"2019-09-05","2019-09-05"
"EPIC 205999468.01",,"EPIC 205999468",1,"CANDIDATE","Kruse et al. 2019","3",12.26422000000,"2019-09-05","2019-09-05"
"EPIC 205999468.01",,"EPIC 205999468",0,"CANDIDATE","Kruse et al. 2019","3",12.25823207000,"2016-12-21","2016-12-21"
"EPIC 205999468.01",,"EPIC 205999468",0,"CANDIDATE","Kruse et al. 2019","3",12.26310000000,"2016-07-18","2016-07-18"
"EPIC 205999468.01",,"EPIC 205999468",0,"CANDIDATE","Kruse et al. 2019","3",12.26335400000,"2015-12-05","2015-12-05"
"K2-169 b","K2-169 b","EPIC 206007892",1,"CONFIRMED","Mayo et al. 2018","3",6.38080300000,"2018-02-14","2018-02-15"
"K2-169 b","K2-169 b","EPIC 206007892",0,"CONFIRMED","Mayo et al. 2018","3",6.38092000000,"2019-09-05","2019-09-05"
"K2-169 b","K2-169 b","EPIC 206007892",0,"CONFIRMED","Mayo et al. 2018","3",6.37961000000,"2015-12-05","2015-12-05"
"K2-170 b","K2-170 b","EPIC 206008091",1,"CONFIRMED","Mayo et al. 2018","3",7.57654400000,"2018-02-14","2018-02-15"
"K2-170 b","K2-170 b","EPIC 206008091",0,"CONFIRMED","Mayo et al. 2018","3",7.57340000000,"2019-09-05","2019-09-05"
"K2-170 b","K2-170 b","EPIC 206008091",0,"CONFIRMED","Mayo et al. 2018","3",7.57672060000,"2015-12-05","2015-12-05"
"K2-170 c","K2-170 c","EPIC 206008091",1,"CONFIRMED","Mayo et al. 2018","3",12.40004700000,"2018-02-14","2018-02-15"
"K2-170 c","K2-170 c","EPIC 206008091",0,"CONFIRMED","Mayo et al. 2018","3",12.39880000000,"2019-09-05","2019-09-05"
"K2-170 c","K2-170 c","EPIC 206008091",0,"CONFIRMED","Mayo et al. 2018","3",12.40073100000,"2015-12-05","2015-12-05"
"K2-265 b","K2-265 b","EPIC 206011496",1,"CONFIRMED","Lam et al. 2018","3",2.36902000000,"2024-11-20","2024-11-20"
"K2-265 b","K2-265 b","EPIC 206011496",0,"CONFIRMED","Lam et al. 2018","3",2.36916512782,"2025-10-30","2025-10-30"
"K2-265 b","K2-265 b","EPIC 206011496",0,"CONFIRMED","Lam et al. 2018","3",2.36900800000,"2018-02-15","2018-02-15"
"K2-265 b","K2-265 b","EPIC 206011496",0,"CONFIRMED","Lam et al. 2018","3",2.36906000000,"2025-09-17","2025-09-17"
"K2-265 b","K2-265 b","EPIC 206011496",0,"CONFIRMED","Lam et al. 2018","3",2.36904380000,"2015-12-05","2015-12-05"
"K2-265 b","K2-265 b","EPIC 206011496",0,"CONFIRMED","Lam et al. 2018","3",2.36840828000,"2016-12-21","2016-12-21"
"K2-265 b","K2-265 b","EPIC 206011496",0,"CONFIRMED","Lam et al. 2018","3",2.36919300000,"2016-07-18","2016-07-18"
"K2-265 b","K2-265 b","EPIC 206011496",0,"CONFIRMED","Lam et al. 2018","3",2.36901900000,"2019-09-05","2019-09-05"
"K2-265 b","K2-265 b","EPIC 206011496",0,"CONFIRMED","Lam et al. 2018","3",2.36917200000,"2018-10-05","2018-10-04"
"K2-21 b","K2-21 b","EPIC 206011691",1,"CONFIRMED","Petigura et al. 2015","3",9.32503800000,"2017-12-12","2017-10-26"
"K2-21 b","K2-21 b","EPIC 206011691",0,"CONFIRMED","Petigura et al. 2015","3",9.32448000000,"2019-09-05","2019-09-05"
"K2-21 b","K2-21 b","EPIC 206011691",0,"CONFIRMED","Petigura et al. 2015","3",9.32389000000,"2017-12-12","2016-07-18"
"K2-21 b","K2-21 b","EPIC 206011691",0,"CONFIRMED","Petigura et al. 2015","3",9.32514980000,"2015-12-05","2015-12-05"
"K2-21 b","K2-21 b","EPIC 206011691",0,"CONFIRMED","Petigura et al. 2015","3",9.32414000000,"2017-12-12","2015-09-18"
"K2-21 c","K2-21 c","EPIC 206011691",1,"CONFIRMED","Petigura et al. 2015","3",15.50192000000,"2017-12-12","2017-10-26"
"K2-21 c","K2-21 c","EPIC 206011691",0,"CONFIRMED","Petigura et al. 2015","3",15.50116000000,"2017-12-12","2016-07-18"
"K2-21 c","K2-21 c","EPIC 206011691",0,"CONFIRMED","Petigura et al. 2015","3",15.49412230000,"2016-12-21","2016-12-21"
"K2-21 c","K2-21 c","EPIC 206011691",0,"CONFIRMED","Petigura et al. 2015","3",15.50195000000,"2019-09-05","2019-09-05"
"K2-21 c","K2-21 c","EPIC 206011691",0,"CONFIRMED","Petigura et al. 2015","3",15.50120000000,"2017-12-12","2015-09-18"
"K2-21 c","K2-21 c","EPIC 206011691",0,"CONFIRMED","Petigura et al. 2015","3",15.50410200000,"2015-12-05","2015-12-05"
"EPIC 206011849.01",,"EPIC 206011849",1,"CANDIDATE","Kruse et al. 2019","3",10.36310000000,"2019-09-05","2019-09-05"
"EPIC 206024342 b","K2-299 b","EPIC 206024342",1,"CONFIRMED","Heller et al. 2019","3",4.50756000000,"2019-06-03","2019-06-13"
"EPIC 206024342 b","K2-299 b","EPIC 206024342",0,"CONFIRMED","Heller et al. 2019","3",4.50717000000,"2019-09-05","2019-09-05"
"EPIC 206024342 c","K2-299 c","EPIC 206024342",1,"CONFIRMED","Adams et al. 2021","3",0.91172400000,"2021-10-25","2021-10-25"
"EPIC 206024342 c","K2-299 c","EPIC 206024342",0,"CONFIRMED","Adams et al. 2021","3",0.91161800000,"2019-09-05","2019-09-05"
"EPIC 206024342 c","K2-299 c","EPIC 206024342",0,"CONFIRMED","Adams et al. 2021","3",0.91165670000,"2015-12-05","2015-12-05"
"EPIC 206024342 d","K2-299 d","EPIC 206024342",1,"CONFIRMED","Adams et al. 2021","3",14.64753100000,"2021-10-25","2021-10-25"
"EPIC 206024342 d","K2-299 d","EPIC 206024342",0,"CONFIRMED","Adams et al. 2021","3",14.64154100000,"2015-12-05","2015-12-05"
"EPIC 206024342 d","K2-299 d","EPIC 206024342",0,"CONFIRMED","Adams et al. 2021","3",14.63700000000,"2016-07-18","2016-07-18"
"EPIC 206024342 d","K2-299 d","EPIC 206024342",0,"CONFIRMED","Adams et al. 2021","3",14.64350000000,"2019-09-05","2019-09-05"
"K2-57 b","K2-57 b","EPIC 206026136",1,"CONFIRMED","Crossfield et al. 2016","3",9.00730000000,"2024-11-20","2024-11-20"
"K2-57 b","K2-57 b","EPIC 206026136",0,"CONFIRMED","Crossfield et al. 2016","3",9.00715600000,"2015-12-05","2015-12-05"
"K2-57 b","K2-57 b","EPIC 206026136",0,"CONFIRMED","Crossfield et al. 2016","3",9.00630000000,"2016-07-14","2016-07-18"
"K2-57 b","K2-57 b","EPIC 206026136",0,"CONFIRMED","Crossfield et al. 2016","3",9.00740000000,"2019-09-05","2019-09-05"
"K2-58 b","K2-58 b","EPIC 206026904",1,"CONFIRMED","Crossfield et al. 2016","3",7.05254000000,"2016-07-14","2016-07-18"
"K2-58 b","K2-58 b","EPIC 206026904",0,"CONFIRMED","Crossfield et al. 2016","3",7.05252730000,"2015-12-05","2015-12-05"
"K2-58 b","K2-58 b","EPIC 206026904",0,"CONFIRMED","Crossfield et al. 2016","3",7.05240378000,"2016-12-21","2016-12-21"
"K2-58 b","K2-58 b","EPIC 206026904",0,"CONFIRMED","Crossfield et al. 2016","3",7.05247500000,"2018-02-14","2018-02-15"
"K2-58 b","K2-58 b","EPIC 206026904",0,"CONFIRMED","Crossfield et al. 2016","3",7.05235000000,"2019-09-05","2019-09-05"
"K2-58 c","K2-58 c","EPIC 206026904",1,"CONFIRMED","Crossfield et al. 2016","3",2.53726000000,"2016-07-14","2016-07-18"
"K2-58 c","K2-58 c","EPIC 206026904",0,"CONFIRMED","Crossfield et al. 2016","3",2.53704220000,"2015-12-05","2015-12-05"
"K2-58 c","K2-58 c","EPIC 206026904",0,"CONFIRMED","Crossfield et al. 2016","3",2.53712000000,"2019-09-05","2019-09-05"
"K2-58 c","K2-58 c","EPIC 206026904",0,"CONFIRMED","Crossfield et al. 2016","3",2.53707100000,"2018-02-14","2018-02-15"
"K2-58 d","K2-58 d","EPIC 206026904",1,"CONFIRMED","Crossfield et al. 2016","3",22.88270000000,"2016-07-14","2016-07-18"
"K2-58 d","K2-58 d","EPIC 206026904",0,"CONFIRMED","Crossfield et al. 2016","3",22.88114500000,"2015-12-05","2015-12-05"
"K2-58 d","K2-58 d","EPIC 206026904",0,"CONFIRMED","Crossfield et al. 2016","3",22.88200000000,"2019-09-05","2019-09-05"
"K2-58 d","K2-58 d","EPIC 206026904",0,"CONFIRMED","Crossfield et al. 2016","3",22.88159000000,"2018-02-14","2018-02-15"
"K2-59 b","K2-59 b","EPIC 206027655",1,"CONFIRMED","Crossfield et al. 2016","3",20.69210000000,"2016-07-14","2016-07-18"
"K2-59 b","K2-59 b","EPIC 206027655",0,"CONFIRMED","Crossfield et al. 2016","3",20.69845300000,"2015-12-05","2015-12-05"
"K2-59 b","K2-59 b","EPIC 206027655",0,"CONFIRMED","Crossfield et al. 2016","3",20.69150000000,"2019-09-05","2019-09-05"
"K2-59 c","K2-59 c","EPIC 206027655",1,"CONFIRMED","Crossfield et al. 2016","3",11.29540000000,"2016-07-14","2016-07-18"
"K2-59 c","K2-59 c","EPIC 206027655",0,"CONFIRMED","Crossfield et al. 2016","3",11.29665000000,"2019-09-05","2019-09-05"
"K2-59 c","K2-59 c","EPIC 206027655",0,"CONFIRMED","Crossfield et al. 2016","3",11.29515800000,"2015-12-05","2015-12-05"
"EPIC 206028176.01",,"EPIC 206028176",1,"CANDIDATE","Kruse et al. 2019","3",9.38053000000,"2019-09-05","2019-09-05"
"EPIC 206028176.01",,"EPIC 206028176",0,"CANDIDATE","Kruse et al. 2019","3",9.38134020000,"2015-12-05","2015-12-05"
"EPIC 206028176.01",,"EPIC 206028176",0,"CANDIDATE","Kruse et al. 2019","3",9.38260000000,"2016-07-18","2016-07-18"
"EPIC 206029242.01",,"EPIC 206029242",1,"CANDIDATE","Kruse et al. 2019","3",5.65050000000,"2019-09-05","2019-09-05"
"EPIC 206029450.01",,"EPIC 206029450",1,"CANDIDATE","Kruse et al. 2019","3",4.23119000000,"2019-09-05","2019-09-05"
"EPIC 206029450.01",,"EPIC 206029450",0,"CANDIDATE","Kruse et al. 2019","3",4.23049590000,"2015-12-05","2015-12-05"
"EPIC 206031623.01",,"EPIC 206031623",1,"CANDIDATE","Kruse et al. 2019","3",9.94870000000,"2019-09-05","2019-09-05"
"EPIC 206032309 b","K2-300 b","EPIC 206032309",1,"CONFIRMED","Heller et al. 2019","3",2.87814000000,"2019-06-03","2019-06-13"
"EPIC 206032309.01",,"EPIC 206032309",1,"CANDIDATE","Vanderburg et al. 2016","3",4.11076340000,"2015-12-05","2015-12-05"
"EPIC 206036749.01",,"EPIC 206036749",1,"CANDIDATE","Kruse et al. 2019","3",1.13130500000,"2019-09-05","2019-09-05"
"EPIC 206036749.01",,"EPIC 206036749",0,"CANDIDATE","Kruse et al. 2019","3",1.13131600000,"2016-07-18","2016-07-18"
"K2-60 b","K2-60 b","EPIC 206038483",1,"CONFIRMED","Crossfield et al. 2016","3",3.00265000000,"2017-01-31","2017-02-02"
"K2-60 b","K2-60 b","EPIC 206038483",0,"CONFIRMED","Crossfield et al. 2016","3",3.00262700000,"2017-01-31","2016-07-18"
"K2-60 b","K2-60 b","EPIC 206038483",0,"CONFIRMED","Crossfield et al. 2016","3",3.00265400000,"2019-09-05","2019-09-05"
"K2-60 b","K2-60 b","EPIC 206038483",0,"CONFIRMED","Crossfield et al. 2016","3",3.00260000000,"2016-06-09","2016-06-09"
"K2-60 b","K2-60 b","EPIC 206038483",0,"CONFIRMED","Crossfield et al. 2016","3",3.00234671000,"2016-12-21","2016-12-21"
"K2-60 b","K2-60 b","EPIC 206038483",0,"CONFIRMED","Crossfield et al. 2016","3",3.00264948360,"2026-01-29","2022-08-09"
"K2-60 b","K2-60 b","EPIC 206038483",0,"CONFIRMED","Crossfield et al. 2016","3",3.00263760000,"2015-12-05","2015-12-05"
"EPIC 206042996 b","K2-301 b","EPIC 206042996",1,"CONFIRMED","Heller et al. 2019","3",5.29860000000,"2022-03-28","2022-03-28"
"EPIC 206042996 b","K2-301 b","EPIC 206042996",0,"CONFIRMED","Heller et al. 2019","3",5.29853000000,"2019-09-05","2019-09-05"
"EPIC 206042996 b","K2-301 b","EPIC 206042996",0,"CONFIRMED","Heller et al. 2019","3",5.29711000000,"2019-06-03","2019-06-13"
"EPIC 206042996 c","K2-301 c","EPIC 206042996",1,"CONFIRMED","Adams et al. 2021","3",0.35488400000,"2021-10-25","2021-10-25"
"EPIC 206042996 c","K2-301 c","EPIC 206042996",0,"CONFIRMED","Adams et al. 2021","3",0.35490972000,"2015-12-05","2015-12-05"
"K2-61 b","K2-61 b","EPIC 206044803",1,"CONFIRMED","Crossfield et al. 2016","3",2.57336000000,"2025-09-17","2025-09-17"
"K2-61 b","K2-61 b","EPIC 206044803",0,"CONFIRMED","Crossfield et al. 2016","3",2.57341300000,"2018-02-14","2018-02-15"
"K2-61 b","K2-61 b","EPIC 206044803",0,"CONFIRMED","Crossfield et al. 2016","3",2.57302000000,"2016-07-14","2016-07-18"
"K2-61 b","K2-61 b","EPIC 206044803",0,"CONFIRMED","Crossfield et al. 2016","3",2.57353520000,"2015-12-05","2015-12-05"
"K2-61 b","K2-61 b","EPIC 206044803",0,"CONFIRMED","Crossfield et al. 2016","3",2.57275378000,"2016-12-21","2016-12-21"
"K2-61 b","K2-61 b","EPIC 206044803",0,"CONFIRMED","Crossfield et al. 2016","3",2.57333000000,"2019-09-05","2019-09-05"
"EPIC 206047055.01",,"EPIC 206047055",1,"CANDIDATE","Kruse et al. 2019","3",4.10290000000,"2019-09-05","2019-09-05"
"EPIC 206049452.01",,"EPIC 206049452",1,"CANDIDATE","Vanderburg et al. 2016","3",14.45449500000,"2015-12-05","2015-12-05"
"K2-171 b","K2-171 b","EPIC 206049764",1,"CONFIRMED","Mayo et al. 2018","3",5.62846600000,"2018-02-14","2018-02-15"
"K2-171 b","K2-171 b","EPIC 206049764",0,"CONFIRMED","Mayo et al. 2018","3",5.62280000000,"2019-09-05","2019-09-05"
"K2-171 b","K2-171 b","EPIC 206049764",0,"CONFIRMED","Mayo et al. 2018","3",5.63159150000,"2015-12-05","2015-12-05"
"K2-367 b","K2-367 b","EPIC 206055981",1,"CONFIRMED","Christiansen et al. 2022","3",20.64509900000,"2022-03-16","2022-03-16"
"K2-367 b","K2-367 b","EPIC 206055981",0,"CONFIRMED","Christiansen et al. 2022","3",20.64392800000,"2015-12-05","2015-12-05"
"K2-367 b","K2-367 b","EPIC 206055981",0,"CONFIRMED","Christiansen et al. 2022","3",20.64600000000,"2019-09-05","2019-09-05"
"EPIC 206056433.01",,"EPIC 206056433",1,"CANDIDATE","Vanderburg et al. 2016","3",28.56499400000,"2015-12-05","2015-12-05"
"EPIC 206061524.01",,"EPIC 206061524",1,"CANDIDATE","Kruse et al. 2019","3",5.87982900000,"2019-09-05","2019-09-05"
"EPIC 206061524.01",,"EPIC 206061524",0,"CANDIDATE","Kruse et al. 2019","3",5.87970000000,"2016-06-09","2016-06-09"
"EPIC 206061524.01",,"EPIC 206061524",0,"CANDIDATE","Kruse et al. 2019","3",5.87913354000,"2016-12-21","2016-12-21"
"EPIC 206061524.01",,"EPIC 206061524",0,"CANDIDATE","Kruse et al. 2019","3",5.87961230000,"2015-12-05","2015-12-05"
"EPIC 206061524.01",,"EPIC 206061524",0,"CANDIDATE","Kruse et al. 2019","3",5.87975000000,"2016-07-18","2016-07-18"
"EPIC 206061524.01",,"EPIC 206061524",0,"CANDIDATE","Kruse et al. 2019","3",5.87672094142,"2025-09-25","2025-09-25"
"EPIC 206065006.01",,"EPIC 206065006",1,"FALSE POSITIVE","Crossfield et al. 2016","3",25.27680000000,"2016-07-18","2016-07-18"
"K2-172 b","K2-172 b","EPIC 206082454",1,"CONFIRMED","Mayo et al. 2018","3",14.31694100000,"2018-02-14","2018-02-15"
"K2-172 b","K2-172 b","EPIC 206082454",0,"CONFIRMED","Mayo et al. 2018","3",14.31810000000,"2019-09-05","2019-09-05"
"K2-172 b","K2-172 b","EPIC 206082454",0,"CONFIRMED","Mayo et al. 2018","3",14.31700100000,"2015-12-05","2015-12-05"
"K2-172 c","K2-172 c","EPIC 206082454",1,"CONFIRMED","Mayo et al. 2018","3",29.62682000000,"2018-02-14","2018-02-15"
"K2-172 c","K2-172 c","EPIC 206082454",0,"CONFIRMED","Mayo et al. 2018","3",29.62640200000,"2015-12-05","2015-12-05"
"K2-172 c","K2-172 c","EPIC 206082454",0,"CONFIRMED","Mayo et al. 2018","3",29.62450000000,"2019-09-05","2019-09-05"
"K2-172 c","K2-172 c","EPIC 206082454",0,"CONFIRMED","Mayo et al. 2018","3",29.62600000000,"2016-06-09","2016-06-09"
"K2-62 b","K2-62 b","EPIC 206096602",1,"CONFIRMED","Crossfield et al. 2016","3",6.67199000000,"2025-09-17","2025-09-17"
"K2-62 b","K2-62 b","EPIC 206096602",0,"CONFIRMED","Crossfield et al. 2016","3",6.67010938000,"2016-12-21","2016-12-21"
"K2-62 b","K2-62 b","EPIC 206096602",0,"CONFIRMED","Crossfield et al. 2016","3",6.67196000000,"2019-09-05","2019-09-05"
"K2-62 b","K2-62 b","EPIC 206096602",0,"CONFIRMED","Crossfield et al. 2016","3",6.67176860000,"2015-12-05","2015-12-05"
"K2-62 b","K2-62 b","EPIC 206096602",0,"CONFIRMED","Crossfield et al. 2016","3",6.67202000000,"2016-07-14","2016-07-18"
"K2-62 b","K2-62 b","EPIC 206096602",0,"CONFIRMED","Crossfield et al. 2016","3",6.67177400000,"2018-02-14","2018-02-15"
"K2-62 c","K2-62 c","EPIC 206096602",1,"CONFIRMED","Crossfield et al. 2016","3",16.19697000000,"2025-09-17","2025-09-17"
"K2-62 c","K2-62 c","EPIC 206096602",0,"CONFIRMED","Crossfield et al. 2016","3",16.19718900000,"2015-12-05","2015-12-05"
"K2-62 c","K2-62 c","EPIC 206096602",0,"CONFIRMED","Crossfield et al. 2016","3",16.19803000000,"2019-09-05","2019-09-05"
"K2-62 c","K2-62 c","EPIC 206096602",0,"CONFIRMED","Crossfield et al. 2016","3",16.19720100000,"2018-02-14","2018-02-15"
"K2-62 c","K2-62 c","EPIC 206096602",0,"CONFIRMED","Crossfield et al. 2016","3",16.19660000000,"2016-07-14","2016-07-18"
"K2-63 b","K2-63 b","EPIC 206101302",1,"CONFIRMED","Crossfield et al. 2016","3",20.25700000000,"2016-07-14","2016-07-18"
"K2-63 b","K2-63 b","EPIC 206101302",0,"CONFIRMED","Crossfield et al. 2016","3",20.25820900000,"2015-12-05","2015-12-05"
"K2-63 b","K2-63 b","EPIC 206101302",0,"CONFIRMED","Crossfield et al. 2016","3",20.26530000000,"2019-09-05","2019-09-05"
"K2-63 c","K2-63 c","EPIC 206101302",1,"CONFIRMED","Crossfield et al. 2016","3",25.45560000000,"2019-04-01","2019-03-28"
"K2-63 c","K2-63 c","EPIC 206101302",0,"CONFIRMED","Crossfield et al. 2016","3",25.45781500000,"2015-12-05","2015-12-05"
"K2-63 c","K2-63 c","EPIC 206101302",0,"CONFIRMED","Crossfield et al. 2016","3",25.45690000000,"2019-09-05","2019-09-05"
"WASP-47 b","K2-23 b","EPIC 206103150",1,"CONFIRMED","Hellier et al. 2012","3",4.15915100000,"2024-08-16","2024-08-16"
"WASP-47 b","K2-23 b","EPIC 206103150",0,"CONFIRMED","Hellier et al. 2012","3",4.15914090000,"2018-06-26","2015-10-15"
"WASP-47 b","K2-23 b","EPIC 206103150",0,"CONFIRMED","Hellier et al. 2012","3",4.15915124589,"2026-01-29","2022-08-09"
"WASP-47 b","K2-23 b","EPIC 206103150",0,"CONFIRMED","Hellier et al. 2012","3",4.15912870000,"2018-06-26","2015-10-15"
"WASP-47 b","K2-23 b","EPIC 206103150",0,"CONFIRMED","Hellier et al. 2012","3",4.16071000000,"2018-06-26","2016-12-01"
"WASP-47 b","K2-23 b","EPIC 206103150",0,"CONFIRMED","Hellier et al. 2012","3",4.15912820000,"2018-06-26","2015-11-19"
"WASP-47 b","K2-23 b","EPIC 206103150",0,"CONFIRMED","Hellier et al. 2012","3",4.15917000000,"2019-09-05","2019-09-05"
"WASP-47 b","K2-23 b","EPIC 206103150",0,"CONFIRMED","Hellier et al. 2012","3",4.15914960000,"2022-01-24","2022-01-24"
"WASP-47 b","K2-23 b","EPIC 206103150",0,"CONFIRMED","Hellier et al. 2012","3",4.15914806000,"2022-10-18","2022-10-18"
"WASP-47 b","K2-23 b","EPIC 206103150",0,"CONFIRMED","Hellier et al. 2012","3",4.15917390000,"2015-12-05","2015-12-05"
"WASP-47 b","K2-23 b","EPIC 206103150",0,"CONFIRMED","Hellier et al. 2012","3",4.15913990000,"2018-06-26","2014-05-14"
"WASP-47 b","K2-23 b","EPIC 206103150",0,"CONFIRMED","Hellier et al. 2012","3",4.15912890000,"2018-06-26","2018-06-21"
"WASP-47 b","K2-23 b","EPIC 206103150",0,"CONFIRMED","Hellier et al. 2012","3",4.15810694000,"2016-12-21","2016-12-21"
"WASP-47 b","K2-23 b","EPIC 206103150",0,"CONFIRMED","Hellier et al. 2012","3",4.10000000000,"2019-11-27","2019-12-05"
"WASP-47 b","K2-23 b","EPIC 206103150",0,"CONFIRMED","Hellier et al. 2012","3",4.15915035000,"2024-03-04","2024-03-04"
"WASP-47 b","K2-23 b","EPIC 206103150",0,"CONFIRMED","Hellier et al. 2012","3",4.15914920000,"2022-09-19","2022-09-19"
"WASP-47 b","K2-23 b","EPIC 206103150",0,"CONFIRMED","Hellier et al. 2012","3",4.15914920000,"2024-12-10","2024-12-10"
"WASP-47 b","K2-23 b","EPIC 206103150",0,"CONFIRMED","Hellier et al. 2012","3",4.15922100000,"2018-06-26","2016-07-18"
"WASP-47 b","K2-23 b","EPIC 206103150",0,"CONFIRMED","Hellier et al. 2012","3",4.15915200000,"2025-09-17","2025-09-17"
"WASP-47 c","K2-23 c","EPIC 206103150",1,"CONFIRMED","Neveu-VanMalle et al. 2015","3",589.57000000000,"2024-08-16","2024-08-16"
"WASP-47 c","K2-23 c","EPIC 206103150",0,"CONFIRMED","Neveu-VanMalle et al. 2015","3",572.00000000000,"2018-06-26","2015-10-15"
"WASP-47 c","K2-23 c","EPIC 206103150",0,"CONFIRMED","Neveu-VanMalle et al. 2015","3",592.50000000000,"2025-09-17","2025-09-17"
"WASP-47 c","K2-23 c","EPIC 206103150",0,"CONFIRMED","Neveu-VanMalle et al. 2015","3",580.70000000000,"2018-06-26","2016-12-01"
"WASP-47 c","K2-23 c","EPIC 206103150",0,"CONFIRMED","Neveu-VanMalle et al. 2015","3",588.50000000000,"2018-06-26","2018-06-21"
"WASP-47 c","K2-23 c","EPIC 206103150",0,"CONFIRMED","Neveu-VanMalle et al. 2015","3",588.80000000000,"2022-09-19","2022-09-19"
"WASP-47 c","K2-23 c","EPIC 206103150",0,"CONFIRMED","Neveu-VanMalle et al. 2015","3",588.80000000000,"2024-12-10","2024-12-10"
"WASP-47 d","K2-23 d","EPIC 206103150",1,"CONFIRMED","Becker et al. 2015","3",9.03050100000,"2024-08-16","2024-08-16"
"WASP-47 d","K2-23 d","EPIC 206103150",0,"CONFIRMED","Becker et al. 2015","3",9.03079000000,"2018-06-26","2015-11-19"
"WASP-47 d","K2-23 d","EPIC 206103150",0,"CONFIRMED","Becker et al. 2015","3",9.03077000000,"2018-06-26","2018-06-21"
"WASP-47 d","K2-23 d","EPIC 206103150",0,"CONFIRMED","Becker et al. 2015","3",9.03055000000,"2022-09-19","2022-09-19"
"WASP-47 d","K2-23 d","EPIC 206103150",0,"CONFIRMED","Becker et al. 2015","3",9.09500000000,"2018-06-26","2016-12-01"
"WASP-47 d","K2-23 d","EPIC 206103150",0,"CONFIRMED","Becker et al. 2015","3",9.03054190000,"2015-12-05","2015-12-05"
"WASP-47 d","K2-23 d","EPIC 206103150",0,"CONFIRMED","Becker et al. 2015","3",9.03052118000,"2024-12-10","2024-12-10"
"WASP-47 d","K2-23 d","EPIC 206103150",0,"CONFIRMED","Becker et al. 2015","3",9.03081000000,"2018-06-26","2015-10-15"
"WASP-47 d","K2-23 d","EPIC 206103150",0,"CONFIRMED","Becker et al. 2015","3",9.03164000000,"2018-06-26","2016-07-18"
"WASP-47 d","K2-23 d","EPIC 206103150",0,"CONFIRMED","Becker et al. 2015","3",9.02805200000,"2022-03-28","2022-03-28"
"WASP-47 d","K2-23 d","EPIC 206103150",0,"CONFIRMED","Becker et al. 2015","3",9.03101000000,"2025-09-17","2025-09-17"
"WASP-47 e","K2-23 e","EPIC 206103150",1,"CONFIRMED","Becker et al. 2015","3",0.78961000000,"2024-08-16","2024-08-16"
"WASP-47 e","K2-23 e","EPIC 206103150",0,"CONFIRMED","Becker et al. 2015","3",0.78959700000,"2018-06-26","2015-10-15"
"WASP-47 e","K2-23 e","EPIC 206103150",0,"CONFIRMED","Becker et al. 2015","3",0.79000000000,"2019-08-23","2019-08-29"
"WASP-47 e","K2-23 e","EPIC 206103150",0,"CONFIRMED","Becker et al. 2015","3",0.78961301000,"2015-12-05","2015-12-05"
"WASP-47 e","K2-23 e","EPIC 206103150",0,"CONFIRMED","Becker et al. 2015","3",0.78959200000,"2018-06-26","2018-06-21"
"WASP-47 e","K2-23 e","EPIC 206103150",0,"CONFIRMED","Becker et al. 2015","3",0.78963600000,"2018-06-26","2016-12-01"
"WASP-47 e","K2-23 e","EPIC 206103150",0,"CONFIRMED","Becker et al. 2015","3",0.78959300000,"2018-06-26","2015-11-19"
"WASP-47 e","K2-23 e","EPIC 206103150",0,"CONFIRMED","Becker et al. 2015","3",0.78959330000,"2024-12-10","2024-12-10"
"WASP-47 e","K2-23 e","EPIC 206103150",0,"CONFIRMED","Becker et al. 2015","3",0.78959330000,"2022-09-19","2022-09-19"
"WASP-47 e","K2-23 e","EPIC 206103150",0,"CONFIRMED","Becker et al. 2015","3",0.78965500000,"2022-03-28","2022-03-28"
"WASP-47 e","K2-23 e","EPIC 206103150",0,"CONFIRMED","Becker et al. 2015","3",0.78951800000,"2018-06-26","2016-07-18"
"WASP-47 e","K2-23 e","EPIC 206103150",0,"CONFIRMED","Becker et al. 2015","3",0.78969300000,"2016-06-09","2016-06-09"
"WASP-47 e","K2-23 e","EPIC 206103150",0,"CONFIRMED","Becker et al. 2015","3",0.78957000000,"2025-09-17","2025-09-17"
"EPIC 206114294.01",,"EPIC 206114294",1,"CANDIDATE","Kruse et al. 2019","3",3.29201300000,"2019-09-05","2019-09-05"
"EPIC 206114294.01",,"EPIC 206114294",0,"CANDIDATE","Kruse et al. 2019","3",3.29189700000,"2016-07-18","2016-07-18"
"EPIC 206114294.01",,"EPIC 206114294",0,"CANDIDATE","Kruse et al. 2019","3",3.29205980000,"2015-12-05","2015-12-05"
"EPIC 206114630.01",,"EPIC 206114630",1,"CANDIDATE","Mayo et al. 2018","3",7.44502600000,"2018-02-15","2018-02-15"
"EPIC 206114630.01",,"EPIC 206114630",0,"CANDIDATE","Mayo et al. 2018","3",7.44487540000,"2015-12-05","2015-12-05"
"K2-116 b","K2-116 b","EPIC 206119924",1,"CONFIRMED","Dressing et al. 2017","3",4.65541100000,"2017-10-03","2017-10-05"
"K2-116 b","K2-116 b","EPIC 206119924",0,"CONFIRMED","Dressing et al. 2017","3",4.65487900000,"2024-03-04","2024-03-04"
"K2-116 b","K2-116 b","EPIC 206119924",0,"CONFIRMED","Dressing et al. 2017","3",4.65533500000,"2018-02-14","2018-02-15"
"K2-116 b","K2-116 b","EPIC 206119924",0,"CONFIRMED","Dressing et al. 2017","3",4.65567820000,"2015-12-05","2015-12-05"
"K2-64 b","K2-64 b","EPIC 206125618",1,"CONFIRMED","Crossfield et al. 2016","3",6.53044000000,"2016-07-14","2016-07-18"
"K2-64 b","K2-64 b","EPIC 206125618",0,"CONFIRMED","Crossfield et al. 2016","3",6.53142000000,"2019-09-05","2019-09-05"
"K2-64 b","K2-64 b","EPIC 206125618",0,"CONFIRMED","Crossfield et al. 2016","3",6.53147301000,"2016-12-21","2016-12-21"
"K2-64 b","K2-64 b","EPIC 206125618",0,"CONFIRMED","Crossfield et al. 2016","3",6.53111780000,"2015-12-05","2015-12-05"
"EPIC 206133795.01",,"EPIC 206133795",1,"CANDIDATE","Kruse et al. 2019","3",13.85430000000,"2019-09-05","2019-09-05"
"EPIC 206135075.01",,"EPIC 206135075",1,"CANDIDATE","Vanderburg et al. 2016","3",54.97602100000,"2015-12-05","2015-12-05"
"EPIC 206135170.01",,"EPIC 206135170",1,"CANDIDATE","Kruse et al. 2019","3",2.59824000000,"2019-09-05","2019-09-05"
"EPIC 206135267.01",,"EPIC 206135267",1,"CANDIDATE","Crossfield et al. 2016","3",2.57308800000,"2016-07-18","2016-07-18"
"EPIC 206135267.01",,"EPIC 206135267",0,"CANDIDATE","Crossfield et al. 2016","3",2.57301870000,"2015-12-05","2015-12-05"
"EPIC 206135682.04",,"EPIC 206135682",1,"CANDIDATE","Kruse et al. 2019","3",37.82700000000,"2019-09-05","2019-09-05"
"K2-368 b","K2-368 b","EPIC 206135682",1,"CONFIRMED","Christiansen et al. 2022","3",5.02559800000,"2022-03-16","2022-03-16"
"K2-368 b","K2-368 b","EPIC 206135682",0,"CONFIRMED","Christiansen et al. 2022","3",5.02629000000,"2019-09-05","2019-09-05"
"K2-368 b","K2-368 b","EPIC 206135682",0,"CONFIRMED","Christiansen et al. 2022","3",5.02583100000,"2015-12-05","2015-12-05"
"K2-368 c","K2-368 c","EPIC 206135682",1,"CONFIRMED","Christiansen et al. 2022","3",9.66018600000,"2022-03-16","2022-03-16"
"K2-368 c","K2-368 c","EPIC 206135682",0,"CONFIRMED","Christiansen et al. 2022","3",9.65869000000,"2019-09-05","2019-09-05"
"K2-368 d","K2-368 d","EPIC 206135682",1,"CONFIRMED","Christiansen et al. 2022","3",20.20108500000,"2022-03-16","2022-03-16"
"K2-368 d","K2-368 d","EPIC 206135682",0,"CONFIRMED","Christiansen et al. 2022","3",20.20090000000,"2019-09-05","2019-09-05"
"K2-65 b","K2-65 b","EPIC 206144956",1,"CONFIRMED","Crossfield et al. 2016","3",12.64750000000,"2016-07-14","2016-07-18"
"K2-65 b","K2-65 b","EPIC 206144956",0,"CONFIRMED","Crossfield et al. 2016","3",12.64655000000,"2019-09-05","2019-09-05"
"K2-65 b","K2-65 b","EPIC 206144956",0,"CONFIRMED","Crossfield et al. 2016","3",12.64784900000,"2015-12-05","2015-12-05"
"K2-65 b","K2-65 b","EPIC 206144956",0,"CONFIRMED","Crossfield et al. 2016","3",12.64781500000,"2018-02-14","2018-02-15"
"K2-65 b","K2-65 b","EPIC 206144956",0,"CONFIRMED","Crossfield et al. 2016","3",12.65309622000,"2016-12-21","2016-12-21"
"K2-369 b","K2-369 b","EPIC 206146957",1,"CONFIRMED","Christiansen et al. 2022","3",5.76161200000,"2022-03-16","2022-03-16"
"K2-369 b","K2-369 b","EPIC 206146957",0,"CONFIRMED","Christiansen et al. 2022","3",5.76218000000,"2019-09-05","2019-09-05"
"K2-369 b","K2-369 b","EPIC 206146957",0,"CONFIRMED","Christiansen et al. 2022","3",5.76192480000,"2015-12-05","2015-12-05"
"K2-369 b","K2-369 b","EPIC 206146957",0,"CONFIRMED","Christiansen et al. 2022","3",5.76135900000,"2018-02-15","2018-02-15"
"EPIC 206151047.01",,"EPIC 206151047",1,"CANDIDATE","Kruse et al. 2019","3",0.35840610000,"2019-09-05","2019-09-05"
"EPIC 206151047.01",,"EPIC 206151047",0,"CANDIDATE","Kruse et al. 2019","3",0.35837800000,"2016-06-09","2016-06-09"
"EPIC 206151047.01",,"EPIC 206151047",0,"CANDIDATE","Kruse et al. 2019","3",0.35840528000,"2015-12-05","2015-12-05"
"EPIC 206152015.01",,"EPIC 206152015",1,"CANDIDATE","Barros et al. 2016","3",0.80858305000,"2016-12-21","2016-12-21"
"K2-66 b","K2-66 b","EPIC 206153219",1,"CONFIRMED","Crossfield et al. 2016","3",5.06963000000,"2019-07-19","2019-07-25"
"K2-66 b","K2-66 b","EPIC 206153219",0,"CONFIRMED","Crossfield et al. 2016","3",5.06965000000,"2018-01-16","2016-07-18"
"K2-66 b","K2-66 b","EPIC 206153219",0,"CONFIRMED","Crossfield et al. 2016","3",5.06892320000,"2015-12-05","2015-12-05"
"K2-66 b","K2-66 b","EPIC 206153219",0,"CONFIRMED","Crossfield et al. 2016","3",5.06939000000,"2025-09-17","2025-09-17"
"WASP-75 b","K2-40 b","EPIC 206154641",1,"CONFIRMED","Gomez et al. 2013","3",2.48419300000,"2014-05-14","2014-05-14"
"WASP-75 b","K2-40 b","EPIC 206154641",0,"CONFIRMED","Gomez et al. 2013","3",2.48419726000,"2022-10-18","2022-10-18"
"WASP-75 b","K2-40 b","EPIC 206154641",0,"CONFIRMED","Gomez et al. 2013","3",2.48419750000,"2024-01-05","2024-01-05"
"WASP-75 b","K2-40 b","EPIC 206154641",0,"CONFIRMED","Gomez et al. 2013","3",2.48419300000,"2019-03-18","2019-03-21"
"WASP-75 b","K2-40 b","EPIC 206154641",0,"CONFIRMED","Gomez et al. 2013","3",2.48419390000,"2015-12-05","2015-12-05"
"WASP-75 b","K2-40 b","EPIC 206154641",0,"CONFIRMED","Gomez et al. 2013","3",2.48419760000,"2024-03-04","2024-03-04"
"WASP-75 b","K2-40 b","EPIC 206154641",0,"CONFIRMED","Gomez et al. 2013","3",2.48419870000,"2022-01-24","2022-01-24"
"WASP-75 b","K2-40 b","EPIC 206154641",0,"CONFIRMED","Gomez et al. 2013","3",2.48419050000,"2016-07-14","2016-07-18"
"WASP-75 b","K2-40 b","EPIC 206154641",0,"CONFIRMED","Gomez et al. 2013","3",2.48450535000,"2016-12-21","2016-12-21"
"WASP-75 b","K2-40 b","EPIC 206154641",0,"CONFIRMED","Gomez et al. 2013","3",2.48419810000,"2019-09-05","2019-09-05"
"K2-67 b","K2-67 b","EPIC 206155547",1,"REFUTED","Shporer et al. 2017","3",24.38752000000,"2019-09-05","2019-09-05"
"K2-67 b","K2-67 b","EPIC 206155547",0,"REFUTED","Shporer et al. 2017","3",24.38720000000,"2016-06-09","2016-06-09"
"K2-67 b","K2-67 b","EPIC 206155547",0,"REFUTED","Shporer et al. 2017","3",24.38724000000,"2016-07-18","2016-07-18"
"K2-67 b","K2-67 b","EPIC 206155547",0,"REFUTED","Shporer et al. 2017","3",24.39499240000,"2016-12-21","2016-12-21"
"K2-67 b","K2-67 b","EPIC 206155547",0,"REFUTED","Shporer et al. 2017","3",24.38740700000,"2015-12-05","2015-12-05"
"EPIC 206155922.01",,"EPIC 206155922",1,"CANDIDATE","Kruse et al. 2019","3",4.00932000000,"2019-09-05","2019-09-05"
"EPIC 206159027.02",,"EPIC 206159027",1,"CANDIDATE","Kruse et al. 2019","3",20.67140000000,"2019-09-05","2019-09-05"
"K2-68 b","K2-68 b","EPIC 206159027",1,"CONFIRMED","Crossfield et al. 2016","3",8.05428000000,"2016-07-14","2016-07-18"
"K2-68 b","K2-68 b","EPIC 206159027",0,"CONFIRMED","Crossfield et al. 2016","3",8.05493210000,"2015-12-05","2015-12-05"
"K2-68 b","K2-68 b","EPIC 206159027",0,"CONFIRMED","Crossfield et al. 2016","3",8.05478700000,"2018-02-14","2018-02-15"
"K2-68 b","K2-68 b","EPIC 206159027",0,"CONFIRMED","Crossfield et al. 2016","3",8.05423000000,"2019-09-05","2019-09-05"
"K2-69 b","K2-69 b","EPIC 206162305",1,"CONFIRMED","Crossfield et al. 2016","3",7.06599000000,"2016-07-14","2016-07-18"
"K2-69 b","K2-69 b","EPIC 206162305",0,"CONFIRMED","Crossfield et al. 2016","3",7.06500000000,"2019-09-05","2019-09-05"
"K2-69 b","K2-69 b","EPIC 206162305",0,"CONFIRMED","Crossfield et al. 2016","3",7.06588740000,"2015-12-05","2015-12-05"
"EPIC 206169157.01",,"EPIC 206169157",1,"CANDIDATE","Kruse et al. 2019","3",,"2019-09-05","2019-09-05"
"EPIC 206169157.02",,"EPIC 206169157",1,"CANDIDATE","Kruse et al. 2019","3",,"2019-09-05","2019-09-05"
"EPIC 206169375.01",,"EPIC 206169375",1,"CANDIDATE","Kruse et al. 2019","3",0.36746450000,"2019-09-05","2019-09-05"
"EPIC 206169375.01",,"EPIC 206169375",0,"CANDIDATE","Kruse et al. 2019","3",0.36747300000,"2018-02-15","2018-02-15"
"EPIC 206169375.01",,"EPIC 206169375",0,"CANDIDATE","Kruse et al. 2019","3",0.36745300000,"2016-06-09","2016-06-09"
"EPIC 206169375.01",,"EPIC 206169375",0,"CANDIDATE","Kruse et al. 2019","3",0.36747226000,"2015-12-05","2015-12-05"
"EPIC 206175552.01",,"EPIC 206175552",1,"CANDIDATE","Barros et al. 2016","3",6.57986525000,"2016-12-21","2016-12-21"
"K2-70 b","K2-70 b","EPIC 206181769",1,"CONFIRMED","Crossfield et al. 2016","3",13.97896000000,"2016-07-14","2016-07-18"
"K2-70 b","K2-70 b","EPIC 206181769",0,"CONFIRMED","Crossfield et al. 2016","3",13.97876000000,"2015-12-05","2015-12-05"
"K2-70 b","K2-70 b","EPIC 206181769",0,"CONFIRMED","Crossfield et al. 2016","3",13.98746633000,"2016-12-21","2016-12-21"
"K2-70 b","K2-70 b","EPIC 206181769",0,"CONFIRMED","Crossfield et al. 2016","3",13.97851800000,"2018-02-14","2018-02-15"
"K2-70 b","K2-70 b","EPIC 206181769",0,"CONFIRMED","Crossfield et al. 2016","3",13.97820000000,"2019-09-05","2019-09-05"
"EPIC 206192335.01",,"EPIC 206192335",1,"CANDIDATE","Kruse et al. 2019","3",3.59922000000,"2019-09-05","2019-09-05"
"EPIC 206192335.01",,"EPIC 206192335",0,"CANDIDATE","Kruse et al. 2019","3",3.59906660000,"2015-12-05","2015-12-05"
"EPIC 206192335.01",,"EPIC 206192335",0,"CANDIDATE","Kruse et al. 2019","3",3.59912000000,"2016-07-18","2016-07-18"
"EPIC 206192335.01",,"EPIC 206192335",0,"CANDIDATE","Kruse et al. 2019","3",3.59905000000,"2018-02-15","2018-02-15"
"K2-71 b","K2-71 b","EPIC 206192813",1,"CONFIRMED","Crossfield et al. 2016","3",6.98541000000,"2016-07-14","2016-07-18"
"K2-71 b","K2-71 b","EPIC 206192813",0,"CONFIRMED","Crossfield et al. 2016","3",6.98627940000,"2015-12-05","2015-12-05"
"EPIC 206208956.01",,"EPIC 206208956",1,"CANDIDATE","Kruse et al. 2019","3",5.01038000000,"2019-09-05","2019-09-05"
"K2-72 b","K2-72 b","EPIC 206209135",1,"CONFIRMED","Crossfield et al. 2016","3",5.57721200000,"2017-12-12","2017-10-26"
"K2-72 b","K2-72 b","EPIC 206209135",0,"CONFIRMED","Crossfield et al. 2016","3",5.57739000000,"2017-12-12","2016-07-18"
"K2-72 b","K2-72 b","EPIC 206209135",0,"CONFIRMED","Crossfield et al. 2016","3",5.57731470000,"2015-12-05","2015-12-05"
"K2-72 c","K2-72 c","EPIC 206209135",1,"CONFIRMED","Crossfield et al. 2016","3",15.18903400000,"2017-12-12","2017-10-26"
"K2-72 c","K2-72 c","EPIC 206209135",0,"CONFIRMED","Crossfield et al. 2016","3",15.18710000000,"2017-12-12","2016-07-18"
"K2-72 d","K2-72 d","EPIC 206209135",1,"CONFIRMED","Crossfield et al. 2016","3",7.76017800000,"2017-12-12","2017-10-26"
"K2-72 d","K2-72 d","EPIC 206209135",0,"CONFIRMED","Crossfield et al. 2016","3",7.75990000000,"2017-12-12","2016-07-18"
"K2-72 e","K2-72 e","EPIC 206209135",1,"CONFIRMED","Crossfield et al. 2016","3",24.15886800000,"2017-12-12","2017-10-26"
"K2-72 e","K2-72 e","EPIC 206209135",0,"CONFIRMED","Crossfield et al. 2016","3",24.16690000000,"2017-12-12","2016-07-18"
"EPIC 206215704 b","K2-302 b","EPIC 206215704",1,"CONFIRMED","Heller et al. 2019","3",2.25543600000,"2022-03-28","2022-03-28"
"EPIC 206215704 b","K2-302 b","EPIC 206215704",0,"CONFIRMED","Heller et al. 2019","3",2.25558000000,"2019-09-05","2019-09-05"
"EPIC 206215704 b","K2-302 b","EPIC 206215704",0,"CONFIRMED","Heller et al. 2019","3",2.25372000000,"2019-06-03","2019-06-13"
"EPIC 206215704.01",,"EPIC 206215704",1,"CANDIDATE","Kruse et al. 2019","3",3.11594000000,"2019-09-05","2019-09-05"
"EPIC 206215704.01",,"EPIC 206215704",0,"CANDIDATE","Kruse et al. 2019","3",0.62309386000,"2015-12-05","2015-12-05"
"EPIC 206226146.01",,"EPIC 206226146",1,"CANDIDATE","Kruse et al. 2019","3",11.63547000000,"2019-09-05","2019-09-05"
"K2-73 b","K2-73 b","EPIC 206245553",1,"CONFIRMED","Crossfield et al. 2016","3",7.49556000000,"2025-09-17","2025-09-17"
"K2-73 b","K2-73 b","EPIC 206245553",0,"CONFIRMED","Crossfield et al. 2016","3",7.49543000000,"2016-07-14","2016-07-18"
"K2-73 b","K2-73 b","EPIC 206245553",0,"CONFIRMED","Crossfield et al. 2016","3",7.49566130000,"2015-12-05","2015-12-05"
"K2-73 b","K2-73 b","EPIC 206245553",0,"CONFIRMED","Crossfield et al. 2016","3",7.49569200000,"2018-02-14","2018-02-15"
"K2-73 b","K2-73 b","EPIC 206245553",0,"CONFIRMED","Crossfield et al. 2016","3",7.49500000000,"2016-06-09","2016-06-09"
"K2-73 b","K2-73 b","EPIC 206245553",0,"CONFIRMED","Crossfield et al. 2016","3",7.49569000000,"2019-09-05","2019-09-05"
"K2-73 b","K2-73 b","EPIC 206245553",0,"CONFIRMED","Crossfield et al. 2016","3",7.49491004000,"2016-12-21","2016-12-21"
"K2-39 b","K2-39 b","EPIC 206247743",1,"CONFIRMED","Van Eylen et al. 2016","3",4.60543000000,"2018-04-25","2018-04-26"
"K2-39 b","K2-39 b","EPIC 206247743",0,"CONFIRMED","Van Eylen et al. 2016","3",4.60497000000,"2018-04-25","2016-07-18"
"K2-39 b","K2-39 b","EPIC 206247743",0,"CONFIRMED","Van Eylen et al. 2016","3",4.60498290000,"2015-12-05","2015-12-05"
"K2-39 b","K2-39 b","EPIC 206247743",0,"CONFIRMED","Van Eylen et al. 2016","3",4.60547000000,"2025-09-17","2025-09-17"
"K2-39 b","K2-39 b","EPIC 206247743",0,"CONFIRMED","Van Eylen et al. 2016","3",4.60497000000,"2018-04-25","2017-02-09"
"K2-39 b","K2-39 b","EPIC 206247743",0,"CONFIRMED","Van Eylen et al. 2016","3",4.60280000000,"2016-06-09","2016-06-09"
"K2-39 b","K2-39 b","EPIC 206247743",0,"CONFIRMED","Van Eylen et al. 2016","3",4.60808540736,"2025-09-25","2025-09-25"
"K2-39 b","K2-39 b","EPIC 206247743",0,"CONFIRMED","Van Eylen et al. 2016","3",4.60543000000,"2018-04-25","2016-06-03"
"EPIC 206260577.01",,"EPIC 206260577",1,"CANDIDATE","Kruse et al. 2019","3",1.98211600000,"2019-09-05","2019-09-05"
"EPIC 206262341.01",,"EPIC 206262341",1,"CANDIDATE","Kruse et al. 2019","3",36.93210000000,"2019-09-05","2019-09-05"
"EPIC 206267115.01",,"EPIC 206267115",1,"FALSE POSITIVE","Crossfield et al. 2016","3",1.35823000000,"2016-07-18","2016-07-18"
"EPIC 206268084.01",,"EPIC 206268084",1,"CANDIDATE","Kruse et al. 2019","3",8.45320000000,"2019-09-05","2019-09-05"
"K2-74 b","K2-74 b","EPIC 206268299",1,"CONFIRMED","Crossfield et al. 2016","3",19.56660000000,"2016-07-14","2016-07-18"
"K2-74 b","K2-74 b","EPIC 206268299",0,"CONFIRMED","Crossfield et al. 2016","3",19.56880000000,"2019-09-05","2019-09-05"
"K2-74 b","K2-74 b","EPIC 206268299",0,"CONFIRMED","Crossfield et al. 2016","3",19.56555700000,"2018-02-14","2018-02-15"
"K2-74 b","K2-74 b","EPIC 206268299",0,"CONFIRMED","Crossfield et al. 2016","3",19.56508600000,"2015-12-05","2015-12-05"
"EPIC 206298289.01",,"EPIC 206298289",1,"CANDIDATE","Kruse et al. 2019","3",0.43483200000,"2019-09-05","2019-09-05"
"EPIC 206298289.01",,"EPIC 206298289",0,"CANDIDATE","Kruse et al. 2019","3",0.43483590000,"2015-12-05","2015-12-05"
"EPIC 206298289.01",,"EPIC 206298289",0,"CANDIDATE","Kruse et al. 2019","3",0.43482700000,"2016-06-09","2016-06-09"
"EPIC 206311743.01",,"EPIC 206311743",1,"CANDIDATE","Barros et al. 2016","3",4.31444335000,"2016-12-21","2016-12-21"
"EPIC 206312951.01",,"EPIC 206312951",1,"CANDIDATE","Dressing et al. 2017","3",1.53402000000,"2017-12-14","2017-12-14"
"EPIC 206312951.01",,"EPIC 206312951",0,"CANDIDATE","Dressing et al. 2017","3",1.53396660000,"2015-12-05","2015-12-05"
"EPIC 206315178.01",,"EPIC 206315178",1,"CANDIDATE","Kruse et al. 2019","3",0.31768280000,"2019-09-05","2019-09-05"
"EPIC 206317286 b","K2-303 b","EPIC 206317286",1,"CONFIRMED","Heller et al. 2019","3",1.58252000000,"2019-06-03","2019-06-13"
"EPIC 206317286 b","K2-303 b","EPIC 206317286",0,"CONFIRMED","Heller et al. 2019","3",1.58316000000,"2019-09-05","2019-09-05"
"EPIC 206317286 c","K2-303 c","EPIC 206317286",1,"CONFIRMED","Christiansen et al. 2022","3",17.51547200000,"2022-03-16","2022-03-16"
"EPIC 206317286 c","K2-303 c","EPIC 206317286",0,"CONFIRMED","Christiansen et al. 2022","3",17.51250000000,"2019-09-05","2019-09-05"
"EPIC 206317286 c","K2-303 c","EPIC 206317286",0,"CONFIRMED","Christiansen et al. 2022","3",17.50166200000,"2015-12-05","2015-12-05"
"K2-28 b","K2-28 b","EPIC 206318379",1,"CONFIRMED","Hirano et al. 2016","3",2.26045500000,"2016-02-24","2016-02-25"
"K2-28 b","K2-28 b","EPIC 206318379",0,"CONFIRMED","Hirano et al. 2016","3",2.26043800000,"2019-06-19","2019-06-27"
"K2-28 b","K2-28 b","EPIC 206318379",0,"CONFIRMED","Hirano et al. 2016","3",2.26044550000,"2019-07-08","2019-07-11"
"K2-28 b","K2-28 b","EPIC 206318379",0,"CONFIRMED","Hirano et al. 2016","3",2.26043458212,"2026-01-29","2022-08-09"
"K2-28 b","K2-28 b","EPIC 206318379",0,"CONFIRMED","Hirano et al. 2016","3",2.26040400000,"2019-09-05","2019-09-05"
"K2-28 b","K2-28 b","EPIC 206318379",0,"CONFIRMED","Hirano et al. 2016","3",2.26044390000,"2015-12-05","2015-12-05"
"K2-28 b","K2-28 b","EPIC 206318379",0,"CONFIRMED","Hirano et al. 2016","3",2.26043500000,"2017-10-23","2017-10-26"
"EPIC 206329937.01",,"EPIC 206329937",1,"CANDIDATE","Kruse et al. 2019","3",10.49927000000,"2019-09-05","2019-09-05"
"EPIC 206344313.01",,"EPIC 206344313",1,"CANDIDATE","Kruse et al. 2019","3",5.23189000000,"2019-09-05","2019-09-05"
"K2-75 b","K2-75 b","EPIC 206348688",1,"CONFIRMED","Crossfield et al. 2016","3",7.81420000000,"2016-07-14","2016-07-18"
"K2-75 b","K2-75 b","EPIC 206348688",0,"CONFIRMED","Crossfield et al. 2016","3",7.81751000000,"2019-09-05","2019-09-05"
"K2-75 b","K2-75 b","EPIC 206348688",0,"CONFIRMED","Crossfield et al. 2016","3",7.81794900000,"2018-02-14","2018-02-15"
"K2-75 b","K2-75 b","EPIC 206348688",0,"CONFIRMED","Crossfield et al. 2016","3",7.81733990000,"2015-12-05","2015-12-05"
"K2-75 c","K2-75 c","EPIC 206348688",1,"CONFIRMED","Crossfield et al. 2016","3",18.31100000000,"2016-07-14","2016-07-18"
"K2-75 c","K2-75 c","EPIC 206348688",0,"CONFIRMED","Crossfield et al. 2016","3",18.28606900000,"2018-02-14","2018-02-15"
"K2-75 c","K2-75 c","EPIC 206348688",0,"CONFIRMED","Crossfield et al. 2016","3",18.28325700000,"2015-12-05","2015-12-05"
"K2-75 c","K2-75 c","EPIC 206348688",0,"CONFIRMED","Crossfield et al. 2016","3",18.28900000000,"2019-09-05","2019-09-05"
"EPIC 206358352.01",,"EPIC 206358352",1,"CANDIDATE","Kruse et al. 2019","3",1.13666000000,"2019-09-05","2019-09-05"
"EPIC 206360885.01",,"EPIC 206360885",1,"CANDIDATE","Kruse et al. 2019","3",12.44040000000,"2019-09-05","2019-09-05"
"EPIC 206360885.02",,"EPIC 206360885",1,"CANDIDATE","Kruse et al. 2019","3",1.49462000000,"2019-09-05","2019-09-05"
"EPIC 206369173.01",,"EPIC 206369173",1,"CANDIDATE","Kruse et al. 2019","3",2.01872500000,"2019-09-05","2019-09-05"
"EPIC 206403979.01",,"EPIC 206403979",1,"CANDIDATE","Crossfield et al. 2016","3",23.80390000000,"2016-07-18","2016-07-18"
"EPIC 206414361.01",,"EPIC 206414361",1,"CANDIDATE","Kruse et al. 2019","3",3.47722000000,"2019-09-05","2019-09-05"
"EPIC 206417197.01",,"EPIC 206417197",1,"CANDIDATE","Kruse et al. 2019","3",0.44218500000,"2019-09-05","2019-09-05"
"EPIC 206417197.01",,"EPIC 206417197",0,"CANDIDATE","Kruse et al. 2019","3",0.44209400000,"2016-06-09","2016-06-09"
"EPIC 206417197.01",,"EPIC 206417197",0,"CANDIDATE","Kruse et al. 2019","3",0.44214967000,"2015-12-05","2015-12-05"
"K2-76 b","K2-76 b","EPIC 206432863",1,"REFUTED","Shporer et al. 2017","3",11.98934000000,"2019-09-05","2019-09-05"
"K2-76 b","K2-76 b","EPIC 206432863",0,"REFUTED","Shporer et al. 2017","3",11.99899626000,"2016-12-21","2016-12-21"
"K2-76 b","K2-76 b","EPIC 206432863",0,"REFUTED","Shporer et al. 2017","3",11.98968600000,"2015-12-05","2015-12-05"
"K2-76 b","K2-76 b","EPIC 206432863",0,"REFUTED","Shporer et al. 2017","3",11.98970000000,"2016-06-09","2016-06-09"
"K2-76 b","K2-76 b","EPIC 206432863",0,"REFUTED","Shporer et al. 2017","3",23.97260000000,"2016-07-18","2016-07-18"
"EPIC 206439513.01",,"EPIC 206439513",1,"CANDIDATE","Mayo et al. 2018","3",18.41512600000,"2018-02-15","2018-02-15"
"EPIC 206439513.01",,"EPIC 206439513",0,"CANDIDATE","Mayo et al. 2018","3",18.40611800000,"2015-12-05","2015-12-05"
"EPIC 206461841.01",,"EPIC 206461841",1,"CANDIDATE","del Ser et al. 2023","3",10.44040000000,"2022-11-07","2022-11-07"
"EPIC 206468053.01",,"EPIC 206468053",1,"CANDIDATE","Zink et al. 2021","3",27.83714600000,"2021-11-19","2021-11-19"
"EPIC 206476150.01",,"EPIC 206476150",1,"CANDIDATE","Kruse et al. 2019","3",12.19649000000,"2019-09-05","2019-09-05"
"EPIC 206500801.01",,"EPIC 206500801",1,"CANDIDATE","Barros et al. 2016","3",8.15306759000,"2016-12-21","2016-12-21"
"EPIC 206532093.01",,"EPIC 206532093",1,"CANDIDATE","Vanderburg et al. 2016","3",2.20218680000,"2015-12-05","2015-12-05"
"EPIC 206535016.01",,"EPIC 206535016",1,"CANDIDATE","Kruse et al. 2019","3",20.39970000000,"2019-09-05","2019-09-05"
"EPIC 206535016.01",,"EPIC 206535016",0,"CANDIDATE","Kruse et al. 2019","3",20.39814700000,"2015-12-05","2015-12-05"
"EPIC 206535016.01",,"EPIC 206535016",0,"CANDIDATE","Kruse et al. 2019","3",20.39807100000,"2018-02-15","2018-02-15"
"EPIC 206543223.01",,"EPIC 206543223",1,"CANDIDATE","Barros et al. 2016","3",17.80345864000,"2016-12-21","2016-12-21"
"EPIC 206543223.01",,"EPIC 206543223",0,"CANDIDATE","Barros et al. 2016","3",17.81188000000,"2016-07-18","2016-07-18"
"EPIC 206543223.01",,"EPIC 206543223",0,"CANDIDATE","Barros et al. 2016","3",17.81286600000,"2015-12-05","2015-12-05"
"EPIC 207389002.01",,"EPIC 207389002",1,"CANDIDATE","Crossfield et al. 2016","0",2.93122600000,"2016-07-18","2016-07-18"
"EPIC 207517400.01",,"EPIC 207517400",1,"FALSE POSITIVE","Crossfield et al. 2016","0",6.38780000000,"2016-07-18","2016-07-18"
"EPIC 207739861.01",,"EPIC 207739861",1,"CANDIDATE","Crossfield et al. 2016","0",1.81449000000,"2016-07-18","2016-07-18"
"EPIC 208445756.01",,"EPIC 208445756",1,"CANDIDATE","Crossfield et al. 2016","0",22.48440000000,"2016-07-18","2016-07-18"
"EPIC 208833261.01",,"EPIC 208833261",1,"CANDIDATE","Crossfield et al. 2016","0",3.47451000000,"2016-07-18","2016-07-18"
"EPIC 208833261.01",,"EPIC 208833261",0,"CANDIDATE","Crossfield et al. 2016","0",3.47323985883,"2024-05-13","2024-05-13"
"EPIC 209036259.01",,"EPIC 209036259",1,"CANDIDATE","Crossfield et al. 2016","0",0.36918100000,"2016-07-18","2016-07-18"
"EPIC 209286622.01",,"EPIC 209286622",1,"CANDIDATE","Crossfield et al. 2016","0",6.71694000000,"2016-07-18","2016-07-18"
"K2-77 b","K2-77 b","EPIC 210363145",1,"CONFIRMED","Crossfield et al. 2016","4",8.20008440000,"2024-11-20","2024-11-20"
"K2-77 b","K2-77 b","EPIC 210363145",0,"CONFIRMED","Crossfield et al. 2016","4",8.20075000000,"2016-09-27","2016-07-18"
"K2-77 b","K2-77 b","EPIC 210363145",0,"CONFIRMED","Crossfield et al. 2016","4",8.19981400000,"2018-02-14","2018-02-15"
"K2-77 b","K2-77 b","EPIC 210363145",0,"CONFIRMED","Crossfield et al. 2016","4",8.19979600000,"2016-09-27","2016-09-29"
"K2-77 b","K2-77 b","EPIC 210363145",0,"CONFIRMED","Crossfield et al. 2016","4",8.20080000000,"2017-12-14","2017-12-14"
"K2-77 b","K2-77 b","EPIC 210363145",0,"CONFIRMED","Crossfield et al. 2016","4",8.20008746059,"2024-12-10","2024-12-10"
"K2-77 b","K2-77 b","EPIC 210363145",0,"CONFIRMED","Crossfield et al. 2016","4",8.20023000000,"2019-09-05","2019-09-05"
"EPIC 210365511.01",,"EPIC 210365511",1,"CANDIDATE","Mayo et al. 2018","4",3.95197100000,"2018-02-15","2018-02-15"
"EPIC 210371175.01",,"EPIC 210371175",1,"CANDIDATE","Kruse et al. 2019","4",11.32560000000,"2019-09-05","2019-09-05"
"EPIC 210384192.01",,"EPIC 210384192",1,"CANDIDATE","Kruse et al. 2019","4",2.92370000000,"2019-09-05","2019-09-05"
"EPIC 210389383.01",,"EPIC 210389383",1,"CANDIDATE","Crossfield et al. 2016","4",14.08549000000,"2016-07-18","2016-07-18"
"EPIC 210394706.01",,"EPIC 210394706",1,"CANDIDATE","Kruse et al. 2019","4",15.08180000000,"2019-09-05","2019-09-05"
"EPIC 210394706.02",,"EPIC 210394706",1,"CANDIDATE","Kruse et al. 2019","4",3.16363000000,"2019-09-05","2019-09-05"
"K2-78 b","K2-78 b","EPIC 210400751",1,"REFUTED","Cabrera et al. 2017","4",2.29016000000,"2016-07-18","2016-07-18"
"K2-78 b","K2-78 b","EPIC 210400751",0,"REFUTED","Cabrera et al. 2017","4",2.29418500000,"2022-08-09","2022-08-09"
"EPIC 210401157.01",,"EPIC 210401157",1,"FALSE POSITIVE","Crossfield et al. 2016","4",1.31559180000,"2019-09-05","2019-09-05"
"EPIC 210401157.01",,"EPIC 210401157",0,"FALSE POSITIVE","Crossfield et al. 2016","4",1.31559000000,"2016-07-18","2016-07-18"
"K2-79 b","K2-79 b","EPIC 210402237",1,"CONFIRMED","Crossfield et al. 2016","4",10.99503900000,"2026-04-16","2026-04-16"
"K2-79 b","K2-79 b","EPIC 210402237",0,"CONFIRMED","Crossfield et al. 2016","4",10.99394800000,"2018-02-14","2018-02-15"
"K2-79 b","K2-79 b","EPIC 210402237",0,"CONFIRMED","Crossfield et al. 2016","4",10.99470000000,"2023-04-17","2023-04-17"
"K2-79 b","K2-79 b","EPIC 210402237",0,"CONFIRMED","Crossfield et al. 2016","4",10.99497000000,"2025-09-17","2025-09-17"
"K2-79 b","K2-79 b","EPIC 210402237",0,"CONFIRMED","Crossfield et al. 2016","4",10.99573000000,"2016-07-14","2016-07-18"
"K2-79 b","K2-79 b","EPIC 210402237",0,"CONFIRMED","Crossfield et al. 2016","4",10.99501000000,"2019-09-05","2019-09-05"
"K2-79 b","K2-79 b","EPIC 210402237",0,"CONFIRMED","Crossfield et al. 2016","4",10.99470000000,"2026-03-12","2026-03-12"
"K2-79 b","K2-79 b","EPIC 210402237",0,"CONFIRMED","Crossfield et al. 2016","4",10.99474800000,"2022-08-23","2022-08-23"
"K2-79 b","K2-79 b","EPIC 210402237",0,"CONFIRMED","Crossfield et al. 2016","4",21.99036193738,"2024-04-07","2024-04-07"
"K2-80 b","K2-80 b","EPIC 210403955",1,"CONFIRMED","Crossfield et al. 2016","4",19.09180000000,"2016-07-14","2016-07-18"
"K2-80 b","K2-80 b","EPIC 210403955",0,"CONFIRMED","Crossfield et al. 2016","4",19.09120000000,"2019-09-05","2019-09-05"
"K2-80 b","K2-80 b","EPIC 210403955",0,"CONFIRMED","Crossfield et al. 2016","4",19.09995000000,"2018-02-14","2018-02-15"
"K2-80 c","K2-80 c","EPIC 210403955",1,"CONFIRMED","Crossfield et al. 2016","4",5.60500000000,"2016-07-14","2016-07-18"
"K2-80 c","K2-80 c","EPIC 210403955",0,"CONFIRMED","Crossfield et al. 2016","4",5.60473000000,"2019-09-05","2019-09-05"
"K2-80 c","K2-80 c","EPIC 210403955",0,"CONFIRMED","Crossfield et al. 2016","4",5.60530900000,"2018-02-14","2018-02-15"
"K2-80 d","K2-80 d","EPIC 210403955",1,"CONFIRMED","Mayo et al. 2018","4",28.86725300000,"2018-02-14","2018-02-15"
"K2-80 d","K2-80 d","EPIC 210403955",0,"CONFIRMED","Mayo et al. 2018","4",28.88190000000,"2019-09-05","2019-09-05"
"EPIC 210414957.01",,"EPIC 210414957",1,"FALSE POSITIVE","Adams et al. 2016","4",0.96997227000,"2016-12-21","2016-12-21"
"EPIC 210414957.01",,"EPIC 210414957",0,"FALSE POSITIVE","Adams et al. 2016","4",0.97001600000,"2016-06-09","2016-06-09"
"EPIC 210414957.01",,"EPIC 210414957",0,"FALSE POSITIVE","Adams et al. 2016","4",0.96996700000,"2016-07-18","2016-07-18"
"EPIC 210418253.01",,"EPIC 210418253",1,"CANDIDATE","del Ser et al. 2023","4",23.96830000000,"2022-11-07","2022-11-07"
"EPIC 210423938.01",,"EPIC 210423938",1,"CANDIDATE","Kruse et al. 2019","4",19.86060000000,"2019-09-05","2019-09-05"
"EPIC 210423938.01",,"EPIC 210423938",0,"CANDIDATE","Kruse et al. 2019","4",19.86047600000,"2018-02-15","2018-02-15"
"K2-81 b","K2-81 b","EPIC 210448987",1,"CONFIRMED","Crossfield et al. 2016","4",6.10232500000,"2017-12-12","2017-10-26"
"K2-81 b","K2-81 b","EPIC 210448987",0,"CONFIRMED","Crossfield et al. 2016","4",6.10099028000,"2016-12-21","2016-12-21"
"K2-81 b","K2-81 b","EPIC 210448987",0,"CONFIRMED","Crossfield et al. 2016","4",6.10224000000,"2017-12-12","2016-07-18"
"K2-81 b","K2-81 b","EPIC 210448987",0,"CONFIRMED","Crossfield et al. 2016","4",6.10241000000,"2019-09-05","2019-09-05"
"EPIC 210463428.01",,"EPIC 210463428",1,"CANDIDATE","Kruse et al. 2019","4",4.72046000000,"2019-09-05","2019-09-05"
"EPIC 210463428.01",,"EPIC 210463428",0,"CANDIDATE","Kruse et al. 2019","4",4.72048898787,"2024-12-10","2024-12-10"
"EPIC 210472483.01",,"EPIC 210472483",1,"CANDIDATE","Barros et al. 2016","4",1.14300180000,"2016-12-21","2016-12-21"
"K2-82 b","K2-82 b","EPIC 210483889",1,"REFUTED","Cabrera et al. 2017","4",7.19583400000,"2016-07-18","2016-07-18"
"K2-25 b","K2-25 b","EPIC 210490365",1,"CONFIRMED","Mann et al. 2016","4",3.48456408000,"2022-03-28","2022-03-28"
"K2-25 b","K2-25 b","EPIC 210490365",0,"CONFIRMED","Mann et al. 2016","4",,"2025-11-13","2025-11-13"
"K2-25 b","K2-25 b","EPIC 210490365",0,"CONFIRMED","Mann et al. 2016","4",3.48456270000,"2022-01-24","2022-01-24"
"K2-25 b","K2-25 b","EPIC 210490365",0,"CONFIRMED","Mann et al. 2016","4",3.48430000000,"2017-12-14","2017-12-14"
"K2-25 b","K2-25 b","EPIC 210490365",0,"CONFIRMED","Mann et al. 2016","4",3.48456248000,"2024-03-04","2024-03-04"
"K2-25 b","K2-25 b","EPIC 210490365",0,"CONFIRMED","Mann et al. 2016","4",3.48455432425,"2024-12-10","2024-12-10"
"K2-25 b","K2-25 b","EPIC 210490365",0,"CONFIRMED","Mann et al. 2016","4",3.48456322000,"2026-07-09","2026-07-09"
"K2-25 b","K2-25 b","EPIC 210490365",0,"CONFIRMED","Mann et al. 2016","4",3.48455200000,"2017-09-27","2017-09-28"
"EPIC 210495066.01",,"EPIC 210495066",1,"CANDIDATE","Kruse et al. 2019","4",3.74234000000,"2019-09-05","2019-09-05"
"EPIC 210508766.03",,"EPIC 210508766",1,"CANDIDATE","Kruse et al. 2019","4",24.27470000000,"2019-09-05","2019-09-05"
"K2-83 b","K2-83 b","EPIC 210508766",1,"CONFIRMED","Crossfield et al. 2016","4",2.74697000000,"2016-07-14","2016-07-18"
"K2-83 b","K2-83 b","EPIC 210508766",0,"CONFIRMED","Crossfield et al. 2016","4",2.74712800000,"2019-09-05","2019-09-05"
"K2-83 b","K2-83 b","EPIC 210508766",0,"CONFIRMED","Crossfield et al. 2016","4",2.74722700000,"2017-10-23","2017-10-26"
"K2-83 c","K2-83 c","EPIC 210508766",1,"CONFIRMED","Crossfield et al. 2016","4",9.99767000000,"2016-07-14","2016-07-18"
"K2-83 c","K2-83 c","EPIC 210508766",0,"CONFIRMED","Crossfield et al. 2016","4",9.99791000000,"2019-09-05","2019-09-05"
"K2-83 c","K2-83 c","EPIC 210508766",0,"CONFIRMED","Crossfield et al. 2016","4",9.99744200000,"2017-10-23","2017-10-26"
"K2-83 c","K2-83 c","EPIC 210508766",0,"CONFIRMED","Crossfield et al. 2016","4",10.00102551000,"2016-12-21","2016-12-21"
"K2-173 b","K2-173 b","EPIC 210512842",1,"CONFIRMED","Mayo et al. 2018","4",5.86869900000,"2018-02-14","2018-02-15"
"K2-173 b","K2-173 b","EPIC 210512842",0,"CONFIRMED","Mayo et al. 2018","4",5.86639571000,"2016-12-21","2016-12-21"
"EPIC 210513446.01",,"EPIC 210513446",1,"FALSE POSITIVE","Crossfield et al. 2016","4",1.14907861000,"2016-12-21","2016-12-21"
"EPIC 210513446.01",,"EPIC 210513446",0,"FALSE POSITIVE","Crossfield et al. 2016","4",1.14898330000,"2016-07-18","2016-07-18"
"EPIC 210524811.01",,"EPIC 210524811",1,"CANDIDATE","Kruse et al. 2019","4",7.46967000000,"2019-09-05","2019-09-05"
"EPIC 210550063.01",,"EPIC 210550063",1,"CANDIDATE","Kruse et al. 2019","4",2.16597600000,"2019-09-05","2019-09-05"
"EPIC 210550063.01",,"EPIC 210550063",0,"CANDIDATE","Kruse et al. 2019","4",2.16595219375,"2025-05-05","2025-05-05"
"EPIC 210550063.01",,"EPIC 210550063",0,"CANDIDATE","Kruse et al. 2019","4",2.16594452000,"2016-12-21","2016-12-21"
"K2-174 b","K2-174 b","EPIC 210558622",1,"CONFIRMED","Mayo et al. 2018","4",19.56230700000,"2019-01-28","2019-01-31"
"K2-174 b","K2-174 b","EPIC 210558622",0,"CONFIRMED","Mayo et al. 2018","4",19.56325000000,"2017-12-14","2017-12-14"
"K2-174 b","K2-174 b","EPIC 210558622",0,"CONFIRMED","Mayo et al. 2018","4",19.56236000000,"2019-09-05","2019-09-05"
"K2-174 b","K2-174 b","EPIC 210558622",0,"CONFIRMED","Mayo et al. 2018","4",19.56614010000,"2016-12-21","2016-12-21"
"K2-174 b","K2-174 b","EPIC 210558622",0,"CONFIRMED","Mayo et al. 2018","4",19.56274300000,"2019-01-28","2018-02-15"
"K2-174 b","K2-174 b","EPIC 210558622",0,"CONFIRMED","Mayo et al. 2018","4",19.56204579364,"2024-12-10","2024-12-10"
"K2-174 b","K2-174 b","EPIC 210558622",0,"CONFIRMED","Mayo et al. 2018","4",19.56400000000,"2016-07-18","2016-07-18"
"EPIC 210559259.01",,"EPIC 210559259",1,"CANDIDATE","Kruse et al. 2019","4",14.26763000000,"2019-09-05","2019-09-05"
"EPIC 210559259.01",,"EPIC 210559259",0,"CANDIDATE","Kruse et al. 2019","4",14.26830000000,"2019-09-19","2019-09-19"
"EPIC 210559259.01",,"EPIC 210559259",0,"CANDIDATE","Kruse et al. 2019","4",14.27669647000,"2016-12-21","2016-12-21"
"EPIC 210564155.01",,"EPIC 210564155",1,"CANDIDATE","Kruse et al. 2019","4",4.86496000000,"2019-09-05","2019-09-05"
"EPIC 210564155.01",,"EPIC 210564155",0,"CANDIDATE","Kruse et al. 2019","4",4.86406000000,"2017-12-14","2017-12-14"
"EPIC 210576234.01",,"EPIC 210576234",1,"CANDIDATE","Barros et al. 2016","4",15.97700259000,"2016-12-21","2016-12-21"
"K2-84 b","K2-84 b","EPIC 210577548",1,"CONFIRMED","Crossfield et al. 2016","4",6.42150000000,"2016-07-14","2016-07-18"
"K2-84 b","K2-84 b","EPIC 210577548",0,"CONFIRMED","Crossfield et al. 2016","4",6.42149000000,"2019-09-05","2019-09-05"
"K2-84 c","K2-84 c","EPIC 210577548",1,"CONFIRMED","Crossfield et al. 2016","4",27.86000000000,"2016-07-14","2016-07-18"
"K2-84 c","K2-84 c","EPIC 210577548",0,"CONFIRMED","Crossfield et al. 2016","4",27.85220000000,"2019-09-05","2019-09-05"
"EPIC 210598340.01",,"EPIC 210598340",1,"CANDIDATE","Kruse et al. 2019","4",3.73424390000,"2019-09-05","2019-09-05"
"EPIC 210598340.01",,"EPIC 210598340",0,"CANDIDATE","Kruse et al. 2019","4",3.73478175000,"2016-12-21","2016-12-21"
"EPIC 210605073.01",,"EPIC 210605073",1,"CANDIDATE","Kruse et al. 2019","4",0.56701950000,"2019-09-05","2019-09-05"
"EPIC 210605073.01",,"EPIC 210605073",0,"CANDIDATE","Kruse et al. 2019","4",0.56705500000,"2016-06-09","2016-06-09"
"EPIC 210609658.01",,"EPIC 210609658",1,"CANDIDATE","Mayo et al. 2018","4",14.14523900000,"2018-02-15","2018-02-15"
"EPIC 210609658.01",,"EPIC 210609658",0,"CANDIDATE","Mayo et al. 2018","4",14.14459000000,"2016-07-18","2016-07-18"
"EPIC 210625740.01",,"EPIC 210625740",1,"CANDIDATE","Kruse et al. 2019","4",2.38677200000,"2019-09-05","2019-09-05"
"EPIC 210625740.01",,"EPIC 210625740",0,"CANDIDATE","Kruse et al. 2019","4",2.38669000000,"2016-07-18","2016-07-18"
"EPIC 210626797.01",,"EPIC 210626797",1,"CANDIDATE","Kruse et al. 2019","4",43.36143000000,"2019-09-05","2019-09-05"
"EPIC 210629082.01",,"EPIC 210629082",1,"CANDIDATE","Mayo et al. 2018","4",27.35310300000,"2018-02-15","2018-02-15"
"K2-175 b","K2-175 b","EPIC 210643811",1,"CONFIRMED","Mayo et al. 2018","4",9.52598800000,"2018-02-14","2018-02-15"
"EPIC 210659688.01",,"EPIC 210659688",1,"CANDIDATE","Kruse et al. 2019","4",2.35765100000,"2019-09-05","2019-09-05"
"EPIC 210659688.01",,"EPIC 210659688",0,"CANDIDATE","Kruse et al. 2019","4",2.35771000000,"2016-07-18","2016-07-18"
"EPIC 210659945.01",,"EPIC 210659945",1,"CANDIDATE","Kruse et al. 2019","4",27.93290000000,"2019-09-05","2019-09-05"
"EPIC 210664763.01",,"EPIC 210664763",1,"CANDIDATE","Kruse et al. 2019","4",3.72007000000,"2019-09-05","2019-09-05"
"EPIC 210666756.01",,"EPIC 210666756",1,"CANDIDATE","Barros et al. 2016","4",1.39657671000,"2016-12-21","2016-12-21"
"EPIC 210666756.01",,"EPIC 210666756",0,"CANDIDATE","Barros et al. 2016","4",1.39629100000,"2016-07-18","2016-07-18"
"K2-176 b","K2-176 b","EPIC 210667381",1,"CONFIRMED","Mayo et al. 2018","4",5.32943900000,"2018-02-14","2018-02-15"
"K2-176 b","K2-176 b","EPIC 210667381",0,"CONFIRMED","Mayo et al. 2018","4",5.32944000000,"2019-09-05","2019-09-05"
"EPIC 210678858.01",,"EPIC 210678858",1,"CANDIDATE","Kruse et al. 2019","4",31.35370000000,"2019-09-05","2019-09-05"
"EPIC 210678858.02",,"EPIC 210678858",1,"CANDIDATE","Kruse et al. 2019","4",14.84840000000,"2019-09-05","2019-09-05"
"EPIC 210678858.03",,"EPIC 210678858",1,"CANDIDATE","Kruse et al. 2019","4",10.06960000000,"2019-09-05","2019-09-05"
"K2-288 B b","K2-288 B b","EPIC 210693462",1,"CONFIRMED","Feinstein et al. 2019","4",31.39346300000,"2019-01-04","2019-01-10"
"K2-288 B b","K2-288 B b","EPIC 210693462",0,"CONFIRMED","Feinstein et al. 2019","4",31.38880000000,"2019-09-05","2019-09-05"
"EPIC 210696763.01",,"EPIC 210696763",1,"CANDIDATE","Kruse et al. 2019","4",3.65017000000,"2019-09-05","2019-09-05"
"EPIC 210696763.01",,"EPIC 210696763",0,"CANDIDATE","Kruse et al. 2019","4",3.64940000000,"2017-12-14","2017-12-14"
"EPIC 210696763.02",,"EPIC 210696763",1,"CANDIDATE","Kruse et al. 2019","4",5.76808000000,"2019-09-05","2019-09-05"
"EPIC 210696763.02",,"EPIC 210696763",0,"CANDIDATE","Kruse et al. 2019","4",5.76630000000,"2017-12-14","2017-12-14"
"EPIC 210696763.03",,"EPIC 210696763",1,"CANDIDATE","Kruse et al. 2019","4",7.98471000000,"2019-09-05","2019-09-05"
"EPIC 210696763.03",,"EPIC 210696763",0,"CANDIDATE","Kruse et al. 2019","4",7.98221000000,"2017-12-14","2017-12-14"
"EPIC 210706310.01",,"EPIC 210706310",1,"CANDIDATE","del Ser et al. 2023","4",5.17180000000,"2022-11-07","2022-11-07"
"K2-85 b","K2-85 b","EPIC 210707130",1,"CONFIRMED","Crossfield et al. 2016","4",0.68453862616,"2025-09-17","2025-09-17"
"K2-85 b","K2-85 b","EPIC 210707130",0,"CONFIRMED","Crossfield et al. 2016","4",0.68454100000,"2019-09-05","2019-09-05"
"K2-85 b","K2-85 b","EPIC 210707130",0,"CONFIRMED","Crossfield et al. 2016","4",0.68458757000,"2016-12-21","2016-12-21"
"K2-85 b","K2-85 b","EPIC 210707130",0,"CONFIRMED","Crossfield et al. 2016","4",0.68455300000,"2018-02-14","2018-02-15"
"K2-85 b","K2-85 b","EPIC 210707130",0,"CONFIRMED","Crossfield et al. 2016","4",0.68455700000,"2017-10-23","2017-10-26"
"K2-85 b","K2-85 b","EPIC 210707130",0,"CONFIRMED","Crossfield et al. 2016","4",0.68453300000,"2016-07-14","2016-07-18"
"K2-85 b","K2-85 b","EPIC 210707130",0,"CONFIRMED","Crossfield et al. 2016","4",0.68455900000,"2022-03-28","2022-03-28"
"K2-85 b","K2-85 b","EPIC 210707130",0,"CONFIRMED","Crossfield et al. 2016","4",0.68457500000,"2016-06-09","2016-06-09"
"EPIC 210708830.01",,"EPIC 210708830",1,"CANDIDATE","del Ser et al. 2023","4",5.74080000000,"2022-11-07","2022-11-07"
"K2-86 b","K2-86 b","EPIC 210718708",1,"CONFIRMED","Crossfield et al. 2016","4",8.77683000000,"2016-07-14","2016-07-18"
"K2-86 b","K2-86 b","EPIC 210718708",0,"CONFIRMED","Crossfield et al. 2016","4",8.77586400000,"2018-02-14","2018-02-15"
"K2-86 b","K2-86 b","EPIC 210718708",0,"CONFIRMED","Crossfield et al. 2016","4",8.77709000000,"2019-09-05","2019-09-05"
"K2-87 b","K2-87 b","EPIC 210731500",1,"CONFIRMED","Crossfield et al. 2016","4, 13",9.72661800000,"2019-01-28","2019-01-31"
"K2-87 b","K2-87 b","EPIC 210731500",0,"CONFIRMED","Crossfield et al. 2016","4, 13",9.72739000000,"2019-01-28","2016-07-18"
"K2-87 b","K2-87 b","EPIC 210731500",0,"CONFIRMED","Crossfield et al. 2016","4, 13",9.72665000000,"2024-01-05","2024-01-05"
"K2-87 b","K2-87 b","EPIC 210731500",0,"CONFIRMED","Crossfield et al. 2016","4, 13",9.72664000000,"2019-09-05","2019-09-05"
"EPIC 210736056.01",,"EPIC 210736056",1,"CANDIDATE","Rizzuto et al. 2017","4",29.05290000000,"2017-12-14","2017-12-14"
"EPIC 210744674.01",,"EPIC 210744674",1,"FALSE POSITIVE","Crossfield et al. 2016","4, 13",25.21970900000,"2019-09-05","2019-09-05"
"EPIC 210744674.01",,"EPIC 210744674",0,"FALSE POSITIVE","Crossfield et al. 2016","4, 13",25.22080000000,"2016-07-18","2016-07-18"
"EPIC 210744674.01",,"EPIC 210744674",0,"FALSE POSITIVE","Crossfield et al. 2016","4, 13",25.20778830000,"2016-12-21","2016-12-21"
"K2-88 b","K2-88 b","EPIC 210750726",1,"CONFIRMED","Crossfield et al. 2016","4",4.61220000000,"2016-07-14","2016-07-18"
"K2-88 b","K2-88 b","EPIC 210750726",0,"CONFIRMED","Crossfield et al. 2016","4",4.61244000000,"2019-09-05","2019-09-05"
"K2-88 b","K2-88 b","EPIC 210750726",0,"CONFIRMED","Crossfield et al. 2016","4",4.61228000000,"2017-10-23","2017-10-26"
"EPIC 210754505.01",,"EPIC 210754505",1,"FALSE POSITIVE","Adams et al. 2016","4",0.87052967000,"2016-12-21","2016-12-21"
"EPIC 210754505.01",,"EPIC 210754505",0,"FALSE POSITIVE","Adams et al. 2016","4",0.87067300000,"2016-07-18","2016-07-18"
"EPIC 210754505.01",,"EPIC 210754505",0,"FALSE POSITIVE","Adams et al. 2016","4",0.87067630000,"2024-12-10","2024-12-10"
"EPIC 210754505.01",,"EPIC 210754505",0,"FALSE POSITIVE","Adams et al. 2016","4",0.87077500000,"2016-06-09","2016-06-09"
"K2-411 b","K2-411 b","EPIC 210768568",1,"CONFIRMED","del Ser et al. 2023","4",3.21410000000,"2022-11-07","2022-11-07"
"EPIC 210769880.01",,"EPIC 210769880",1,"CANDIDATE","Kruse et al. 2019","4",1.43675600000,"2019-09-05","2019-09-05"
"EPIC 210769880.01",,"EPIC 210769880",0,"CANDIDATE","Kruse et al. 2019","4",1.43689647000,"2016-12-21","2016-12-21"
"EPIC 210775710.01",,"EPIC 210775710",1,"CANDIDATE","Kruse et al. 2019","4",59.84871000000,"2019-09-05","2019-09-05"
"EPIC 210775710.01",,"EPIC 210775710",0,"CANDIDATE","Kruse et al. 2019","4",59.84856600000,"2018-02-15","2018-02-15"
"EPIC 210775710.01",,"EPIC 210775710",0,"CANDIDATE","Kruse et al. 2019","4",59.84739922100,"2025-05-05","2025-05-05"
"EPIC 210777017.01",,"EPIC 210777017",1,"CANDIDATE","Kruse et al. 2019","4",11.37600000000,"2019-09-05","2019-09-05"
"EPIC 210777017.01",,"EPIC 210777017",0,"CANDIDATE","Kruse et al. 2019","4",11.37698000000,"2019-09-19","2019-09-19"
"EPIC 210789323.01",,"EPIC 210789323",1,"FALSE POSITIVE","Crossfield et al. 2016","4",29.12555000000,"2016-07-18","2016-07-18"
"K2-370 b","K2-370 b","EPIC 210797580",1,"CONFIRMED","Christiansen et al. 2022","13",2.14080930000,"2026-05-14","2026-05-14"
"K2-370 b","K2-370 b","EPIC 210797580",0,"CONFIRMED","Christiansen et al. 2022","13",2.14084000000,"2021-11-19","2021-11-19"
"K2-370 b","K2-370 b","EPIC 210797580",0,"CONFIRMED","Christiansen et al. 2022","13",2.14080630000,"2024-02-16","2024-02-16"
"K2-370 b","K2-370 b","EPIC 210797580",0,"CONFIRMED","Christiansen et al. 2022","13",2.14084000000,"2022-03-16","2022-03-16"
"EPIC 210801536.01",,"EPIC 210801536",1,"CANDIDATE","Kruse et al. 2019","4",0.89250000000,"2019-09-05","2019-09-05"
"EPIC 210813978.01",,"EPIC 210813978",1,"CANDIDATE","Kruse et al. 2019","4",14.76190000000,"2019-09-05","2019-09-05"
"EPIC 210813978.01",,"EPIC 210813978",0,"CANDIDATE","Kruse et al. 2019","4",14.75820000000,"2019-09-19","2019-09-19"
"V1298 Tau b","K2-309 b","EPIC 210818897",1,"CONFIRMED","David et al. 2019","4",24.14000600000,"2026-02-26","2026-02-26"
"V1298 Tau b","K2-309 b","EPIC 210818897",0,"CONFIRMED","David et al. 2019","4",24.13861000000,"2019-10-18","2019-06-27"
"V1298 Tau b","K2-309 b","EPIC 210818897",0,"CONFIRMED","David et al. 2019","4",24.14134100000,"2023-05-03","2023-05-03"
"V1298 Tau b","K2-309 b","EPIC 210818897",0,"CONFIRMED","David et al. 2019","4",24.13960000000,"2019-10-18","2019-10-24"
"V1298 Tau b","K2-309 b","EPIC 210818897",0,"CONFIRMED","David et al. 2019","4",24.13150000000,"2023-03-15","2023-03-15"
"V1298 Tau b","K2-309 b","EPIC 210818897",0,"CONFIRMED","David et al. 2019","4",24.13990000000,"2023-04-10","2023-04-10"
"V1298 Tau c","K2-309 c","EPIC 210818897",1,"CONFIRMED","David et al. 2019","4",8.24916400000,"2026-02-26","2026-02-26"
"V1298 Tau c","K2-309 c","EPIC 210818897",0,"CONFIRMED","David et al. 2019","4",8.24380000000,"2023-03-15","2023-03-15"
"V1298 Tau c","K2-309 c","EPIC 210818897",0,"CONFIRMED","David et al. 2019","4",8.24892000000,"2023-04-10","2023-04-10"
"V1298 Tau c","K2-309 c","EPIC 210818897",0,"CONFIRMED","David et al. 2019","4",8.24958000000,"2019-10-18","2019-10-24"
"V1298 Tau c","K2-309 c","EPIC 210818897",0,"CONFIRMED","David et al. 2019","4",8.24959000000,"2023-08-07","2023-08-07"
"V1298 Tau d","K2-309 d","EPIC 210818897",1,"CONFIRMED","David et al. 2019","4",12.40139400000,"2026-02-26","2026-02-26"
"V1298 Tau d","K2-309 d","EPIC 210818897",0,"CONFIRMED","David et al. 2019","4",12.40320000000,"2019-10-18","2019-10-24"
"V1298 Tau d","K2-309 d","EPIC 210818897",0,"CONFIRMED","David et al. 2019","4",12.40580000000,"2023-04-10","2023-04-10"
"V1298 Tau d","K2-309 d","EPIC 210818897",0,"CONFIRMED","David et al. 2019","4",12.39600000000,"2023-03-15","2023-03-15"
"V1298 Tau e","K2-309 e","EPIC 210818897",1,"CONFIRMED","David et al. 2019","4",48.67771400000,"2026-02-26","2026-02-26"
"V1298 Tau e","K2-309 e","EPIC 210818897",0,"CONFIRMED","David et al. 2019","4",40.20000000000,"2023-04-10","2023-04-10"
"V1298 Tau e","K2-309 e","EPIC 210818897",0,"CONFIRMED","David et al. 2019","4",60.00000000000,"2019-10-18","2019-10-24"
"V1298 Tau e","K2-309 e","EPIC 210818897",0,"CONFIRMED","David et al. 2019","4",44.16990000000,"2023-03-15","2023-03-15"
"V1298 Tau e","K2-309 e","EPIC 210818897",0,"CONFIRMED","David et al. 2019","4",53.50000000000,"2024-03-25","2024-03-25"
"EPIC 210827030.01",,"EPIC 210827030",1,"FALSE POSITIVE","Rizzuto et al. 2017","4",0.51110000000,"2017-12-14","2017-12-14"
"K2-89 b","K2-89 b","EPIC 210838726",1,"CONFIRMED","Crossfield et al. 2016","4",1.09602600000,"2016-07-14","2016-07-18"
"K2-89 b","K2-89 b","EPIC 210838726",0,"CONFIRMED","Crossfield et al. 2016","4",1.09597900000,"2017-10-23","2017-10-26"
"K2-89 b","K2-89 b","EPIC 210838726",0,"CONFIRMED","Crossfield et al. 2016","4",1.09596200000,"2019-09-05","2019-09-05"
"EPIC 210843708.01",,"EPIC 210843708",1,"CANDIDATE","Barros et al. 2016","4",0.70416550000,"2016-12-21","2016-12-21"
"BD+20 594 b","K2-56 b","EPIC 210848071",1,"CONFIRMED","Espinoza et al. 2016","4",41.68550000000,"2018-04-25","2018-04-26"
"BD+20 594 b","K2-56 b","EPIC 210848071",0,"CONFIRMED","Espinoza et al. 2016","4",41.68550000000,"2018-04-25","2016-07-28"
"BD+20 594 b","K2-56 b","EPIC 210848071",0,"CONFIRMED","Espinoza et al. 2016","4",41.68864400000,"2018-04-25","2018-02-15"
"EPIC 210852232.01",,"EPIC 210852232",1,"CANDIDATE","Kruse et al. 2019","4",1.93426000000,"2019-09-05","2019-09-05"
"EPIC 210852232.02",,"EPIC 210852232",1,"CANDIDATE","Kruse et al. 2019","4",3.43827000000,"2019-09-05","2019-09-05"
"K2-177 b","K2-177 b","EPIC 210857328",1,"CONFIRMED","Mayo et al. 2018","4",14.15518500000,"2018-02-14","2018-02-15"
"EPIC 210877025.01",,"EPIC 210877025",1,"CANDIDATE","Barros et al. 2016","4",18.03895153000,"2016-12-21","2016-12-21"
"K2-111 b","K2-111 b","EPIC 210894022",1,"CONFIRMED","Fridlund et al. 2017","4",5.35189630000,"2026-04-16","2026-04-16"
"K2-111 b","K2-111 b","EPIC 210894022",0,"CONFIRMED","Fridlund et al. 2017","4",5.35232000000,"2025-09-17","2025-09-17"
"K2-111 b","K2-111 b","EPIC 210894022",0,"CONFIRMED","Fridlund et al. 2017","4",5.35180000000,"2023-04-17","2023-04-17"
"K2-111 b","K2-111 b","EPIC 210894022",0,"CONFIRMED","Fridlund et al. 2017","4",5.35117000000,"2020-12-10","2017-05-10"
"K2-111 b","K2-111 b","EPIC 210894022",0,"CONFIRMED","Fridlund et al. 2017","4",5.35140300000,"2020-12-10","2018-02-15"
"K2-111 b","K2-111 b","EPIC 210894022",0,"CONFIRMED","Fridlund et al. 2017","4",5.35180000000,"2020-12-10","2020-12-17"
"K2-111 b","K2-111 b","EPIC 210894022",0,"CONFIRMED","Fridlund et al. 2017","4",5.35185000000,"2019-09-05","2019-09-05"
"K2-111 b","K2-111 b","EPIC 210894022",0,"CONFIRMED","Fridlund et al. 2017","4",5.35161000000,"2016-07-18","2016-07-18"
"K2-111 c","K2-111 c","EPIC 210894022",1,"CONFIRMED","Mortier et al. 2020","4",15.67480000000,"2026-04-16","2026-04-16"
"K2-111 c","K2-111 c","EPIC 210894022",0,"CONFIRMED","Mortier et al. 2020","4",15.68050000000,"2023-04-17","2023-04-17"
"K2-111 c","K2-111 c","EPIC 210894022",0,"CONFIRMED","Mortier et al. 2020","4",15.67850000000,"2020-12-10","2020-12-17"
"K2-155 b","K2-155 b","EPIC 210897587",1,"CONFIRMED","Hirano et al. 2018","13",6.34200000000,"2018-04-25","2018-04-26"
"K2-155 b","K2-155 b","EPIC 210897587",0,"CONFIRMED","Hirano et al. 2018","13",6.34365000000,"2018-04-25","2018-02-01"
"K2-155 c","K2-155 c","EPIC 210897587",1,"CONFIRMED","Hirano et al. 2018","13",13.85000000000,"2018-04-25","2018-04-26"
"K2-155 c","K2-155 c","EPIC 210897587",0,"CONFIRMED","Hirano et al. 2018","13",13.85348700000,"2024-03-04","2024-03-04"
"K2-155 c","K2-155 c","EPIC 210897587",0,"CONFIRMED","Hirano et al. 2018","13",13.85327454047,"2024-12-10","2024-12-10"
"K2-155 c","K2-155 c","EPIC 210897587",0,"CONFIRMED","Hirano et al. 2018","13",13.85402000000,"2018-04-25","2018-02-01"
"K2-155 d","K2-155 d","EPIC 210897587",1,"CONFIRMED","Hirano et al. 2018","13",40.71800000000,"2018-04-25","2018-04-26"
"K2-155 d","K2-155 d","EPIC 210897587",0,"CONFIRMED","Hirano et al. 2018","13",40.68350000000,"2018-04-25","2018-02-01"
"EPIC 210903662.01",,"EPIC 210903662",1,"CANDIDATE","Barros et al. 2016","4",2.41040731000,"2016-12-21","2016-12-21"
"EPIC 210903662.01",,"EPIC 210903662",0,"CANDIDATE","Barros et al. 2016","4",2.41027100000,"2016-07-18","2016-07-18"
"EPIC 210925707.01",,"EPIC 210925707",1,"CANDIDATE","Barros et al. 2016","4",1.68658840000,"2016-12-21","2016-12-21"
"EPIC 210933299.01",,"EPIC 210933299",1,"CANDIDATE","Kruse et al. 2019","4",8.40440000000,"2019-09-05","2019-09-05"
"EPIC 210935498.01",,"EPIC 210935498",1,"CANDIDATE","Kruse et al. 2019","4",1.18292660000,"2019-09-05","2019-09-05"
"EPIC 210945680.01",,"EPIC 210945680",1,"CANDIDATE","del Ser et al. 2023","4",20.59490000000,"2022-11-07","2022-11-07"
"EPIC 210945680.01",,"EPIC 210945680",0,"CANDIDATE","del Ser et al. 2023","4",20.60065600000,"2021-11-19","2021-11-19"
"EPIC 210954046.01",,"EPIC 210954046",1,"FALSE POSITIVE","Adams et al. 2016","4",0.95035600000,"2016-06-09","2016-06-09"
"EPIC 210956385.01",,"EPIC 210956385",1,"CANDIDATE","Kruse et al. 2019","4",56.62050000000,"2019-09-05","2019-09-05"
"K2-30 b","K2-30 b","EPIC 210957318",1,"CONFIRMED","Johnson et al. 2016","4",4.09850300000,"2016-04-13","2016-04-14"
"K2-30 b","K2-30 b","EPIC 210957318",0,"CONFIRMED","Johnson et al. 2016","4",4.09847409321,"2024-12-10","2024-12-10"
"K2-30 b","K2-30 b","EPIC 210957318",0,"CONFIRMED","Johnson et al. 2016","4",4.09849000000,"2016-07-06","2016-07-07"
"K2-30 b","K2-30 b","EPIC 210957318",0,"CONFIRMED","Johnson et al. 2016","4",4.09803132000,"2016-12-21","2016-12-21"
"K2-30 b","K2-30 b","EPIC 210957318",0,"CONFIRMED","Johnson et al. 2016","4",4.09849200000,"2018-02-14","2018-02-15"
"K2-30 b","K2-30 b","EPIC 210957318",0,"CONFIRMED","Johnson et al. 2016","4",4.09850700000,"2016-06-01","2016-06-03"
"K2-30 b","K2-30 b","EPIC 210957318",0,"CONFIRMED","Johnson et al. 2016","4",4.09848970000,"2019-09-05","2019-09-05"
"K2-30 b","K2-30 b","EPIC 210957318",0,"CONFIRMED","Johnson et al. 2016","4",4.09847910000,"2022-01-24","2022-01-24"
"K2-30 b","K2-30 b","EPIC 210957318",0,"CONFIRMED","Johnson et al. 2016","4",4.09850600000,"2016-07-14","2016-07-18"
"K2-30 b","K2-30 b","EPIC 210957318",0,"CONFIRMED","Johnson et al. 2016","4",4.09847804000,"2024-03-04","2024-03-04"
"EPIC 210958990.01",,"EPIC 210958990",1,"CANDIDATE","Crossfield et al. 2016","4",1.70230100000,"2016-07-18","2016-07-18"
"EPIC 210961508.01",,"EPIC 210961508",1,"CANDIDATE","Kruse et al. 2019","4",0.34991460000,"2019-09-05","2019-09-05"
"EPIC 210961508.01",,"EPIC 210961508",0,"CANDIDATE","Kruse et al. 2019","4",0.34993500000,"2016-06-09","2016-06-09"
"EPIC 210965800.02",,"EPIC 210965800",1,"CANDIDATE","Kruse et al. 2019","4",4.27681000000,"2019-09-05","2019-09-05"
"EPIC 210965800.03",,"EPIC 210965800",1,"CANDIDATE","Kruse et al. 2019","4",13.16121000000,"2019-09-05","2019-09-05"
"EPIC 210965800.04",,"EPIC 210965800",1,"CANDIDATE","Kruse et al. 2019","4",21.08580000000,"2019-09-05","2019-09-05"
"EPIC 210965800.05",,"EPIC 210965800",1,"CANDIDATE","Kruse et al. 2019","4",30.28940000000,"2019-09-05","2019-09-05"
"EPIC 210965800.06",,"EPIC 210965800",1,"CANDIDATE","Kruse et al. 2019","4",1.82876000000,"2019-09-05","2019-09-05"
"K2-178 b","K2-178 b","EPIC 210965800",1,"CONFIRMED","Mayo et al. 2018","4",8.74781800000,"2018-02-14","2018-02-15"
"K2-178 b","K2-178 b","EPIC 210965800",0,"CONFIRMED","Mayo et al. 2018","4",8.74809000000,"2019-09-05","2019-09-05"
"K2-178 b","K2-178 b","EPIC 210965800",0,"CONFIRMED","Mayo et al. 2018","4",8.75470797754,"2024-06-10","2024-06-10"
"EPIC 210967369.01",,"EPIC 210967369",1,"CANDIDATE","del Ser et al. 2023","4",7.11490000000,"2022-11-07","2022-11-07"
"K2-90 b","K2-90 b","EPIC 210968143",1,"CONFIRMED","Crossfield et al. 2016","4",13.73331400000,"2019-01-28","2019-01-31"
"K2-90 b","K2-90 b","EPIC 210968143",0,"CONFIRMED","Crossfield et al. 2016","4",13.73110000000,"2019-01-28","2016-07-18"
"K2-90 b","K2-90 b","EPIC 210968143",0,"CONFIRMED","Crossfield et al. 2016","4",13.73288000000,"2019-09-05","2019-09-05"
"K2-90 b","K2-90 b","EPIC 210968143",0,"CONFIRMED","Crossfield et al. 2016","4",13.71468745000,"2016-12-21","2016-12-21"
"K2-90 b","K2-90 b","EPIC 210968143",0,"CONFIRMED","Crossfield et al. 2016","4",13.73490700000,"2019-01-28","2017-10-26"
"K2-90 c","K2-90 c","EPIC 210968143",1,"CONFIRMED","Crossfield et al. 2016","4",2.90070600000,"2017-12-12","2017-10-26"
"K2-90 c","K2-90 c","EPIC 210968143",0,"CONFIRMED","Crossfield et al. 2016","4",2.90032000000,"2017-12-12","2016-07-18"
"K2-90 c","K2-90 c","EPIC 210968143",0,"CONFIRMED","Crossfield et al. 2016","4",2.90022000000,"2019-09-05","2019-09-05"
"EPIC 211002562.01",,"EPIC 211002562",1,"CANDIDATE","Kruse et al. 2019","4",3.34787200000,"2019-09-05","2019-09-05"
"EPIC 211009047.01",,"EPIC 211009047",1,"CANDIDATE","Barros et al. 2016","4",1.31982263000,"2016-12-21","2016-12-21"
"K2-179 b","K2-179 b","EPIC 211048999",1,"CONFIRMED","Mayo et al. 2018","4",5.17219100000,"2018-02-14","2018-02-15"
"K2-179 b","K2-179 b","EPIC 211048999",0,"CONFIRMED","Mayo et al. 2018","4",5.17222000000,"2019-09-05","2019-09-05"
"K2-179 b","K2-179 b","EPIC 211048999",0,"CONFIRMED","Mayo et al. 2018","4",5.17110937000,"2016-12-21","2016-12-21"
"EPIC 211058748.01",,"EPIC 211058748",1,"CANDIDATE","Kruse et al. 2019","4",3.32257000000,"2019-09-05","2019-09-05"
"EPIC 211064647.01",,"EPIC 211064647",1,"CANDIDATE","Kruse et al. 2019","4",,"2019-09-05","2019-09-05"
"K2-91 b","K2-91 b","EPIC 211077024",1,"CONFIRMED","Crossfield et al. 2016","4",1.41954900000,"2016-07-14","2016-07-18"
"K2-91 b","K2-91 b","EPIC 211077024",0,"CONFIRMED","Crossfield et al. 2016","4",1.41960400000,"2017-10-23","2017-10-26"
"K2-91 b","K2-91 b","EPIC 211077024",0,"CONFIRMED","Crossfield et al. 2016","4",1.41971400000,"2019-09-05","2019-09-05"
"K2-91 b","K2-91 b","EPIC 211077024",0,"CONFIRMED","Crossfield et al. 2016","4",1.41929871000,"2016-12-21","2016-12-21"
"EPIC 211082420.01",,"EPIC 211082420",1,"FALSE POSITIVE","Rizzuto et al. 2017","4",2.46160000000,"2017-12-14","2017-12-14"
"EPIC 211087003.01",,"EPIC 211087003",1,"CANDIDATE","Kruse et al. 2019","4",,"2019-09-05","2019-09-05"
"EPIC 211087003.02",,"EPIC 211087003",1,"CANDIDATE","Kruse et al. 2019","4",28.29213000000,"2019-09-05","2019-09-05"
"K2-29 b","K2-29 b","EPIC 211089792",1,"CONFIRMED","Santerne et al. 2016","4",3.25883210000,"2016-03-23","2016-03-24"
"K2-29 b","K2-29 b","EPIC 211089792",0,"CONFIRMED","Santerne et al. 2016","4",3.25881300000,"2019-09-05","2019-09-05"
"K2-29 b","K2-29 b","EPIC 211089792",0,"CONFIRMED","Santerne et al. 2016","4",3.25892630000,"2016-04-13","2016-04-14"
"K2-29 b","K2-29 b","EPIC 211089792",0,"CONFIRMED","Santerne et al. 2016","4",3.25883406000,"2024-03-04","2024-03-04"
"K2-29 b","K2-29 b","EPIC 211089792",0,"CONFIRMED","Santerne et al. 2016","4",3.25919930000,"2016-12-21","2016-12-21"
"K2-29 b","K2-29 b","EPIC 211089792",0,"CONFIRMED","Santerne et al. 2016","4",3.25882400000,"2018-02-14","2018-02-15"
"K2-29 b","K2-29 b","EPIC 211089792",0,"CONFIRMED","Santerne et al. 2016","4",3.25876800000,"2016-07-14","2016-07-18"
"K2-29 b","K2-29 b","EPIC 211089792",0,"CONFIRMED","Santerne et al. 2016","4",3.25883164155,"2024-12-10","2024-12-10"
"K2-29 b","K2-29 b","EPIC 211089792",0,"CONFIRMED","Santerne et al. 2016","4",3.25883150000,"2022-01-24","2022-01-24"
"EPIC 211093684.01",,"EPIC 211093684",1,"FALSE POSITIVE","Rizzuto et al. 2017","4",7.05020000000,"2017-12-14","2017-12-14"
"EPIC 211106187.01",,"EPIC 211106187",1,"CANDIDATE","Mayo et al. 2018","4",14.64307100000,"2018-02-15","2018-02-15"
"EPIC 211107835.01",,"EPIC 211107835",1,"CANDIDATE","Kruse et al. 2019","4",18.86520000000,"2019-09-05","2019-09-05"
"EPIC 211133138.01",,"EPIC 211133138",1,"CANDIDATE","Kruse et al. 2019","4",7.43487600000,"2019-09-05","2019-09-05"
"EPIC 211147528.01",,"EPIC 211147528",1,"CANDIDATE","Kruse et al. 2019","4",2.34954500000,"2019-09-05","2019-09-05"
"EPIC 211147528.01",,"EPIC 211147528",0,"CANDIDATE","Kruse et al. 2019","4",2.34945500000,"2016-07-18","2016-07-18"
"EPIC 211147528.01",,"EPIC 211147528",0,"CANDIDATE","Kruse et al. 2019","4",2.34951024000,"2016-12-21","2016-12-21"
"EPIC 211147528.01",,"EPIC 211147528",0,"CANDIDATE","Kruse et al. 2019","4",2.34951500000,"2018-02-15","2018-02-15"
"EPIC 211147528.01",,"EPIC 211147528",0,"CANDIDATE","Kruse et al. 2019","4",2.34949030000,"2024-10-14","2024-10-14"
"K2-92 b","K2-92 b","EPIC 211152484",1,"REFUTED","Cabrera et al. 2017","4",0.70181800000,"2016-07-18","2016-07-18"
"EPIC 211158357.01",,"EPIC 211158357",1,"CANDIDATE","Kruse et al. 2019","4",0.29907370000,"2019-09-05","2019-09-05"
"EPIC 211169300.01",,"EPIC 211169300",1,"CANDIDATE","Barros et al. 2016","4",16.43831081000,"2016-12-21","2016-12-21"
"EPIC 211201576.01",,"EPIC 211201576",1,"CANDIDATE","Kruse et al. 2019","4",5.88165000000,"2019-09-05","2019-09-05"
"EPIC 211305568.01",,"EPIC 211305568",1,"CANDIDATE","Dressing et al. 2017","5, 18",11.55059000000,"2017-12-14","2017-12-14"
"EPIC 211305568.02",,"EPIC 211305568",1,"CANDIDATE","Dressing et al. 2017","5, 18",0.19785000000,"2017-12-14","2017-12-14"
"EPIC 211308899.01",,"EPIC 211308899",1,"CANDIDATE","Pope et al. 2016","5",6.42300000000,"2016-07-18","2016-07-18"
"EPIC 211309648.01",,"EPIC 211309648",1,"CANDIDATE","Zink et al. 2021","18",3.13932260000,"2022-04-19","2022-04-19"
"EPIC 211309648.01",,"EPIC 211309648",0,"CANDIDATE","Zink et al. 2021","18",3.13940400000,"2021-11-19","2021-11-19"
"EPIC 211309648.01",,"EPIC 211309648",0,"CANDIDATE","Zink et al. 2021","18",3.13936670000,"2025-02-24","2025-02-24"
"HIP 41378 b","K2-93 b","EPIC 211311380",1,"CONFIRMED","Vanderburg et al. 2016","5, 18",15.57209000000,"2026-07-16","2026-07-16"
"HIP 41378 b","K2-93 b","EPIC 211311380",0,"CONFIRMED","Vanderburg et al. 2016","5, 18",15.57209800000,"2019-06-03","2019-06-13"
"HIP 41378 b","K2-93 b","EPIC 211311380",0,"CONFIRMED","Vanderburg et al. 2016","5, 18",15.57120000000,"2019-06-03","2016-07-07"
"HIP 41378 b","K2-93 b","EPIC 211311380",0,"CONFIRMED","Vanderburg et al. 2016","5, 18",15.57208000000,"2025-09-17","2025-09-17"
"HIP 41378 b","K2-93 b","EPIC 211311380",0,"CONFIRMED","Vanderburg et al. 2016","5, 18",15.57189300000,"2026-05-07","2026-05-07"
"HIP 41378 b","K2-93 b","EPIC 211311380",0,"CONFIRMED","Vanderburg et al. 2016","5, 18",15.57185520000,"2024-02-05","2024-02-05"
"HIP 41378 b","K2-93 b","EPIC 211311380",0,"CONFIRMED","Vanderburg et al. 2016","5, 18",15.57209000000,"2026-07-16","2026-07-16"
"HIP 41378 c","K2-93 c","EPIC 211311380",1,"CONFIRMED","Vanderburg et al. 2016","5, 18",31.70591000000,"2026-07-16","2026-07-16"
"HIP 41378 c","K2-93 c","EPIC 211311380",0,"CONFIRMED","Vanderburg et al. 2016","5, 18",31.70648000000,"2019-06-03","2019-06-13"
"HIP 41378 c","K2-93 c","EPIC 211311380",0,"CONFIRMED","Vanderburg et al. 2016","5, 18",31.70838000000,"2026-05-07","2026-05-07"
"HIP 41378 c","K2-93 c","EPIC 211311380",0,"CONFIRMED","Vanderburg et al. 2016","5, 18",31.69780000000,"2019-06-03","2016-07-07"
"HIP 41378 c","K2-93 c","EPIC 211311380",0,"CONFIRMED","Vanderburg et al. 2016","5, 18",31.70603000000,"2025-09-17","2025-09-17"
"HIP 41378 c","K2-93 c","EPIC 211311380",0,"CONFIRMED","Vanderburg et al. 2016","5, 18",31.71802083162,"2024-12-10","2024-12-10"
"HIP 41378 c","K2-93 c","EPIC 211311380",0,"CONFIRMED","Vanderburg et al. 2016","5, 18",31.70610000000,"2026-07-16","2026-07-16"
"HIP 41378 d","K2-93 d","EPIC 211311380",1,"CONFIRMED","Vanderburg et al. 2016","5, 18",278.36180000000,"2026-07-16","2026-07-16"
"HIP 41378 d","K2-93 d","EPIC 211311380",0,"CONFIRMED","Vanderburg et al. 2016","5, 18",48.10000000000,"2019-09-20","2019-09-26"
"HIP 41378 d","K2-93 d","EPIC 211311380",0,"CONFIRMED","Vanderburg et al. 2016","5, 18",278.36000000000,"2026-07-16","2026-07-16"
"HIP 41378 d","K2-93 d","EPIC 211311380",0,"CONFIRMED","Vanderburg et al. 2016","5, 18",278.36180000000,"2023-01-18","2023-01-18"
"HIP 41378 d","K2-93 d","EPIC 211311380",0,"CONFIRMED","Vanderburg et al. 2016","5, 18",278.36180000000,"2025-09-17","2025-09-17"
"HIP 41378 d","K2-93 d","EPIC 211311380",0,"CONFIRMED","Vanderburg et al. 2016","5, 18",156.00000000000,"2019-06-03","2016-07-07"
"HIP 41378 d","K2-93 d","EPIC 211311380",0,"CONFIRMED","Vanderburg et al. 2016","5, 18",1114.00000000000,"2019-06-03","2019-06-13"
"HIP 41378 e","K2-93 e","EPIC 211311380",1,"CONFIRMED","Vanderburg et al. 2016","5, 18",393.00000000000,"2026-07-16","2026-07-16"
"HIP 41378 e","K2-93 e","EPIC 211311380",0,"CONFIRMED","Vanderburg et al. 2016","5, 18",260.00000000000,"2026-07-16","2026-07-16"
"HIP 41378 e","K2-93 e","EPIC 211311380",0,"CONFIRMED","Vanderburg et al. 2016","5, 18",131.00000000000,"2019-06-03","2016-07-07"
"HIP 41378 e","K2-93 e","EPIC 211311380",0,"CONFIRMED","Vanderburg et al. 2016","5, 18",369.00000000000,"2025-09-17","2025-09-17"
"HIP 41378 e","K2-93 e","EPIC 211311380",0,"CONFIRMED","Vanderburg et al. 2016","5, 18",,"2019-06-03","2019-06-13"
"HIP 41378 f","K2-93 f","EPIC 211311380",1,"CONFIRMED","Vanderburg et al. 2016","5, 18",542.07970000000,"2026-07-16","2026-07-16"
"HIP 41378 f","K2-93 f","EPIC 211311380",0,"CONFIRMED","Vanderburg et al. 2016","5, 18",542.07970000000,"2026-05-14","2026-05-14"
"HIP 41378 f","K2-93 f","EPIC 211311380",0,"CONFIRMED","Vanderburg et al. 2016","5, 18",324.00000000000,"2019-06-03","2016-07-07"
"HIP 41378 f","K2-93 f","EPIC 211311380",0,"CONFIRMED","Vanderburg et al. 2016","5, 18",542.07930000000,"2026-07-16","2026-07-16"
"HIP 41378 f","K2-93 f","EPIC 211311380",0,"CONFIRMED","Vanderburg et al. 2016","5, 18",1084.00000000000,"2019-06-03","2019-06-13"
"HIP 41378 f","K2-93 f","EPIC 211311380",0,"CONFIRMED","Vanderburg et al. 2016","5, 18",542.07975000000,"2025-09-17","2025-09-17"
"HIP 41378 f","K2-93 f","EPIC 211311380",0,"CONFIRMED","Vanderburg et al. 2016","5, 18",46.40000000000,"2019-09-20","2019-09-26"
"K2-354 b","K2-354 b","EPIC 211314705",1,"CONFIRMED","de Leon et al. 2021","5",3.79330600000,"2021-08-23","2021-08-23"
"K2-354 b","K2-354 b","EPIC 211314705",0,"CONFIRMED","de Leon et al. 2021","5",3.79400000000,"2016-07-18","2016-07-18"
"EPIC 211315836.01",,"EPIC 211315836",1,"CANDIDATE","Kruse et al. 2019","5, 18",1.38524600000,"2019-09-05","2019-09-05"
"EPIC 211315836.01",,"EPIC 211315836",0,"CANDIDATE","Kruse et al. 2019","5, 18",1.38521606684,"2025-07-29","2025-01-09"
"K2-180 b","K2-180 b","EPIC 211319617",1,"CONFIRMED","Mayo et al. 2018","5, 18",8.86566300000,"2024-11-20","2024-11-20"
"K2-180 b","K2-180 b","EPIC 211319617",0,"CONFIRMED","Mayo et al. 2018","5, 18",8.86593200000,"2018-10-24","2018-02-15"
"K2-180 b","K2-180 b","EPIC 211319617",0,"CONFIRMED","Mayo et al. 2018","5, 18",8.86600000000,"2016-07-18","2016-07-18"
"K2-180 b","K2-180 b","EPIC 211319617",0,"CONFIRMED","Mayo et al. 2018","5, 18",8.86528860869,"2024-02-05","2024-02-05"
"K2-180 b","K2-180 b","EPIC 211319617",0,"CONFIRMED","Mayo et al. 2018","5, 18",8.86725900000,"2017-12-14","2017-12-14"
"K2-180 b","K2-180 b","EPIC 211319617",0,"CONFIRMED","Mayo et al. 2018","5, 18",8.86720900000,"2018-10-24","2018-10-26"
"K2-180 b","K2-180 b","EPIC 211319617",0,"CONFIRMED","Mayo et al. 2018","5, 18",8.86650000000,"2021-07-12","2021-07-12"
"K2-180 b","K2-180 b","EPIC 211319617",0,"CONFIRMED","Mayo et al. 2018","5, 18",8.86565110000,"2021-09-20","2021-09-20"
"K2-180 b","K2-180 b","EPIC 211319617",0,"CONFIRMED","Mayo et al. 2018","5, 18",8.86560000000,"2025-09-17","2025-09-17"
"K2-180 b","K2-180 b","EPIC 211319617",0,"CONFIRMED","Mayo et al. 2018","5, 18",8.86638000000,"2019-09-05","2019-09-05"
"EPIC 211319779.01",,"EPIC 211319779",1,"CANDIDATE","Castro-Gonz&aacute;lez et al. 2022","18",13.82531570000,"2022-04-18","2022-04-18"
"EPIC 211319779.01",,"EPIC 211319779",0,"CANDIDATE","Castro-Gonz&aacute;lez et al. 2022","18",13.82400780000,"2024-02-05","2024-02-05"
"EPIC 211321953.01",,"EPIC 211321953",1,"CANDIDATE","Zink et al. 2021","18",22.19434600000,"2021-11-19","2021-11-19"
"EPIC 211327855.01",,"EPIC 211327855",1,"CANDIDATE","Kruse et al. 2019","5, 18",1.72397000000,"2019-09-05","2019-09-05"
"EPIC 211328748.01",,"EPIC 211328748",1,"CANDIDATE","Pope et al. 2016","5, 18",17.17800000000,"2016-07-18","2016-07-18"
"K2-117 b","K2-117 b","EPIC 211331236",1,"CONFIRMED","Dressing et al. 2017","5, 18",1.29160000000,"2018-10-24","2018-10-26"
"K2-117 b","K2-117 b","EPIC 211331236",0,"CONFIRMED","Dressing et al. 2017","5, 18",1.29160335703,"2025-09-17","2024-12-10"
"K2-117 b","K2-117 b","EPIC 211331236",0,"CONFIRMED","Dressing et al. 2017","5, 18",1.29162600000,"2016-12-21","2016-12-21"
"K2-117 b","K2-117 b","EPIC 211331236",0,"CONFIRMED","Dressing et al. 2017","5, 18",1.29150500000,"2018-10-24","2017-10-05"
"K2-117 b","K2-117 b","EPIC 211331236",0,"CONFIRMED","Dressing et al. 2017","5, 18",1.29165100000,"2017-12-14","2017-12-14"
"K2-117 b","K2-117 b","EPIC 211331236",0,"CONFIRMED","Dressing et al. 2017","5, 18",1.29156300000,"2018-10-24","2018-02-01"
"K2-117 b","K2-117 b","EPIC 211331236",0,"CONFIRMED","Dressing et al. 2017","5, 18",1.29200000000,"2016-07-18","2016-07-18"
"K2-117 b","K2-117 b","EPIC 211331236",0,"CONFIRMED","Dressing et al. 2017","5, 18",1.29160500000,"2019-09-05","2019-09-05"
"K2-117 c","K2-117 c","EPIC 211331236",1,"CONFIRMED","Dressing et al. 2017","5, 18",5.44401700000,"2018-10-24","2018-10-26"
"K2-117 c","K2-117 c","EPIC 211331236",0,"CONFIRMED","Dressing et al. 2017","5, 18",5.44482000000,"2018-10-24","2017-10-05"
"K2-117 c","K2-117 c","EPIC 211331236",0,"CONFIRMED","Dressing et al. 2017","5, 18",5.44398400000,"2017-12-14","2017-12-14"
"K2-117 c","K2-117 c","EPIC 211331236",0,"CONFIRMED","Dressing et al. 2017","5, 18",5.44425000000,"2018-10-24","2018-02-01"
"K2-117 c","K2-117 c","EPIC 211331236",0,"CONFIRMED","Dressing et al. 2017","5, 18",5.44425000000,"2019-09-05","2019-09-05"
"EPIC 211333233.01",,"EPIC 211333233",1,"CANDIDATE","Pope et al. 2016","5",5.40900000000,"2016-07-18","2016-07-18"
"EPIC 211335816.01",,"EPIC 211335816",1,"CANDIDATE","Pope et al. 2016","5, 18",4.99000000000,"2016-07-18","2016-07-18"
"EPIC 211335816.01",,"EPIC 211335816",0,"CANDIDATE","Pope et al. 2016","5, 18",4.98986640000,"2022-08-09","2022-08-09"
"EPIC 211336288.01",,"EPIC 211336288",1,"CANDIDATE","Dressing et al. 2017","5, 18",0.22181000000,"2017-12-14","2017-12-14"
"EPIC 211336616.01",,"EPIC 211336616",1,"CANDIDATE","Pope et al. 2016","5",44.13000000000,"2016-07-18","2016-07-18"
"EPIC 211342524.01",,"EPIC 211342524",1,"CANDIDATE","Kruse et al. 2019","5, 18",14.44898700000,"2019-09-05","2019-09-05"
"EPIC 211342524.01",,"EPIC 211342524",0,"CANDIDATE","Kruse et al. 2019","5, 18",14.44900000000,"2016-07-18","2016-07-18"
"EPIC 211342524.01",,"EPIC 211342524",0,"CANDIDATE","Kruse et al. 2019","5, 18",14.45182480000,"2016-12-21","2016-12-21"
"EPIC 211342524.01",,"EPIC 211342524",0,"CANDIDATE","Kruse et al. 2019","5, 18",14.44876700000,"2017-12-14","2017-12-14"
"K2-97 b","K2-97 b","EPIC 211351816",1,"CONFIRMED","Grunblatt et al. 2016","5, 18",8.40711500000,"2024-11-20","2024-11-20"
"K2-97 b","K2-97 b","EPIC 211351816",0,"CONFIRMED","Grunblatt et al. 2016","5, 18",8.40600000000,"2016-07-18","2016-07-18"
"K2-97 b","K2-97 b","EPIC 211351816",0,"CONFIRMED","Grunblatt et al. 2016","5, 18",8.40672600000,"2018-10-24","2018-10-26"
"K2-97 b","K2-97 b","EPIC 211351816",0,"CONFIRMED","Grunblatt et al. 2016","5, 18",8.40610000000,"2018-10-24","2017-10-19"
"K2-97 b","K2-97 b","EPIC 211351816",0,"CONFIRMED","Grunblatt et al. 2016","5, 18",8.40685000000,"2019-09-05","2019-09-05"
"K2-97 b","K2-97 b","EPIC 211351816",0,"CONFIRMED","Grunblatt et al. 2016","5, 18",8.40715910000,"2024-02-05","2024-02-05"
"K2-97 b","K2-97 b","EPIC 211351816",0,"CONFIRMED","Grunblatt et al. 2016","5, 18",8.40695100000,"2017-12-14","2017-12-14"
"K2-97 b","K2-97 b","EPIC 211351816",0,"CONFIRMED","Grunblatt et al. 2016","5, 18",8.40527600000,"2018-10-24","2018-02-15"
"K2-97 b","K2-97 b","EPIC 211351816",0,"CONFIRMED","Grunblatt et al. 2016","5, 18",,"2018-12-17","2018-12-19"
"K2-97 b","K2-97 b","EPIC 211351816",0,"CONFIRMED","Grunblatt et al. 2016","5, 18",8.40610000000,"2018-10-24","2016-09-29"
"K2-181 b","K2-181 b","EPIC 211355342",1,"CONFIRMED","Mayo et al. 2018","5, 18",6.89410000000,"2025-09-17","2025-09-17"
"K2-181 b","K2-181 b","EPIC 211355342",0,"CONFIRMED","Mayo et al. 2018","5, 18",6.89425600000,"2018-10-24","2018-10-26"
"K2-181 b","K2-181 b","EPIC 211355342",0,"CONFIRMED","Mayo et al. 2018","5, 18",6.89381300000,"2024-11-20","2024-11-20"
"K2-181 b","K2-181 b","EPIC 211355342",0,"CONFIRMED","Mayo et al. 2018","5, 18",6.89300000000,"2016-07-18","2016-07-18"
"K2-181 b","K2-181 b","EPIC 211355342",0,"CONFIRMED","Mayo et al. 2018","5, 18",6.89428700000,"2017-12-14","2017-12-14"
"K2-181 b","K2-181 b","EPIC 211355342",0,"CONFIRMED","Mayo et al. 2018","5, 18",6.89424037000,"2016-12-21","2016-12-21"
"K2-181 b","K2-181 b","EPIC 211355342",0,"CONFIRMED","Mayo et al. 2018","5, 18",6.89425200000,"2018-10-24","2018-02-15"
"K2-181 b","K2-181 b","EPIC 211355342",0,"CONFIRMED","Mayo et al. 2018","5, 18",6.89442000000,"2019-09-05","2019-09-05"
"EPIC 211357309.01",,"EPIC 211357309",1,"CANDIDATE","Kruse et al. 2019","5, 18",0.46395400000,"2019-09-05","2019-09-05"
"EPIC 211357309.01",,"EPIC 211357309",0,"CANDIDATE","Kruse et al. 2019","5, 18",0.46395000000,"2016-06-09","2016-06-09"
"EPIC 211357309.01",,"EPIC 211357309",0,"CANDIDATE","Kruse et al. 2019","5, 18",0.46395000000,"2017-12-14","2017-12-14"
"K2-182 b","K2-182 b","EPIC 211359660",1,"CONFIRMED","Mayo et al. 2018","5, 18",4.73696960000,"2024-11-20","2024-11-20"
"K2-182 b","K2-182 b","EPIC 211359660",0,"CONFIRMED","Mayo et al. 2018","5, 18",4.73689300000,"2019-09-05","2019-09-05"
"K2-182 b","K2-182 b","EPIC 211359660",0,"CONFIRMED","Mayo et al. 2018","5, 18",4.73683700000,"2018-10-24","2018-10-26"
"K2-182 b","K2-182 b","EPIC 211359660",0,"CONFIRMED","Mayo et al. 2018","5, 18",4.73683400000,"2017-12-14","2017-12-14"
"K2-182 b","K2-182 b","EPIC 211359660",0,"CONFIRMED","Mayo et al. 2018","5, 18",4.73700000000,"2016-07-18","2016-07-18"
"K2-182 b","K2-182 b","EPIC 211359660",0,"CONFIRMED","Mayo et al. 2018","5, 18",4.73697290000,"2021-09-20","2021-09-20"
"K2-182 b","K2-182 b","EPIC 211359660",0,"CONFIRMED","Mayo et al. 2018","5, 18",4.73696690000,"2024-02-05","2024-02-05"
"K2-182 b","K2-182 b","EPIC 211359660",0,"CONFIRMED","Mayo et al. 2018","5, 18",4.73730765000,"2016-12-21","2016-12-21"
"K2-182 b","K2-182 b","EPIC 211359660",0,"CONFIRMED","Mayo et al. 2018","5, 18",4.73696830000,"2022-03-28","2022-03-28"
"K2-182 b","K2-182 b","EPIC 211359660",0,"CONFIRMED","Mayo et al. 2018","5, 18",4.73688400000,"2018-10-24","2018-02-15"
"EPIC 211365543.01",,"EPIC 211365543",1,"CANDIDATE","Pope et al. 2016","5, 18",5.26400000000,"2016-07-18","2016-07-18"
"EPIC 211372788.01",,"EPIC 211372788",1,"CANDIDATE","Kruse et al. 2019","5",1.52908400000,"2019-09-05","2019-09-05"
"EPIC 211375488.01",,"EPIC 211375488",1,"CANDIDATE","Petigura et al. 2018","5",4.16673800000,"2017-12-14","2017-12-14"
"EPIC 211375488.01",,"EPIC 211375488",0,"CANDIDATE","Petigura et al. 2018","5",2.08400000000,"2016-07-18","2016-07-18"
"EPIC 211383821.01",,"EPIC 211383821",1,"CANDIDATE","Kruse et al. 2019","5, 18",1.56699000000,"2019-09-05","2019-09-05"
"EPIC 211383821.01",,"EPIC 211383821",0,"CANDIDATE","Kruse et al. 2019","5, 18",1.56700000000,"2016-07-18","2016-07-18"
"EPIC 211383821.01",,"EPIC 211383821",0,"CANDIDATE","Kruse et al. 2019","5, 18",1.56706496000,"2016-12-21","2016-12-21"
"EPIC 211390903.01",,"EPIC 211390903",1,"CANDIDATE","Nardiello et al. 2016","5, 18",7.75759500000,"2017-12-13","2017-12-13"
"K2-98 b","K2-98 b","EPIC 211391664",1,"CONFIRMED","Barrag&aacute;n et al. 2016","5, 18",10.13673490000,"2024-11-20","2024-11-20"
"K2-98 b","K2-98 b","EPIC 211391664",0,"CONFIRMED","Barrag&aacute;n et al. 2016","5, 18",10.13679600000,"2018-10-24","2018-02-15"
"K2-98 b","K2-98 b","EPIC 211391664",0,"CONFIRMED","Barrag&aacute;n et al. 2016","5, 18",10.13892836000,"2016-12-21","2016-12-21"
"K2-98 b","K2-98 b","EPIC 211391664",0,"CONFIRMED","Barrag&aacute;n et al. 2016","5, 18",10.13675000000,"2018-10-24","2016-09-29"
"K2-98 b","K2-98 b","EPIC 211391664",0,"CONFIRMED","Barrag&aacute;n et al. 2016","5, 18",10.13644800000,"2018-10-24","2018-10-26"
"K2-98 b","K2-98 b","EPIC 211391664",0,"CONFIRMED","Barrag&aacute;n et al. 2016","5, 18",10.13600000000,"2016-07-18","2016-07-18"
"K2-98 b","K2-98 b","EPIC 211391664",0,"CONFIRMED","Barrag&aacute;n et al. 2016","5, 18",10.13682000000,"2019-09-05","2019-09-05"
"K2-98 b","K2-98 b","EPIC 211391664",0,"CONFIRMED","Barrag&aacute;n et al. 2016","5, 18",10.13693000000,"2025-09-17","2025-09-17"
"K2-98 b","K2-98 b","EPIC 211391664",0,"CONFIRMED","Barrag&aacute;n et al. 2016","5, 18",10.13652700000,"2017-12-14","2017-12-14"
"K2-98 b","K2-98 b","EPIC 211391664",0,"CONFIRMED","Barrag&aacute;n et al. 2016","5, 18",10.13672830000,"2024-01-22","2024-01-22"
"EPIC 211393988.01",,"EPIC 211393988",1,"CANDIDATE","Zink et al. 2021","18",4.87189550000,"2022-04-19","2022-04-19"
"EPIC 211393988.01",,"EPIC 211393988",0,"CANDIDATE","Zink et al. 2021","18",4.87403850000,"2024-02-05","2024-02-05"
"EPIC 211393988.01",,"EPIC 211393988",0,"CANDIDATE","Zink et al. 2021","18",4.87190200000,"2021-11-19","2021-11-19"
"EPIC 211396431.01",,"EPIC 211396431",1,"CANDIDATE","Zink et al. 2021","16",8.51418400000,"2021-11-19","2021-11-19"
"EPIC 211397774.01",,"EPIC 211397774",1,"FALSE POSITIVE","Yu et al. 2018","16",0.96786500000,"2019-02-26","2019-02-26"
"EPIC 211397844.01",,"EPIC 211397844",1,"CANDIDATE","Yu et al. 2018","16",16.16883300000,"2019-02-26","2019-02-26"
"K2-371 b","K2-371 b","EPIC 211399359",1,"CONFIRMED","Christiansen et al. 2022","5, 18",3.11490500000,"2022-03-16","2022-03-16"
"K2-371 b","K2-371 b","EPIC 211399359",0,"CONFIRMED","Christiansen et al. 2022","5, 18",3.11487800000,"2017-12-14","2017-12-14"
"K2-371 b","K2-371 b","EPIC 211399359",0,"CONFIRMED","Christiansen et al. 2022","5, 18",3.11489307594,"2024-11-20","2024-11-20"
"K2-371 b","K2-371 b","EPIC 211399359",0,"CONFIRMED","Christiansen et al. 2022","5, 18",3.11491262000,"2016-12-21","2016-12-21"
"K2-371 b","K2-371 b","EPIC 211399359",0,"CONFIRMED","Christiansen et al. 2022","5, 18",3.11500000000,"2016-07-18","2016-07-18"
"K2-371 b","K2-371 b","EPIC 211399359",0,"CONFIRMED","Christiansen et al. 2022","5, 18",3.11490850000,"2019-09-05","2019-09-05"
"K2-330 b","K2-330 b","EPIC 211401787",1,"CONFIRMED","de Leon et al. 2021","5, 18",13.77479800000,"2021-08-23","2021-08-23"
"K2-330 b","K2-330 b","EPIC 211401787",0,"CONFIRMED","de Leon et al. 2021","5, 18",13.77300000000,"2016-07-18","2016-07-18"
"K2-330 b","K2-330 b","EPIC 211401787",0,"CONFIRMED","de Leon et al. 2021","5, 18",13.77262600000,"2017-12-14","2017-12-14"
"K2-330 b","K2-330 b","EPIC 211401787",0,"CONFIRMED","de Leon et al. 2021","5, 18",13.77382600000,"2018-02-15","2018-02-15"
"K2-330 b","K2-330 b","EPIC 211401787",0,"CONFIRMED","de Leon et al. 2021","5, 18",13.77483610000,"2024-01-22","2024-01-22"
"K2-330 b","K2-330 b","EPIC 211401787",0,"CONFIRMED","de Leon et al. 2021","5, 18",13.77300000000,"2019-09-05","2019-09-05"
"K2-330 b","K2-330 b","EPIC 211401787",0,"CONFIRMED","de Leon et al. 2021","5, 18",13.77503443917,"2026-04-23","2026-04-23"
"EPIC 211402878.01",,"EPIC 211402878",1,"FALSE POSITIVE","Yu et al. 2018","16",25.23658000000,"2019-02-26","2019-02-26"
"EPIC 211407755.01",,"EPIC 211407755",1,"CANDIDATE","Kruse et al. 2019","5, 16, 18",36.10900000000,"2019-09-05","2019-09-05"
"EPIC 211407755.01",,"EPIC 211407755",0,"CANDIDATE","Kruse et al. 2019","5, 16, 18",36.08616070000,"2022-04-19","2022-04-19"
"EPIC 211408138.01",,"EPIC 211408138",1,"FALSE POSITIVE","Yu et al. 2018","5, 16, 18",10.33786400000,"2019-02-26","2019-02-26"
"EPIC 211408558.01",,"EPIC 211408558",1,"CANDIDATE","Zink et al. 2021","18, 5",9.96768900000,"2021-11-19","2021-11-19"
"EPIC 211409299.01",,"EPIC 211409299",1,"FALSE POSITIVE","Yu et al. 2018","5, 16, 18",13.91930100000,"2019-02-26","2019-02-26"
"EPIC 211411891.01",,"EPIC 211411891",1,"FALSE POSITIVE","Yu et al. 2018","16",0.95486300000,"2019-02-26","2019-02-26"
"EPIC 211413463.01",,"EPIC 211413463",1,"CANDIDATE","Petigura et al. 2018","5, 18",3.25182000000,"2017-12-14","2017-12-14"
"K2-268 b","K2-268 b","EPIC 211413752",1,"CONFIRMED","Livingston et al. 2018","5, 16, 18",2.15167600000,"2021-08-30","2021-08-30"
"K2-268 b","K2-268 b","EPIC 211413752",0,"CONFIRMED","Livingston et al. 2018","5, 16, 18",2.15228000000,"2019-09-05","2019-09-05"
"K2-268 b","K2-268 b","EPIC 211413752",0,"CONFIRMED","Livingston et al. 2018","5, 16, 18",2.15189400000,"2018-10-24","2018-10-26"
"K2-268 c","K2-268 c","EPIC 211413752",1,"CONFIRMED","Livingston et al. 2018","5, 16, 18",9.32752700000,"2021-08-30","2021-08-30"
"K2-268 c","K2-268 c","EPIC 211413752",0,"CONFIRMED","Livingston et al. 2018","5, 16, 18",9.32542900000,"2017-12-13","2017-12-13"
"K2-268 c","K2-268 c","EPIC 211413752",0,"CONFIRMED","Livingston et al. 2018","5, 16, 18",9.33155684000,"2016-12-21","2016-12-21"
"K2-268 c","K2-268 c","EPIC 211413752",0,"CONFIRMED","Livingston et al. 2018","5, 16, 18",9.32610000000,"2017-12-14","2017-12-14"
"K2-268 c","K2-268 c","EPIC 211413752",0,"CONFIRMED","Livingston et al. 2018","5, 16, 18",9.32500000000,"2016-07-18","2016-07-18"
"K2-268 c","K2-268 c","EPIC 211413752",0,"CONFIRMED","Livingston et al. 2018","5, 16, 18",9.32705000000,"2019-09-05","2019-09-05"
"K2-268 c","K2-268 c","EPIC 211413752",0,"CONFIRMED","Livingston et al. 2018","5, 16, 18",9.32684100000,"2018-10-24","2018-10-26"
"K2-268 d","K2-268 d","EPIC 211413752",1,"CONFIRMED","de Leon et al. 2021","5, 16, 18",4.52859800000,"2021-08-23","2021-08-23"
"K2-268 d","K2-268 d","EPIC 211413752",0,"CONFIRMED","de Leon et al. 2021","5, 16, 18",4.52905000000,"2019-09-05","2019-09-05"
"K2-268 e","K2-268 e","EPIC 211413752",1,"CONFIRMED","de Leon et al. 2021","5, 16, 18",6.13124300000,"2021-08-23","2021-08-23"
"K2-268 e","K2-268 e","EPIC 211413752",0,"CONFIRMED","de Leon et al. 2021","5, 16, 18",6.13174000000,"2019-09-05","2019-09-05"
"K2-268 f","K2-268 f","EPIC 211413752",1,"CONFIRMED","de Leon et al. 2021","5, 16, 18",26.27057000000,"2021-08-23","2021-08-23"
"K2-268 f","K2-268 f","EPIC 211413752",0,"CONFIRMED","de Leon et al. 2021","5, 16, 18",26.26780000000,"2019-09-05","2019-09-05"
"K2-415 b","K2-415 b","EPIC 211414619",1,"CONFIRMED","Hirano et al. 2023","16",4.01796940000,"2023-03-28","2023-03-28"
"K2-415 b","K2-415 b","EPIC 211414619",0,"CONFIRMED","Hirano et al. 2023","16",4.01798053813,"2024-06-10","2024-06-10"
"EPIC 211418290.01",,"EPIC 211418290",1,"CANDIDATE","Kruse et al. 2019","5, 18",5.03213400000,"2019-09-05","2019-09-05"
"EPIC 211418290.01",,"EPIC 211418290",0,"CANDIDATE","Kruse et al. 2019","5, 18",5.03207000000,"2018-02-15","2018-02-15"
"K2-114 b","K2-114 b","EPIC 211418729",1,"CONFIRMED","Shporer et al. 2017","5, 18",11.39093100000,"2024-11-20","2024-11-20"
"K2-114 b","K2-114 b","EPIC 211418729",0,"CONFIRMED","Shporer et al. 2017","5, 18",11.39109000000,"2018-10-24","2017-09-15"
"K2-114 b","K2-114 b","EPIC 211418729",0,"CONFIRMED","Shporer et al. 2017","5, 18",11.38576954000,"2016-12-21","2016-12-21"
"K2-114 b","K2-114 b","EPIC 211418729",0,"CONFIRMED","Shporer et al. 2017","5, 18",11.39101300000,"2018-10-24","2018-10-26"
"K2-114 b","K2-114 b","EPIC 211418729",0,"CONFIRMED","Shporer et al. 2017","5, 18",11.39096852897,"2024-12-10","2024-12-10"
"K2-114 b","K2-114 b","EPIC 211418729",0,"CONFIRMED","Shporer et al. 2017","5, 18",11.39093110000,"2022-02-15","2022-02-15"
"K2-114 b","K2-114 b","EPIC 211418729",0,"CONFIRMED","Shporer et al. 2017","5, 18",11.39100000000,"2016-07-18","2016-07-18"
"K2-114 b","K2-114 b","EPIC 211418729",0,"CONFIRMED","Shporer et al. 2017","5, 18",11.39093440000,"2021-09-20","2021-09-20"
"K2-114 b","K2-114 b","EPIC 211418729",0,"CONFIRMED","Shporer et al. 2017","5, 18",11.39143200000,"2017-12-14","2017-12-14"
"K2-114 b","K2-114 b","EPIC 211418729",0,"CONFIRMED","Shporer et al. 2017","5, 18",11.39095500000,"2019-09-05","2019-09-05"
"EPIC 211419451.01",,"EPIC 211419451",1,"CANDIDATE","Kruse et al. 2019","5, 16, 18",6.45795000000,"2019-09-05","2019-09-05"
"EPIC 211422822.01",,"EPIC 211422822",1,"FALSE POSITIVE","Yu et al. 2018","16",0.55463300000,"2019-02-26","2019-02-26"
"EPIC 211424769.01",,"EPIC 211424769",1,"CANDIDATE","Mayo et al. 2018","5, 18",5.17624300000,"2018-02-15","2018-02-15"
"EPIC 211424769.01",,"EPIC 211424769",0,"CANDIDATE","Mayo et al. 2018","5, 18",5.17600000000,"2016-07-18","2016-07-18"
"EPIC 211425822.01",,"EPIC 211425822",1,"FALSE POSITIVE","Yu et al. 2018","16",2.15317800000,"2019-02-26","2019-02-26"
"EPIC 211428897.01",,"EPIC 211428897",1,"CANDIDATE","Kruse et al. 2019","5, 18",1.61088800000,"2019-09-05","2019-09-05"
"EPIC 211428897.01",,"EPIC 211428897",0,"CANDIDATE","Kruse et al. 2019","5, 18",1.61091100000,"2017-12-14","2017-12-14"
"EPIC 211428897.01",,"EPIC 211428897",0,"CANDIDATE","Kruse et al. 2019","5, 18",1.61092000000,"2017-12-14","2017-12-14"
"EPIC 211428897.01",,"EPIC 211428897",0,"CANDIDATE","Kruse et al. 2019","5, 18",1.61100000000,"2016-07-18","2016-07-18"
"EPIC 211428897.02",,"EPIC 211428897",1,"CANDIDATE","Kruse et al. 2019","5, 18",2.17800800000,"2019-09-05","2019-09-05"
"EPIC 211428897.02",,"EPIC 211428897",0,"CANDIDATE","Kruse et al. 2019","5, 18",2.17807000000,"2017-12-14","2017-12-14"
"EPIC 211428897.02",,"EPIC 211428897",0,"CANDIDATE","Kruse et al. 2019","5, 18",2.17784600000,"2017-12-14","2017-12-14"
"EPIC 211428897.03",,"EPIC 211428897",1,"CANDIDATE","Kruse et al. 2019","5, 18",4.96792000000,"2019-09-05","2019-09-05"
"EPIC 211428897.03",,"EPIC 211428897",0,"CANDIDATE","Kruse et al. 2019","5, 18",4.96883000000,"2017-12-14","2017-12-14"
"EPIC 211428897.04",,"EPIC 211428897",1,"CANDIDATE","Kruse et al. 2019","5, 18",6.26561000000,"2019-09-05","2019-09-05"
"EPIC 211428897.05",,"EPIC 211428897",1,"CANDIDATE","Kruse et al. 2019","5, 18",3.28963000000,"2019-09-05","2019-09-05"
"EPIC 211429934.01",,"EPIC 211429934",1,"FALSE POSITIVE","Yu et al. 2018","16",0.56593400000,"2019-02-26","2019-02-26"
"EPIC 211430148.01",,"EPIC 211430148",1,"FALSE POSITIVE","Yu et al. 2018","5, 16",15.09125700000,"2019-02-26","2019-02-26"
"EPIC 211431013.01",,"EPIC 211431013",1,"FALSE POSITIVE","Yu et al. 2018","5, 16",3.10239800000,"2019-02-26","2019-02-26"
"EPIC 211432103.01",,"EPIC 211432103",1,"CANDIDATE","Barros et al. 2016","5, 16, 18",0.93346092000,"2016-12-21","2016-12-21"
"EPIC 211432167.01",,"EPIC 211432167",1,"FALSE POSITIVE","Yu et al. 2018","5, 16, 18",5.81773700000,"2019-02-26","2019-02-26"
"EPIC 211432176.01",,"EPIC 211432176",1,"FALSE POSITIVE","Yu et al. 2018","16, 18",5.81785400000,"2019-02-26","2019-02-26"
"EPIC 211432922.01",,"EPIC 211432922",1,"CANDIDATE","Kruse et al. 2019","5, 16, 18",5.81861000000,"2019-09-05","2019-09-05"
"EPIC 211432946.01",,"EPIC 211432946",1,"FALSE POSITIVE","Yu et al. 2018","5, 16, 18",1.67196500000,"2019-02-26","2019-02-26"
"EPIC 211436313.01",,"EPIC 211436313",1,"CANDIDATE","Zink et al. 2021","16",4.33283700000,"2021-11-19","2021-11-19"
"EPIC 211436876.01",,"EPIC 211436876",1,"CANDIDATE","del Ser et al. 2023","5, 18",1.15240000000,"2022-11-07","2022-11-07"
"EPIC 211438731.01",,"EPIC 211438731",1,"CANDIDATE","Zink et al. 2021","16",20.48645500000,"2021-11-19","2021-11-19"
"EPIC 211439059.01",,"EPIC 211439059",1,"CANDIDATE","Kruse et al. 2019","5, 18",18.63930000000,"2019-09-05","2019-09-05"
"EPIC 211439059.01",,"EPIC 211439059",0,"CANDIDATE","Kruse et al. 2019","5, 18",18.64100000000,"2016-07-18","2016-07-18"
"EPIC 211439059.01",,"EPIC 211439059",0,"CANDIDATE","Kruse et al. 2019","5, 18",18.64504600000,"2017-12-14","2017-12-14"
"EPIC 211439059.01",,"EPIC 211439059",0,"CANDIDATE","Kruse et al. 2019","5, 18",18.63417900000,"2017-12-13","2017-12-13"
"K2-115 b","K2-115 b","EPIC 211442297",1,"CONFIRMED","Shporer et al. 2017","5, 18",20.27299140000,"2024-11-20","2024-11-20"
"K2-115 b","K2-115 b","EPIC 211442297",0,"CONFIRMED","Shporer et al. 2017","5, 18",20.27302820000,"2024-01-22","2024-01-22"
"K2-115 b","K2-115 b","EPIC 211442297",0,"CONFIRMED","Shporer et al. 2017","5, 18",20.27301700000,"2022-05-03","2022-05-03"
"K2-115 b","K2-115 b","EPIC 211442297",0,"CONFIRMED","Shporer et al. 2017","5, 18",20.27298610000,"2024-03-04","2024-03-04"
"K2-115 b","K2-115 b","EPIC 211442297",0,"CONFIRMED","Shporer et al. 2017","5, 18",20.27260200000,"2017-12-14","2017-12-14"
"K2-115 b","K2-115 b","EPIC 211442297",0,"CONFIRMED","Shporer et al. 2017","5, 18",20.27299200000,"2022-10-18","2022-10-18"
"K2-115 b","K2-115 b","EPIC 211442297",0,"CONFIRMED","Shporer et al. 2017","5, 18",20.27261500000,"2018-10-24","2018-10-26"
"K2-115 b","K2-115 b","EPIC 211442297",0,"CONFIRMED","Shporer et al. 2017","5, 18",20.27362337000,"2016-12-21","2016-12-21"
"K2-115 b","K2-115 b","EPIC 211442297",0,"CONFIRMED","Shporer et al. 2017","5, 18",20.27285000000,"2019-09-05","2019-09-05"
"K2-115 b","K2-115 b","EPIC 211442297",0,"CONFIRMED","Shporer et al. 2017","5, 18",20.27200000000,"2016-07-18","2016-07-18"
"K2-115 b","K2-115 b","EPIC 211442297",0,"CONFIRMED","Shporer et al. 2017","5, 18",20.27303400000,"2018-10-24","2017-09-28"
"EPIC 211442571.01",,"EPIC 211442571",1,"CANDIDATE","Kruse et al. 2019","5, 18",5.19287000000,"2019-09-05","2019-09-05"
"EPIC 211442571.02",,"EPIC 211442571",1,"CANDIDATE","Kruse et al. 2019","5, 18",3.39934000000,"2019-09-05","2019-09-05"
"EPIC 211449931.01",,"EPIC 211449931",1,"FALSE POSITIVE","Yu et al. 2018","16",6.66368500000,"2019-02-26","2019-02-26"
"EPIC 211451776.01",,"EPIC 211451776",1,"CANDIDATE","Zink et al. 2021","16",12.17682000000,"2021-11-19","2021-11-19"
"EPIC 211452175.01",,"EPIC 211452175",1,"FALSE POSITIVE","Yu et al. 2018","16",11.11439400000,"2019-02-26","2019-02-26"
"EPIC 211453076.01",,"EPIC 211453076",1,"FALSE POSITIVE","Yu et al. 2018","16",0.52446100000,"2019-02-26","2019-02-26"
"EPIC 211453223.01",,"EPIC 211453223",1,"FALSE POSITIVE","Yu et al. 2018","16",9.05694700000,"2019-02-26","2019-02-26"
"EPIC 211468153.01",,"EPIC 211468153",1,"FALSE POSITIVE","Yu et al. 2018","16",0.73773500000,"2019-02-26","2019-02-26"
"EPIC 211469889.01",,"EPIC 211469889",1,"CANDIDATE","Kruse et al. 2019","5, 18",7.07737000000,"2019-09-05","2019-09-05"
"EPIC 211471048.01",,"EPIC 211471048",1,"FALSE POSITIVE","Yu et al. 2018","16",0.79976800000,"2019-02-26","2019-02-26"
"EPIC 211477347.01",,"EPIC 211477347",1,"FALSE POSITIVE","Yu et al. 2018","16, 18",1.64111400000,"2019-02-26","2019-02-26"
"EPIC 211480861.01",,"EPIC 211480861",1,"CANDIDATE","Castro-Gonz&aacute;lez et al. 2022","18",6.35081980000,"2022-04-18","2022-04-18"
"EPIC 211490299.01",,"EPIC 211490299",1,"FALSE POSITIVE","Yu et al. 2018","16",0.55551600000,"2019-02-26","2019-02-26"
"K2-372 b","K2-372 b","EPIC 211490999",1,"CONFIRMED","Christiansen et al. 2022","5, 16, 18",9.84407700000,"2022-03-16","2022-03-16"
"K2-372 b","K2-372 b","EPIC 211490999",0,"CONFIRMED","Christiansen et al. 2022","5, 16, 18",9.84400000000,"2016-07-18","2016-07-18"
"K2-372 b","K2-372 b","EPIC 211490999",0,"CONFIRMED","Christiansen et al. 2022","5, 16, 18",9.84401700000,"2017-12-14","2017-12-14"
"K2-372 b","K2-372 b","EPIC 211490999",0,"CONFIRMED","Christiansen et al. 2022","5, 16, 18",9.84413000000,"2019-09-05","2019-09-05"
"K2-269 b","K2-269 b","EPIC 211491383",1,"CONFIRMED","Livingston et al. 2018","5, 16, 18",4.14496500000,"2018-10-24","2018-10-26"
"K2-269 b","K2-269 b","EPIC 211491383",0,"CONFIRMED","Livingston et al. 2018","5, 16, 18",4.14493700000,"2017-12-14","2017-12-14"
"K2-269 b","K2-269 b","EPIC 211491383",0,"CONFIRMED","Livingston et al. 2018","5, 16, 18",4.14539800000,"2018-02-15","2018-02-15"
"K2-269 b","K2-269 b","EPIC 211491383",0,"CONFIRMED","Livingston et al. 2018","5, 16, 18",4.14400000000,"2016-07-18","2016-07-18"
"EPIC 211492384.01",,"EPIC 211492384",1,"CANDIDATE","Yu et al. 2018","16",0.63532800000,"2019-02-26","2019-02-26"
"EPIC 211492449.01",,"EPIC 211492449",1,"CANDIDATE","Barros et al. 2016","5, 16",16.24196986000,"2016-12-21","2016-12-21"
"EPIC 211492541.01",,"EPIC 211492541",1,"FALSE POSITIVE","Yu et al. 2018","16",1.03174600000,"2019-02-26","2019-02-26"
"EPIC 211493669.01",,"EPIC 211493669",1,"FALSE POSITIVE","Yu et al. 2018","16",0.58337000000,"2019-02-26","2019-02-26"
"K2-331 b","K2-331 b","EPIC 211502222",1,"CONFIRMED","de Leon et al. 2021","16",9.39897700000,"2021-08-23","2021-08-23"
"K2-331 c","K2-331 c","EPIC 211502222",1,"CONFIRMED","de Leon et al. 2021","16",22.99659100000,"2021-08-23","2021-08-23"
"K2-331 c","K2-331 c","EPIC 211502222",0,"CONFIRMED","de Leon et al. 2021","16",22.99592000000,"2019-02-26","2019-02-26"
"EPIC 211503824.01",,"EPIC 211503824",1,"CANDIDATE","Yu et al. 2018","16",2.04719500000,"2019-02-26","2019-02-26"
"EPIC 211505089.01",,"EPIC 211505089",1,"CANDIDATE","Kruse et al. 2019","5, 18",24.44720000000,"2019-09-05","2019-09-05"
"EPIC 211506851.01",,"EPIC 211506851",1,"CANDIDATE","Zink et al. 2021","18",10.54217900000,"2021-11-19","2021-11-19"
"K2-419 A b","K2-419 A b","EPIC 211509553",1,"CONFIRMED","Kanodia et al. 2024","5, 18",20.35847252000,"2024-09-03","2024-09-03"
"K2-419 A b","K2-419 A b","EPIC 211509553",0,"CONFIRMED","Kanodia et al. 2024","5, 18",20.35954000000,"2017-12-14","2017-12-14"
"K2-419 A b","K2-419 A b","EPIC 211509553",0,"CONFIRMED","Kanodia et al. 2024","5, 18",20.35900000000,"2016-07-18","2016-07-18"
"K2-419 A b","K2-419 A b","EPIC 211509553",0,"CONFIRMED","Kanodia et al. 2024","5, 18",20.35507390682,"2026-07-30","2024-09-03"
"K2-419 A b","K2-419 A b","EPIC 211509553",0,"CONFIRMED","Kanodia et al. 2024","5, 18",20.35874800000,"2017-12-14","2017-12-14"
"K2-419 A b","K2-419 A b","EPIC 211509553",0,"CONFIRMED","Kanodia et al. 2024","5, 18",20.35919000000,"2019-09-05","2019-09-05"
"EPIC 211509665.01",,"EPIC 211509665",1,"FALSE POSITIVE","Yu et al. 2018","16, 18",3.24719400000,"2019-02-26","2019-02-26"
"EPIC 211510580.01",,"EPIC 211510580",1,"CANDIDATE","Kruse et al. 2019","5, 18",5.31471000000,"2019-09-05","2019-09-05"
"EPIC 211516501.01",,"EPIC 211516501",1,"CANDIDATE","Kruse et al. 2019","5, 16, 18",3.84981000000,"2019-09-05","2019-09-05"
"EPIC 211524114.01",,"EPIC 211524114",1,"FALSE POSITIVE","Yu et al. 2018","16",0.71567600000,"2019-02-26","2019-02-26"
"EPIC 211524558.01",,"EPIC 211524558",1,"FALSE POSITIVE","Yu et al. 2018","5, 16, 18",0.54696900000,"2019-02-26","2019-02-26"
"K2-105 b","K2-105 b","EPIC 211525389",1,"CONFIRMED","Narita et al. 2017","5, 18",8.26726000000,"2025-09-17","2025-09-17"
"K2-105 b","K2-105 b","EPIC 211525389",0,"CONFIRMED","Narita et al. 2017","5, 18",8.26345949000,"2016-12-21","2016-12-21"
"K2-105 b","K2-105 b","EPIC 211525389",0,"CONFIRMED","Narita et al. 2017","5, 18",8.26679000000,"2018-10-24","2018-02-15"
"K2-105 b","K2-105 b","EPIC 211525389",0,"CONFIRMED","Narita et al. 2017","5, 18",8.26690200000,"2018-10-24","2017-01-12"
"K2-105 b","K2-105 b","EPIC 211525389",0,"CONFIRMED","Narita et al. 2017","5, 18",8.26695890000,"2024-01-22","2024-01-22"
"K2-105 b","K2-105 b","EPIC 211525389",0,"CONFIRMED","Narita et al. 2017","5, 18",8.26770400000,"2018-10-24","2018-10-26"
"K2-105 b","K2-105 b","EPIC 211525389",0,"CONFIRMED","Narita et al. 2017","5, 18",8.26699280000,"2021-09-20","2021-09-20"
"K2-105 b","K2-105 b","EPIC 211525389",0,"CONFIRMED","Narita et al. 2017","5, 18",8.26698000000,"2019-09-05","2019-09-05"
"K2-105 b","K2-105 b","EPIC 211525389",0,"CONFIRMED","Narita et al. 2017","5, 18",8.26708400000,"2017-12-14","2017-12-14"
"K2-105 b","K2-105 b","EPIC 211525389",0,"CONFIRMED","Narita et al. 2017","5, 18",8.26698970000,"2024-12-10","2024-12-10"
"K2-105 b","K2-105 b","EPIC 211525389",0,"CONFIRMED","Narita et al. 2017","5, 18",8.26700000000,"2016-07-18","2016-07-18"
"K2-355 b","K2-355 b","EPIC 211525753",1,"CONFIRMED","Castro-Gonz&aacute;lez et al. 2022","18",5.73856470000,"2021-09-20","2021-09-20"
"EPIC 211526186.01",,"EPIC 211526186",1,"FALSE POSITIVE","Yu et al. 2018","5, 16, 18",0.68261800000,"2019-02-26","2019-02-26"
"K2-270 b","K2-270 b","EPIC 211529065",1,"CONFIRMED","Livingston et al. 2018","5, 16, 18",1.54306900000,"2018-10-24","2018-10-26"
"K2-270 b","K2-270 b","EPIC 211529065",0,"CONFIRMED","Livingston et al. 2018","5, 16, 18",1.54304100000,"2017-12-14","2017-12-14"
"K2-270 b","K2-270 b","EPIC 211529065",0,"CONFIRMED","Livingston et al. 2018","5, 16, 18",1.54345200000,"2019-09-05","2019-09-05"
"K2-270 c","K2-270 c","EPIC 211529065",1,"CONFIRMED","Livingston et al. 2018","5, 16, 18",4.40002800000,"2018-10-24","2018-10-26"
"K2-270 c","K2-270 c","EPIC 211529065",0,"CONFIRMED","Livingston et al. 2018","5, 16, 18",4.39883617000,"2016-12-21","2016-12-21"
"K2-270 c","K2-270 c","EPIC 211529065",0,"CONFIRMED","Livingston et al. 2018","5, 16, 18",4.39973900000,"2019-09-05","2019-09-05"
"K2-270 c","K2-270 c","EPIC 211529065",0,"CONFIRMED","Livingston et al. 2018","5, 16, 18",4.40000000000,"2016-07-18","2016-07-18"
"K2-270 c","K2-270 c","EPIC 211529065",0,"CONFIRMED","Livingston et al. 2018","5, 16, 18",4.40003700000,"2017-12-14","2017-12-14"
"K2-270 c","K2-270 c","EPIC 211529065",0,"CONFIRMED","Livingston et al. 2018","5, 16, 18",4.39987100000,"2019-02-26","2019-02-26"
"EPIC 211533633.01",,"EPIC 211533633",1,"CANDIDATE","Yu et al. 2018","16",2.12695300000,"2019-02-26","2019-02-26"
"EPIC 211534342.01",,"EPIC 211534342",1,"FALSE POSITIVE","Yu et al. 2018","16, 18",0.51270200000,"2019-02-26","2019-02-26"
"EPIC 211535327.01",,"EPIC 211535327",1,"CANDIDATE","Kruse et al. 2019","5, 18",20.22440000000,"2019-09-05","2019-09-05"
"EPIC 211535481.01",,"EPIC 211535481",1,"FALSE POSITIVE","Yu et al. 2018","16, 18",0.53969600000,"2019-02-26","2019-02-26"
"EPIC 211537087.02",,"EPIC 211537087",1,"CANDIDATE","Castro-Gonz&aacute;lez et al. 2022","18",42.38225120000,"2022-04-18","2022-04-18"
"EPIC 211537087.03",,"EPIC 211537087",1,"CANDIDATE","Castro-Gonz&aacute;lez et al. 2022","18",41.90000000000,"2022-04-18","2022-04-18"
"K2-356 b","K2-356 b","EPIC 211537087",1,"CONFIRMED","Castro-Gonz&aacute;lez et al. 2022","18",21.02673660000,"2021-09-20","2021-09-20"
"EPIC 211538193.01",,"EPIC 211538193",1,"FALSE POSITIVE","Yu et al. 2018","16, 18",0.59725800000,"2019-02-26","2019-02-26"
"K2-373 b","K2-373 b","EPIC 211539054",1,"CONFIRMED","Christiansen et al. 2022","5, 18",11.02066000000,"2022-03-16","2022-03-16"
"K2-373 b","K2-373 b","EPIC 211539054",0,"CONFIRMED","Christiansen et al. 2022","5, 18",11.02130000000,"2019-09-05","2019-09-05"
"EPIC 211540348.01",,"EPIC 211540348",1,"FALSE POSITIVE","Yu et al. 2018","16, 18",0.62038800000,"2019-02-26","2019-02-26"
"EPIC 211541590.01",,"EPIC 211541590",1,"CANDIDATE","Barros et al. 2016","5, 16",9.81881482000,"2016-12-21","2016-12-21"
"EPIC 211543616.01",,"EPIC 211543616",1,"CANDIDATE","Yu et al. 2018","16",1.51823200000,"2019-02-26","2019-02-26"
"EPIC 211544257.01",,"EPIC 211544257",1,"CANDIDATE","Yu et al. 2018","16",1.63013000000,"2019-02-26","2019-02-26"
"EPIC 211546613.01",,"EPIC 211546613",1,"CANDIDATE","Yu et al. 2018","16, 18",2.00747200000,"2019-02-26","2019-02-26"
"EPIC 211546613.01",,"EPIC 211546613",0,"CANDIDATE","Yu et al. 2018","16, 18",2.00745282887,"2026-07-30","2023-02-22"
"EPIC 211551160.01",,"EPIC 211551160",1,"CANDIDATE","Kruse et al. 2019","5, 18",37.40590000000,"2019-09-05","2019-09-05"
"EPIC 211552050.01",,"EPIC 211552050",1,"CANDIDATE","Yu et al. 2018","16",3.54496500000,"2019-02-26","2019-02-26"
"K2-183 b","K2-183 b","EPIC 211562654",1,"CONFIRMED","Mayo et al. 2018","5, 18",0.46928500000,"2022-03-28","2022-03-28"
"K2-183 b","K2-183 b","EPIC 211562654",0,"CONFIRMED","Mayo et al. 2018","5, 18",0.46928700000,"2019-09-05","2019-09-05"
"K2-183 b","K2-183 b","EPIC 211562654",0,"CONFIRMED","Mayo et al. 2018","5, 18",0.46926900000,"2018-02-14","2018-02-15"
"K2-183 c","K2-183 c","EPIC 211562654",1,"CONFIRMED","Mayo et al. 2018","5, 18",10.78799200000,"2022-03-28","2022-03-28"
"K2-183 c","K2-183 c","EPIC 211562654",0,"CONFIRMED","Mayo et al. 2018","5, 18",10.79347100000,"2018-10-24","2018-02-15"
"K2-183 c","K2-183 c","EPIC 211562654",0,"CONFIRMED","Mayo et al. 2018","5, 18",10.79274000000,"2019-09-05","2019-09-05"
"K2-183 c","K2-183 c","EPIC 211562654",0,"CONFIRMED","Mayo et al. 2018","5, 18",10.79200000000,"2016-07-18","2016-07-18"
"K2-183 c","K2-183 c","EPIC 211562654",0,"CONFIRMED","Mayo et al. 2018","5, 18",10.79261300000,"2017-12-14","2017-12-14"
"K2-183 c","K2-183 c","EPIC 211562654",0,"CONFIRMED","Mayo et al. 2018","5, 18",10.79305290000,"2016-12-21","2016-12-21"
"K2-183 c","K2-183 c","EPIC 211562654",0,"CONFIRMED","Mayo et al. 2018","5, 18",10.79263500000,"2018-10-24","2018-10-26"
"K2-183 d","K2-183 d","EPIC 211562654",1,"CONFIRMED","Mayo et al. 2018","5, 18",22.62034400000,"2022-03-28","2022-03-28"
"K2-183 d","K2-183 d","EPIC 211562654",0,"CONFIRMED","Mayo et al. 2018","5, 18",22.63196400000,"2018-10-24","2018-10-26"
"K2-183 d","K2-183 d","EPIC 211562654",0,"CONFIRMED","Mayo et al. 2018","5, 18",22.62949600000,"2018-10-24","2018-02-15"
"K2-183 d","K2-183 d","EPIC 211562654",0,"CONFIRMED","Mayo et al. 2018","5, 18",22.63459400000,"2017-12-14","2017-12-14"
"K2-183 d","K2-183 d","EPIC 211562654",0,"CONFIRMED","Mayo et al. 2018","5, 18",22.63020000000,"2019-09-05","2019-09-05"
"EPIC 211563123.01",,"EPIC 211563123",1,"FALSE POSITIVE","Yu et al. 2018","5, 16, 18",17.32585700000,"2019-02-26","2019-02-26"
"EPIC 211569704.01",,"EPIC 211569704",1,"CANDIDATE","Pope et al. 2016","5",34.02300000000,"2016-07-18","2016-07-18"
"EPIC 211572480.01",,"EPIC 211572480",1,"FALSE POSITIVE","del Ser et al. 2023","18",6.20430000000,"2022-11-07","2022-11-07"
"EPIC 211572511.01",,"EPIC 211572511",1,"CANDIDATE","Barros et al. 2016","5, 18",10.39528014000,"2016-12-21","2016-12-21"
"EPIC 211578235.01",,"EPIC 211578235",1,"CANDIDATE","Petigura et al. 2018","5, 18",11.00753700000,"2017-12-14","2017-12-14"
"EPIC 211578235.01",,"EPIC 211578235",0,"CANDIDATE","Petigura et al. 2018","5, 18",11.00357542000,"2016-12-21","2016-12-21"
"K2-332 b","K2-332 b","EPIC 211579112",1,"CONFIRMED","de Leon et al. 2021","5, 18",17.70632000000,"2021-08-23","2021-08-23"
"K2-332 b","K2-332 b","EPIC 211579112",0,"CONFIRMED","de Leon et al. 2021","5, 18",17.70300000000,"2016-07-18","2016-07-18"
"K2-332 b","K2-332 b","EPIC 211579112",0,"CONFIRMED","de Leon et al. 2021","5, 18",17.70370000000,"2019-09-05","2019-09-05"
"EPIC 211579683.01",,"EPIC 211579683",1,"CANDIDATE","Kruse et al. 2019","5, 18",9.01020000000,"2019-09-05","2019-09-05"
"EPIC 211579683.01",,"EPIC 211579683",0,"CANDIDATE","Kruse et al. 2019","5, 18",9.01258853000,"2016-12-21","2016-12-21"
"EPIC 211586387.01",,"EPIC 211586387",1,"CANDIDATE","Kruse et al. 2019","5, 16, 18",35.39720000000,"2019-09-05","2019-09-05"
"EPIC 211586387.01",,"EPIC 211586387",0,"CANDIDATE","Kruse et al. 2019","5, 16, 18",35.38300000000,"2016-07-18","2016-07-18"
"EPIC 211589784.01",,"EPIC 211589784",1,"FALSE POSITIVE","Yu et al. 2018","5, 16, 18",1.35938600000,"2019-02-26","2019-02-26"
"EPIC 211590050.01",,"EPIC 211590050",1,"CANDIDATE","Castro-Gonz&aacute;lez et al. 2022","18",26.00000000000,"2022-04-18","2022-04-18"
"K2-184 b","K2-184 b","EPIC 211594205",1,"CONFIRMED","Mayo et al. 2018","5, 18",16.97801020000,"2021-09-20","2021-09-20"
"K2-184 b","K2-184 b","EPIC 211594205",0,"CONFIRMED","Mayo et al. 2018","5, 18",16.99343500000,"2018-10-24","2018-02-15"
"K2-184 b","K2-184 b","EPIC 211594205",0,"CONFIRMED","Mayo et al. 2018","5, 18",16.99573100000,"2018-10-24","2018-10-26"
"K2-184 b","K2-184 b","EPIC 211594205",0,"CONFIRMED","Mayo et al. 2018","5, 18",16.99291698000,"2016-12-21","2016-12-21"
"K2-184 b","K2-184 b","EPIC 211594205",0,"CONFIRMED","Mayo et al. 2018","5, 18",16.99600000000,"2019-09-05","2019-09-05"
"K2-184 b","K2-184 b","EPIC 211594205",0,"CONFIRMED","Mayo et al. 2018","5, 18",16.99584800000,"2017-12-14","2017-12-14"
"K2-184 b","K2-184 b","EPIC 211594205",0,"CONFIRMED","Mayo et al. 2018","5, 18",16.99400000000,"2016-07-18","2016-07-18"
"EPIC 211600389.01",,"EPIC 211600389",1,"FALSE POSITIVE","Yu et al. 2018","16",0.63071700000,"2019-02-26","2019-02-26"
"EPIC 211600632.01",,"EPIC 211600632",1,"FALSE POSITIVE","Yu et al. 2018","16",0.63071800000,"2019-02-26","2019-02-26"
"EPIC 211604981.01",,"EPIC 211604981",1,"FALSE POSITIVE","Yu et al. 2018","16",12.42716300000,"2019-02-26","2019-02-26"
"EPIC 211606790.01",,"EPIC 211606790",1,"CANDIDATE","Kruse et al. 2019","5, 16, 18",37.24703000000,"2019-09-05","2019-09-05"
"EPIC 211606790.01",,"EPIC 211606790",0,"CANDIDATE","Kruse et al. 2019","5, 16, 18",37.24686900000,"2018-02-15","2018-02-15"
"EPIC 211607670.01",,"EPIC 211607670",1,"FALSE POSITIVE","Yu et al. 2018","16",1.34885100000,"2019-02-26","2019-02-26"
"EPIC 211607804.01",,"EPIC 211607804",1,"FALSE POSITIVE","Yu et al. 2018","16",1.49021900000,"2019-02-26","2019-02-26"
"EPIC 211611139.01",,"EPIC 211611139",1,"CANDIDATE","Yu et al. 2018","16",1.88221300000,"2019-02-26","2019-02-26"
"K2-185 b","K2-185 b","EPIC 211611158",1,"CONFIRMED","Mayo et al. 2018","5, 16, 18",10.61638400000,"2021-08-30","2021-08-30"
"K2-185 b","K2-185 b","EPIC 211611158",0,"CONFIRMED","Mayo et al. 2018","5, 16, 18",10.61610000000,"2019-09-05","2019-09-05"
"K2-185 b","K2-185 b","EPIC 211611158",0,"CONFIRMED","Mayo et al. 2018","5, 16, 18",10.61664600000,"2018-02-14","2018-02-15"
"K2-185 c","K2-185 c","EPIC 211611158",1,"CONFIRMED","de Leon et al. 2021","5, 16, 18",52.71349400000,"2021-08-23","2021-08-23"
"K2-185 c","K2-185 c","EPIC 211611158",0,"CONFIRMED","de Leon et al. 2021","5, 16, 18",52.71407200000,"2018-02-15","2018-02-15"
"K2-185 c","K2-185 c","EPIC 211611158",0,"CONFIRMED","de Leon et al. 2021","5, 16, 18",52.70990000000,"2019-09-05","2019-09-05"
"EPIC 211613886.01",,"EPIC 211613886",1,"FALSE POSITIVE","Yu et al. 2018","5, 16, 18",0.95875910000,"2019-09-05","2019-09-05"
"EPIC 211613886.01",,"EPIC 211613886",0,"FALSE POSITIVE","Yu et al. 2018","5, 16, 18",0.95878600000,"2019-02-26","2019-02-26"
"EPIC 211616939.01",,"EPIC 211616939",1,"CANDIDATE","Yu et al. 2018","16",1.85540000000,"2019-02-26","2019-02-26"
"EPIC 211619120.01",,"EPIC 211619120",1,"FALSE POSITIVE","Yu et al. 2018","5, 16",11.10031400000,"2019-02-26","2019-02-26"
"EPIC 211619805.01",,"EPIC 211619805",1,"CANDIDATE","Yu et al. 2018","16",1.85582700000,"2019-02-26","2019-02-26"
"EPIC 211619879.01",,"EPIC 211619879",1,"CANDIDATE","Kruse et al. 2019","5, 18",15.75120000000,"2019-09-05","2019-09-05"
"EPIC 211620138.01",,"EPIC 211620138",1,"CANDIDATE","Yu et al. 2018","16",1.85542100000,"2019-02-26","2019-02-26"
"EPIC 211621644.01",,"EPIC 211621644",1,"FALSE POSITIVE","Yu et al. 2018","16, 18",0.92135800000,"2019-02-26","2019-02-26"
"EPIC 211621961.01",,"EPIC 211621961",1,"FALSE POSITIVE","Yu et al. 2018","16",11.07884700000,"2019-02-26","2019-02-26"
"EPIC 211625003.01",,"EPIC 211625003",1,"FALSE POSITIVE","Yu et al. 2018","16",0.53043100000,"2019-02-26","2019-02-26"
"EPIC 211626490.01",,"EPIC 211626490",1,"FALSE POSITIVE","Yu et al. 2018","16, 18",0.74773400000,"2019-02-26","2019-02-26"
"EPIC 211630537.01",,"EPIC 211630537",1,"FALSE POSITIVE","Yu et al. 2018","16",0.69719000000,"2019-02-26","2019-02-26"
"EPIC 211631538.01",,"EPIC 211631538",1,"CANDIDATE","Yu et al. 2018","16",5.51332700000,"2019-02-26","2019-02-26"
"EPIC 211631904.01",,"EPIC 211631904",1,"FALSE POSITIVE","Yu et al. 2018","5, 16, 18",0.88400400000,"2019-02-26","2019-02-26"
"EPIC 211638401.01",,"EPIC 211638401",1,"CANDIDATE","Yu et al. 2018","16",0.53027000000,"2019-02-26","2019-02-26"
"EPIC 211638883.01",,"EPIC 211638883",1,"FALSE POSITIVE","Yu et al. 2018","16",0.54387700000,"2019-02-26","2019-02-26"
"EPIC 211639283.01",,"EPIC 211639283",1,"FALSE POSITIVE","Yu et al. 2018","16",6.74184600000,"2019-02-26","2019-02-26"
"EPIC 211642307.01",,"EPIC 211642307",1,"CANDIDATE","Kruse et al. 2019","5, 18",20.99130000000,"2019-09-05","2019-09-05"
"EPIC 211642882.01",,"EPIC 211642882",1,"CANDIDATE","Yu et al. 2018","16",23.89770700000,"2019-02-26","2019-02-26"
"EPIC 211642882.01",,"EPIC 211642882",0,"CANDIDATE","Yu et al. 2018","16",23.89959501695,"2024-05-08","2024-05-08"
"EPIC 211644647.01",,"EPIC 211644647",1,"FALSE POSITIVE","Yu et al. 2018","16",2.04417500000,"2019-02-26","2019-02-26"
"EPIC 211644764.01",,"EPIC 211644764",1,"CANDIDATE","Castro-Gonz&aacute;lez et al. 2022","18",23.53067120000,"2022-04-18","2022-04-18"
"EPIC 211645912.01",,"EPIC 211645912",1,"CANDIDATE","Kruse et al. 2019","5, 18",10.67410000000,"2019-09-05","2019-09-05"
"EPIC 211645912.01",,"EPIC 211645912",0,"CANDIDATE","Kruse et al. 2019","5, 18",10.67300000000,"2016-07-18","2016-07-18"
"K2-333 b","K2-333 b","EPIC 211647930",1,"CONFIRMED","de Leon et al. 2021","16",14.75928700000,"2021-08-23","2021-08-23"
"K2-333 b","K2-333 b","EPIC 211647930",0,"CONFIRMED","de Leon et al. 2021","16",14.75985900000,"2024-03-04","2024-03-04"
"K2-333 b","K2-333 b","EPIC 211647930",0,"CONFIRMED","de Leon et al. 2021","16",14.75959500000,"2019-02-26","2019-02-26"
"K2-333 b","K2-333 b","EPIC 211647930",0,"CONFIRMED","de Leon et al. 2021","16",14.75650149447,"2024-02-05","2024-02-05"
"EPIC 211649214.01",,"EPIC 211649214",1,"CANDIDATE","Yu et al. 2018","16",3.78795000000,"2019-02-26","2019-02-26"
"EPIC 211651743.01",,"EPIC 211651743",1,"FALSE POSITIVE","Yu et al. 2018","16",0.51623500000,"2019-02-26","2019-02-26"
"EPIC 211662047.01",,"EPIC 211662047",1,"FALSE POSITIVE","Yu et al. 2018","16",0.63523800000,"2019-02-26","2019-02-26"
"EPIC 211663508.01",,"EPIC 211663508",1,"FALSE POSITIVE","Yu et al. 2018","16",0.54441800000,"2019-02-26","2019-02-26"
"EPIC 211663688.01",,"EPIC 211663688",1,"CANDIDATE","Yu et al. 2018","16",1.85551600000,"2019-02-26","2019-02-26"
"EPIC 211664543.01",,"EPIC 211664543",1,"FALSE POSITIVE","Yu et al. 2018","16",0.69833300000,"2019-02-26","2019-02-26"
"EPIC 211673349.01",,"EPIC 211673349",1,"CANDIDATE","Yu et al. 2018","16",4.89428900000,"2019-02-26","2019-02-26"
"EPIC 211679060.01",,"EPIC 211679060",1,"CANDIDATE","Zink et al. 2021","18",12.60178100000,"2021-11-19","2021-11-19"
"K2-118 b","K2-118 b","EPIC 211680698",1,"CONFIRMED","Dressing et al. 2017","5, 18",50.92092000000,"2017-10-03","2017-10-05"
"K2-118 b","K2-118 b","EPIC 211680698",0,"CONFIRMED","Dressing et al. 2017","5, 18",50.92540000000,"2019-09-05","2019-09-05"
"EPIC 211682423.01",,"EPIC 211682423",1,"CANDIDATE","Barros et al. 2016","5, 18",6.96350934000,"2016-12-21","2016-12-21"
"K2-263 b","K2-263 b","EPIC 211682544",1,"CONFIRMED","Mortier et al. 2018","5, 16, 18",50.81917200000,"2026-04-16","2026-04-16"
"K2-263 b","K2-263 b","EPIC 211682544",0,"CONFIRMED","Mortier et al. 2018","5, 16, 18",50.81933100000,"2018-02-15","2018-02-15"
"K2-263 b","K2-263 b","EPIC 211682544",0,"CONFIRMED","Mortier et al. 2018","5, 16, 18",50.81894700000,"2018-09-25","2018-09-27"
"K2-263 b","K2-263 b","EPIC 211682544",0,"CONFIRMED","Mortier et al. 2018","5, 16, 18",50.82130000000,"2019-09-05","2019-09-05"
"K2-263 b","K2-263 b","EPIC 211682544",0,"CONFIRMED","Mortier et al. 2018","5, 16, 18",50.81894700000,"2023-04-17","2023-04-17"
"EPIC 211685045.01",,"EPIC 211685045",1,"CANDIDATE","Adams et al. 2016","5",0.76905700000,"2016-06-09","2016-06-09"
"EPIC 211694226.01",,"EPIC 211694226",1,"CANDIDATE","Dressing et al. 2017","5, 16, 18",1.91828000000,"2017-12-14","2017-12-14"
"EPIC 211705502.01",,"EPIC 211705502",1,"FALSE POSITIVE","del Ser et al. 2023","18",2.58190000000,"2022-11-07","2022-11-07"
"EPIC 211705502.01",,"EPIC 211705502",0,"FALSE POSITIVE","del Ser et al. 2023","18",2.58407530000,"2024-09-30","2024-09-30"
"EPIC 211705502.01",,"EPIC 211705502",0,"FALSE POSITIVE","del Ser et al. 2023","18",2.58449720000,"2022-04-18","2022-04-18"
"EPIC 211705654.01",,"EPIC 211705654",1,"FALSE POSITIVE","Rizzuto et al. 2017","5, 16, 18",2.53310000000,"2017-12-14","2017-12-14"
"EPIC 211710534.01",,"EPIC 211710534",1,"FALSE POSITIVE","Yu et al. 2018","16",3.02256900000,"2019-02-26","2019-02-26"
"EPIC 211711685.01",,"EPIC 211711685",1,"CANDIDATE","Zink et al. 2021","18, 16, 5",15.46280700000,"2021-11-19","2021-11-19"
"K2-271 b","K2-271 b","EPIC 211713099",1,"CONFIRMED","Livingston et al. 2018","5, 18",8.56242100000,"2018-10-24","2018-10-26"
"K2-271 b","K2-271 b","EPIC 211713099",0,"CONFIRMED","Livingston et al. 2018","5, 18",8.56232889439,"2024-12-10","2024-12-10"
"K2-271 b","K2-271 b","EPIC 211713099",0,"CONFIRMED","Livingston et al. 2018","5, 18",8.56394776000,"2016-12-21","2016-12-21"
"K2-271 b","K2-271 b","EPIC 211713099",0,"CONFIRMED","Livingston et al. 2018","5, 18",8.56222000000,"2019-09-05","2019-09-05"
"K2-271 b","K2-271 b","EPIC 211713099",0,"CONFIRMED","Livingston et al. 2018","5, 18",8.56240500000,"2017-12-14","2017-12-14"
"K2-271 b","K2-271 b","EPIC 211713099",0,"CONFIRMED","Livingston et al. 2018","5, 18",8.56200000000,"2016-07-18","2016-07-18"
"EPIC 211718105.01",,"EPIC 211718105",1,"FALSE POSITIVE","Yu et al. 2018","16, 18",2.95876300000,"2019-02-26","2019-02-26"
"EPIC 211718187.01",,"EPIC 211718187",1,"CANDIDATE","Kruse et al. 2019","5, 16, 18",5.51633000000,"2019-09-05","2019-09-05"
"EPIC 211719484.01",,"EPIC 211719484",1,"CANDIDATE","Barros et al. 2016","5, 18",0.36091387000,"2016-12-21","2016-12-21"
"EPIC 211721325.01",,"EPIC 211721325",1,"FALSE POSITIVE","Yu et al. 2018","16, 18",1.05236400000,"2019-02-26","2019-02-26"
"EPIC 211724246.01",,"EPIC 211724246",1,"CANDIDATE","Zink et al. 2021","18",4.74649620000,"2022-04-19","2022-04-19"
"EPIC 211724246.01",,"EPIC 211724246",0,"CANDIDATE","Zink et al. 2021","18",4.74644850000,"2023-02-22","2023-02-22"
"EPIC 211724246.01",,"EPIC 211724246",0,"CANDIDATE","Zink et al. 2021","18",4.74615900000,"2021-11-19","2021-11-19"
"EPIC 211728689.01",,"EPIC 211728689",1,"CANDIDATE","Zink et al. 2021","5",8.95262300000,"2021-11-19","2021-11-19"
"K2-334 b","K2-334 b","EPIC 211730024",1,"CONFIRMED","de Leon et al. 2021","16",5.11398100000,"2021-08-23","2021-08-23"
"K2-334 b","K2-334 b","EPIC 211730024",0,"CONFIRMED","de Leon et al. 2021","16",5.11383503556,"2024-12-10","2024-12-10"
"K2-334 b","K2-334 b","EPIC 211730024",0,"CONFIRMED","de Leon et al. 2021","16",5.11384280000,"2024-03-04","2024-03-04"
"K2-334 b","K2-334 b","EPIC 211730024",0,"CONFIRMED","de Leon et al. 2021","16",5.11382300000,"2019-02-26","2019-02-26"
"K2-357 b","K2-357 b","EPIC 211730267",1,"CONFIRMED","Castro-Gonz&aacute;lez et al. 2022","18",16.34886370000,"2021-09-20","2021-09-20"
"EPIC 211731298.01",,"EPIC 211731298",1,"CANDIDATE","Kruse et al. 2019","5, 18",1.99042200000,"2019-09-05","2019-09-05"
"EPIC 211731298.01",,"EPIC 211731298",0,"CANDIDATE","Kruse et al. 2019","5, 18",1.99043000000,"2019-09-19","2019-09-19"
"EPIC 211731298.01",,"EPIC 211731298",0,"CANDIDATE","Kruse et al. 2019","5, 18",1.99067602000,"2016-12-21","2016-12-21"
"K2-374 b","K2-374 b","EPIC 211732116",1,"CONFIRMED","Christiansen et al. 2022","16",4.52195300000,"2022-03-16","2022-03-16"
"K2-374 b","K2-374 b","EPIC 211732116",0,"CONFIRMED","Christiansen et al. 2022","16",4.52195300000,"2021-11-19","2021-11-19"
"K2-374 c","K2-374 c","EPIC 211732116",1,"CONFIRMED","Christiansen et al. 2022","16",16.43445000000,"2022-03-16","2022-03-16"
"K2-374 c","K2-374 c","EPIC 211732116",0,"CONFIRMED","Christiansen et al. 2022","16",16.43445000000,"2021-11-19","2021-11-19"
"EPIC 211732801.01",,"EPIC 211732801",1,"FALSE POSITIVE","Yu et al. 2018","5, 16, 18",2.13155400000,"2019-02-26","2019-02-26"
"EPIC 211733267.01",,"EPIC 211733267",1,"CANDIDATE","Kruse et al. 2019","5, 16, 18",8.65814300000,"2019-09-05","2019-09-05"
"EPIC 211733267.01",,"EPIC 211733267",0,"CANDIDATE","Kruse et al. 2019","5, 16, 18",8.65816800000,"2018-02-15","2018-02-15"
"EPIC 211733267.01",,"EPIC 211733267",0,"CANDIDATE","Kruse et al. 2019","5, 16, 18",8.65797500000,"2019-02-26","2019-02-26"
"EPIC 211733267.01",,"EPIC 211733267",0,"CANDIDATE","Kruse et al. 2019","5, 16, 18",8.65800000000,"2016-07-18","2016-07-18"
"EPIC 211733267.01",,"EPIC 211733267",0,"CANDIDATE","Kruse et al. 2019","5, 16, 18",8.65871336000,"2016-12-21","2016-12-21"
"EPIC 211736305.01",,"EPIC 211736305",1,"CANDIDATE","Kruse et al. 2019","5, 16, 18",14.56160000000,"2019-09-05","2019-09-05"
"K2-108 b","K2-108 b","EPIC 211736671",1,"CONFIRMED","Petigura et al. 2017","5, 18",4.73399900000,"2018-10-24","2018-10-26"
"K2-108 b","K2-108 b","EPIC 211736671",0,"CONFIRMED","Petigura et al. 2017","5, 18",4.73379000000,"2018-10-24","2018-02-15"
"K2-108 b","K2-108 b","EPIC 211736671",0,"CONFIRMED","Petigura et al. 2017","5, 18",4.73355750515,"2024-04-07","2024-04-07"
"K2-108 b","K2-108 b","EPIC 211736671",0,"CONFIRMED","Petigura et al. 2017","5, 18",4.73401000000,"2018-10-24","2017-02-09"
"K2-108 b","K2-108 b","EPIC 211736671",0,"CONFIRMED","Petigura et al. 2017","5, 18",4.73400000000,"2016-07-18","2016-07-18"
"K2-108 b","K2-108 b","EPIC 211736671",0,"CONFIRMED","Petigura et al. 2017","5, 18",4.73401000000,"2025-09-17","2025-09-17"
"K2-108 b","K2-108 b","EPIC 211736671",0,"CONFIRMED","Petigura et al. 2017","5, 18",4.73363000000,"2019-09-05","2019-09-05"
"K2-108 b","K2-108 b","EPIC 211736671",0,"CONFIRMED","Petigura et al. 2017","5, 18",4.73360988000,"2016-12-21","2016-12-21"
"K2-108 b","K2-108 b","EPIC 211736671",0,"CONFIRMED","Petigura et al. 2017","5, 18",4.73400600000,"2017-12-14","2017-12-14"
"EPIC 211737652.01",,"EPIC 211737652",1,"FALSE POSITIVE","Yu et al. 2018","16",2.46819000000,"2019-02-26","2019-02-26"
"EPIC 211738534.01",,"EPIC 211738534",1,"FALSE POSITIVE","Yu et al. 2018","16",0.56802000000,"2019-02-26","2019-02-26"
"EPIC 211741619.01",,"EPIC 211741619",1,"CANDIDATE","Yu et al. 2018","16",2.78766300000,"2019-02-26","2019-02-26"
"K2-335 b","K2-335 b","EPIC 211743874",1,"CONFIRMED","de Leon et al. 2021","5, 18",12.28321100000,"2021-08-23","2021-08-23"
"K2-335 b","K2-335 b","EPIC 211743874",0,"CONFIRMED","de Leon et al. 2021","5, 18",12.28234300000,"2018-02-15","2018-02-15"
"K2-335 b","K2-335 b","EPIC 211743874",0,"CONFIRMED","de Leon et al. 2021","5, 18",12.28100000000,"2016-07-18","2016-07-18"
"K2-335 b","K2-335 b","EPIC 211743874",0,"CONFIRMED","de Leon et al. 2021","5, 18",12.28120000000,"2019-09-05","2019-09-05"
"EPIC 211744153.01",,"EPIC 211744153",1,"FALSE POSITIVE","Yu et al. 2018","5, 16",4.61216600000,"2019-02-26","2019-02-26"
"EPIC 211750072.01",,"EPIC 211750072",1,"FALSE POSITIVE","Yu et al. 2018","16, 18",0.59555800000,"2019-02-26","2019-02-26"
"EPIC 211754117.01",,"EPIC 211754117",1,"CANDIDATE","Zink et al. 2021","16, 18, 5",13.79884500000,"2021-11-19","2021-11-19"
"EPIC 211754962.01",,"EPIC 211754962",1,"CANDIDATE","Kruse et al. 2019","5, 18",3.41065000000,"2019-09-05","2019-09-05"
"EPIC 211754962.01",,"EPIC 211754962",0,"CANDIDATE","Kruse et al. 2019","5, 18",3.41052823000,"2016-12-21","2016-12-21"
"EPIC 211759163.01",,"EPIC 211759163",1,"FALSE POSITIVE","Yu et al. 2018","16, 18",0.59566700000,"2019-02-26","2019-02-26"
"EPIC 211762841.01",,"EPIC 211762841",1,"CANDIDATE","Kruse et al. 2019","5, 18",1.56494000000,"2019-09-05","2019-09-05"
"EPIC 211762841.01",,"EPIC 211762841",0,"CANDIDATE","Kruse et al. 2019","5, 18",1.56493000000,"2017-12-14","2017-12-14"
"K2-336 b","K2-336 b","EPIC 211763214",1,"CONFIRMED","de Leon et al. 2021","5, 16, 18",21.19473300000,"2021-08-23","2021-08-23"
"K2-336 b","K2-336 b","EPIC 211763214",0,"CONFIRMED","de Leon et al. 2021","5, 16, 18",21.19760000000,"2019-09-05","2019-09-05"
"K2-336 b","K2-336 b","EPIC 211763214",0,"CONFIRMED","de Leon et al. 2021","5, 16, 18",21.19900000000,"2016-07-18","2016-07-18"
"K2-336 b","K2-336 b","EPIC 211763214",0,"CONFIRMED","de Leon et al. 2021","5, 16, 18",21.19178800000,"2018-02-15","2018-02-15"
"EPIC 211764271.01",,"EPIC 211764271",1,"FALSE POSITIVE","Yu et al. 2018","16",3.57674400000,"2019-02-26","2019-02-26"
"EPIC 211764373.01",,"EPIC 211764373",1,"FALSE POSITIVE","Yu et al. 2018","16",3.57678000000,"2019-02-26","2019-02-26"
"EPIC 211765695.01",,"EPIC 211765695",1,"CANDIDATE","Zink et al. 2021","16",7.55870000000,"2021-11-19","2021-11-19"
"EPIC 211765695.02",,"EPIC 211765695",1,"CANDIDATE","Zink et al. 2021","16",25.43143000000,"2021-11-19","2021-11-19"
"EPIC 211768007.01",,"EPIC 211768007",1,"FALSE POSITIVE","Yu et al. 2018","16, 18",0.54291200000,"2019-02-26","2019-02-26"
"EPIC 211770390.01",,"EPIC 211770390",1,"FALSE POSITIVE","Yu et al. 2018","5, 16, 18",3.79018000000,"2019-02-26","2019-02-26"
"K2-337 b","K2-337 b","EPIC 211770696",1,"CONFIRMED","de Leon et al. 2021","5, 18",16.27356300000,"2021-08-23","2021-08-23"
"K2-337 b","K2-337 b","EPIC 211770696",0,"CONFIRMED","de Leon et al. 2021","5, 18",16.27284000000,"2018-02-15","2018-02-15"
"K2-337 b","K2-337 b","EPIC 211770696",0,"CONFIRMED","de Leon et al. 2021","5, 18",16.27130000000,"2019-09-05","2019-09-05"
"K2-337 b","K2-337 b","EPIC 211770696",0,"CONFIRMED","de Leon et al. 2021","5, 18",16.27100000000,"2016-07-18","2016-07-18"
"K2-119 b","K2-119 b","EPIC 211770795",1,"CONFIRMED","Dressing et al. 2017","5, 18",7.72728300000,"2018-10-24","2018-10-26"
"K2-119 b","K2-119 b","EPIC 211770795",0,"CONFIRMED","Dressing et al. 2017","5, 18",7.72651124000,"2016-12-21","2016-12-21"
"K2-119 b","K2-119 b","EPIC 211770795",0,"CONFIRMED","Dressing et al. 2017","5, 18",7.72800000000,"2016-07-18","2016-07-18"
"K2-119 b","K2-119 b","EPIC 211770795",0,"CONFIRMED","Dressing et al. 2017","5, 18",7.72850000000,"2019-09-05","2019-09-05"
"K2-119 b","K2-119 b","EPIC 211770795",0,"CONFIRMED","Dressing et al. 2017","5, 18",7.72857800000,"2018-10-24","2017-10-05"
"K2-119 b","K2-119 b","EPIC 211770795",0,"CONFIRMED","Dressing et al. 2017","5, 18",7.72757400000,"2017-12-14","2017-12-14"
"EPIC 211770867.01",,"EPIC 211770867",1,"CANDIDATE","Pope et al. 2016","5, 18",27.69300000000,"2016-07-18","2016-07-18"
"K2-338 b","K2-338 b","EPIC 211779390",1,"CONFIRMED","de Leon et al. 2021","5, 18",3.85061400000,"2021-08-23","2021-08-23"
"K2-338 b","K2-338 b","EPIC 211779390",0,"CONFIRMED","de Leon et al. 2021","5, 18",3.85064000000,"2019-09-05","2019-09-05"
"K2-338 b","K2-338 b","EPIC 211779390",0,"CONFIRMED","de Leon et al. 2021","5, 18",3.85000000000,"2016-07-18","2016-07-18"
"EPIC 211783206.01",,"EPIC 211783206",1,"CANDIDATE","Kruse et al. 2019","5, 18",7.13142000000,"2019-09-05","2019-09-05"
"EPIC 211783206.01",,"EPIC 211783206",0,"CANDIDATE","Kruse et al. 2019","5, 18",7.13400000000,"2016-07-18","2016-07-18"
"EPIC 211784767.01",,"EPIC 211784767",1,"CANDIDATE","Barros et al. 2016","5, 18",3.57804902000,"2016-12-21","2016-12-21"
"EPIC 211788221.01",,"EPIC 211788221",1,"CANDIDATE","Kruse et al. 2019","5, 18",12.89398000000,"2019-09-05","2019-09-05"
"EPIC 211791178.01","K2-120 b","EPIC 211791178",1,"CANDIDATE","Castro-Gonz&aacute;lez et al. 2022","5, 18",9.56274200000,"2017-10-03","2017-10-05"
"EPIC 211791178.01","K2-120 b","EPIC 211791178",0,"CANDIDATE","Castro-Gonz&aacute;lez et al. 2022","5, 18",9.56332821000,"2016-12-21","2016-12-21"
"EPIC 211791178.01","K2-120 b","EPIC 211791178",0,"CANDIDATE","Castro-Gonz&aacute;lez et al. 2022","5, 18",9.56183000000,"2019-09-05","2019-09-05"
"EPIC 211796070.01",,"EPIC 211796070",1,"CANDIDATE","Kruse et al. 2019","5, 18",1.88993000000,"2019-09-05","2019-09-05"
"EPIC 211796070.01",,"EPIC 211796070",0,"CANDIDATE","Kruse et al. 2019","5, 18",1.89016107000,"2016-12-21","2016-12-21"
"EPIC 211797637.01",,"EPIC 211797637",1,"CANDIDATE","Kruse et al. 2019","5, 18",1.64070700000,"2019-09-05","2019-09-05"
"EPIC 211797637.01",,"EPIC 211797637",0,"CANDIDATE","Kruse et al. 2019","5, 18",1.64117466000,"2016-12-21","2016-12-21"
"EPIC 211799258.01",,"EPIC 211799258",1,"CANDIDATE","Petigura et al. 2018","5, 18",19.53403000000,"2017-12-14","2017-12-14"
"EPIC 211799258.01",,"EPIC 211799258",0,"CANDIDATE","Petigura et al. 2018","5, 18",19.53405000000,"2017-12-14","2017-12-14"
"EPIC 211800191.01",,"EPIC 211800191",1,"CANDIDATE","Mayo et al. 2018","5, 18",1.10617500000,"2018-02-15","2018-02-15"
"EPIC 211800191.01",,"EPIC 211800191",0,"CANDIDATE","Mayo et al. 2018","5, 18",1.10618200000,"2017-12-14","2017-12-14"
"EPIC 211800191.01",,"EPIC 211800191",0,"CANDIDATE","Mayo et al. 2018","5, 18",1.10605213000,"2016-12-21","2016-12-21"
"EPIC 211800191.01",,"EPIC 211800191",0,"CANDIDATE","Mayo et al. 2018","5, 18",1.10600000000,"2016-07-18","2016-07-18"
"EPIC 211804579.01",,"EPIC 211804579",1,"FALSE POSITIVE","Rizzuto et al. 2017","5, 18",1.52350000000,"2017-12-14","2017-12-14"
"EPIC 211804579.01",,"EPIC 211804579",0,"FALSE POSITIVE","Rizzuto et al. 2017","5, 18",1.52317871000,"2016-12-21","2016-12-21"
"EPIC 211804579.01",,"EPIC 211804579",0,"FALSE POSITIVE","Rizzuto et al. 2017","5, 18",1.52300000000,"2016-07-18","2016-07-18"
"EPIC 211807456.01",,"EPIC 211807456",1,"FALSE POSITIVE","Yu et al. 2018","16, 18",0.50496100000,"2019-02-26","2019-02-26"
"EPIC 211808055.01",,"EPIC 211808055",1,"CANDIDATE","Barros et al. 2016","5, 18",3.38300000000,"2016-07-18","2016-07-18"
"EPIC 211808055.01",,"EPIC 211808055",0,"CANDIDATE","Barros et al. 2016","5, 18",3.38199819000,"2016-12-21","2016-12-21"
"EPIC 211809568.01",,"EPIC 211809568",1,"FALSE POSITIVE","Yu et al. 2018","16",0.59327400000,"2019-02-26","2019-02-26"
"EPIC 211812160.01",,"EPIC 211812160",1,"FALSE POSITIVE","Yu et al. 2018","5, 16, 18",1.08509700000,"2019-02-26","2019-02-26"
"EPIC 211812935.01",,"EPIC 211812935",1,"CANDIDATE","Yu et al. 2018","16",3.60798100000,"2019-02-26","2019-02-26"
"EPIC 211812935.01",,"EPIC 211812935",0,"CANDIDATE","Yu et al. 2018","16",3.60799160000,"2024-02-05","2024-02-05"
"EPIC 211814313.01",,"EPIC 211814313",1,"CANDIDATE","Yu et al. 2018","16",15.40510100000,"2019-02-26","2019-02-26"
"EPIC 211814733.01",,"EPIC 211814733",1,"FALSE POSITIVE","Yu et al. 2018","5, 16",14.70721300000,"2019-02-26","2019-02-26"
"EPIC 211814733.01",,"EPIC 211814733",0,"FALSE POSITIVE","Yu et al. 2018","5, 16",14.71000000000,"2016-07-18","2016-07-18"
"K2-272 b","K2-272 b","EPIC 211816003",1,"CONFIRMED","Livingston et al. 2018","5, 16, 18",14.45367560000,"2021-09-20","2021-09-20"
"K2-272 b","K2-272 b","EPIC 211816003",0,"CONFIRMED","Livingston et al. 2018","5, 16, 18",14.45353300000,"2018-10-24","2018-10-26"
"K2-272 b","K2-272 b","EPIC 211816003",0,"CONFIRMED","Livingston et al. 2018","5, 16, 18",14.45351300000,"2017-12-14","2017-12-14"
"K2-272 b","K2-272 b","EPIC 211816003",0,"CONFIRMED","Livingston et al. 2018","5, 16, 18",14.45107000000,"2019-09-05","2019-09-05"
"K2-272 b","K2-272 b","EPIC 211816003",0,"CONFIRMED","Livingston et al. 2018","5, 16, 18",14.45403400000,"2019-02-26","2019-02-26"
"K2-272 b","K2-272 b","EPIC 211816003",0,"CONFIRMED","Livingston et al. 2018","5, 16, 18",14.45182127000,"2016-12-21","2016-12-21"
"K2-272 b","K2-272 b","EPIC 211816003",0,"CONFIRMED","Livingston et al. 2018","5, 16, 18",14.45200000000,"2016-07-18","2016-07-18"
"EPIC 211817229.01",,"EPIC 211817229",1,"CANDIDATE","Kruse et al. 2019","5, 18",2.17695500000,"2019-09-05","2019-09-05"
"EPIC 211817229.01",,"EPIC 211817229",0,"CANDIDATE","Kruse et al. 2019","5, 18",2.17693000000,"2017-12-14","2017-12-14"
"K2-121 b","K2-121 b","EPIC 211818569",1,"CONFIRMED","Dressing et al. 2017","5, 18",5.18573800000,"2025-09-17","2025-09-17"
"K2-121 b","K2-121 b","EPIC 211818569",0,"CONFIRMED","Dressing et al. 2017","5, 18",5.18600000000,"2016-07-18","2016-07-18"
"K2-121 b","K2-121 b","EPIC 211818569",0,"CONFIRMED","Dressing et al. 2017","5, 18",5.18597200000,"2016-12-21","2016-12-21"
"K2-121 b","K2-121 b","EPIC 211818569",0,"CONFIRMED","Dressing et al. 2017","5, 18",5.18575400000,"2018-10-24","2017-10-05"
"K2-121 b","K2-121 b","EPIC 211818569",0,"CONFIRMED","Dressing et al. 2017","5, 18",5.18576100000,"2018-10-24","2018-10-26"
"K2-121 b","K2-121 b","EPIC 211818569",0,"CONFIRMED","Dressing et al. 2017","5, 18",5.18575800000,"2019-09-05","2019-09-05"
"K2-121 b","K2-121 b","EPIC 211818569",0,"CONFIRMED","Dressing et al. 2017","5, 18",5.18574300000,"2017-12-14","2017-12-14"
"K2-121 b","K2-121 b","EPIC 211818569",0,"CONFIRMED","Dressing et al. 2017","5, 18",5.18575320000,"2024-03-04","2024-03-04"
"K2-121 b","K2-121 b","EPIC 211818569",0,"CONFIRMED","Dressing et al. 2017","5, 18",5.18575390000,"2021-09-20","2021-09-20"
"K2-121 b","K2-121 b","EPIC 211818569",0,"CONFIRMED","Dressing et al. 2017","5, 18",5.18576800000,"2024-01-22","2024-01-22"
"K2-121 b","K2-121 b","EPIC 211818569",0,"CONFIRMED","Dressing et al. 2017","5, 18",5.18575900000,"2018-10-24","2018-02-15"
"EPIC 211822797 b","K2-103 b","EPIC 211822797",1,"CONFIRMED","Mann et al. 2017","5, 16, 18",21.17019630000,"2021-09-20","2021-09-20"
"EPIC 211822797 b","K2-103 b","EPIC 211822797",0,"CONFIRMED","Mann et al. 2017","5, 16, 18",21.16961900000,"2017-12-12","2016-12-21"
"EPIC 211822797 b","K2-103 b","EPIC 211822797",0,"CONFIRMED","Mann et al. 2017","5, 16, 18",21.17623917000,"2016-12-21","2016-12-21"
"EPIC 211822797 b","K2-103 b","EPIC 211822797",0,"CONFIRMED","Mann et al. 2017","5, 16, 18",21.16986100000,"2017-12-12","2017-10-26"
"EPIC 211822797 b","K2-103 b","EPIC 211822797",0,"CONFIRMED","Mann et al. 2017","5, 16, 18",21.16860000000,"2019-09-05","2019-09-05"
"EPIC 211822797 b","K2-103 b","EPIC 211822797",0,"CONFIRMED","Mann et al. 2017","5, 16, 18",21.15950000000,"2017-12-14","2017-12-14"
"EPIC 211822953.01",,"EPIC 211822953",1,"FALSE POSITIVE","Yu et al. 2018","5, 16",1.54938100000,"2019-02-26","2019-02-26"
"EPIC 211825866.01",,"EPIC 211825866",1,"CANDIDATE","Barros et al. 2016","5, 18",0.95017067000,"2016-12-21","2016-12-21"
"EPIC 211826814.01",,"EPIC 211826814",1,"CANDIDATE","Dressing et al. 2017","5, 18",1.53453000000,"2017-12-14","2017-12-14"
"EPIC 211828142.01",,"EPIC 211828142",1,"FALSE POSITIVE","Yu et al. 2018","16",20.18026900000,"2019-02-26","2019-02-26"
"EPIC 211829982.01",,"EPIC 211829982",1,"FALSE POSITIVE","Yu et al. 2018","16",5.80343900000,"2019-02-26","2019-02-26"
"EPIC 211830293.01",,"EPIC 211830293",1,"CANDIDATE","Yu et al. 2018","16",20.89352600000,"2019-02-26","2019-02-26"
"EPIC 211831378.01",,"EPIC 211831378",1,"FALSE POSITIVE","Dressing et al. 2017","5, 18",3.48928000000,"2017-12-14","2017-12-14"
"EPIC 211834065.01",,"EPIC 211834065",1,"CANDIDATE","Pope et al. 2016","5, 16, 18",10.54500000000,"2016-07-18","2016-07-18"
"EPIC 211837343.01",,"EPIC 211837343",1,"CANDIDATE","Kruse et al. 2019","5, 18",12.08080000000,"2019-09-05","2019-09-05"
"EPIC 211838158.01",,"EPIC 211838158",1,"FALSE POSITIVE","Yu et al. 2018","16",0.57534900000,"2019-02-26","2019-02-26"
"EPIC 211839430.01",,"EPIC 211839430",1,"FALSE POSITIVE","Yu et al. 2018","5, 16, 18",2.61293800000,"2019-02-26","2019-02-26"
"EPIC 211839462.01",,"EPIC 211839462",1,"FALSE POSITIVE","Yu et al. 2018","5, 16, 18",2.61280400000,"2019-02-26","2019-02-26"
"EPIC 211841496.01",,"EPIC 211841496",1,"FALSE POSITIVE","Yu et al. 2018","16",0.52219900000,"2019-02-26","2019-02-26"
"EPIC 211843564.01",,"EPIC 211843564",1,"CANDIDATE","Kruse et al. 2019","5, 18",0.45203130000,"2019-09-05","2019-09-05"
"EPIC 211843564.01",,"EPIC 211843564",0,"CANDIDATE","Kruse et al. 2019","5, 18",0.45220130587,"2023-04-10","2023-04-10"
"EPIC 211852187.01",,"EPIC 211852187",1,"FALSE POSITIVE","Yu et al. 2018","16",14.34304200000,"2019-02-26","2019-02-26"
"EPIC 211858408.01",,"EPIC 211858408",1,"FALSE POSITIVE","Yu et al. 2018","16",0.62887600000,"2019-02-26","2019-02-26"
"EPIC 211858489.01",,"EPIC 211858489",1,"FALSE POSITIVE","Yu et al. 2018","16",0.63610900000,"2019-02-26","2019-02-26"
"EPIC 211859295.01",,"EPIC 211859295",1,"CANDIDATE","Zink et al. 2021","16",11.09226000000,"2021-11-19","2021-11-19"
"EPIC 211863149.01",,"EPIC 211863149",1,"CANDIDATE","Yu et al. 2018","16",2.61299000000,"2019-02-26","2019-02-26"
"EPIC 211876245.01",,"EPIC 211876245",1,"CANDIDATE","Yu et al. 2018","16",8.97146000000,"2019-02-26","2019-02-26"
"EPIC 211885185.01",,"EPIC 211885185",1,"FALSE POSITIVE","Yu et al. 2018","5, 16, 18",4.39718700000,"2019-02-26","2019-02-26"
"EPIC 211886472.01",,"EPIC 211886472",1,"CANDIDATE","Kruse et al. 2019","5, 16",19.64015100000,"2019-09-05","2019-09-05"
"EPIC 211886472.01",,"EPIC 211886472",0,"CANDIDATE","Kruse et al. 2019","5, 16",19.64000000000,"2016-07-18","2016-07-18"
"EPIC 211886472.01",,"EPIC 211886472",0,"CANDIDATE","Kruse et al. 2019","5, 16",19.64012300000,"2018-02-15","2018-02-15"
"EPIC 211886472.01",,"EPIC 211886472",0,"CANDIDATE","Kruse et al. 2019","5, 16",19.63366256000,"2016-12-21","2016-12-21"
"EPIC 211886472.01",,"EPIC 211886472",0,"CANDIDATE","Kruse et al. 2019","5, 16",19.63975000000,"2019-02-26","2019-02-26"
"EPIC 211892082.01",,"EPIC 211892082",1,"CANDIDATE","Zink et al. 2021","16",10.90364000000,"2021-11-19","2021-11-19"
"EPIC 211892395.01",,"EPIC 211892395",1,"CANDIDATE","Yu et al. 2018","16",0.99506100000,"2019-02-26","2019-02-26"
"EPIC 211897272.01",,"EPIC 211897272",1,"CANDIDATE","Kruse et al. 2019","5, 18",11.23620000000,"2019-09-05","2019-09-05"
"EPIC 211897691.01",,"EPIC 211897691",1,"CANDIDATE","Kruse et al. 2019","5, 16, 18",5.75052000000,"2019-09-05","2019-09-05"
"EPIC 211897691.01",,"EPIC 211897691",0,"CANDIDATE","Kruse et al. 2019","5, 16, 18",5.75000000000,"2016-07-18","2016-07-18"
"EPIC 211897691.01",,"EPIC 211897691",0,"CANDIDATE","Kruse et al. 2019","5, 16, 18",5.74948100000,"2017-05-18","2017-05-18"
"K2-339 b","K2-339 b","EPIC 211897691",1,"CONFIRMED","de Leon et al. 2021","5, 16, 18",19.50742800000,"2021-08-23","2021-08-23"
"K2-339 b","K2-339 b","EPIC 211897691",0,"CONFIRMED","de Leon et al. 2021","5, 16, 18",19.50800000000,"2019-09-05","2019-09-05"
"EPIC 211901114.01",,"EPIC 211901114",1,"CANDIDATE","Rizzuto et al. 2017","5, 16, 18",1.64880000000,"2017-12-14","2017-12-14"
"EPIC 211901114.01",,"EPIC 211901114",0,"CANDIDATE","Rizzuto et al. 2017","5, 16, 18",1.64893200000,"2017-12-13","2017-12-13"
"EPIC 211904310.01",,"EPIC 211904310",1,"CANDIDATE","Castro-Gonz&aacute;lez et al. 2022","18",24.39986900000,"2022-04-18","2022-04-18"
"EPIC 211906259.01",,"EPIC 211906259",1,"CANDIDATE","Pope et al. 2016","5, 16, 18",2.52000000000,"2016-07-18","2016-07-18"
"K2-186 b","K2-186 b","EPIC 211906650",1,"CONFIRMED","Mayo et al. 2018","5",41.47421900000,"2018-02-14","2018-02-15"
"K2-186 b","K2-186 b","EPIC 211906650",0,"CONFIRMED","Mayo et al. 2018","5",41.46610000000,"2019-09-05","2019-09-05"
"EPIC 211906940.01",,"EPIC 211906940",1,"FALSE POSITIVE","Yu et al. 2018","5, 16",0.52631600000,"2019-02-26","2019-02-26"
"EPIC 211910237.01",,"EPIC 211910237",1,"FALSE POSITIVE","Yu et al. 2018","5, 16",1.10897200000,"2019-02-26","2019-02-26"
"EPIC 211913395.01",,"EPIC 211913395",1,"CANDIDATE","Kruse et al. 2019","5, 18",9.35739000000,"2019-09-05","2019-09-05"
"K2-101 b","K2-101 b","EPIC 211913977",1,"CONFIRMED","Mann et al. 2017","5, 16, 18",14.67624290000,"2021-09-20","2021-09-20"
"K2-101 b","K2-101 b","EPIC 211913977",0,"CONFIRMED","Mann et al. 2017","5, 16, 18",14.67728600000,"2016-12-20","2016-12-21"
"K2-101 b","K2-101 b","EPIC 211913977",0,"CONFIRMED","Mann et al. 2017","5, 16, 18",14.68430000000,"2017-12-14","2017-12-14"
"K2-101 b","K2-101 b","EPIC 211913977",0,"CONFIRMED","Mann et al. 2017","5, 16, 18",14.67582800000,"2017-05-18","2017-05-18"
"K2-101 b","K2-101 b","EPIC 211913977",0,"CONFIRMED","Mann et al. 2017","5, 16, 18",14.67721400000,"2018-02-14","2018-02-15"
"K2-101 b","K2-101 b","EPIC 211913977",0,"CONFIRMED","Mann et al. 2017","5, 16, 18",14.66146147000,"2016-12-21","2016-12-21"
"K2-101 b","K2-101 b","EPIC 211913977",0,"CONFIRMED","Mann et al. 2017","5, 16, 18",14.67665000000,"2019-09-05","2019-09-05"
"EPIC 211914445.01",,"EPIC 211914445",1,"CANDIDATE","Yu et al. 2018","5, 16",1.81071800000,"2019-02-26","2019-02-26"
"EPIC 211914718.01",,"EPIC 211914718",1,"FALSE POSITIVE","Yu et al. 2018","5, 16, 18",0.58201700000,"2019-02-26","2019-02-26"
"EPIC 211914889.01",,"EPIC 211914889",1,"CANDIDATE","Yu et al. 2018","5, 16, 18",1.81042000000,"2019-02-26","2019-02-26"
"EPIC 211914960.01",,"EPIC 211914960",1,"CANDIDATE","Yu et al. 2018","5, 16, 18",1.81083400000,"2019-02-26","2019-02-26"
"EPIC 211914998.02",,"EPIC 211914998",1,"CANDIDATE","Castro-Gonz&aacute;lez et al. 2022","18",24.62372030000,"2022-04-18","2022-04-18"
"K2-358 b","K2-358 b","EPIC 211914998",1,"CONFIRMED","Castro-Gonz&aacute;lez et al. 2022","18",11.25102850000,"2021-09-20","2021-09-20"
"EPIC 211915147.01",,"EPIC 211915147",1,"FALSE POSITIVE","Yu et al. 2018","5, 16, 18",1.81070800000,"2019-02-26","2019-02-26"
"K2-95 b","K2-95 b","EPIC 211916756",1,"CONFIRMED","Obermeier et al. 2016","5, 18",10.13464540000,"2021-09-20","2021-09-20"
"K2-95 b","K2-95 b","EPIC 211916756",0,"CONFIRMED","Obermeier et al. 2016","5, 18",10.13389000000,"2018-10-24","2016-09-08"
"K2-95 b","K2-95 b","EPIC 211916756",0,"CONFIRMED","Obermeier et al. 2016","5, 18",10.13446000000,"2019-09-05","2019-09-05"
"K2-95 b","K2-95 b","EPIC 211916756",0,"CONFIRMED","Obermeier et al. 2016","5, 18",10.13380000000,"2017-12-14","2017-12-14"
"K2-95 b","K2-95 b","EPIC 211916756",0,"CONFIRMED","Obermeier et al. 2016","5, 18",10.13427900000,"2017-12-14","2017-12-14"
"K2-95 b","K2-95 b","EPIC 211916756",0,"CONFIRMED","Obermeier et al. 2016","5, 18",10.13509100000,"2018-10-24","2016-12-21"
"K2-95 b","K2-95 b","EPIC 211916756",0,"CONFIRMED","Obermeier et al. 2016","5, 18",10.13401600000,"2018-10-24","2018-10-26"
"K2-95 b","K2-95 b","EPIC 211916756",0,"CONFIRMED","Obermeier et al. 2016","5, 18",10.13423100000,"2017-05-18","2017-05-18"
"K2-273 b","K2-273 b","EPIC 211919004",1,"CONFIRMED","Livingston et al. 2018","5, 16, 18",11.71956630000,"2021-09-20","2021-09-20"
"K2-273 b","K2-273 b","EPIC 211919004",0,"CONFIRMED","Livingston et al. 2018","5, 16, 18",11.71633200000,"2018-10-24","2018-10-26"
"K2-273 b","K2-273 b","EPIC 211919004",0,"CONFIRMED","Livingston et al. 2018","5, 16, 18",11.71660300000,"2017-12-14","2017-12-14"
"K2-273 b","K2-273 b","EPIC 211919004",0,"CONFIRMED","Livingston et al. 2018","5, 16, 18",11.71885000000,"2019-09-05","2019-09-05"
"K2-273 b","K2-273 b","EPIC 211919004",0,"CONFIRMED","Livingston et al. 2018","5, 16, 18",11.72210300000,"2019-02-26","2019-02-26"
"K2-273 b","K2-273 b","EPIC 211919004",0,"CONFIRMED","Livingston et al. 2018","5, 16, 18",11.72222800000,"2017-05-18","2017-05-18"
"K2-273 b","K2-273 b","EPIC 211919004",0,"CONFIRMED","Livingston et al. 2018","5, 16, 18",11.72000000000,"2016-07-18","2016-07-18"
"K2-273 b","K2-273 b","EPIC 211919004",0,"CONFIRMED","Livingston et al. 2018","5, 16, 18",11.71571445000,"2016-12-21","2016-12-21"
"EPIC 211919555.01",,"EPIC 211919555",1,"FALSE POSITIVE","Yu et al. 2018","16",9.48499400000,"2019-02-26","2019-02-26"
"EPIC 211919842.01",,"EPIC 211919842",1,"FALSE POSITIVE","Yu et al. 2018","16",9.51091100000,"2019-02-26","2019-02-26"
"EPIC 211920462.01",,"EPIC 211920462",1,"FALSE POSITIVE","Yu et al. 2018","16",9.51679300000,"2019-02-26","2019-02-26"
"EPIC 211920528.01",,"EPIC 211920528",1,"FALSE POSITIVE","Yu et al. 2018","5, 16, 18",9.48658000000,"2019-02-26","2019-02-26"
"EPIC 211920604.01",,"EPIC 211920604",1,"FALSE POSITIVE","Yu et al. 2018","5, 16, 18",9.48792900000,"2019-02-26","2019-02-26"
"EPIC 211920811.01",,"EPIC 211920811",1,"FALSE POSITIVE","Yu et al. 2018","5, 16",9.49259000000,"2019-02-26","2019-02-26"
"K2-340 b","K2-340 b","EPIC 211923431",1,"CONFIRMED","de Leon et al. 2021","5, 18",29.74045100000,"2021-08-23","2021-08-23"
"K2-340 b","K2-340 b","EPIC 211923431",0,"CONFIRMED","de Leon et al. 2021","5, 18",29.72900000000,"2016-07-18","2016-07-18"
"K2-340 b","K2-340 b","EPIC 211923431",0,"CONFIRMED","de Leon et al. 2021","5, 18",29.73610000000,"2019-09-05","2019-09-05"
"K2-146 b","K2-146 b","EPIC 211924657",1,"CONFIRMED","Hirano et al. 2018","5, 16, 18",2.64460000000,"2019-08-09","2019-08-15"
"K2-146 b","K2-146 b","EPIC 211924657",0,"CONFIRMED","Hirano et al. 2018","5, 16, 18",2.64484500000,"2017-12-14","2017-12-14"
"K2-146 b","K2-146 b","EPIC 211924657",0,"CONFIRMED","Hirano et al. 2018","5, 16, 18",2.64352800000,"2019-09-05","2019-09-05"
"K2-146 b","K2-146 b","EPIC 211924657",0,"CONFIRMED","Hirano et al. 2018","5, 16, 18",2.66980000000,"2021-07-12","2021-07-12"
"K2-146 b","K2-146 b","EPIC 211924657",0,"CONFIRMED","Hirano et al. 2018","5, 16, 18",2.64425900000,"2017-05-18","2017-05-18"
"K2-146 b","K2-146 b","EPIC 211924657",0,"CONFIRMED","Hirano et al. 2018","5, 16, 18",2.64464600000,"2019-08-09","2018-02-01"
"K2-146 b","K2-146 b","EPIC 211924657",0,"CONFIRMED","Hirano et al. 2018","5, 16, 18",2.64484000000,"2017-12-14","2017-12-14"
"K2-146 b","K2-146 b","EPIC 211924657",0,"CONFIRMED","Hirano et al. 2018","5, 16, 18",2.64500000000,"2016-07-18","2016-07-18"
"K2-146 b","K2-146 b","EPIC 211924657",0,"CONFIRMED","Hirano et al. 2018","5, 16, 18",2.64466100000,"2019-08-09","2018-10-26"
"K2-146 c","K2-146 c","EPIC 211924657",1,"CONFIRMED","Hamann et al. 2019","5, 16, 18",4.00498000000,"2019-08-09","2019-08-15"
"K2-146 c","K2-146 c","EPIC 211924657",0,"CONFIRMED","Hamann et al. 2019","5, 16, 18",3.96630000000,"2021-07-12","2021-07-12"
"EPIC 211925181.01",,"EPIC 211925181",1,"CANDIDATE","Kruse et al. 2019","5, 18",8.84100000000,"2019-09-05","2019-09-05"
"EPIC 211925595.01",,"EPIC 211925595",1,"CANDIDATE","Barros et al. 2016","5, 16",45.38331501000,"2016-12-21","2016-12-21"
"EPIC 211928959.01",,"EPIC 211928959",1,"FALSE POSITIVE","Yu et al. 2018","16, 18",0.85846200000,"2019-02-26","2019-02-26"
"EPIC 211929937.01",,"EPIC 211929937",1,"CANDIDATE","Kruse et al. 2019","5, 18",3.47665060000,"2019-09-05","2019-09-05"
"EPIC 211929937.01",,"EPIC 211929937",0,"CANDIDATE","Kruse et al. 2019","5, 18",3.47663300000,"2017-05-18","2017-05-18"
"EPIC 211929937.01",,"EPIC 211929937",0,"CANDIDATE","Kruse et al. 2019","5, 18",3.47664200000,"2017-12-14","2017-12-14"
"EPIC 211929937.01",,"EPIC 211929937",0,"CANDIDATE","Kruse et al. 2019","5, 18",3.47701312000,"2016-12-21","2016-12-21"
"EPIC 211929937.01",,"EPIC 211929937",0,"CANDIDATE","Kruse et al. 2019","5, 18",3.47700000000,"2016-07-18","2016-07-18"
"EPIC 211929937.01",,"EPIC 211929937",0,"CANDIDATE","Kruse et al. 2019","5, 18",3.47701708869,"2024-03-06","2024-03-06"
"EPIC 211934173.01",,"EPIC 211934173",1,"FALSE POSITIVE","Yu et al. 2018","5, 16, 18",0.52045100000,"2019-02-26","2019-02-26"
"EPIC 211939692.01",,"EPIC 211939692",1,"CANDIDATE","Kruse et al. 2019","5, 18",,"2019-09-05","2019-09-05"
"EPIC 211939692.02",,"EPIC 211939692",1,"CANDIDATE","Kruse et al. 2019","5, 18",39.54380000000,"2019-09-05","2019-09-05"
"EPIC 211939692.03",,"EPIC 211939692",1,"CANDIDATE","Kruse et al. 2019","5, 18",,"2019-09-05","2019-09-05"
"EPIC 211939692.04",,"EPIC 211939692",1,"CANDIDATE","Kruse et al. 2019","5, 18",26.86620000000,"2019-09-05","2019-09-05"
"EPIC 211941472.01",,"EPIC 211941472",1,"CANDIDATE","Kruse et al. 2019","5, 16, 18",5.78370000000,"2019-09-05","2019-09-05"
"EPIC 211941472.01",,"EPIC 211941472",0,"CANDIDATE","Kruse et al. 2019","5, 16, 18",5.78185300000,"2018-02-15","2018-02-15"
"EPIC 211941472.01",,"EPIC 211941472",0,"CANDIDATE","Kruse et al. 2019","5, 16, 18",5.78000000000,"2016-07-18","2016-07-18"
"EPIC 211942157.01",,"EPIC 211942157",1,"FALSE POSITIVE","Yu et al. 2018","5, 16, 18",1.32429200000,"2019-02-26","2019-02-26"
"EPIC 211942755.01",,"EPIC 211942755",1,"CANDIDATE","Zink et al. 2021","5",19.72907100000,"2021-11-19","2021-11-19"
"EPIC 211945201 b","K2-236 b","EPIC 211945201",1,"CONFIRMED","Chakraborty et al. 2018","5, 16",19.49221000000,"2018-10-24","2018-10-26"
"EPIC 211945201 b","K2-236 b","EPIC 211945201",0,"CONFIRMED","Chakraborty et al. 2018","5, 16",19.49179500000,"2018-02-15","2018-02-15"
"EPIC 211945201 b","K2-236 b","EPIC 211945201",0,"CONFIRMED","Chakraborty et al. 2018","5, 16",19.50735025000,"2016-12-21","2016-12-21"
"EPIC 211945201 b","K2-236 b","EPIC 211945201",0,"CONFIRMED","Chakraborty et al. 2018","5, 16",19.49214730000,"2024-02-05","2024-02-05"
"EPIC 211945201 b","K2-236 b","EPIC 211945201",0,"CONFIRMED","Chakraborty et al. 2018","5, 16",19.49213000000,"2018-10-24","2018-05-31"
"EPIC 211945201 b","K2-236 b","EPIC 211945201",0,"CONFIRMED","Chakraborty et al. 2018","5, 16",19.49196500000,"2019-02-26","2019-02-26"
"EPIC 211945201 b","K2-236 b","EPIC 211945201",0,"CONFIRMED","Chakraborty et al. 2018","5, 16",19.49213200000,"2017-12-14","2017-12-14"
"EPIC 211945201 b","K2-236 b","EPIC 211945201",0,"CONFIRMED","Chakraborty et al. 2018","5, 16",19.49183000000,"2019-09-05","2019-09-05"
"EPIC 211945201 b","K2-236 b","EPIC 211945201",0,"CONFIRMED","Chakraborty et al. 2018","5, 16",19.49100000000,"2016-07-18","2016-07-18"
"EPIC 211945201 b","K2-236 b","EPIC 211945201",0,"CONFIRMED","Chakraborty et al. 2018","5, 16",19.49100000000,"2025-09-17","2025-09-17"
"EPIC 211945201 b","K2-236 b","EPIC 211945201",0,"CONFIRMED","Chakraborty et al. 2018","5, 16",19.49214980000,"2024-03-04","2024-03-04"
"EPIC 211946007.01",,"EPIC 211946007",1,"FALSE POSITIVE","Yu et al. 2018","5, 16, 18",1.98280900000,"2019-02-26","2019-02-26"
"EPIC 211946007.01",,"EPIC 211946007",0,"FALSE POSITIVE","Yu et al. 2018","5, 16, 18",1.98280000000,"2017-12-14","2017-12-14"
"EPIC 211946007.01",,"EPIC 211946007",0,"FALSE POSITIVE","Yu et al. 2018","5, 16, 18",1.98280412480,"2024-12-10","2024-12-10"
"EPIC 211953244.01",,"EPIC 211953244",1,"CANDIDATE","Zink et al. 2021","18, 5",29.72467400000,"2021-11-19","2021-11-19"
"EPIC 211955798.01",,"EPIC 211955798",1,"FALSE POSITIVE","Yu et al. 2018","16",0.61644400000,"2019-02-26","2019-02-26"
"EPIC 211964001.01",,"EPIC 211964001",1,"FALSE POSITIVE","Yu et al. 2018","16",7.21807100000,"2019-02-26","2019-02-26"
"EPIC 211964025.01",,"EPIC 211964025",1,"FALSE POSITIVE","Yu et al. 2018","16",7.21962600000,"2019-02-26","2019-02-26"
"EPIC 211964332.01",,"EPIC 211964332",1,"CANDIDATE","Yu et al. 2018","16",7.22053700000,"2019-02-26","2019-02-26"
"EPIC 211964555.01",,"EPIC 211964555",1,"FALSE POSITIVE","Yu et al. 2018","16",7.22094300000,"2019-02-26","2019-02-26"
"K2-264 b","K2-264 b","EPIC 211964830",1,"CONFIRMED","Rizzuto et al. 2018","16",5.84000200000,"2019-02-05","2019-02-07"
"K2-264 b","K2-264 b","EPIC 211964830",0,"CONFIRMED","Rizzuto et al. 2018","16",5.83977000000,"2019-02-05","2018-09-27"
"K2-264 c","K2-264 c","EPIC 211964830",1,"CONFIRMED","Rizzuto et al. 2018","16",19.66030200000,"2019-02-05","2019-02-07"
"K2-264 c","K2-264 c","EPIC 211964830",0,"CONFIRMED","Rizzuto et al. 2018","16",19.66365000000,"2019-02-05","2018-09-27"
"EPIC 211965883.01",,"EPIC 211965883",1,"CANDIDATE","Kruse et al. 2019","5",10.55532000000,"2019-09-05","2019-09-05"
"EPIC 211965883.01",,"EPIC 211965883",0,"CANDIDATE","Kruse et al. 2019","5",10.55500000000,"2016-07-18","2016-07-18"
"EPIC 211965883.01",,"EPIC 211965883",0,"CANDIDATE","Kruse et al. 2019","5",10.55632000000,"2017-12-14","2017-12-14"
"K2-104 b","K2-104 b","EPIC 211969807",1,"CONFIRMED","Mann et al. 2017","5, 16, 18",1.97419540000,"2021-09-20","2021-09-20"
"K2-104 b","K2-104 b","EPIC 211969807",0,"CONFIRMED","Mann et al. 2017","5, 16, 18",1.97417200000,"2017-05-18","2017-05-18"
"K2-104 b","K2-104 b","EPIC 211969807",0,"CONFIRMED","Mann et al. 2017","5, 16, 18",1.97410000000,"2017-12-14","2017-12-14"
"K2-104 b","K2-104 b","EPIC 211969807",0,"CONFIRMED","Mann et al. 2017","5, 16, 18",1.97419000000,"2017-12-12","2016-12-21"
"K2-104 b","K2-104 b","EPIC 211969807",0,"CONFIRMED","Mann et al. 2017","5, 16, 18",1.97499100000,"2019-02-26","2019-02-26"
"K2-104 b","K2-104 b","EPIC 211969807",0,"CONFIRMED","Mann et al. 2017","5, 16, 18",1.97423800000,"2017-12-12","2017-10-26"
"K2-104 b","K2-104 b","EPIC 211969807",0,"CONFIRMED","Mann et al. 2017","5, 16, 18",1.97400000000,"2016-07-18","2016-07-18"
"K2-104 b","K2-104 b","EPIC 211969807",0,"CONFIRMED","Mann et al. 2017","5, 16, 18",1.97420200000,"2019-09-05","2019-09-05"
"K2-102 b","K2-102 b","EPIC 211970147",1,"CONFIRMED","Mann et al. 2017","5, 16, 18",9.91561500000,"2016-12-20","2016-12-21"
"K2-102 b","K2-102 b","EPIC 211970147",0,"CONFIRMED","Mann et al. 2017","5, 16, 18",9.91470000000,"2017-12-14","2017-12-14"
"EPIC 211970234.01",,"EPIC 211970234",1,"FALSE POSITIVE","Dressing et al. 2017","5",1.48350000000,"2017-12-14","2017-12-14"
"EPIC 211972086.01",,"EPIC 211972086",1,"FALSE POSITIVE","Rizzuto et al. 2017","5, 18",6.01620000000,"2017-12-14","2017-12-14"
"EPIC 211972627.01",,"EPIC 211972627",1,"CANDIDATE","Yu et al. 2018","5, 16, 18",1.09284500000,"2019-02-26","2019-02-26"
"EPIC 211972681.01",,"EPIC 211972681",1,"CANDIDATE","Yu et al. 2018","16",1.09267300000,"2019-02-26","2019-02-26"
"EPIC 211972837.01",,"EPIC 211972837",1,"FALSE POSITIVE","Yu et al. 2018","5, 16, 18",1.09291700000,"2019-02-26","2019-02-26"
"EPIC 211978865.01",,"EPIC 211978865",1,"CANDIDATE","Petigura et al. 2018","5",0.90776500000,"2017-12-14","2017-12-14"
"K2-341 b","K2-341 b","EPIC 211978988",1,"CONFIRMED","de Leon et al. 2021","5, 18",36.55255100000,"2021-08-23","2021-08-23"
"K2-341 b","K2-341 b","EPIC 211978988",0,"CONFIRMED","de Leon et al. 2021","5, 18",36.55630000000,"2019-09-05","2019-09-05"
"K2-341 b","K2-341 b","EPIC 211978988",0,"CONFIRMED","de Leon et al. 2021","5, 18",36.55625100000,"2018-02-15","2018-02-15"
"EPIC 211987231.01",,"EPIC 211987231",1,"CANDIDATE","Kruse et al. 2019","5",17.03520300000,"2019-09-05","2019-09-05"
"EPIC 211987231.01",,"EPIC 211987231",0,"CANDIDATE","Kruse et al. 2019","5",17.04066667000,"2016-12-21","2016-12-21"
"EPIC 211988320.01",,"EPIC 211988320",1,"CANDIDATE","Kruse et al. 2019","5",63.84320000000,"2019-09-05","2019-09-05"
"EPIC 211988320.01",,"EPIC 211988320",0,"CANDIDATE","Kruse et al. 2019","5",63.84825000000,"2017-12-14","2017-12-14"
"K2-100 b","K2-100 b","EPIC 211990866",1,"CONFIRMED","Mann et al. 2017","5, 18",1.67390350000,"2021-07-12","2021-07-12"
"K2-100 b","K2-100 b","EPIC 211990866",0,"CONFIRMED","Mann et al. 2017","5, 18",1.67373700000,"2019-09-05","2019-09-05"
"K2-100 b","K2-100 b","EPIC 211990866",0,"CONFIRMED","Mann et al. 2017","5, 18",1.67384700000,"2017-12-14","2017-12-14"
"K2-100 b","K2-100 b","EPIC 211990866",0,"CONFIRMED","Mann et al. 2017","5, 18",1.67400000000,"2016-07-18","2016-07-18"
"K2-100 b","K2-100 b","EPIC 211990866",0,"CONFIRMED","Mann et al. 2017","5, 18",1.67391600000,"2018-10-24","2016-12-21"
"K2-100 b","K2-100 b","EPIC 211990866",0,"CONFIRMED","Mann et al. 2017","5, 18",1.67344228000,"2016-12-21","2016-12-21"
"K2-100 b","K2-100 b","EPIC 211990866",0,"CONFIRMED","Mann et al. 2017","5, 18",1.67383300000,"2018-10-24","2018-10-26"
"K2-100 b","K2-100 b","EPIC 211990866",0,"CONFIRMED","Mann et al. 2017","5, 18",1.67390000000,"2017-12-14","2017-12-14"
"K2-100 b","K2-100 b","EPIC 211990866",0,"CONFIRMED","Mann et al. 2017","5, 18",1.67391800000,"2017-05-18","2017-05-18"
"K2-100 b","K2-100 b","EPIC 211990866",0,"CONFIRMED","Mann et al. 2017","5, 18",1.67390240000,"2019-07-08","2019-07-11"
"K2-100 b","K2-100 b","EPIC 211990866",0,"CONFIRMED","Mann et al. 2017","5, 18",1.67390290000,"2024-02-05","2024-02-05"
"K2-100 b","K2-100 b","EPIC 211990866",0,"CONFIRMED","Mann et al. 2017","5, 18",1.67389000000,"2025-09-17","2025-09-17"
"EPIC 211993818.01",,"EPIC 211993818",1,"CANDIDATE","Mayo et al. 2018","5, 18",8.98664800000,"2018-02-15","2018-02-15"
"EPIC 211993818.01",,"EPIC 211993818",0,"CANDIDATE","Mayo et al. 2018","5, 18",8.98600000000,"2016-07-18","2016-07-18"
"EPIC 211995325.01",,"EPIC 211995325",1,"CANDIDATE","Adams et al. 2016","5, 18",0.27925800000,"2016-06-09","2016-06-09"
"EPIC 211995398.01",,"EPIC 211995398",1,"CANDIDATE","Kruse et al. 2019","5, 18",32.57950000000,"2019-09-05","2019-09-05"
"EPIC 211995398.01",,"EPIC 211995398",0,"CANDIDATE","Kruse et al. 2019","5, 18",32.57600000000,"2016-07-18","2016-07-18"
"EPIC 211997641.01",,"EPIC 211997641",1,"CANDIDATE","Yu et al. 2018","5, 16",1.74454600000,"2019-02-26","2019-02-26"
"EPIC 212002525.01",,"EPIC 212002525",1,"FALSE POSITIVE","Rizzuto et al. 2017","5, 18",11.61580000000,"2017-12-14","2017-12-14"
"K2-375 b","K2-375 b","EPIC 212006318",1,"CONFIRMED","Christiansen et al. 2022","5, 18",14.45389500000,"2022-03-16","2022-03-16"
"K2-375 b","K2-375 b","EPIC 212006318",0,"CONFIRMED","Christiansen et al. 2022","5, 18",14.45840000000,"2019-09-05","2019-09-05"
"K2-375 b","K2-375 b","EPIC 212006318",0,"CONFIRMED","Christiansen et al. 2022","5, 18",14.44300000000,"2016-07-18","2016-07-18"
"K2-375 b","K2-375 b","EPIC 212006318",0,"CONFIRMED","Christiansen et al. 2022","5, 18",14.46056300000,"2018-02-15","2018-02-15"
"K2-122 b","K2-122 b","EPIC 212006344",1,"CONFIRMED","Dressing et al. 2017","5, 16, 18",2.21930230000,"2021-09-20","2021-09-20"
"K2-122 b","K2-122 b","EPIC 212006344",0,"CONFIRMED","Dressing et al. 2017","5, 16, 18",2.21936800000,"2019-09-05","2019-09-05"
"K2-122 b","K2-122 b","EPIC 212006344",0,"CONFIRMED","Dressing et al. 2017","5, 16, 18",2.21928200000,"2018-10-24","2018-10-26"
"K2-122 b","K2-122 b","EPIC 212006344",0,"CONFIRMED","Dressing et al. 2017","5, 16, 18",2.21944122000,"2016-12-21","2016-12-21"
"K2-122 b","K2-122 b","EPIC 212006344",0,"CONFIRMED","Dressing et al. 2017","5, 16, 18",2.21940500000,"2018-10-24","2017-10-05"
"K2-122 b","K2-122 b","EPIC 212006344",0,"CONFIRMED","Dressing et al. 2017","5, 16, 18",2.21922500000,"2017-12-14","2017-12-14"
"K2-122 b","K2-122 b","EPIC 212006344",0,"CONFIRMED","Dressing et al. 2017","5, 16, 18",2.21900000000,"2016-07-18","2016-07-18"
"K2-122 b","K2-122 b","EPIC 212006344",0,"CONFIRMED","Dressing et al. 2017","5, 16, 18",2.21931500000,"2018-10-24","2018-02-01"
"EPIC 212008766.02",,"EPIC 212008766",1,"CANDIDATE","Castro-Gonz&aacute;lez et al. 2022","5, 18",74.80000000000,"2022-04-18","2022-04-18"
"K2-274 b","K2-274 b","EPIC 212008766",1,"CONFIRMED","Livingston et al. 2018","5, 18",14.13303140000,"2021-09-20","2021-09-20"
"K2-274 b","K2-274 b","EPIC 212008766",0,"CONFIRMED","Livingston et al. 2018","5, 18",14.12900000000,"2016-07-18","2016-07-18"
"K2-274 b","K2-274 b","EPIC 212008766",0,"CONFIRMED","Livingston et al. 2018","5, 18",14.12971400000,"2018-10-24","2018-10-26"
"K2-274 b","K2-274 b","EPIC 212008766",0,"CONFIRMED","Livingston et al. 2018","5, 18",14.13014200000,"2017-05-18","2017-05-18"
"K2-274 b","K2-274 b","EPIC 212008766",0,"CONFIRMED","Livingston et al. 2018","5, 18",14.13342700000,"2018-02-15","2018-02-15"
"K2-274 b","K2-274 b","EPIC 212008766",0,"CONFIRMED","Livingston et al. 2018","5, 18",14.13168000000,"2019-09-05","2019-09-05"
"K2-274 b","K2-274 b","EPIC 212008766",0,"CONFIRMED","Livingston et al. 2018","5, 18",14.13018400000,"2017-12-14","2017-12-14"
"K2-274 b","K2-274 b","EPIC 212008766",0,"CONFIRMED","Livingston et al. 2018","5, 18",14.11544241000,"2016-12-21","2016-12-21"
"EPIC 212009150.01",,"EPIC 212009150",1,"CANDIDATE","Kruse et al. 2019","5, 16, 18",6.83292000000,"2019-09-05","2019-09-05"
"EPIC 212009427.01",,"EPIC 212009427",1,"FALSE POSITIVE","Rizzuto et al. 2017","5, 16, 18",0.77845000000,"2017-12-14","2017-12-14"
"EPIC 212009427.01",,"EPIC 212009427",0,"FALSE POSITIVE","Rizzuto et al. 2017","5, 16, 18",0.77800000000,"2016-07-18","2016-07-18"
"EPIC 212009702.01",,"EPIC 212009702",1,"FALSE POSITIVE","Yu et al. 2018","5, 16",0.92386100000,"2019-02-26","2019-02-26"
"EPIC 212010565.01",,"EPIC 212010565",1,"FALSE POSITIVE","Yu et al. 2018","16",2.85145100000,"2019-02-26","2019-02-26"
"K2-275 b","K2-275 b","EPIC 212012119",1,"CONFIRMED","Livingston et al. 2018","5, 18",3.28096260000,"2021-09-20","2021-09-20"
"K2-275 b","K2-275 b","EPIC 212012119",0,"CONFIRMED","Livingston et al. 2018","5, 18",3.28102986099,"2024-12-10","2024-12-10"
"K2-275 b","K2-275 b","EPIC 212012119",0,"CONFIRMED","Livingston et al. 2018","5, 18",3.28100000000,"2016-07-18","2016-07-18"
"K2-275 b","K2-275 b","EPIC 212012119",0,"CONFIRMED","Livingston et al. 2018","5, 18",3.28046294000,"2016-12-21","2016-12-21"
"K2-275 b","K2-275 b","EPIC 212012119",0,"CONFIRMED","Livingston et al. 2018","5, 18",3.28092600000,"2017-12-14","2017-12-14"
"K2-275 b","K2-275 b","EPIC 212012119",0,"CONFIRMED","Livingston et al. 2018","5, 18",3.28085800000,"2018-02-15","2018-02-15"
"K2-275 b","K2-275 b","EPIC 212012119",0,"CONFIRMED","Livingston et al. 2018","5, 18",3.28096100000,"2018-10-24","2018-10-26"
"K2-275 b","K2-275 b","EPIC 212012119",0,"CONFIRMED","Livingston et al. 2018","5, 18",3.28094800000,"2019-09-05","2019-09-05"
"K2-275 c","K2-275 c","EPIC 212012119",1,"CONFIRMED","Livingston et al. 2018","5, 18",8.43883850000,"2021-09-20","2021-09-20"
"K2-275 c","K2-275 c","EPIC 212012119",0,"CONFIRMED","Livingston et al. 2018","5, 18",8.43863500000,"2017-12-14","2017-12-14"
"K2-275 c","K2-275 c","EPIC 212012119",0,"CONFIRMED","Livingston et al. 2018","5, 18",8.43889970961,"2024-12-10","2024-12-10"
"K2-275 c","K2-275 c","EPIC 212012119",0,"CONFIRMED","Livingston et al. 2018","5, 18",8.43875600000,"2018-10-24","2018-10-26"
"K2-275 c","K2-275 c","EPIC 212012119",0,"CONFIRMED","Livingston et al. 2018","5, 18",8.43903000000,"2019-09-05","2019-09-05"
"K2-275 c","K2-275 c","EPIC 212012119",0,"CONFIRMED","Livingston et al. 2018","5, 18",8.43800000000,"2016-07-18","2016-07-18"
"EPIC 212012387.01",,"EPIC 212012387",1,"FALSE POSITIVE","Yu et al. 2018","5, 16",3.24412600000,"2019-02-26","2019-02-26"
"EPIC 212019055.01",,"EPIC 212019055",1,"FALSE POSITIVE","Yu et al. 2018","5, 16, 18",0.82143600000,"2019-02-26","2019-02-26"
"EPIC 212020442.01",,"EPIC 212020442",1,"FALSE POSITIVE","Yu et al. 2018","5, 16",3.88885300000,"2019-02-26","2019-02-26"
"EPIC 212024647.01",,"EPIC 212024647",1,"FALSE POSITIVE","Yu et al. 2018","5, 16, 18",3.69687100000,"2019-02-26","2019-02-26"
"EPIC 212024672.01",,"EPIC 212024672",1,"CANDIDATE","Yu et al. 2018","5, 16, 18",3.69716100000,"2019-02-26","2019-02-26"
"EPIC 212026226.01",,"EPIC 212026226",1,"FALSE POSITIVE","Yu et al. 2018","16",1.76950500000,"2019-02-26","2019-02-26"
"EPIC 212033577.01",,"EPIC 212033577",1,"CANDIDATE","Yu et al. 2018","16",23.70234200000,"2019-02-26","2019-02-26"
"EPIC 212035441.01",,"EPIC 212035441",1,"CANDIDATE","Zink et al. 2021","16, 18, 5",2.71474300000,"2021-11-19","2021-11-19"
"EPIC 212036875.01",,"EPIC 212036875",1,"CANDIDATE","Yu et al. 2018","16",5.16988700000,"2019-02-26","2019-02-26"
"EPIC 212036875.01",,"EPIC 212036875",0,"CANDIDATE","Yu et al. 2018","16",5.16990260000,"2024-02-05","2024-02-05"
"EPIC 212037403.01",,"EPIC 212037403",1,"FALSE POSITIVE","Yu et al. 2018","5, 16, 18",3.40819000000,"2019-02-26","2019-02-26"
"EPIC 212039539.01",,"EPIC 212039539",1,"FALSE POSITIVE","Yu et al. 2018","16, 18",2.22982000000,"2019-02-26","2019-02-26"
"EPIC 212040382.01",,"EPIC 212040382",1,"CANDIDATE","Yu et al. 2018","16",4.44555900000,"2019-02-26","2019-02-26"
"EPIC 212040382.01",,"EPIC 212040382",0,"CANDIDATE","Yu et al. 2018","16",4.44554360000,"2024-02-05","2024-02-05"
"EPIC 212041206.01",,"EPIC 212041206",1,"CANDIDATE","Yu et al. 2018","16",23.91771600000,"2019-02-26","2019-02-26"
"EPIC 212041476.01",,"EPIC 212041476",1,"CANDIDATE","Yu et al. 2018","16",2.78370500000,"2019-02-26","2019-02-26"
"EPIC 212044495.01",,"EPIC 212044495",1,"FALSE POSITIVE","Yu et al. 2018","16",1.83076700000,"2019-02-26","2019-02-26"
"EPIC 212048046.01",,"EPIC 212048046",1,"CANDIDATE","Zink et al. 2021","16",9.37526600000,"2021-11-19","2021-11-19"
"EPIC 212048503.01",,"EPIC 212048503",1,"FALSE POSITIVE","Yu et al. 2018","16",0.61767400000,"2019-02-26","2019-02-26"
"G 9-40 b","K2-313 b","EPIC 212048748",1,"CONFIRMED","Stefansson et al. 2020","16",5.74599820000,"2024-10-22","2024-10-22"
"G 9-40 b","K2-313 b","EPIC 212048748",0,"CONFIRMED","Stefansson et al. 2020","16",5.74600700000,"2023-02-25","2023-02-25"
"G 9-40 b","K2-313 b","EPIC 212048748",0,"CONFIRMED","Stefansson et al. 2020","16",5.74599450000,"2024-02-05","2024-02-05"
"G 9-40 b","K2-313 b","EPIC 212048748",0,"CONFIRMED","Stefansson et al. 2020","16",5.74599960000,"2024-03-04","2024-03-04"
"G 9-40 b","K2-313 b","EPIC 212048748",0,"CONFIRMED","Stefansson et al. 2020","16",5.74591200000,"2019-02-26","2019-02-26"
"EPIC 212052250.01",,"EPIC 212052250",1,"CANDIDATE","Yu et al. 2018","16",0.98676500000,"2019-02-26","2019-02-26"
"EPIC 212053988.01",,"EPIC 212053988",1,"FALSE POSITIVE","Yu et al. 2018","16",0.57930900000,"2019-02-26","2019-02-26"
"K2-342 b","K2-342 b","EPIC 212058012",1,"CONFIRMED","de Leon et al. 2021","16",11.56105200000,"2021-08-23","2021-08-23"
"K2-342 b","K2-342 b","EPIC 212058012",0,"CONFIRMED","de Leon et al. 2021","16",11.56151400000,"2019-02-26","2019-02-26"
"EPIC 212060710.01",,"EPIC 212060710",1,"FALSE POSITIVE","Yu et al. 2018","16, 18",1.20433800000,"2019-02-26","2019-02-26"
"EPIC 212060895.01",,"EPIC 212060895",1,"FALSE POSITIVE","Yu et al. 2018","16",0.60422800000,"2019-02-26","2019-02-26"
"EPIC 212066407.01",,"EPIC 212066407",1,"CANDIDATE","Kruse et al. 2019","5, 18",0.82182410000,"2019-09-05","2019-09-05"
"EPIC 212066407.01",,"EPIC 212066407",0,"CANDIDATE","Kruse et al. 2019","5, 18",0.82182448000,"2016-12-21","2016-12-21"
"EPIC 212066407.01",,"EPIC 212066407",0,"CANDIDATE","Kruse et al. 2019","5, 18",0.82200000000,"2016-07-18","2016-07-18"
"EPIC 212066805.01",,"EPIC 212066805",1,"FALSE POSITIVE","Yu et al. 2018","16",0.81673400000,"2019-02-26","2019-02-26"
"EPIC 212068493.01",,"EPIC 212068493",1,"CANDIDATE","Yu et al. 2018","16",14.22024600000,"2019-02-26","2019-02-26"
"EPIC 212069706.01",,"EPIC 212069706",1,"FALSE POSITIVE","Yu et al. 2018","5, 16",0.54767400000,"2019-02-26","2019-02-26"
"K2-123 b","K2-123 b","EPIC 212069861",1,"CONFIRMED","Dressing et al. 2017","5, 16, 18",30.95152400000,"2018-10-24","2018-10-26"
"K2-123 b","K2-123 b","EPIC 212069861",0,"CONFIRMED","Dressing et al. 2017","5, 16, 18",30.95676300000,"2018-10-24","2017-10-05"
"K2-123 b","K2-123 b","EPIC 212069861",0,"CONFIRMED","Dressing et al. 2017","5, 16, 18",30.95260600000,"2017-12-14","2017-12-14"
"K2-123 b","K2-123 b","EPIC 212069861",0,"CONFIRMED","Dressing et al. 2017","5, 16, 18",30.95420000000,"2018-10-24","2018-02-01"
"K2-123 b","K2-123 b","EPIC 212069861",0,"CONFIRMED","Dressing et al. 2017","5, 16, 18",30.95300000000,"2016-07-18","2016-07-18"
"K2-123 b","K2-123 b","EPIC 212069861",0,"CONFIRMED","Dressing et al. 2017","5, 16, 18",30.95400000000,"2019-09-05","2019-09-05"
"K2-123 b","K2-123 b","EPIC 212069861",0,"CONFIRMED","Dressing et al. 2017","5, 16, 18",30.95422200000,"2019-02-26","2019-02-26"
"K2-123 b","K2-123 b","EPIC 212069861",0,"CONFIRMED","Dressing et al. 2017","5, 16, 18",30.96028326000,"2016-12-21","2016-12-21"
"EPIC 212071939.01",,"EPIC 212071939",1,"FALSE POSITIVE","Yu et al. 2018","16, 18",1.74301300000,"2019-02-26","2019-02-26"
"K2-343 b","K2-343 b","EPIC 212072539",1,"CONFIRMED","de Leon et al. 2021","5, 16, 18",2.78717400000,"2021-08-23","2021-08-23"
"K2-343 b","K2-343 b","EPIC 212072539",0,"CONFIRMED","de Leon et al. 2021","5, 16, 18",2.78711000000,"2019-09-05","2019-09-05"
"K2-343 c","K2-343 c","EPIC 212072539",1,"CONFIRMED","de Leon et al. 2021","5, 16, 18",7.67697200000,"2021-08-23","2021-08-23"
"K2-343 c","K2-343 c","EPIC 212072539",0,"CONFIRMED","de Leon et al. 2021","5, 16, 18",7.67698400000,"2019-02-26","2019-02-26"
"K2-343 c","K2-343 c","EPIC 212072539",0,"CONFIRMED","de Leon et al. 2021","5, 16, 18",7.67689000000,"2019-09-05","2019-09-05"
"EPIC 212075294.01",,"EPIC 212075294",1,"FALSE POSITIVE","Yu et al. 2018","16",0.55082000000,"2019-02-26","2019-02-26"
"EPIC 212075842.01",,"EPIC 212075842",1,"FALSE POSITIVE","Yu et al. 2018","16",1.15345600000,"2019-02-26","2019-02-26"
"K2-344 b","K2-344 b","EPIC 212081533",1,"CONFIRMED","de Leon et al. 2021","16",3.35585000000,"2021-08-23","2021-08-23"
"K2-344 b","K2-344 b","EPIC 212081533",0,"CONFIRMED","de Leon et al. 2021","16",3.35585400000,"2019-02-26","2019-02-26"
"K2-344 b","K2-344 b","EPIC 212081533",0,"CONFIRMED","de Leon et al. 2021","16",3.35572190000,"2024-02-05","2024-02-05"
"EPIC 212082682.01",,"EPIC 212082682",1,"FALSE POSITIVE","Yu et al. 2018","5, 16",3.79747300000,"2019-02-26","2019-02-26"
"EPIC 212083250.01",,"EPIC 212083250",1,"FALSE POSITIVE","Yu et al. 2018","5, 16, 18",0.51874800000,"2019-02-26","2019-02-26"
"EPIC 212083455.01",,"EPIC 212083455",1,"FALSE POSITIVE","Yu et al. 2018","5, 16, 18",0.51875400000,"2019-02-26","2019-02-26"
"EPIC 212085654.01",,"EPIC 212085654",1,"FALSE POSITIVE","Yu et al. 2018","16",0.98972000000,"2019-02-26","2019-02-26"
"EPIC 212085740.01",,"EPIC 212085740",1,"FALSE POSITIVE","Yu et al. 2018","5, 16, 18",4.84556100000,"2019-02-26","2019-02-26"
"EPIC 212086717.01",,"EPIC 212086717",1,"FALSE POSITIVE","Yu et al. 2018","16",0.64314200000,"2019-02-26","2019-02-26"
"K2-345 b","K2-345 b","EPIC 212088059",1,"CONFIRMED","de Leon et al. 2021","5, 16, 18",10.36743700000,"2021-08-23","2021-08-23"
"K2-345 b","K2-345 b","EPIC 212088059",0,"CONFIRMED","de Leon et al. 2021","5, 16, 18",10.36627000000,"2019-09-05","2019-09-05"
"K2-345 b","K2-345 b","EPIC 212088059",0,"CONFIRMED","de Leon et al. 2021","5, 16, 18",10.36600000000,"2016-07-18","2016-07-18"
"EPIC 212096658.01",,"EPIC 212096658",1,"CANDIDATE","Yu et al. 2018","5, 16, 18",1.46647300000,"2019-02-26","2019-02-26"
"EPIC 212099230.01",,"EPIC 212099230",1,"CANDIDATE","Yu et al. 2018","5, 16, 18",7.11213400000,"2019-02-26","2019-02-26"
"EPIC 212099230.01",,"EPIC 212099230",0,"CANDIDATE","Yu et al. 2018","5, 16, 18",7.11200000000,"2016-07-18","2016-07-18"
"EPIC 212099230.01",,"EPIC 212099230",0,"CANDIDATE","Yu et al. 2018","5, 16, 18",7.11237030000,"2024-11-20","2024-11-20"
"EPIC 212099230.01",,"EPIC 212099230",0,"CANDIDATE","Yu et al. 2018","5, 16, 18",7.11047482000,"2016-12-21","2016-12-21"
"EPIC 212099230.01",,"EPIC 212099230",0,"CANDIDATE","Yu et al. 2018","5, 16, 18",7.11227300000,"2017-12-14","2017-12-14"
"EPIC 212109233.01",,"EPIC 212109233",1,"FALSE POSITIVE","Yu et al. 2018","16",1.99135700000,"2019-02-26","2019-02-26"
"EPIC 212110007.01",,"EPIC 212110007",1,"FALSE POSITIVE","Yu et al. 2018","5, 16",16.70965900000,"2019-02-26","2019-02-26"
"EPIC 212110007.01",,"EPIC 212110007",0,"FALSE POSITIVE","Yu et al. 2018","5, 16",16.70043510000,"2016-12-21","2016-12-21"
"K2-34 b","K2-34 b","EPIC 212110888",1,"CONFIRMED","Hirano et al. 2016","5, 16, 18",2.99563480000,"2021-09-20","2021-09-20"
"K2-34 b","K2-34 b","EPIC 212110888",0,"CONFIRMED","Hirano et al. 2016","5, 16, 18",2.99565300000,"2019-02-26","2019-02-26"
"K2-34 b","K2-34 b","EPIC 212110888",0,"CONFIRMED","Hirano et al. 2016","5, 16, 18",2.99563300000,"2017-12-14","2017-12-14"
"K2-34 b","K2-34 b","EPIC 212110888",0,"CONFIRMED","Hirano et al. 2016","5, 16, 18",2.99529334000,"2016-12-21","2016-12-21"
"K2-34 b","K2-34 b","EPIC 212110888",0,"CONFIRMED","Hirano et al. 2016","5, 16, 18",2.99560700000,"2018-10-24","2016-06-03"
"K2-34 b","K2-34 b","EPIC 212110888",0,"CONFIRMED","Hirano et al. 2016","5, 16, 18",2.99563720000,"2019-09-05","2019-09-05"
"K2-34 b","K2-34 b","EPIC 212110888",0,"CONFIRMED","Hirano et al. 2016","5, 16, 18",2.99600000000,"2016-07-18","2016-07-18"
"K2-34 b","K2-34 b","EPIC 212110888",0,"CONFIRMED","Hirano et al. 2016","5, 16, 18",2.99561000000,"2018-10-24","2018-04-26"
"K2-34 b","K2-34 b","EPIC 212110888",0,"CONFIRMED","Hirano et al. 2016","5, 16, 18",2.99563660000,"2024-01-22","2024-01-22"
"K2-34 b","K2-34 b","EPIC 212110888",0,"CONFIRMED","Hirano et al. 2016","5, 16, 18",2.99563300000,"2018-10-24","2018-10-26"
"K2-34 b","K2-34 b","EPIC 212110888",0,"CONFIRMED","Hirano et al. 2016","5, 16, 18",2.99562900000,"2018-10-24","2016-07-07"
"K2-34 b","K2-34 b","EPIC 212110888",0,"CONFIRMED","Hirano et al. 2016","5, 16, 18",2.99565400000,"2018-10-24","2016-05-05"
"K2-34 b","K2-34 b","EPIC 212110888",0,"CONFIRMED","Hirano et al. 2016","5, 16, 18",2.99564600000,"2018-10-24","2018-02-15"
"K2-34 b","K2-34 b","EPIC 212110888",0,"CONFIRMED","Hirano et al. 2016","5, 16, 18",2.99563536000,"2024-03-04","2024-03-04"
"EPIC 212114260.01",,"EPIC 212114260",1,"CANDIDATE","Yu et al. 2018","16",20.01691700000,"2019-02-26","2019-02-26"
"EPIC 212115388.01",,"EPIC 212115388",1,"FALSE POSITIVE","Yu et al. 2018","16",1.48824900000,"2019-02-26","2019-02-26"
"EPIC 212116340.01",,"EPIC 212116340",1,"FALSE POSITIVE","Yu et al. 2018","5, 16, 18",0.61020500000,"2019-02-26","2019-02-26"
"EPIC 212117087.01",,"EPIC 212117087",1,"FALSE POSITIVE","Yu et al. 2018","16, 18",1.07639000000,"2019-02-26","2019-02-26"
"EPIC 212120773.01",,"EPIC 212120773",1,"CANDIDATE","Kruse et al. 2019","5, 18",5.17518000000,"2019-09-05","2019-09-05"
"K2-276 b","K2-276 b","EPIC 212130773",1,"CONFIRMED","Livingston et al. 2018","5, 18",18.71826900000,"2018-10-24","2018-10-26"
"K2-276 b","K2-276 b","EPIC 212130773",0,"CONFIRMED","Livingston et al. 2018","5, 18",18.71763100000,"2017-12-14","2017-12-14"
"K2-276 b","K2-276 b","EPIC 212130773",0,"CONFIRMED","Livingston et al. 2018","5, 18",18.71320000000,"2019-09-05","2019-09-05"
"K2-276 b","K2-276 b","EPIC 212130773",0,"CONFIRMED","Livingston et al. 2018","5, 18",18.71100000000,"2016-07-18","2016-07-18"
"K2-346 b","K2-346 b","EPIC 212132195",1,"CONFIRMED","de Leon et al. 2021","5, 18",26.20144600000,"2021-08-23","2021-08-23"
"K2-346 b","K2-346 b","EPIC 212132195",0,"CONFIRMED","de Leon et al. 2021","5, 18",26.19702200000,"2018-02-15","2018-02-15"
"K2-346 b","K2-346 b","EPIC 212132195",0,"CONFIRMED","de Leon et al. 2021","5, 18",26.19800000000,"2016-07-18","2016-07-18"
"K2-346 b","K2-346 b","EPIC 212132195",0,"CONFIRMED","de Leon et al. 2021","5, 18",26.19445485478,"2024-12-10","2024-12-10"
"K2-346 b","K2-346 b","EPIC 212132195",0,"CONFIRMED","de Leon et al. 2021","5, 18",26.19560000000,"2019-09-05","2019-09-05"
"EPIC 212133517.01",,"EPIC 212133517",1,"CANDIDATE","Barros et al. 2016","5",9.73605539000,"2016-12-21","2016-12-21"
"EPIC 212136123.01",,"EPIC 212136123",1,"CANDIDATE","Kruse et al. 2019","5, 18",2.22645000000,"2019-09-05","2019-09-05"
"EPIC 212136123.01",,"EPIC 212136123",0,"CANDIDATE","Kruse et al. 2019","5, 18",2.22600000000,"2016-07-18","2016-07-18"
"EPIC 212138198.01",,"EPIC 212138198",1,"CANDIDATE","Mayo et al. 2018","5, 18",3.20914900000,"2018-02-15","2018-02-15"
"EPIC 212138198.01",,"EPIC 212138198",0,"CANDIDATE","Mayo et al. 2018","5, 18",3.20900000000,"2016-07-18","2016-07-18"
"EPIC 212138198.01",,"EPIC 212138198",0,"CANDIDATE","Mayo et al. 2018","5, 18",3.20918500000,"2017-12-14","2017-12-14"
"EPIC 212138198.01",,"EPIC 212138198",0,"CANDIDATE","Mayo et al. 2018","5, 18",3.20920330000,"2025-01-09","2025-01-09"
"EPIC 212141021.01",,"EPIC 212141021",1,"CANDIDATE","Kruse et al. 2019","5, 18",2.91825000000,"2019-09-05","2019-09-05"
"EPIC 212141021.01",,"EPIC 212141021",0,"CANDIDATE","Kruse et al. 2019","5, 18",2.91800000000,"2016-07-18","2016-07-18"
"EPIC 212150006.01",,"EPIC 212150006",1,"CANDIDATE","Kruse et al. 2019","5, 18",0.89834400000,"2019-09-05","2019-09-05"
"EPIC 212150006.01",,"EPIC 212150006",0,"CANDIDATE","Kruse et al. 2019","5, 18",0.89831200000,"2017-12-14","2017-12-14"
"EPIC 212150006.01",,"EPIC 212150006",0,"CANDIDATE","Kruse et al. 2019","5, 18",0.89821600000,"2016-06-09","2016-06-09"
"EPIC 212150006.01",,"EPIC 212150006",0,"CANDIDATE","Kruse et al. 2019","5, 18",0.89800000000,"2016-07-18","2016-07-18"
"EPIC 212150006.01",,"EPIC 212150006",0,"CANDIDATE","Kruse et al. 2019","5, 18",0.89803906000,"2016-12-21","2016-12-21"
"EPIC 212152341.01",,"EPIC 212152341",1,"CANDIDATE","Pope et al. 2016","5",6.67600000000,"2016-07-18","2016-07-18"
"EPIC 212154158.01",,"EPIC 212154158",1,"FALSE POSITIVE","Yu et al. 2018","16",1.02361300000,"2019-02-26","2019-02-26"
"K2-124 b","K2-124 b","EPIC 212154564",1,"CONFIRMED","Dressing et al. 2017","5, 16, 18",6.41365100000,"2019-01-28","2019-01-31"
"K2-124 b","K2-124 b","EPIC 212154564",0,"CONFIRMED","Dressing et al. 2017","5, 16, 18",6.41371800000,"2017-12-14","2017-12-14"
"K2-124 b","K2-124 b","EPIC 212154564",0,"CONFIRMED","Dressing et al. 2017","5, 16, 18",6.41376600000,"2019-01-28","2018-10-26"
"K2-124 b","K2-124 b","EPIC 212154564",0,"CONFIRMED","Dressing et al. 2017","5, 16, 18",6.41362000000,"2019-09-05","2019-09-05"
"K2-124 b","K2-124 b","EPIC 212154564",0,"CONFIRMED","Dressing et al. 2017","5, 16, 18",6.41400800000,"2019-02-26","2019-02-26"
"K2-124 b","K2-124 b","EPIC 212154564",0,"CONFIRMED","Dressing et al. 2017","5, 16, 18",6.41400000000,"2016-07-18","2016-07-18"
"K2-124 b","K2-124 b","EPIC 212154564",0,"CONFIRMED","Dressing et al. 2017","5, 16, 18",6.41353900000,"2019-01-28","2017-10-05"
"K2-187 b","K2-187 b","EPIC 212157262",1,"CONFIRMED","Mayo et al. 2018","5, 18",0.77401000000,"2022-03-28","2022-03-28"
"K2-187 b","K2-187 b","EPIC 212157262",0,"CONFIRMED","Mayo et al. 2018","5, 18",0.77398100000,"2018-10-24","2018-02-15"
"K2-187 b","K2-187 b","EPIC 212157262",0,"CONFIRMED","Mayo et al. 2018","5, 18",0.77392000000,"2018-10-24","2018-10-26"
"K2-187 b","K2-187 b","EPIC 212157262",0,"CONFIRMED","Mayo et al. 2018","5, 18",0.77398700000,"2019-09-05","2019-09-05"
"K2-187 c","K2-187 c","EPIC 212157262",1,"CONFIRMED","Mayo et al. 2018","5, 18",2.87151200000,"2022-03-28","2022-03-28"
"K2-187 c","K2-187 c","EPIC 212157262",0,"CONFIRMED","Mayo et al. 2018","5, 18",2.87178800000,"2018-10-24","2018-02-15"
"K2-187 c","K2-187 c","EPIC 212157262",0,"CONFIRMED","Mayo et al. 2018","5, 18",2.87204200000,"2018-10-24","2018-10-26"
"K2-187 c","K2-187 c","EPIC 212157262",0,"CONFIRMED","Mayo et al. 2018","5, 18",2.87134800000,"2017-12-14","2017-12-14"
"K2-187 c","K2-187 c","EPIC 212157262",0,"CONFIRMED","Mayo et al. 2018","5, 18",2.87162000000,"2019-09-05","2019-09-05"
"K2-187 d","K2-187 d","EPIC 212157262",1,"CONFIRMED","Mayo et al. 2018","5, 18",7.14958400000,"2022-03-28","2022-03-28"
"K2-187 d","K2-187 d","EPIC 212157262",0,"CONFIRMED","Mayo et al. 2018","5, 18",7.14921000000,"2018-10-24","2018-10-26"
"K2-187 d","K2-187 d","EPIC 212157262",0,"CONFIRMED","Mayo et al. 2018","5, 18",7.15451552000,"2016-12-21","2016-12-21"
"K2-187 d","K2-187 d","EPIC 212157262",0,"CONFIRMED","Mayo et al. 2018","5, 18",7.14933600000,"2017-12-14","2017-12-14"
"K2-187 d","K2-187 d","EPIC 212157262",0,"CONFIRMED","Mayo et al. 2018","5, 18",7.14998000000,"2019-09-05","2019-09-05"
"K2-187 d","K2-187 d","EPIC 212157262",0,"CONFIRMED","Mayo et al. 2018","5, 18",7.14907900000,"2018-10-24","2018-02-15"
"K2-187 d","K2-187 d","EPIC 212157262",0,"CONFIRMED","Mayo et al. 2018","5, 18",7.15000000000,"2016-07-18","2016-07-18"
"K2-187 e","K2-187 e","EPIC 212157262",1,"CONFIRMED","Mayo et al. 2018","5, 18",13.60662900000,"2022-03-28","2022-03-28"
"K2-187 e","K2-187 e","EPIC 212157262",0,"CONFIRMED","Mayo et al. 2018","5, 18",13.60834100000,"2018-10-24","2018-02-15"
"K2-187 e","K2-187 e","EPIC 212157262",0,"CONFIRMED","Mayo et al. 2018","5, 18",13.60987800000,"2018-10-24","2018-10-26"
"K2-187 e","K2-187 e","EPIC 212157262",0,"CONFIRMED","Mayo et al. 2018","5, 18",13.60496000000,"2019-09-05","2019-09-05"
"K2-187 e","K2-187 e","EPIC 212157262",0,"CONFIRMED","Mayo et al. 2018","5, 18",13.60851100000,"2017-12-14","2017-12-14"
"EPIC 212159514.01",,"EPIC 212159514",1,"CANDIDATE","Yu et al. 2018","5, 16",0.54570200000,"2019-02-26","2019-02-26"
"EPIC 212159623.01",,"EPIC 212159623",1,"CANDIDATE","Kruse et al. 2019","5, 18",4.70751000000,"2019-09-05","2019-09-05"
"K2-347 b","K2-347 b","EPIC 212161956",1,"CONFIRMED","de Leon et al. 2021","5, 18",7.18725700000,"2021-08-23","2021-08-23"
"K2-347 b","K2-347 b","EPIC 212161956",0,"CONFIRMED","de Leon et al. 2021","5, 18",7.18662000000,"2019-09-05","2019-09-05"
"K2-347 b","K2-347 b","EPIC 212161956",0,"CONFIRMED","de Leon et al. 2021","5, 18",7.18700000000,"2016-07-18","2016-07-18"
"EPIC 212163353.01",,"EPIC 212163353",1,"FALSE POSITIVE","Yu et al. 2018","5, 16, 18",5.17353100000,"2019-02-26","2019-02-26"
"K2-188 b","K2-188 b","EPIC 212164470",1,"CONFIRMED","Mayo et al. 2018","5, 16, 18",1.74216900000,"2020-03-30","2018-10-26"
"K2-188 b","K2-188 b","EPIC 212164470",0,"CONFIRMED","Mayo et al. 2018","5, 16, 18",1.74298300000,"2020-03-30","2018-02-15"
"K2-188 c","K2-188 c","EPIC 212164470",1,"CONFIRMED","Mayo et al. 2018","5, 16, 18",7.81025300000,"2020-03-30","2018-10-26"
"K2-188 c","K2-188 c","EPIC 212164470",0,"CONFIRMED","Mayo et al. 2018","5, 16, 18",7.81110453000,"2016-12-21","2016-12-21"
"K2-188 c","K2-188 c","EPIC 212164470",0,"CONFIRMED","Mayo et al. 2018","5, 16, 18",7.80920520000,"2022-08-09","2022-08-09"
"K2-188 c","K2-188 c","EPIC 212164470",0,"CONFIRMED","Mayo et al. 2018","5, 16, 18",7.80759500000,"2020-03-30","2018-02-15"
"K2-188 c","K2-188 c","EPIC 212164470",0,"CONFIRMED","Mayo et al. 2018","5, 16, 18",7.80905000000,"2019-09-05","2019-09-05"
"K2-188 c","K2-188 c","EPIC 212164470",0,"CONFIRMED","Mayo et al. 2018","5, 16, 18",7.80975700000,"2017-12-14","2017-12-14"
"K2-188 c","K2-188 c","EPIC 212164470",0,"CONFIRMED","Mayo et al. 2018","5, 16, 18",7.80900000000,"2016-07-18","2016-07-18"
"EPIC 212171851.01",,"EPIC 212171851",1,"FALSE POSITIVE","Yu et al. 2018","5, 16, 18",5.48945600000,"2019-02-26","2019-02-26"
"EPIC 212175087.01",,"EPIC 212175087",1,"FALSE POSITIVE","Yu et al. 2018","16",0.69970500000,"2019-02-26","2019-02-26"
"HD 73344 b",,"EPIC 212178066",1,"CONFIRMED","Sulis et al. 2024","16, 18",15.61100000000,"2024-06-10","2024-06-10"
"HD 73344 b",,"EPIC 212178066",0,"CONFIRMED","Sulis et al. 2024","16, 18",15.61342600000,"2019-02-26","2019-02-26"
"HD 73344 b",,"EPIC 212178066",0,"CONFIRMED","Sulis et al. 2024","16, 18",15.60400000000,"2025-01-22","2025-01-22"
"HD 73344 b",,"EPIC 212178066",0,"CONFIRMED","Sulis et al. 2024","16, 18",15.61136332661,"2022-08-09","2022-08-09"
"EPIC 212181307.01",,"EPIC 212181307",1,"FALSE POSITIVE","Yu et al. 2018","16",0.55531700000,"2019-02-26","2019-02-26"
"EPIC 212181460.01",,"EPIC 212181460",1,"FALSE POSITIVE","Yu et al. 2018","16",0.56919200000,"2019-02-26","2019-02-26"
"EPIC 212182233.01",,"EPIC 212182233",1,"FALSE POSITIVE","Yu et al. 2018","16",0.75139400000,"2019-02-26","2019-02-26"
"EPIC 212194007.01",,"EPIC 212194007",1,"CANDIDATE","Yu et al. 2018","16",1.17715000000,"2019-02-26","2019-02-26"
"K2-348 b","K2-348 b","EPIC 212204403",1,"CONFIRMED","de Leon et al. 2021","16",4.68841800000,"2021-08-23","2021-08-23"
"K2-348 b","K2-348 b","EPIC 212204403",0,"CONFIRMED","de Leon et al. 2021","16",4.68863420000,"2024-02-05","2024-02-05"
"K2-348 b","K2-348 b","EPIC 212204403",0,"CONFIRMED","de Leon et al. 2021","16",4.68862500000,"2019-02-26","2019-02-26"
"K2-348 c","K2-348 c","EPIC 212204403",1,"CONFIRMED","de Leon et al. 2021","16",12.55017100000,"2021-08-23","2021-08-23"
"K2-348 c","K2-348 c","EPIC 212204403",0,"CONFIRMED","de Leon et al. 2021","16",12.55089600000,"2019-02-26","2019-02-26"
"EPIC 212207194.01",,"EPIC 212207194",1,"FALSE POSITIVE","Yu et al. 2018","16",9.14870100000,"2019-02-26","2019-02-26"
"EPIC 212207368.01",,"EPIC 212207368",1,"CANDIDATE","Yu et al. 2018","16",1.19031600000,"2019-02-26","2019-02-26"
"EPIC 212208163.01",,"EPIC 212208163",1,"FALSE POSITIVE","Yu et al. 2018","16",2.72446900000,"2019-02-26","2019-02-26"
"EPIC 212210390.01",,"EPIC 212210390",1,"FALSE POSITIVE","Yu et al. 2018","16",12.88614700000,"2019-02-26","2019-02-26"
"EPIC 212214592.01",,"EPIC 212214592",1,"FALSE POSITIVE","Yu et al. 2018","16",0.72310200000,"2019-02-26","2019-02-26"
"EPIC 212219881.01",,"EPIC 212219881",1,"CANDIDATE","Yu et al. 2018","16",6.92480800000,"2019-02-26","2019-02-26"
"EPIC 212221986.01",,"EPIC 212221986",1,"FALSE POSITIVE","Yu et al. 2018","16",0.52601800000,"2019-02-26","2019-02-26"
"K2-376 b","K2-376 b","EPIC 212222383",1,"CONFIRMED","Christiansen et al. 2022","16",5.77647500000,"2022-03-16","2022-03-16"
"K2-376 b","K2-376 b","EPIC 212222383",0,"CONFIRMED","Christiansen et al. 2022","16",5.77647500000,"2021-11-19","2021-11-19"
"EPIC 212223307.01",,"EPIC 212223307",1,"CANDIDATE","Yu et al. 2018","16",1.19035400000,"2019-02-26","2019-02-26"
"EPIC 212225413.01",,"EPIC 212225413",1,"FALSE POSITIVE","Yu et al. 2018","16",0.79304800000,"2019-02-26","2019-02-26"
"EPIC 212225806.01",,"EPIC 212225806",1,"FALSE POSITIVE","Yu et al. 2018","16",0.59439200000,"2019-02-26","2019-02-26"
"EPIC 212225986.01",,"EPIC 212225986",1,"FALSE POSITIVE","Yu et al. 2018","16",1.16030800000,"2019-02-26","2019-02-26"
"EPIC 212227092.01",,"EPIC 212227092",1,"CANDIDATE","Yu et al. 2018","16",5.19025400000,"2019-02-26","2019-02-26"
"EPIC 212228567.01",,"EPIC 212228567",1,"CANDIDATE","Zink et al. 2021","16",11.48061100000,"2021-11-19","2021-11-19"
"EPIC 212228588.01",,"EPIC 212228588",1,"FALSE POSITIVE","Yu et al. 2018","16",0.59812000000,"2019-02-26","2019-02-26"
"EPIC 212228994.01",,"EPIC 212228994",1,"CANDIDATE","Yu et al. 2018","16",1.09584100000,"2019-02-26","2019-02-26"
"EPIC 212270970.01",,"EPIC 212270970",1,"CANDIDATE","Kruse et al. 2019","6",0.71654610000,"2019-09-05","2019-09-05"
"EPIC 212270970.01",,"EPIC 212270970",0,"CANDIDATE","Kruse et al. 2019","6",1.71700000000,"2016-07-18","2016-07-18"
"EPIC 212278644.01",,"EPIC 212278644",1,"CANDIDATE","Pope et al. 2016","6",12.42600000000,"2016-07-18","2016-07-18"
"EPIC 212283840.01",,"EPIC 212283840",1,"CANDIDATE","Zink et al. 2021","6",16.71502900000,"2021-11-19","2021-11-19"
"EPIC 212294561.01",,"EPIC 212294561",1,"CANDIDATE","Barros et al. 2016","6",2.76294135000,"2016-12-21","2016-12-21"
"EPIC 212297394 b","K2-304 b","EPIC 212297394",1,"CONFIRMED","Heller et al. 2019","6",2.28936300000,"2021-08-30","2021-08-30"
"EPIC 212297394 b","K2-304 b","EPIC 212297394",0,"CONFIRMED","Heller et al. 2019","6",2.28943000000,"2019-06-03","2019-06-13"
"EPIC 212297394 b","K2-304 b","EPIC 212297394",0,"CONFIRMED","Heller et al. 2019","6",2.28896000000,"2019-09-05","2019-09-05"
"EPIC 212297394 c","K2-304 c","EPIC 212297394",1,"CONFIRMED","de Leon et al. 2021","6",5.21396500000,"2021-08-23","2021-08-23"
"EPIC 212297394 c","K2-304 c","EPIC 212297394",0,"CONFIRMED","de Leon et al. 2021","6",5.21300000000,"2016-07-18","2016-07-18"
"EPIC 212297394 c","K2-304 c","EPIC 212297394",0,"CONFIRMED","de Leon et al. 2021","6",5.21378000000,"2019-09-05","2019-09-05"
"WASP-55 b",,"EPIC 212300977",1,"CONFIRMED","Hellier et al. 2012","6",4.46563100000,"2025-10-09","2025-10-09"
"WASP-55 b",,"EPIC 212300977",0,"CONFIRMED","Hellier et al. 2012","6",4.46563000000,"2018-04-25","2018-04-26"
"WASP-55 b",,"EPIC 212300977",0,"CONFIRMED","Hellier et al. 2012","6",4.46563500000,"2017-12-14","2017-12-14"
"WASP-55 b",,"EPIC 212300977",0,"CONFIRMED","Hellier et al. 2012","6",4.46562910000,"2018-04-25","2016-02-25"
"WASP-55 b",,"EPIC 212300977",0,"CONFIRMED","Hellier et al. 2012","6",4.46659676000,"2016-12-21","2016-12-21"
"WASP-55 b",,"EPIC 212300977",0,"CONFIRMED","Hellier et al. 2012","6",4.46563300000,"2019-03-18","2019-03-21"
"WASP-55 b",,"EPIC 212300977",0,"CONFIRMED","Hellier et al. 2012","6",4.46562990000,"2022-01-24","2022-01-24"
"WASP-55 b",,"EPIC 212300977",0,"CONFIRMED","Hellier et al. 2012","6",4.46600000000,"2016-07-18","2016-07-18"
"WASP-55 b",,"EPIC 212300977",0,"CONFIRMED","Hellier et al. 2012","6",4.46563013000,"2024-03-04","2024-03-04"
"WASP-55 b",,"EPIC 212300977",0,"CONFIRMED","Hellier et al. 2012","6",4.46563061556,"2026-01-29","2022-08-08"
"WASP-55 b",,"EPIC 212300977",0,"CONFIRMED","Hellier et al. 2012","6",4.46562430000,"2019-09-05","2019-09-05"
"WASP-55 b",,"EPIC 212300977",0,"CONFIRMED","Hellier et al. 2012","6",4.46562940000,"2022-10-18","2022-10-18"
"WASP-55 b",,"EPIC 212300977",0,"CONFIRMED","Hellier et al. 2012","6",4.46563300000,"2018-04-25","2014-05-14"
"EPIC 212301649.01",,"EPIC 212301649",1,"CANDIDATE","Pope et al. 2016","6",1.22500000000,"2016-07-18","2016-07-18"
"EPIC 212303338.01",,"EPIC 212303338",1,"CANDIDATE","Mayo et al. 2018","6",0.59562100000,"2018-02-15","2018-02-15"
"EPIC 212304395.01",,"EPIC 212304395",1,"CANDIDATE","Kruse et al. 2019","6",1.60571800000,"2019-09-05","2019-09-05"
"EPIC 212310244.01",,"EPIC 212310244",1,"CANDIDATE","Pope et al. 2016","6",6.66900000000,"2016-07-18","2016-07-18"
"EPIC 212311834.01",,"EPIC 212311834",1,"CANDIDATE","Petigura et al. 2018","6",17.78865200000,"2017-12-14","2017-12-14"
"EPIC 212315941.01",,"EPIC 212315941",1,"CANDIDATE","Kruse et al. 2019","6",12.93562000000,"2019-09-05","2019-09-05"
"EPIC 212315941.01",,"EPIC 212315941",0,"CANDIDATE","Kruse et al. 2019","6",12.93488160000,"2016-12-21","2016-12-21"
"EPIC 212315941.02",,"EPIC 212315941",1,"CANDIDATE","Kruse et al. 2019","6",51.73500000000,"2019-09-05","2019-09-05"
"EPIC 212321305.01",,"EPIC 212321305",1,"CANDIDATE","Kruse et al. 2019","6",34.13650000000,"2019-09-05","2019-09-05"
"EPIC 212321305.01",,"EPIC 212321305",0,"CANDIDATE","Kruse et al. 2019","6",34.14400000000,"2016-07-18","2016-07-18"
"EPIC 212328538.01",,"EPIC 212328538",1,"CANDIDATE","Kruse et al. 2019","6",3.56467000000,"2019-09-05","2019-09-05"
"EPIC 212329106.01",,"EPIC 212329106",1,"CANDIDATE","Kruse et al. 2019","6",21.07910000000,"2019-09-05","2019-09-05"
"EPIC 212330265.01",,"EPIC 212330265",1,"CANDIDATE","Kruse et al. 2019","6",4.17458000000,"2019-09-05","2019-09-05"
"EPIC 212330265.01",,"EPIC 212330265",0,"CANDIDATE","Kruse et al. 2019","6",4.17400000000,"2016-07-18","2016-07-18"
"EPIC 212346723.01",,"EPIC 212346723",1,"CANDIDATE","Kruse et al. 2019","6",15.94890000000,"2019-09-05","2019-09-05"
"EPIC 212351026.01",,"EPIC 212351026",1,"CANDIDATE","Barros et al. 2016","6",2.55068936000,"2016-12-21","2016-12-21"
"EPIC 212351026.01",,"EPIC 212351026",0,"CANDIDATE","Barros et al. 2016","6",2.54800000000,"2016-07-18","2016-07-18"
"EPIC 212351405.01",,"EPIC 212351405",1,"CANDIDATE","Barros et al. 2016","6",2.54900000000,"2016-07-18","2016-07-18"
"EPIC 212351405.01",,"EPIC 212351405",0,"CANDIDATE","Barros et al. 2016","6",2.55234671000,"2016-12-21","2016-12-21"
"EPIC 212351868.01",,"EPIC 212351868",1,"CANDIDATE","Zink et al. 2021","6",2.50028500000,"2021-11-19","2021-11-19"
"K2-277 b","K2-277 b","EPIC 212357477",1,"CONFIRMED","Livingston et al. 2018","6",6.32676800000,"2024-11-20","2024-11-20"
"K2-277 b","K2-277 b","EPIC 212357477",0,"CONFIRMED","Livingston et al. 2018","6",6.32668003682,"2025-09-17","2022-08-09"
"K2-277 b","K2-277 b","EPIC 212357477",0,"CONFIRMED","Livingston et al. 2018","6",6.32669000000,"2019-09-05","2019-09-05"
"K2-277 b","K2-277 b","EPIC 212357477",0,"CONFIRMED","Livingston et al. 2018","6",6.32679600000,"2017-12-14","2017-12-14"
"K2-277 b","K2-277 b","EPIC 212357477",0,"CONFIRMED","Livingston et al. 2018","6",6.32976960000,"2016-12-21","2016-12-21"
"K2-277 b","K2-277 b","EPIC 212357477",0,"CONFIRMED","Livingston et al. 2018","6",6.32700000000,"2016-07-18","2016-07-18"
"K2-277 b","K2-277 b","EPIC 212357477",0,"CONFIRMED","Livingston et al. 2018","6",6.32677000000,"2025-09-17","2025-09-17"
"K2-277 b","K2-277 b","EPIC 212357477",0,"CONFIRMED","Livingston et al. 2018","6",6.32676300000,"2018-10-24","2018-10-26"
"K2-277 b","K2-277 b","EPIC 212357477",0,"CONFIRMED","Livingston et al. 2018","6",6.32667400000,"2018-02-15","2018-02-15"
"EPIC 212362217.01",,"EPIC 212362217",1,"CANDIDATE","Kruse et al. 2019","6",0.69629350000,"2019-09-05","2019-09-05"
"EPIC 212370106.01",,"EPIC 212370106",1,"CANDIDATE","Pope et al. 2016","6",22.44600000000,"2016-07-18","2016-07-18"
"EPIC 212380207.01",,"EPIC 212380207",1,"CANDIDATE","Kruse et al. 2019","6",26.14300000000,"2019-09-05","2019-09-05"
"EPIC 212380207.01",,"EPIC 212380207",0,"CANDIDATE","Kruse et al. 2019","6",26.14700000000,"2016-07-18","2016-07-18"
"EPIC 212393193.01",,"EPIC 212393193",1,"CANDIDATE","Pope et al. 2016","6",14.45200000000,"2016-07-18","2016-07-18"
"EPIC 212393193.02",,"EPIC 212393193",1,"CANDIDATE","Pope et al. 2016","6",36.15200000000,"2016-07-18","2016-07-18"
"K2-189 b","K2-189 b","EPIC 212394689",1,"CONFIRMED","Mayo et al. 2018","6",2.58812000000,"2025-09-17","2025-09-17"
"K2-189 b","K2-189 b","EPIC 212394689",0,"CONFIRMED","Mayo et al. 2018","6",5.17630000000,"2018-10-30","2018-02-15"
"K2-189 b","K2-189 b","EPIC 212394689",0,"CONFIRMED","Mayo et al. 2018","6",2.58830900000,"2018-10-30","2018-10-26"
"K2-189 b","K2-189 b","EPIC 212394689",0,"CONFIRMED","Mayo et al. 2018","6",2.58819000000,"2019-09-05","2019-09-05"
"K2-189 c","K2-189 c","EPIC 212394689",1,"CONFIRMED","Mayo et al. 2018","6",6.67932000000,"2025-09-17","2025-09-17"
"K2-189 c","K2-189 c","EPIC 212394689",0,"CONFIRMED","Mayo et al. 2018","6",6.67773603000,"2016-12-21","2016-12-21"
"K2-189 c","K2-189 c","EPIC 212394689",0,"CONFIRMED","Mayo et al. 2018","6",6.67922400000,"2017-12-14","2017-12-14"
"K2-189 c","K2-189 c","EPIC 212394689",0,"CONFIRMED","Mayo et al. 2018","6",6.67913000000,"2019-09-05","2019-09-05"
"K2-189 c","K2-189 c","EPIC 212394689",0,"CONFIRMED","Mayo et al. 2018","6",6.67900000000,"2016-07-18","2016-07-18"
"K2-189 c","K2-189 c","EPIC 212394689",0,"CONFIRMED","Mayo et al. 2018","6",6.67919500000,"2018-10-30","2018-10-26"
"K2-189 c","K2-189 c","EPIC 212394689",0,"CONFIRMED","Mayo et al. 2018","6",6.67934000000,"2018-10-30","2018-02-15"
"EPIC 212396050.01",,"EPIC 212396050",1,"CANDIDATE","Zink et al. 2019","6",6.16596000000,"2019-09-19","2019-09-19"
"K2-125 b","K2-125 b","EPIC 212398486",1,"CONFIRMED","Dressing et al. 2017","6",21.75026400000,"2017-10-03","2017-10-05"
"EPIC 212398508.01",,"EPIC 212398508",1,"CANDIDATE","Kruse et al. 2019","6",46.42210000000,"2019-09-05","2019-09-05"
"EPIC 212398508.01",,"EPIC 212398508",0,"CANDIDATE","Kruse et al. 2019","6",46.42300000000,"2016-07-18","2016-07-18"
"EPIC 212406474.01",,"EPIC 212406474",1,"CANDIDATE","Kruse et al. 2019","6",1.85248700000,"2019-09-05","2019-09-05"
"EPIC 212409658.01",,"EPIC 212409658",1,"CANDIDATE","Zink et al. 2021","6",3.74633200000,"2021-11-19","2021-11-19"
"K2-278 b","K2-278 b","EPIC 212418133",1,"CONFIRMED","Livingston et al. 2018","6, 17",3.33496600000,"2018-10-24","2018-10-26"
"K2-278 b","K2-278 b","EPIC 212418133",0,"CONFIRMED","Livingston et al. 2018","6, 17",3.33253000000,"2019-09-05","2019-09-05"
"K2-278 b","K2-278 b","EPIC 212418133",0,"CONFIRMED","Livingston et al. 2018","6, 17",3.33511500000,"2017-12-14","2017-12-14"
"K2-278 b","K2-278 b","EPIC 212418133",0,"CONFIRMED","Livingston et al. 2018","6, 17",3.33300000000,"2016-07-18","2016-07-18"
"K2-349 b","K2-349 b","EPIC 212420823",1,"CONFIRMED","de Leon et al. 2021","6",9.03217800000,"2021-08-23","2021-08-23"
"K2-349 b","K2-349 b","EPIC 212420823",0,"CONFIRMED","de Leon et al. 2021","6",9.03330000000,"2019-09-05","2019-09-05"
"K2-349 b","K2-349 b","EPIC 212420823",0,"CONFIRMED","de Leon et al. 2021","6",9.02900000000,"2016-07-18","2016-07-18"
"EPIC 212421673.01",,"EPIC 212421673",1,"CANDIDATE","Kruse et al. 2019","6, 17",28.24765000000,"2019-09-05","2019-09-05"
"EPIC 212421749.01",,"EPIC 212421749",1,"CANDIDATE","Kruse et al. 2019","6, 17",25.36060000000,"2019-09-05","2019-09-05"
"EPIC 212422536.01",,"EPIC 212422536",1,"CANDIDATE","Kruse et al. 2019","6",15.70860000000,"2019-09-05","2019-09-05"
"EPIC 212422536.02",,"EPIC 212422536",1,"CANDIDATE","Kruse et al. 2019","6",9.88600000000,"2019-09-05","2019-09-05"
"EPIC 212424622 b","K2-305 b","EPIC 212424622",1,"CONFIRMED","Heller et al. 2019","6, 17",18.09830000000,"2019-06-03","2019-06-13"
"EPIC 212424622 b","K2-305 b","EPIC 212424622",0,"CONFIRMED","Heller et al. 2019","6, 17",18.09710000000,"2019-09-05","2019-09-05"
"EPIC 212424622.01",,"EPIC 212424622",1,"CANDIDATE","Kruse et al. 2019","6, 17",12.01560000000,"2019-09-05","2019-09-05"
"EPIC 212424622.01",,"EPIC 212424622",0,"CANDIDATE","Kruse et al. 2019","6, 17",12.01200000000,"2016-07-18","2016-07-18"
"EPIC 212425103.01",,"EPIC 212425103",1,"CANDIDATE","Kruse et al. 2019","6, 17",0.94603300000,"2019-09-05","2019-09-05"
"EPIC 212425103.01",,"EPIC 212425103",0,"CANDIDATE","Kruse et al. 2019","6, 17",0.94599529000,"2016-12-21","2016-12-21"
"EPIC 212425103.01",,"EPIC 212425103",0,"CANDIDATE","Kruse et al. 2019","6, 17",0.94600000000,"2016-07-18","2016-07-18"
"EPIC 212428509.01",,"EPIC 212428509",1,"CANDIDATE","Petigura et al. 2018","6, 17",2.66792900000,"2017-12-14","2017-12-14"
"EPIC 212432685.01",,"EPIC 212432685",1,"CANDIDATE","Kruse et al. 2019","6, 17",0.53168400000,"2019-09-05","2019-09-05"
"EPIC 212432685.01",,"EPIC 212432685",0,"CANDIDATE","Kruse et al. 2019","6, 17",0.53170400000,"2017-12-14","2017-12-14"
"EPIC 212432685.01",,"EPIC 212432685",0,"CANDIDATE","Kruse et al. 2019","6, 17",1.06300000000,"2016-07-18","2016-07-18"
"EPIC 212434019.01",,"EPIC 212434019",1,"CANDIDATE","Zink et al. 2021","17",24.00624900000,"2021-11-19","2021-11-19"
"EPIC 212435047.01",,"EPIC 212435047",1,"CANDIDATE","Kruse et al. 2019","6, 17",1.11556300000,"2019-09-05","2019-09-05"
"EPIC 212435047.01",,"EPIC 212435047",0,"CANDIDATE","Kruse et al. 2019","6, 17",1.11548500000,"2017-12-14","2017-12-14"
"EPIC 212435047.01",,"EPIC 212435047",0,"CANDIDATE","Kruse et al. 2019","6, 17",1.11562824000,"2016-12-21","2016-12-21"
"EPIC 212435047.01",,"EPIC 212435047",0,"CANDIDATE","Kruse et al. 2019","6, 17",1.11500000000,"2016-07-18","2016-07-18"
"K2-350 b","K2-350 b","EPIC 212440430",1,"CONFIRMED","de Leon et al. 2021","6, 17",4.16387300000,"2021-08-23","2021-08-23"
"K2-350 c","K2-350 c","EPIC 212440430",1,"CONFIRMED","de Leon et al. 2021","6, 17",19.99194400000,"2021-08-23","2021-08-23"
"K2-350 c","K2-350 c","EPIC 212440430",0,"CONFIRMED","de Leon et al. 2021","6, 17",19.99010000000,"2019-09-05","2019-09-05"
"K2-350 c","K2-350 c","EPIC 212440430",0,"CONFIRMED","de Leon et al. 2021","6, 17",19.99100000000,"2016-07-18","2016-07-18"
"EPIC 212443457.01",,"EPIC 212443457",1,"CANDIDATE","Kruse et al. 2019","6",24.48200000000,"2019-09-05","2019-09-05"
"EPIC 212443457.01",,"EPIC 212443457",0,"CANDIDATE","Kruse et al. 2019","6",24.46265600000,"2017-12-14","2017-12-14"
"EPIC 212443973.01",,"EPIC 212443973",1,"CANDIDATE","Dressing et al. 2017","6, 17",0.77923000000,"2017-12-14","2017-12-14"
"EPIC 212443973.01",,"EPIC 212443973",0,"CANDIDATE","Dressing et al. 2017","6, 17",0.77900000000,"2016-07-18","2016-07-18"
"EPIC 212451091.01",,"EPIC 212451091",1,"CANDIDATE","Pope et al. 2016","6",12.66600000000,"2016-07-18","2016-07-18"
"EPIC 212454160.01",,"EPIC 212454160",1,"CANDIDATE","Pope et al. 2016","6, 17",0.87600000000,"2016-07-18","2016-07-18"
"EPIC 212454422.01",,"EPIC 212454422",1,"CANDIDATE","Kruse et al. 2019","6, 17",3.26945000000,"2019-09-05","2019-09-05"
"EPIC 212454422.01",,"EPIC 212454422",0,"CANDIDATE","Kruse et al. 2019","6, 17",3.26900000000,"2016-07-18","2016-07-18"
"K2-126 b","K2-126 b","EPIC 212460519",1,"CONFIRMED","Dressing et al. 2017","6, 17",7.38565500000,"2018-10-24","2018-10-26"
"K2-126 b","K2-126 b","EPIC 212460519",0,"CONFIRMED","Dressing et al. 2017","6, 17",7.38795716000,"2016-12-21","2016-12-21"
"K2-126 b","K2-126 b","EPIC 212460519",0,"CONFIRMED","Dressing et al. 2017","6, 17",7.38545300000,"2017-12-14","2017-12-14"
"K2-126 b","K2-126 b","EPIC 212460519",0,"CONFIRMED","Dressing et al. 2017","6, 17",7.38706600000,"2018-10-24","2018-02-15"
"K2-126 b","K2-126 b","EPIC 212460519",0,"CONFIRMED","Dressing et al. 2017","6, 17",7.38707300000,"2018-10-24","2017-10-05"
"K2-126 b","K2-126 b","EPIC 212460519",0,"CONFIRMED","Dressing et al. 2017","6, 17",7.38700000000,"2016-07-18","2016-07-18"
"K2-126 b","K2-126 b","EPIC 212460519",0,"CONFIRMED","Dressing et al. 2017","6, 17",7.38711000000,"2019-09-05","2019-09-05"
"EPIC 212464382.01",,"EPIC 212464382",1,"CANDIDATE","Kruse et al. 2019","6, 17",4.07337000000,"2019-09-05","2019-09-05"
"K2-190 b","K2-190 b","EPIC 212480208",1,"CONFIRMED","Mayo et al. 2018","6, 17",10.09885800000,"2018-02-14","2018-02-15"
"K2-190 b","K2-190 b","EPIC 212480208",0,"CONFIRMED","Mayo et al. 2018","6, 17",10.09900000000,"2016-07-18","2016-07-18"
"K2-190 b","K2-190 b","EPIC 212480208",0,"CONFIRMED","Mayo et al. 2018","6, 17",10.10160000000,"2019-09-05","2019-09-05"
"K2-190 c","K2-190 c","EPIC 212480208",1,"CONFIRMED","Mayo et al. 2018","6, 17",21.57402300000,"2018-02-14","2018-02-15"
"EPIC 212495601.01",,"EPIC 212495601",1,"CANDIDATE","Kruse et al. 2019","6, 17",21.67680000000,"2019-09-05","2019-09-05"
"EPIC 212495601.01",,"EPIC 212495601",0,"CANDIDATE","Kruse et al. 2019","6, 17",21.67700000000,"2016-07-18","2016-07-18"
"K2-191 b","K2-191 b","EPIC 212496592",1,"CONFIRMED","Mayo et al. 2018","6, 17",2.85864600000,"2018-02-14","2018-02-15"
"K2-191 b","K2-191 b","EPIC 212496592",0,"CONFIRMED","Mayo et al. 2018","6, 17",2.85800000000,"2016-07-18","2016-07-18"
"K2-191 b","K2-191 b","EPIC 212496592",0,"CONFIRMED","Mayo et al. 2018","6, 17",2.85847000000,"2019-09-05","2019-09-05"
"K2-191 b","K2-191 b","EPIC 212496592",0,"CONFIRMED","Mayo et al. 2018","6, 17",2.85794855000,"2016-12-21","2016-12-21"
"EPIC 212497862.01",,"EPIC 212497862",1,"CANDIDATE","Kruse et al. 2019","6",6.80213000000,"2019-09-05","2019-09-05"
"EPIC 212499835.01",,"EPIC 212499835",1,"CANDIDATE","Kruse et al. 2019","6",6.88385000000,"2019-09-05","2019-09-05"
"EPIC 212499835.01",,"EPIC 212499835",0,"CANDIDATE","Kruse et al. 2019","6",6.88300000000,"2016-07-18","2016-07-18"
"EPIC 212499991 b","K2-306 b","EPIC 212499991",1,"CONFIRMED","Heller et al. 2019","6, 17",34.88500000000,"2019-06-03","2019-06-13"
"EPIC 212499991.01",,"EPIC 212499991",1,"CANDIDATE","Kruse et al. 2019","6, 17",15.38660000000,"2019-09-05","2019-09-05"
"EPIC 212499991.01",,"EPIC 212499991",0,"CANDIDATE","Kruse et al. 2019","6, 17",15.38100000000,"2016-07-18","2016-07-18"
"K2-110 b","K2-110 b","EPIC 212521166",1,"CONFIRMED","Osborn et al. 2017","6, 17",13.86375000000,"2023-04-17","2023-04-17"
"K2-110 b","K2-110 b","EPIC 212521166",0,"CONFIRMED","Osborn et al. 2017","6, 17",13.86383000000,"2017-12-14","2017-12-14"
"K2-110 b","K2-110 b","EPIC 212521166",0,"CONFIRMED","Osborn et al. 2017","6, 17",13.86387000000,"2018-10-24","2018-10-26"
"K2-110 b","K2-110 b","EPIC 212521166",0,"CONFIRMED","Osborn et al. 2017","6, 17",13.86360000000,"2019-09-05","2019-09-05"
"K2-110 b","K2-110 b","EPIC 212521166",0,"CONFIRMED","Osborn et al. 2017","6, 17",13.85870316000,"2016-12-21","2016-12-21"
"K2-110 b","K2-110 b","EPIC 212521166",0,"CONFIRMED","Osborn et al. 2017","6, 17",13.86391000000,"2018-10-24","2018-02-15"
"K2-110 b","K2-110 b","EPIC 212521166",0,"CONFIRMED","Osborn et al. 2017","6, 17",13.86368000000,"2025-09-17","2025-09-17"
"K2-110 b","K2-110 b","EPIC 212521166",0,"CONFIRMED","Osborn et al. 2017","6, 17",13.86400000000,"2016-07-18","2016-07-18"
"K2-110 b","K2-110 b","EPIC 212521166",0,"CONFIRMED","Osborn et al. 2017","6, 17",13.86375000000,"2018-10-24","2017-05-18"
"EPIC 212524671.01",,"EPIC 212524671",1,"CANDIDATE","Kruse et al. 2019","6",11.52898000000,"2019-09-05","2019-09-05"
"EPIC 212525174.01",,"EPIC 212525174",1,"CANDIDATE","Kruse et al. 2019","6, 17",3.44791000000,"2019-09-05","2019-09-05"
"EPIC 212525618.01",,"EPIC 212525618",1,"CANDIDATE","Kruse et al. 2019","6",14.43070000000,"2019-09-05","2019-09-05"
"EPIC 212529560.01",,"EPIC 212529560",1,"CANDIDATE","Kruse et al. 2019","6",8.12088000000,"2019-09-05","2019-09-05"
"EPIC 212529560.01",,"EPIC 212529560",0,"CANDIDATE","Kruse et al. 2019","6",8.12100000000,"2016-07-18","2016-07-18"
"K2-377 b","K2-377 b","EPIC 212530118",1,"CONFIRMED","Christiansen et al. 2022","6",12.83223500000,"2022-03-16","2022-03-16"
"K2-377 b","K2-377 b","EPIC 212530118",0,"CONFIRMED","Christiansen et al. 2022","6",12.83306000000,"2019-09-05","2019-09-05"
"K2-377 b","K2-377 b","EPIC 212530118",0,"CONFIRMED","Christiansen et al. 2022","6",12.83724862000,"2016-12-21","2016-12-21"
"EPIC 212534729.01",,"EPIC 212534729",1,"CANDIDATE","Kruse et al. 2019","6, 17",13.48500000000,"2019-09-05","2019-09-05"
"EPIC 212534729.01",,"EPIC 212534729",0,"CANDIDATE","Kruse et al. 2019","6, 17",13.48495800000,"2018-02-15","2018-02-15"
"EPIC 212534729.01",,"EPIC 212534729",0,"CANDIDATE","Kruse et al. 2019","6, 17",13.47900000000,"2016-07-18","2016-07-18"
"EPIC 212535959.01",,"EPIC 212535959",1,"CANDIDATE","Zink et al. 2021","17, 6",17.73273600000,"2021-11-19","2021-11-19"
"EPIC 212540985.01",,"EPIC 212540985",1,"CANDIDATE","Kruse et al. 2019","6, 17",1.09647300000,"2019-09-05","2019-09-05"
"K2-351 b","K2-351 b","EPIC 212543933",1,"CONFIRMED","de Leon et al. 2021","6",7.80616400000,"2021-08-23","2021-08-23"
"K2-351 b","K2-351 b","EPIC 212543933",0,"CONFIRMED","de Leon et al. 2021","6",7.80692000000,"2019-09-05","2019-09-05"
"K2-351 b","K2-351 b","EPIC 212543933",0,"CONFIRMED","de Leon et al. 2021","6",7.80651068000,"2016-12-21","2016-12-21"
"K2-351 b","K2-351 b","EPIC 212543933",0,"CONFIRMED","de Leon et al. 2021","6",7.80600000000,"2016-07-18","2016-07-18"
"K2-127 b","K2-127 b","EPIC 212554013",1,"CONFIRMED","Dressing et al. 2017","6, 17",3.58816300000,"2018-10-24","2018-10-26"
"K2-127 b","K2-127 b","EPIC 212554013",0,"CONFIRMED","Dressing et al. 2017","6, 17",3.58685471250,"2025-09-17","2025-08-28"
"K2-127 b","K2-127 b","EPIC 212554013",0,"CONFIRMED","Dressing et al. 2017","6, 17",3.58815800000,"2017-12-14","2017-12-14"
"K2-127 b","K2-127 b","EPIC 212554013",0,"CONFIRMED","Dressing et al. 2017","6, 17",3.58816200000,"2019-09-05","2019-09-05"
"K2-127 b","K2-127 b","EPIC 212554013",0,"CONFIRMED","Dressing et al. 2017","6, 17",3.58800000000,"2016-07-18","2016-07-18"
"K2-127 b","K2-127 b","EPIC 212554013",0,"CONFIRMED","Dressing et al. 2017","6, 17",3.58816500000,"2018-10-24","2017-10-05"
"EPIC 212555594.02",,"EPIC 212555594",1,"CANDIDATE","Petigura et al. 2018","6",4.16276400000,"2017-12-14","2017-12-14"
"K2-192 b","K2-192 b","EPIC 212555594",1,"CONFIRMED","Mayo et al. 2018","6",4.16281700000,"2018-10-24","2018-10-26"
"K2-192 b","K2-192 b","EPIC 212555594",0,"CONFIRMED","Mayo et al. 2018","6",4.16328000000,"2019-09-05","2019-09-05"
"K2-192 b","K2-192 b","EPIC 212555594",0,"CONFIRMED","Mayo et al. 2018","6",4.16322100000,"2018-10-24","2018-02-15"
"K2-192 b","K2-192 b","EPIC 212555594",0,"CONFIRMED","Mayo et al. 2018","6",4.16300000000,"2016-07-18","2016-07-18"
"EPIC 212560683.01",,"EPIC 212560683",1,"CANDIDATE","Kruse et al. 2019","6, 17",13.70430000000,"2019-09-05","2019-09-05"
"EPIC 212562715.01",,"EPIC 212562715",1,"CANDIDATE","Kruse et al. 2019","6, 17",13.52583000000,"2019-09-05","2019-09-05"
"EPIC 212562715.01",,"EPIC 212562715",0,"CANDIDATE","Kruse et al. 2019","6, 17",13.52400000000,"2016-07-18","2016-07-18"
"EPIC 212562715.01",,"EPIC 212562715",0,"CANDIDATE","Kruse et al. 2019","6, 17",13.52475000000,"2018-02-15","2018-02-15"
"EPIC 212563850.01",,"EPIC 212563850",1,"CANDIDATE","Pope et al. 2016","6, 17",14.31100000000,"2016-07-18","2016-07-18"
"EPIC 212569876.01",,"EPIC 212569876",1,"CANDIDATE","Zink et al. 2021","6",21.37979300000,"2021-11-19","2021-11-19"
"EPIC 212570977.01",,"EPIC 212570977",1,"CANDIDATE","Petigura et al. 2018","6, 17",8.85302500000,"2017-12-14","2017-12-14"
"EPIC 212570977.01",,"EPIC 212570977",0,"CANDIDATE","Petigura et al. 2018","6, 17",8.85007649000,"2016-12-21","2016-12-21"
"EPIC 212570977.01",,"EPIC 212570977",0,"CANDIDATE","Petigura et al. 2018","6, 17",8.85300000000,"2016-07-18","2016-07-18"
"EPIC 212572439.01",,"EPIC 212572439",1,"CANDIDATE","Petigura et al. 2018","6, 17",2.58146700000,"2017-12-14","2017-12-14"
"EPIC 212572439.01",,"EPIC 212572439",0,"CANDIDATE","Petigura et al. 2018","6, 17",2.58100000000,"2016-07-18","2016-07-18"
"EPIC 212572439.01",,"EPIC 212572439",0,"CANDIDATE","Petigura et al. 2018","6, 17",2.58166013000,"2016-12-21","2016-12-21"
"EPIC 212572452.01",,"EPIC 212572452",1,"FALSE POSITIVE","Dressing et al. 2017","6, 17",2.58148000000,"2017-12-14","2017-12-14"
"EPIC 212572452.01",,"EPIC 212572452",0,"FALSE POSITIVE","Dressing et al. 2017","6, 17",2.58100000000,"2016-07-18","2016-07-18"
"K2-378 b","K2-378 b","EPIC 212575828",1,"CONFIRMED","Christiansen et al. 2022","6, 17",2.06043800000,"2022-03-16","2022-03-16"
"K2-378 b","K2-378 b","EPIC 212575828",0,"CONFIRMED","Christiansen et al. 2022","6, 17",2.06000000000,"2016-07-18","2016-07-18"
"K2-378 b","K2-378 b","EPIC 212575828",0,"CONFIRMED","Christiansen et al. 2022","6, 17",2.06036800000,"2019-09-05","2019-09-05"
"EPIC 212577658.01",,"EPIC 212577658",1,"CANDIDATE","Kruse et al. 2019","6, 17",14.06928000000,"2019-09-05","2019-09-05"
"EPIC 212577658.01",,"EPIC 212577658",0,"CANDIDATE","Kruse et al. 2019","6, 17",14.06900000000,"2016-07-18","2016-07-18"
"EPIC 212577658.01",,"EPIC 212577658",0,"CANDIDATE","Kruse et al. 2019","6, 17",14.07277587000,"2016-12-21","2016-12-21"
"EPIC 212577658.01",,"EPIC 212577658",0,"CANDIDATE","Kruse et al. 2019","6, 17",14.06975900000,"2018-02-15","2018-02-15"
"EPIC 212577658.01",,"EPIC 212577658",0,"CANDIDATE","Kruse et al. 2019","6, 17",14.06912100000,"2017-12-14","2017-12-14"
"EPIC 212579164.01",,"EPIC 212579164",1,"CANDIDATE","Petigura et al. 2018","6, 17",18.15565300000,"2017-12-14","2017-12-14"
"EPIC 212579424.01",,"EPIC 212579424",1,"CANDIDATE","Pope et al. 2016","6",6.37300000000,"2016-07-18","2016-07-18"
"K2-193 b","K2-193 b","EPIC 212580872",1,"CONFIRMED","Mayo et al. 2018","6, 17",14.78688900000,"2018-10-24","2018-10-26"
"K2-193 b","K2-193 b","EPIC 212580872",0,"CONFIRMED","Mayo et al. 2018","6, 17",14.78720700000,"2018-10-24","2018-02-15"
"K2-193 b","K2-193 b","EPIC 212580872",0,"CONFIRMED","Mayo et al. 2018","6, 17",14.78708000000,"2019-09-05","2019-09-05"
"K2-193 b","K2-193 b","EPIC 212580872",0,"CONFIRMED","Mayo et al. 2018","6, 17",14.78600000000,"2016-07-18","2016-07-18"
"K2-193 b","K2-193 b","EPIC 212580872",0,"CONFIRMED","Mayo et al. 2018","6, 17",14.78674700000,"2017-12-14","2017-12-14"
"EPIC 212585579.01",,"EPIC 212585579",1,"CANDIDATE","Kruse et al. 2019","6",3.02194400000,"2019-09-05","2019-09-05"
"EPIC 212585579.01",,"EPIC 212585579",0,"CANDIDATE","Kruse et al. 2019","6",3.02164122000,"2016-12-21","2016-12-21"
"EPIC 212585579.01",,"EPIC 212585579",0,"CANDIDATE","Kruse et al. 2019","6",3.02179500000,"2017-12-14","2017-12-14"
"EPIC 212586030.01",,"EPIC 212586030",1,"CANDIDATE","Kruse et al. 2019","6, 17",7.78608000000,"2019-09-05","2019-09-05"
"EPIC 212586030.01",,"EPIC 212586030",0,"CANDIDATE","Kruse et al. 2019","6, 17",7.78500000000,"2016-07-18","2016-07-18"
"EPIC 212586030.01",,"EPIC 212586030",0,"CANDIDATE","Kruse et al. 2019","6, 17",7.78522700000,"2018-02-15","2018-02-15"
"EPIC 212586030.01",,"EPIC 212586030",0,"CANDIDATE","Kruse et al. 2019","6, 17",7.78328600000,"2017-12-14","2017-12-14"
"EPIC 212587672 b","K2-307 b","EPIC 212587672",1,"CONFIRMED","Heller et al. 2019","6, 17",15.28078000000,"2021-08-30","2021-08-30"
"EPIC 212587672 b","K2-307 b","EPIC 212587672",0,"CONFIRMED","Heller et al. 2019","6, 17",15.28410000000,"2019-09-05","2019-09-05"
"EPIC 212587672 b","K2-307 b","EPIC 212587672",0,"CONFIRMED","Heller et al. 2019","6, 17",15.28410000000,"2019-06-03","2019-06-13"
"EPIC 212587672 c","K2-307 c","EPIC 212587672",1,"CONFIRMED","de Leon et al. 2021","6, 17",23.22855500000,"2021-08-23","2021-08-23"
"EPIC 212587672 c","K2-307 c","EPIC 212587672",0,"CONFIRMED","de Leon et al. 2021","6, 17",23.22590000000,"2019-09-05","2019-09-05"
"EPIC 212587672 c","K2-307 c","EPIC 212587672",0,"CONFIRMED","de Leon et al. 2021","6, 17",23.22600000000,"2017-12-14","2017-12-14"
"EPIC 212587672 c","K2-307 c","EPIC 212587672",0,"CONFIRMED","de Leon et al. 2021","6, 17",23.22600100000,"2018-02-15","2018-02-15"
"EPIC 212587672 c","K2-307 c","EPIC 212587672",0,"CONFIRMED","de Leon et al. 2021","6, 17",23.22600000000,"2016-07-18","2016-07-18"
"EPIC 212587672 c","K2-307 c","EPIC 212587672",0,"CONFIRMED","de Leon et al. 2021","6, 17",23.24110566000,"2016-12-21","2016-12-21"
"EPIC 212590677.01",,"EPIC 212590677",1,"CANDIDATE","Kruse et al. 2019","6, 17",,"2019-09-05","2019-09-05"
"EPIC 212592101.01",,"EPIC 212592101",1,"CANDIDATE","Kruse et al. 2019","6, 17",4.54462000000,"2019-09-05","2019-09-05"
"EPIC 212592101.01",,"EPIC 212592101",0,"CANDIDATE","Kruse et al. 2019","6, 17",4.54500000000,"2016-07-18","2016-07-18"
"EPIC 212601505.01",,"EPIC 212601505",1,"CANDIDATE","Barros et al. 2016","6, 17",0.72436144000,"2016-12-21","2016-12-21"
"EPIC 212616320.01",,"EPIC 212616320",1,"CANDIDATE","Zink et al. 2021","17, 6",12.34666300000,"2021-11-19","2021-11-19"
"EPIC 212621075.01",,"EPIC 212621075",1,"CANDIDATE","Kruse et al. 2019","6, 17",31.47820000000,"2019-09-05","2019-09-05"
"EPIC 212622766.01",,"EPIC 212622766",1,"CANDIDATE","Kruse et al. 2019","6",6.02226000000,"2019-09-05","2019-09-05"
"EPIC 212624936 b","K2-361 b","EPIC 212624936",1,"CONFIRMED","Adams et al. 2021","6",0.57865700000,"2021-10-25","2021-10-25"
"EPIC 212624936 c","K2-361 c","EPIC 212624936",1,"CONFIRMED","Adams et al. 2021","6",11.81143700000,"2021-10-25","2021-10-25"
"EPIC 212624936 c","K2-361 c","EPIC 212624936",0,"CONFIRMED","Adams et al. 2021","6",11.81387000000,"2019-09-05","2019-09-05"
"EPIC 212628098.01",,"EPIC 212628098",1,"FALSE POSITIVE","Dressing et al. 2017","6, 17",4.35242800000,"2017-12-14","2017-12-14"
"EPIC 212628098.01",,"EPIC 212628098",0,"FALSE POSITIVE","Dressing et al. 2017","6, 17",4.35244000000,"2017-12-14","2017-12-14"
"K2-292 b","K2-292 b","EPIC 212628254",1,"CONFIRMED","Luque et al. 2019","17",16.98410000000,"2019-02-05","2019-02-07"
"EPIC 212634172.01",,"EPIC 212634172",1,"CANDIDATE","Kruse et al. 2019","6, 17",2.85170200000,"2019-09-05","2019-09-05"
"EPIC 212634172.01",,"EPIC 212634172",0,"CANDIDATE","Kruse et al. 2019","6, 17",2.85177000000,"2017-12-14","2017-12-14"
"EPIC 212636654.01",,"EPIC 212636654",1,"CANDIDATE","Zink et al. 2021","17",11.09082200000,"2021-11-19","2021-11-19"
"EPIC 212639319.01",,"EPIC 212639319",1,"CANDIDATE","Kruse et al. 2019","6, 17",13.83851000000,"2019-09-05","2019-09-05"
"EPIC 212639319.01",,"EPIC 212639319",0,"CANDIDATE","Kruse et al. 2019","6, 17",13.84300000000,"2016-07-18","2016-07-18"
"EPIC 212639319.01",,"EPIC 212639319",0,"CANDIDATE","Kruse et al. 2019","6, 17",13.84367800000,"2017-12-14","2017-12-14"
"EPIC 212639319.01",,"EPIC 212639319",0,"CANDIDATE","Kruse et al. 2019","6, 17",13.84372500000,"2018-02-15","2018-02-15"
"EPIC 212645891.01",,"EPIC 212645891",1,"CANDIDATE","Kruse et al. 2019","6",0.32815384000,"2019-09-05","2019-09-05"
"EPIC 212645891.01",,"EPIC 212645891",0,"CANDIDATE","Kruse et al. 2019","6",0.98400000000,"2016-07-18","2016-07-18"
"EPIC 212645891.01",,"EPIC 212645891",0,"CANDIDATE","Kruse et al. 2019","6",0.32815200000,"2018-02-15","2018-02-15"
"EPIC 212645891.01",,"EPIC 212645891",0,"CANDIDATE","Kruse et al. 2019","6",0.32814902000,"2016-12-21","2016-12-21"
"EPIC 212646483.01",,"EPIC 212646483",1,"CANDIDATE","Kruse et al. 2019","6",8.25178000000,"2019-09-05","2019-09-05"
"EPIC 212646483.01",,"EPIC 212646483",0,"CANDIDATE","Kruse et al. 2019","6",8.25300000000,"2016-07-18","2016-07-18"
"EPIC 212648083.01",,"EPIC 212648083",1,"CANDIDATE","Kruse et al. 2019","6, 17",20.58270000000,"2019-09-05","2019-09-05"
"EPIC 212652418.01",,"EPIC 212652418",1,"CANDIDATE","Kruse et al. 2019","6",19.13240000000,"2019-09-05","2019-09-05"
"EPIC 212661144.01",,"EPIC 212661144",1,"CANDIDATE","Kruse et al. 2019","6, 17",2.45878300000,"2019-09-05","2019-09-05"
"EPIC 212661144.01",,"EPIC 212661144",0,"CANDIDATE","Kruse et al. 2019","6, 17",2.45840745000,"2016-12-21","2016-12-21"
"EPIC 212661144.01",,"EPIC 212661144",0,"CANDIDATE","Kruse et al. 2019","6, 17",2.45900000000,"2016-07-18","2016-07-18"
"K2-194 b","K2-194 b","EPIC 212672300",1,"CONFIRMED","Mayo et al. 2018","6, 17",39.72138600000,"2018-02-14","2018-02-15"
"K2-194 b","K2-194 b","EPIC 212672300",0,"CONFIRMED","Mayo et al. 2018","6, 17",39.72680000000,"2019-09-05","2019-09-05"
"K2-194 b","K2-194 b","EPIC 212672300",0,"CONFIRMED","Mayo et al. 2018","6, 17",39.69900000000,"2016-07-18","2016-07-18"
"EPIC 212679181.01",,"EPIC 212679181",1,"CANDIDATE","Kruse et al. 2019","6, 17",1.05460400000,"2019-09-05","2019-09-05"
"EPIC 212679181.01",,"EPIC 212679181",0,"CANDIDATE","Kruse et al. 2019","6, 17",1.05500000000,"2016-07-18","2016-07-18"
"EPIC 212679181.01",,"EPIC 212679181",0,"CANDIDATE","Kruse et al. 2019","6, 17",1.05459000000,"2017-12-14","2017-12-14"
"EPIC 212679181.01",,"EPIC 212679181",0,"CANDIDATE","Kruse et al. 2019","6, 17",1.05461200000,"2017-12-14","2017-12-14"
"EPIC 212679798.01",,"EPIC 212679798",1,"FALSE POSITIVE","Dressing et al. 2017","6, 17",1.83473000000,"2017-12-14","2017-12-14"
"EPIC 212685467.01",,"EPIC 212685467",1,"CANDIDATE","Kruse et al. 2019","6, 17",,"2019-09-05","2019-09-05"
"K2-128 b","K2-128 b","EPIC 212686205",1,"CONFIRMED","Dressing et al. 2017","6, 17",5.67581900000,"2017-10-03","2017-10-05"
"K2-128 b","K2-128 b","EPIC 212686205",0,"CONFIRMED","Dressing et al. 2017","6, 17",5.67556000000,"2019-09-05","2019-09-05"
"K2-128 b","K2-128 b","EPIC 212686205",0,"CONFIRMED","Dressing et al. 2017","6, 17",5.67581400000,"2018-02-14","2018-02-15"
"EPIC 212688722.01",,"EPIC 212688722",1,"CANDIDATE","Zink et al. 2021","6, 17",5.73417200000,"2021-11-19","2021-11-19"
"EPIC 212688920.01",,"EPIC 212688920",1,"CANDIDATE","Pope et al. 2016","6, 17",62.84100000000,"2016-07-18","2016-07-18"
"K2-195 b","K2-195 b","EPIC 212689874",1,"CONFIRMED","Mayo et al. 2018","6, 17",15.85297500000,"2018-10-24","2018-10-26"
"K2-195 b","K2-195 b","EPIC 212689874",0,"CONFIRMED","Mayo et al. 2018","6, 17",15.85388000000,"2019-09-05","2019-09-05"
"K2-195 b","K2-195 b","EPIC 212689874",0,"CONFIRMED","Mayo et al. 2018","6, 17",15.85354300000,"2018-10-24","2018-02-15"
"K2-195 b","K2-195 b","EPIC 212689874",0,"CONFIRMED","Mayo et al. 2018","6, 17",15.85400000000,"2016-07-18","2016-07-18"
"K2-195 b","K2-195 b","EPIC 212689874",0,"CONFIRMED","Mayo et al. 2018","6, 17",15.85298900000,"2017-12-14","2017-12-14"
"K2-195 c","K2-195 c","EPIC 212689874",1,"CONFIRMED","Mayo et al. 2018","6, 17",28.48278600000,"2018-02-14","2018-02-15"
"K2-195 c","K2-195 c","EPIC 212689874",0,"CONFIRMED","Mayo et al. 2018","6, 17",28.47070000000,"2019-09-05","2019-09-05"
"EPIC 212690867.01",,"EPIC 212690867",1,"CANDIDATE","Kruse et al. 2019","6, 17",25.86140000000,"2019-09-05","2019-09-05"
"EPIC 212690867.01",,"EPIC 212690867",0,"CANDIDATE","Kruse et al. 2019","6, 17",25.86125000000,"2017-12-14","2017-12-14"
"K2-196 b","K2-196 b","EPIC 212691422",1,"CONFIRMED","Mayo et al. 2018","6, 17",48.32422200000,"2018-02-14","2018-02-15"
"EPIC 212691727.01",,"EPIC 212691727",1,"CANDIDATE","Zink et al. 2021","6, 17",6.43038300000,"2021-11-19","2021-11-19"
"WASP-157 b","K2-41 b","EPIC 212697709",1,"CONFIRMED","Mo&#x10D;nik et al. 2016","6, 17",3.95162300000,"2018-10-24","2018-10-26"
"WASP-157 b","K2-41 b","EPIC 212697709",0,"CONFIRMED","Mo&#x10D;nik et al. 2016","6, 17",3.95160500000,"2022-01-24","2022-01-24"
"WASP-157 b","K2-41 b","EPIC 212697709",0,"CONFIRMED","Mo&#x10D;nik et al. 2016","6, 17",3.95200000000,"2016-07-18","2016-07-18"
"WASP-157 b","K2-41 b","EPIC 212697709",0,"CONFIRMED","Mo&#x10D;nik et al. 2016","6, 17",3.95162300000,"2017-12-14","2017-12-14"
"WASP-157 b","K2-41 b","EPIC 212697709",0,"CONFIRMED","Mo&#x10D;nik et al. 2016","6, 17",3.95169560000,"2016-12-21","2016-12-21"
"WASP-157 b","K2-41 b","EPIC 212697709",0,"CONFIRMED","Mo&#x10D;nik et al. 2016","6, 17",3.95162600000,"2018-10-24","2018-02-15"
"WASP-157 b","K2-41 b","EPIC 212697709",0,"CONFIRMED","Mo&#x10D;nik et al. 2016","6, 17",3.95161588000,"2024-03-04","2024-03-04"
"WASP-157 b","K2-41 b","EPIC 212697709",0,"CONFIRMED","Mo&#x10D;nik et al. 2016","6, 17",3.95162830000,"2019-09-05","2019-09-05"
"WASP-157 b","K2-41 b","EPIC 212697709",0,"CONFIRMED","Mo&#x10D;nik et al. 2016","6, 17",3.95162050000,"2018-10-24","2016-06-23"
"EPIC 212703473.01",,"EPIC 212703473",1,"CANDIDATE","Kruse et al. 2019","6",6.78882000000,"2019-09-05","2019-09-05"
"EPIC 212703473.01",,"EPIC 212703473",0,"CANDIDATE","Kruse et al. 2019","6",6.78907600000,"2018-02-15","2018-02-15"
"EPIC 212703473.01",,"EPIC 212703473",0,"CANDIDATE","Kruse et al. 2019","6",6.78800000000,"2016-07-18","2016-07-18"
"EPIC 212703473.01",,"EPIC 212703473",0,"CANDIDATE","Kruse et al. 2019","6",6.78834400000,"2017-12-14","2017-12-14"
"EPIC 212703473.02",,"EPIC 212703473",1,"CANDIDATE","Kruse et al. 2019","6",18.51590000000,"2019-09-05","2019-09-05"
"EPIC 212703473.02",,"EPIC 212703473",0,"CANDIDATE","Kruse et al. 2019","6",18.51731900000,"2018-02-15","2018-02-15"
"EPIC 212703473.02",,"EPIC 212703473",0,"CANDIDATE","Kruse et al. 2019","6",18.51600000000,"2016-07-18","2016-07-18"
"EPIC 212705192.01",,"EPIC 212705192",1,"CANDIDATE","Barros et al. 2016","6, 17",2.26800000000,"2016-07-18","2016-07-18"
"EPIC 212705192.01",,"EPIC 212705192",0,"CANDIDATE","Barros et al. 2016","6, 17",2.26884990000,"2016-12-21","2016-12-21"
"EPIC 212712473.01",,"EPIC 212712473",1,"CANDIDATE","Pope et al. 2016","6, 17",7.26400000000,"2016-07-18","2016-07-18"
"EPIC 212730483.01",,"EPIC 212730483",1,"CANDIDATE","Kruse et al. 2019","6, 17",3.49140000000,"2019-09-05","2019-09-05"
"EPIC 212735133.01",,"EPIC 212735133",1,"CANDIDATE","Zink et al. 2021","17",7.68550500000,"2021-11-19","2021-11-19"
"K2-197 b","K2-197 b","EPIC 212735333",1,"CONFIRMED","Mayo et al. 2018","6, 17",8.35788100000,"2018-10-24","2018-10-26"
"K2-197 b","K2-197 b","EPIC 212735333",0,"CONFIRMED","Mayo et al. 2018","6, 17",8.35470947000,"2016-12-21","2016-12-21"
"K2-197 b","K2-197 b","EPIC 212735333",0,"CONFIRMED","Mayo et al. 2018","6, 17",8.35795400000,"2018-10-24","2018-02-15"
"K2-197 b","K2-197 b","EPIC 212735333",0,"CONFIRMED","Mayo et al. 2018","6, 17",8.35800000000,"2016-07-18","2016-07-18"
"K2-197 b","K2-197 b","EPIC 212735333",0,"CONFIRMED","Mayo et al. 2018","6, 17",8.35744100000,"2017-12-14","2017-12-14"
"EPIC 212737443 b","K2-310 b","EPIC 212737443",1,"CONFIRMED","Herath et al. 2019","6",13.60300000000,"2019-07-19","2019-07-25"
"EPIC 212737443 b","K2-310 b","EPIC 212737443",0,"CONFIRMED","Herath et al. 2019","6",13.60697954000,"2016-12-21","2016-12-21"
"EPIC 212737443 b","K2-310 b","EPIC 212737443",0,"CONFIRMED","Herath et al. 2019","6",13.60300000000,"2016-07-18","2016-07-18"
"EPIC 212737443 c","K2-310 c","EPIC 212737443",1,"CONFIRMED","Herath et al. 2019","6",65.55000000000,"2019-07-19","2019-07-25"
"EPIC 212743333.01",,"EPIC 212743333",1,"CANDIDATE","Kruse et al. 2019","6",14.78545000000,"2019-09-05","2019-09-05"
"EPIC 212746655.01",,"EPIC 212746655",1,"CANDIDATE","Zink et al. 2021","6, 17",34.38319300000,"2021-11-19","2021-11-19"
"EPIC 212753343.01",,"EPIC 212753343",1,"CANDIDATE","Zink et al. 2021","17",19.98421700000,"2021-11-19","2021-11-19"
"Qatar-2 b",,"EPIC 212756297",1,"CONFIRMED","Bryan et al. 2011","6",1.33711647000,"2014-11-05","2014-11-05"
"Qatar-2 b",,"EPIC 212756297",0,"CONFIRMED","Bryan et al. 2011","6",1.33711656200,"2024-03-04","2024-03-04"
"Qatar-2 b",,"EPIC 212756297",0,"CONFIRMED","Bryan et al. 2011","6",1.33711600000,"2017-12-14","2017-12-14"
"Qatar-2 b",,"EPIC 212756297",0,"CONFIRMED","Bryan et al. 2011","6",1.33711647000,"2019-03-18","2019-03-21"
"Qatar-2 b",,"EPIC 212756297",0,"CONFIRMED","Bryan et al. 2011","6",1.33711640000,"2022-10-18","2022-10-18"
"Qatar-2 b",,"EPIC 212756297",0,"CONFIRMED","Bryan et al. 2011","6",1.33711820000,"2014-11-05","2014-11-05"
"Qatar-2 b",,"EPIC 212756297",0,"CONFIRMED","Bryan et al. 2011","6",1.33711677000,"2018-06-06","2018-05-31"
"Qatar-2 b",,"EPIC 212756297",0,"CONFIRMED","Bryan et al. 2011","6",1.33711716000,"2022-01-24","2022-01-24"
"Qatar-2 b",,"EPIC 212756297",0,"CONFIRMED","Bryan et al. 2011","6",1.33711569000,"2019-09-05","2019-09-05"
"Qatar-2 b",,"EPIC 212756297",0,"CONFIRMED","Bryan et al. 2011","6",1.33711655300,"2018-06-06","2018-05-31"
"Qatar-2 b",,"EPIC 212756297",0,"CONFIRMED","Bryan et al. 2011","6",1.33700000000,"2016-07-18","2016-07-18"
"Qatar-2 b",,"EPIC 212756297",0,"CONFIRMED","Bryan et al. 2011","6",1.33711644000,"2024-05-08","2024-05-08"
"Qatar-2 b",,"EPIC 212756297",0,"CONFIRMED","Bryan et al. 2011","6",1.33711405000,"2016-12-21","2016-12-21"
"EPIC 212757601.01",,"EPIC 212757601",1,"CANDIDATE","Kruse et al. 2019","6, 17",1.01797700000,"2019-09-05","2019-09-05"
"EPIC 212757601.01",,"EPIC 212757601",0,"CANDIDATE","Kruse et al. 2019","6, 17",1.01800000000,"2016-07-18","2016-07-18"
"EPIC 212757601.01",,"EPIC 212757601",0,"CANDIDATE","Kruse et al. 2019","6, 17",1.01796800000,"2017-12-14","2017-12-14"
"K2-198 b","K2-198 b","EPIC 212768333",1,"CONFIRMED","Mayo et al. 2018","6, 17",17.04286830000,"2019-08-09","2019-08-15"
"K2-198 b","K2-198 b","EPIC 212768333",0,"CONFIRMED","Mayo et al. 2018","6, 17",17.04317900000,"2019-08-09","2018-02-15"
"K2-198 b","K2-198 b","EPIC 212768333",0,"CONFIRMED","Mayo et al. 2018","6, 17",17.04284900000,"2024-03-04","2024-03-04"
"K2-198 b","K2-198 b","EPIC 212768333",0,"CONFIRMED","Mayo et al. 2018","6, 17",17.04300000000,"2016-07-18","2016-07-18"
"K2-198 b","K2-198 b","EPIC 212768333",0,"CONFIRMED","Mayo et al. 2018","6, 17",17.04354000000,"2019-09-05","2019-09-05"
"K2-198 c","K2-198 c","EPIC 212768333",1,"CONFIRMED","Hedges et al. 2019","6, 17",3.35960550000,"2019-08-09","2019-08-15"
"K2-198 c","K2-198 c","EPIC 212768333",0,"CONFIRMED","Hedges et al. 2019","6, 17",3.35900000000,"2016-07-18","2016-07-18"
"K2-198 d","K2-198 d","EPIC 212768333",1,"CONFIRMED","Hedges et al. 2019","6, 17",7.45001770000,"2019-08-09","2019-08-15"
"K2-198 d","K2-198 d","EPIC 212768333",0,"CONFIRMED","Hedges et al. 2019","6, 17",7.45000000000,"2016-07-18","2016-07-18"
"K2-198 d","K2-198 d","EPIC 212768333",0,"CONFIRMED","Hedges et al. 2019","6, 17",7.44976000000,"2019-09-05","2019-09-05"
"K2-198 d","K2-198 d","EPIC 212768333",0,"CONFIRMED","Hedges et al. 2019","6, 17",7.45003720000,"2024-03-04","2024-03-04"
"EPIC 212771557.01",,"EPIC 212771557",1,"CANDIDATE","Zink et al. 2021","17",8.49100300000,"2021-11-19","2021-11-19"
"EPIC 212772113.01",,"EPIC 212772113",1,"CANDIDATE","Kruse et al. 2019","6",8.95366000000,"2019-09-05","2019-09-05"
"EPIC 212772113.01",,"EPIC 212772113",0,"CANDIDATE","Kruse et al. 2019","6",8.95300000000,"2016-07-18","2016-07-18"
"EPIC 212772313.01",,"EPIC 212772313",1,"CANDIDATE","Mayo et al. 2018","6",37.36197300000,"2018-02-15","2018-02-15"
"EPIC 212773272.01",,"EPIC 212773272",1,"FALSE POSITIVE","Dressing et al. 2017","6, 17",4.68174300000,"2017-12-14","2017-12-14"
"EPIC 212773272.01",,"EPIC 212773272",0,"FALSE POSITIVE","Dressing et al. 2017","6, 17",4.68189000000,"2017-12-14","2017-12-14"
"EPIC 212773309.01",,"EPIC 212773309",1,"FALSE POSITIVE","Dressing et al. 2017","6, 17",4.68199000000,"2017-12-14","2017-12-14"
"Wolf 503 b","K2-262 b","EPIC 212779563",1,"CONFIRMED","Peterson et al. 2018","17",6.00127000000,"2022-05-23","2022-05-23"
"Wolf 503 b","K2-262 b","EPIC 212779563",0,"CONFIRMED","Peterson et al. 2018","17",,"2025-09-17","2025-08-28"
"Wolf 503 b","K2-262 b","EPIC 212779563",0,"CONFIRMED","Peterson et al. 2018","17",6.00118000000,"2018-09-04","2018-09-06"
"Wolf 503 b","K2-262 b","EPIC 212779563",0,"CONFIRMED","Peterson et al. 2018","17",6.00127000000,"2023-04-17","2023-04-17"
"K2-199 b","K2-199 b","EPIC 212779596",1,"CONFIRMED","Mayo et al. 2018","6, 17",3.22539930000,"2022-03-28","2022-03-28"
"K2-199 b","K2-199 b","EPIC 212779596",0,"CONFIRMED","Mayo et al. 2018","6, 17",,"2025-09-17","2025-08-28"
"K2-199 b","K2-199 b","EPIC 212779596",0,"CONFIRMED","Mayo et al. 2018","6, 17",3.22533800000,"2018-10-24","2018-10-26"
"K2-199 b","K2-199 b","EPIC 212779596",0,"CONFIRMED","Mayo et al. 2018","6, 17",3.22500000000,"2016-07-18","2016-07-18"
"K2-199 b","K2-199 b","EPIC 212779596",0,"CONFIRMED","Mayo et al. 2018","6, 17",3.22534900000,"2017-12-14","2017-12-14"
"K2-199 b","K2-199 b","EPIC 212779596",0,"CONFIRMED","Mayo et al. 2018","6, 17",3.22542300000,"2018-10-24","2018-02-15"
"K2-199 b","K2-199 b","EPIC 212779596",0,"CONFIRMED","Mayo et al. 2018","6, 17",3.22536900000,"2019-09-05","2019-09-05"
"K2-199 b","K2-199 b","EPIC 212779596",0,"CONFIRMED","Mayo et al. 2018","6, 17",3.22528600000,"2025-09-17","2025-09-17"
"K2-199 c","K2-199 c","EPIC 212779596",1,"CONFIRMED","Mayo et al. 2018","6, 17",7.37448970000,"2022-03-28","2022-03-28"
"K2-199 c","K2-199 c","EPIC 212779596",0,"CONFIRMED","Mayo et al. 2018","6, 17",7.37449700000,"2018-10-24","2018-02-15"
"K2-199 c","K2-199 c","EPIC 212779596",0,"CONFIRMED","Mayo et al. 2018","6, 17",7.37448280000,"2024-03-04","2024-03-04"
"K2-199 c","K2-199 c","EPIC 212779596",0,"CONFIRMED","Mayo et al. 2018","6, 17",7.37469400000,"2018-10-24","2018-10-26"
"K2-199 c","K2-199 c","EPIC 212779596",0,"CONFIRMED","Mayo et al. 2018","6, 17",7.37442000000,"2025-09-17","2025-09-17"
"K2-199 c","K2-199 c","EPIC 212779596",0,"CONFIRMED","Mayo et al. 2018","6, 17",7.37426000000,"2019-09-05","2019-09-05"
"K2-199 c","K2-199 c","EPIC 212779596",0,"CONFIRMED","Mayo et al. 2018","6, 17",7.37468900000,"2017-12-14","2017-12-14"
"K2-199 c","K2-199 c","EPIC 212779596",0,"CONFIRMED","Mayo et al. 2018","6, 17",7.37400000000,"2016-07-18","2016-07-18"
"K2-279 b","K2-279 b","EPIC 212782836",1,"CONFIRMED","Livingston et al. 2018","6, 17",7.12260500000,"2018-10-24","2018-10-26"
"K2-279 b","K2-279 b","EPIC 212782836",0,"CONFIRMED","Livingston et al. 2018","6, 17",7.12229700000,"2017-12-14","2017-12-14"
"K2-279 b","K2-279 b","EPIC 212782836",0,"CONFIRMED","Livingston et al. 2018","6, 17",7.12471000000,"2019-09-05","2019-09-05"
"K2-279 b","K2-279 b","EPIC 212782836",0,"CONFIRMED","Livingston et al. 2018","6, 17",7.12500000000,"2016-07-18","2016-07-18"
"EPIC 212783902.01",,"EPIC 212783902",1,"CANDIDATE","Zink et al. 2021","17",24.74844200000,"2021-11-19","2021-11-19"
"EPIC 212796016.01",,"EPIC 212796016",1,"CANDIDATE","Pope et al. 2016","6, 17",3.21600000000,"2016-07-18","2016-07-18"
"EPIC 212797028.01",,"EPIC 212797028",1,"CANDIDATE","Petigura et al. 2018","6, 17",29.97888400000,"2017-12-14","2017-12-14"
"K2-99 b","K2-99 b","EPIC 212803289",1,"CONFIRMED","Smith et al. 2017","6, 17",18.24783000000,"2025-02-24","2025-02-24"
"K2-99 b","K2-99 b","EPIC 212803289",0,"CONFIRMED","Smith et al. 2017","6, 17",18.24901000000,"2025-09-17","2025-09-17"
"K2-99 b","K2-99 b","EPIC 212803289",0,"CONFIRMED","Smith et al. 2017","6, 17",18.24841000000,"2019-09-05","2019-09-05"
"K2-99 b","K2-99 b","EPIC 212803289",0,"CONFIRMED","Smith et al. 2017","6, 17",18.24870800000,"2018-10-24","2018-02-15"
"K2-99 b","K2-99 b","EPIC 212803289",0,"CONFIRMED","Smith et al. 2017","6, 17",18.25000000000,"2016-07-18","2016-07-18"
"K2-99 b","K2-99 b","EPIC 212803289",0,"CONFIRMED","Smith et al. 2017","6, 17",18.24900000000,"2018-10-24","2016-10-06"
"K2-99 b","K2-99 b","EPIC 212803289",0,"CONFIRMED","Smith et al. 2017","6, 17",18.25198500000,"2018-10-24","2018-10-26"
"K2-99 b","K2-99 b","EPIC 212803289",0,"CONFIRMED","Smith et al. 2017","6, 17",18.25221300000,"2017-12-14","2017-12-14"
"EPIC 212813907.01",,"EPIC 212813907",1,"CANDIDATE","Kruse et al. 2019","6, 17",6.72511000000,"2019-09-05","2019-09-05"
"EPIC 212813907.01",,"EPIC 212813907",0,"CANDIDATE","Kruse et al. 2019","6, 17",6.72500000000,"2016-07-18","2016-07-18"
"EPIC 212817071.01",,"EPIC 212817071",1,"CANDIDATE","Zink et al. 2021","17, 6",12.24568000000,"2021-11-19","2021-11-19"
"EPIC 212821706.01",,"EPIC 212821706",1,"CANDIDATE","Kruse et al. 2019","6",13.88830000000,"2019-09-05","2019-09-05"
"K2-200 b","K2-200 b","EPIC 212828909",1,"CONFIRMED","Mayo et al. 2018","6, 17",2.84988300000,"2018-02-14","2018-02-15"
"K2-200 b","K2-200 b","EPIC 212828909",0,"CONFIRMED","Mayo et al. 2018","6, 17",2.85009000000,"2019-09-05","2019-09-05"
"K2-200 b","K2-200 b","EPIC 212828909",0,"CONFIRMED","Mayo et al. 2018","6, 17",2.85000000000,"2016-07-18","2016-07-18"
"EPIC 212830737.01",,"EPIC 212830737",1,"CANDIDATE","Zink et al. 2021","17",26.93943300000,"2021-11-19","2021-11-19"
"EPIC 212833814.01",,"EPIC 212833814",1,"CANDIDATE","Kruse et al. 2019","6, 17",27.79850000000,"2019-09-05","2019-09-05"
"EPIC 212839127.01",,"EPIC 212839127",1,"CANDIDATE","Petigura et al. 2018","6",20.64149200000,"2017-12-14","2017-12-14"
"EPIC 212844216.01",,"EPIC 212844216",1,"CANDIDATE","Zink et al. 2021","17, 6",12.63479400000,"2021-11-19","2021-11-19"
"EPIC 212865617.01",,"EPIC 212865617",1,"CANDIDATE","Zink et al. 2021","17",7.53578300000,"2021-11-19","2021-11-19"
"EPIC 212870185.01",,"EPIC 212870185",1,"CANDIDATE","Zink et al. 2021","17",6.11623800000,"2021-11-19","2021-11-19"
"EPIC 212883391.01",,"EPIC 212883391",1,"CANDIDATE","Zink et al. 2021","17",9.66837300000,"2021-11-19","2021-11-19"
"EPIC 213123443.01",,"EPIC 213123443",1,"CANDIDATE","Kruse et al. 2019","7",0.54612700000,"2019-09-05","2019-09-05"
"EPIC 213408445.01",,"EPIC 213408445",1,"CANDIDATE","Kruse et al. 2019","7",2.49686000000,"2019-09-05","2019-09-05"
"EPIC 213462890.01",,"EPIC 213462890",1,"CANDIDATE","Kruse et al. 2019","7",5.84643000000,"2019-09-05","2019-09-05"
"EPIC 213546283.01",,"EPIC 213546283",1,"CANDIDATE","Kruse et al. 2019","7",9.77060000000,"2019-09-05","2019-09-05"
"EPIC 213546283.01",,"EPIC 213546283",0,"CANDIDATE","Kruse et al. 2019","7",9.76915500000,"2017-12-14","2017-12-14"
"EPIC 213546283.01",,"EPIC 213546283",0,"CANDIDATE","Kruse et al. 2019","7",9.76897000000,"2019-09-19","2019-09-19"
"EPIC 213546283.01",,"EPIC 213546283",0,"CANDIDATE","Kruse et al. 2019","7",9.77018600000,"2018-02-15","2018-02-15"
"EPIC 213703832.01",,"EPIC 213703832",1,"CANDIDATE","Petigura et al. 2018","7",0.51551300000,"2017-12-14","2017-12-14"
"K2-147 b","K2-147 b","EPIC 213715787",1,"CONFIRMED","Hirano et al. 2018","7",0.96193900000,"2024-11-20","2024-11-20"
"K2-147 b","K2-147 b","EPIC 213715787",0,"CONFIRMED","Hirano et al. 2018","7",0.96191700000,"2018-02-01","2018-02-01"
"K2-147 b","K2-147 b","EPIC 213715787",0,"CONFIRMED","Hirano et al. 2018","7",0.96191800000,"2022-03-28","2022-03-28"
"K2-147 b","K2-147 b","EPIC 213715787",0,"CONFIRMED","Hirano et al. 2018","7",0.96191600000,"2019-09-05","2019-09-05"
"EPIC 213722591.01",,"EPIC 213722591",1,"CANDIDATE","Kruse et al. 2019","7",6.78260000000,"2019-09-05","2019-09-05"
"EPIC 213748480.01",,"EPIC 213748480",1,"CANDIDATE","Kruse et al. 2019","7",3.12951000000,"2019-09-05","2019-09-05"
"EPIC 213817056.01",,"EPIC 213817056",1,"CANDIDATE","Kruse et al. 2019","7",13.61242000000,"2019-09-05","2019-09-05"
"EPIC 213817056.01",,"EPIC 213817056",0,"CANDIDATE","Kruse et al. 2019","7",13.61358000000,"2018-02-15","2018-02-15"
"EPIC 213840781.01",,"EPIC 213840781",1,"CANDIDATE","Petigura et al. 2018","7",12.36453100000,"2017-12-14","2017-12-14"
"EPIC 213919434.01",,"EPIC 213919434",1,"CANDIDATE","Kruse et al. 2019","7",6.79867000000,"2019-09-05","2019-09-05"
"EPIC 213919915.01",,"EPIC 213919915",1,"CANDIDATE","Kruse et al. 2019","7",1.48915400000,"2019-09-05","2019-09-05"
"EPIC 213920015.01",,"EPIC 213920015",1,"CANDIDATE","Petigura et al. 2018","7",1.48918400000,"2017-12-14","2017-12-14"
"EPIC 213951550.01",,"EPIC 213951550",1,"FALSE POSITIVE","Dressing et al. 2017","7",1.11702700000,"2017-12-14","2017-12-14"
"EPIC 213951550.01",,"EPIC 213951550",0,"FALSE POSITIVE","Dressing et al. 2017","7",1.11704000000,"2017-12-14","2017-12-14"
"EPIC 214173069.02",,"EPIC 214173069",1,"CANDIDATE","Kruse et al. 2019","7",14.12970000000,"2019-09-05","2019-09-05"
"K2-379 b","K2-379 b","EPIC 214173069",1,"CONFIRMED","Christiansen et al. 2022","7",8.77724700000,"2022-03-16","2022-03-16"
"K2-379 b","K2-379 b","EPIC 214173069",0,"CONFIRMED","Christiansen et al. 2022","7",8.77830000000,"2019-09-05","2019-09-05"
"EPIC 214234110.01",,"EPIC 214234110",1,"CANDIDATE","Kruse et al. 2019","7",4.63789000000,"2019-09-05","2019-09-05"
"EPIC 214234110.01",,"EPIC 214234110",0,"CANDIDATE","Kruse et al. 2019","7",4.63791100000,"2018-02-15","2018-02-15"
"EPIC 214254518.01",,"EPIC 214254518",1,"CANDIDATE","Mayo et al. 2018","7",5.05903300000,"2018-02-15","2018-02-15"
"EPIC 214254518.01",,"EPIC 214254518",0,"CANDIDATE","Mayo et al. 2018","7",5.05900000000,"2017-12-14","2017-12-14"
"K2-380 b","K2-380 b","EPIC 214419545",1,"CONFIRMED","Christiansen et al. 2022","7",9.40131200000,"2022-03-16","2022-03-16"
"K2-380 b","K2-380 b","EPIC 214419545",0,"CONFIRMED","Christiansen et al. 2022","7",9.40172000000,"2019-09-05","2019-09-05"
"EPIC 214512594.01",,"EPIC 214512594",1,"CANDIDATE","Kruse et al. 2019","7",1.87689900000,"2019-09-05","2019-09-05"
"EPIC 214522613.01",,"EPIC 214522613",1,"CANDIDATE","Dressing et al. 2017","7",10.99044000000,"2017-12-14","2017-12-14"
"EPIC 214611894.01",,"EPIC 214611894",1,"CANDIDATE","Petigura et al. 2018","7",21.56840900000,"2017-12-14","2017-12-14"
"EPIC 214630761.01",,"EPIC 214630761",1,"CANDIDATE","Kruse et al. 2019","7",1.23643800000,"2019-09-05","2019-09-05"
"EPIC 214741009.01",,"EPIC 214741009",1,"CANDIDATE","Kruse et al. 2019","7",7.26921300000,"2019-09-05","2019-09-05"
"EPIC 214741009.01",,"EPIC 214741009",0,"CANDIDATE","Kruse et al. 2019","7",7.26962200000,"2017-12-14","2017-12-14"
"K2-129 b","K2-129 b","EPIC 214787262",1,"CONFIRMED","Dressing et al. 2017","7",8.23949300000,"2017-10-03","2017-10-05"
"K2-129 b","K2-129 b","EPIC 214787262",0,"CONFIRMED","Dressing et al. 2017","7",8.23981000000,"2019-09-05","2019-09-05"
"EPIC 214888033.01",,"EPIC 214888033",1,"CANDIDATE","Kruse et al. 2019","7",7.45759700000,"2019-09-05","2019-09-05"
"EPIC 214888033.01",,"EPIC 214888033",0,"CANDIDATE","Kruse et al. 2019","7",7.46475831483,"2025-09-25","2025-09-25"
"EPIC 214912104.01",,"EPIC 214912104",1,"CANDIDATE","Kruse et al. 2019","7",43.10290000000,"2019-09-05","2019-09-05"
"EPIC 214984368.01",,"EPIC 214984368",1,"CANDIDATE","Kruse et al. 2019","7",0.26338090000,"2019-09-05","2019-09-05"
"EPIC 215101303.01",,"EPIC 215101303",1,"CANDIDATE","Kruse et al. 2019","7",15.20726000000,"2019-09-05","2019-09-05"
"EPIC 215101303.01",,"EPIC 215101303",0,"CANDIDATE","Kruse et al. 2019","7",15.20710100000,"2017-12-14","2017-12-14"
"EPIC 215125108.01",,"EPIC 215125108",1,"CANDIDATE","Kruse et al. 2019","7",0.73806700000,"2019-09-05","2019-09-05"
"EPIC 215171927.01",,"EPIC 215171927",1,"CANDIDATE","Kruse et al. 2019","7",4.13556000000,"2019-09-05","2019-09-05"
"EPIC 215171927.01",,"EPIC 215171927",0,"CANDIDATE","Kruse et al. 2019","7",4.13570700000,"2018-02-15","2018-02-15"
"EPIC 215171927.02",,"EPIC 215171927",1,"CANDIDATE","Kruse et al. 2019","7",6.63107000000,"2019-09-05","2019-09-05"
"EPIC 215171927.02",,"EPIC 215171927",0,"CANDIDATE","Kruse et al. 2019","7",6.63124700000,"2018-02-15","2018-02-15"
"EPIC 215175768.01",,"EPIC 215175768",1,"CANDIDATE","Kruse et al. 2019","7",1.72611500000,"2019-09-05","2019-09-05"
"EPIC 215234145.01",,"EPIC 215234145",1,"CANDIDATE","Kruse et al. 2019","7",1.25399360000,"2019-09-05","2019-09-05"
"EPIC 215353525.01",,"EPIC 215353525",1,"CANDIDATE","Kruse et al. 2019","7",0.90859150000,"2019-09-05","2019-09-05"
"EPIC 215358983.01",,"EPIC 215358983",1,"CANDIDATE","Petigura et al. 2018","7",6.42171900000,"2017-12-14","2017-12-14"
"EPIC 215364084.01",,"EPIC 215364084",1,"CANDIDATE","Kruse et al. 2019","7",2.74324000000,"2019-09-05","2019-09-05"
"EPIC 215381481.01",,"EPIC 215381481",1,"CANDIDATE","Kruse et al. 2019","7",0.53339300000,"2019-09-05","2019-09-05"
"EPIC 215389654.01",,"EPIC 215389654",1,"CANDIDATE","Petigura et al. 2018","7",23.51081100000,"2017-12-14","2017-12-14"
"EPIC 215502661.01",,"EPIC 215502661",1,"CANDIDATE","Mayo et al. 2018","7",21.52155400000,"2018-02-15","2018-02-15"
"EPIC 215525178.01",,"EPIC 215525178",1,"CANDIDATE","Kruse et al. 2019","7",5.33988000000,"2019-09-05","2019-09-05"
"EPIC 215714765.01",,"EPIC 215714765",1,"CANDIDATE","Kruse et al. 2019","7",6.68913100000,"2019-09-05","2019-09-05"
"EPIC 215717520.01",,"EPIC 215717520",1,"CANDIDATE","Kruse et al. 2019","7",,"2019-09-05","2019-09-05"
"EPIC 215739094.01",,"EPIC 215739094",1,"CANDIDATE","Kruse et al. 2019","7",3.63222880000,"2019-09-05","2019-09-05"
"EPIC 215816368.01",,"EPIC 215816368",1,"CANDIDATE","Kruse et al. 2019","7",10.14588000000,"2019-09-05","2019-09-05"
"EPIC 215854715.01",,"EPIC 215854715",1,"CANDIDATE","Kruse et al. 2019","7",11.12366000000,"2019-09-05","2019-09-05"
"EPIC 215854715.01",,"EPIC 215854715",0,"CANDIDATE","Kruse et al. 2019","7",11.12365400000,"2018-02-15","2018-02-15"
"EPIC 215894766.01",,"EPIC 215894766",1,"CANDIDATE","Kruse et al. 2019","7",,"2019-09-05","2019-09-05"
"EPIC 215938010.01",,"EPIC 215938010",1,"CANDIDATE","Zink et al. 2019","7",1.15144000000,"2019-09-19","2019-09-19"
"EPIC 215938010.01",,"EPIC 215938010",0,"CANDIDATE","Zink et al. 2019","7",1.15147100000,"2017-12-14","2017-12-14"
"HATS-36 b","K2-145 b","EPIC 215969174",1,"CONFIRMED","Bayliss et al. 2018","7",4.17518600000,"2018-10-24","2018-10-26"
"HATS-36 b","K2-145 b","EPIC 215969174",0,"CONFIRMED","Bayliss et al. 2018","7",4.17471430219,"2025-09-25","2025-09-25"
"HATS-36 b","K2-145 b","EPIC 215969174",0,"CONFIRMED","Bayliss et al. 2018","7",4.17523870000,"2018-10-24","2018-03-26"
"HATS-36 b","K2-145 b","EPIC 215969174",0,"CONFIRMED","Bayliss et al. 2018","7",4.17518700000,"2017-12-14","2017-12-14"
"HATS-36 b","K2-145 b","EPIC 215969174",0,"CONFIRMED","Bayliss et al. 2018","7",4.17523500000,"2019-09-05","2019-09-05"
"K2-201 b","K2-201 b","EPIC 216008129",1,"CONFIRMED","Mayo et al. 2018","7",1.05979000000,"2018-02-14","2018-02-15"
"K2-201 b","K2-201 b","EPIC 216008129",0,"CONFIRMED","Mayo et al. 2018","7",1.05980600000,"2019-09-05","2019-09-05"
"K2-201 c","K2-201 c","EPIC 216008129",1,"CONFIRMED","Mayo et al. 2018","7",22.77987800000,"2018-02-14","2018-02-15"
"K2-201 c","K2-201 c","EPIC 216008129",0,"CONFIRMED","Mayo et al. 2018","7",22.77680000000,"2019-09-05","2019-09-05"
"EPIC 216050437.01",,"EPIC 216050437",1,"CANDIDATE","Kruse et al. 2019","7",14.94889000000,"2019-09-05","2019-09-05"
"EPIC 216050437.01",,"EPIC 216050437",0,"CANDIDATE","Kruse et al. 2019","7",14.94896600000,"2018-02-15","2018-02-15"
"EPIC 216111905.01",,"EPIC 216111905",1,"CANDIDATE","Kruse et al. 2019","7",3.02030000000,"2019-09-05","2019-09-05"
"EPIC 216114172.01",,"EPIC 216114172",1,"CANDIDATE","Kruse et al. 2019","7",13.12227000000,"2019-09-05","2019-09-05"
"EPIC 216114172.01",,"EPIC 216114172",0,"CANDIDATE","Kruse et al. 2019","7",13.12524400000,"2018-02-15","2018-02-15"
"EPIC 216166748.01",,"EPIC 216166748",1,"CANDIDATE","Kruse et al. 2019","7",19.68075000000,"2019-09-05","2019-09-05"
"EPIC 216166748.01",,"EPIC 216166748",0,"CANDIDATE","Kruse et al. 2019","7",19.67941100000,"2018-02-15","2018-02-15"
"EPIC 216212516.01",,"EPIC 216212516",1,"CANDIDATE","Kruse et al. 2019","7",3.38492000000,"2019-09-05","2019-09-05"
"EPIC 216231580.01",,"EPIC 216231580",1,"CANDIDATE","Kruse et al. 2019","7",3.90518000000,"2019-09-05","2019-09-05"
"EPIC 216231580.01",,"EPIC 216231580",0,"CANDIDATE","Kruse et al. 2019","7",3.90723655504,"2025-09-25","2025-09-25"
"EPIC 216334329.01",,"EPIC 216334329",1,"CANDIDATE","Petigura et al. 2018","7",28.07748400000,"2017-12-14","2017-12-14"
"EPIC 216357880.01",,"EPIC 216357880",1,"CANDIDATE","Kruse et al. 2019","7",11.86386000000,"2019-09-05","2019-09-05"
"EPIC 216363472.01",,"EPIC 216363472",1,"CANDIDATE","Kruse et al. 2019","7",8.69290000000,"2019-09-05","2019-09-05"
"EPIC 216387101.01",,"EPIC 216387101",1,"CANDIDATE","Mayo et al. 2018","7",9.76185400000,"2018-02-15","2018-02-15"
"K2-202 b","K2-202 b","EPIC 216405287",1,"CONFIRMED","Mayo et al. 2018","7",3.40516400000,"2018-02-14","2018-02-15"
"K2-202 b","K2-202 b","EPIC 216405287",0,"CONFIRMED","Mayo et al. 2018","7",3.40508700000,"2019-09-05","2019-09-05"
"HATS-11 b","K2-143 b","EPIC 216414930",1,"CONFIRMED","Rabus et al. 2016","7",3.61918800000,"2018-10-24","2018-10-26"
"HATS-11 b","K2-143 b","EPIC 216414930",0,"CONFIRMED","Rabus et al. 2016","7",3.61915460000,"2024-03-04","2024-03-04"
"HATS-11 b","K2-143 b","EPIC 216414930",0,"CONFIRMED","Rabus et al. 2016","7",3.61916340000,"2018-10-24","2018-01-18"
"HATS-11 b","K2-143 b","EPIC 216414930",0,"CONFIRMED","Rabus et al. 2016","7",3.61916130000,"2018-10-24","2016-09-29"
"HATS-11 b","K2-143 b","EPIC 216414930",0,"CONFIRMED","Rabus et al. 2016","7",3.61916700000,"2019-09-05","2019-09-05"
"HATS-11 b","K2-143 b","EPIC 216414930",0,"CONFIRMED","Rabus et al. 2016","7",3.61919200000,"2017-12-14","2017-12-14"
"HATS-11 b","K2-143 b","EPIC 216414930",0,"CONFIRMED","Rabus et al. 2016","7",3.61887686846,"2025-09-25","2025-09-25"
"K2-107 b","K2-107 b","EPIC 216468514",1,"CONFIRMED","Eigm&uuml;ller et al. 2017","7",3.31395900000,"2018-10-24","2018-10-26"
"K2-107 b","K2-107 b","EPIC 216468514",0,"CONFIRMED","Eigm&uuml;ller et al. 2017","7",3.31390950000,"2019-09-05","2019-09-05"
"K2-107 b","K2-107 b","EPIC 216468514",0,"CONFIRMED","Eigm&uuml;ller et al. 2017","7",3.31391510000,"2024-03-04","2024-03-04"
"K2-107 b","K2-107 b","EPIC 216468514",0,"CONFIRMED","Eigm&uuml;ller et al. 2017","7",3.31394400000,"2017-12-14","2017-12-14"
"K2-107 b","K2-107 b","EPIC 216468514",0,"CONFIRMED","Eigm&uuml;ller et al. 2017","7",3.31392000000,"2018-10-24","2017-02-02"
"K2-107 b","K2-107 b","EPIC 216468514",0,"CONFIRMED","Eigm&uuml;ller et al. 2017","7",3.31392100000,"2018-10-24","2018-02-15"
"K2-280 b","K2-280 b","EPIC 216494238",1,"CONFIRMED","Livingston et al. 2018","7",19.89526000000,"2021-07-12","2021-07-12"
"K2-280 b","K2-280 b","EPIC 216494238",0,"CONFIRMED","Livingston et al. 2018","7",19.89500000000,"2025-09-17","2025-09-17"
"K2-280 b","K2-280 b","EPIC 216494238",0,"CONFIRMED","Livingston et al. 2018","7",19.89464100000,"2018-02-15","2018-02-15"
"K2-280 b","K2-280 b","EPIC 216494238",0,"CONFIRMED","Livingston et al. 2018","7",19.89520200000,"2018-10-24","2018-10-26"
"K2-280 b","K2-280 b","EPIC 216494238",0,"CONFIRMED","Livingston et al. 2018","7",19.89526800000,"2017-12-14","2017-12-14"
"K2-280 b","K2-280 b","EPIC 216494238",0,"CONFIRMED","Livingston et al. 2018","7",19.89531000000,"2019-09-05","2019-09-05"
"EPIC 216876207.01",,"EPIC 216876207",1,"CANDIDATE","Kruse et al. 2019","7",32.32040000000,"2019-09-05","2019-09-05"
"EPIC 216892056.01",,"EPIC 216892056",1,"CANDIDATE","Petigura et al. 2018","7",2.78600800000,"2017-12-14","2017-12-14"
"EPIC 216892056.01",,"EPIC 216892056",0,"CANDIDATE","Petigura et al. 2018","7",2.78592000000,"2017-12-14","2017-12-14"
"EPIC 217084873.01",,"EPIC 217084873",1,"CANDIDATE","Kruse et al. 2019","7",8.60133000000,"2019-09-05","2019-09-05"
"EPIC 217084873.02",,"EPIC 217084873",1,"CANDIDATE","Kruse et al. 2019","7",29.84110000000,"2019-09-05","2019-09-05"
"EPIC 217149884.01",,"EPIC 217149884",1,"CANDIDATE","Petigura et al. 2018","7",16.69235600000,"2017-12-14","2017-12-14"
"K2-381 b","K2-381 b","EPIC 217192839",1,"CONFIRMED","Christiansen et al. 2022","7",7.93893340000,"2022-03-16","2022-03-16"
"K2-381 b","K2-381 b","EPIC 217192839",0,"CONFIRMED","Christiansen et al. 2022","7",7.93880000000,"2019-09-05","2019-09-05"
"K2-381 b","K2-381 b","EPIC 217192839",0,"CONFIRMED","Christiansen et al. 2022","7",7.93925600000,"2018-02-15","2018-02-15"
"K2-381 c","K2-381 c","EPIC 217192839",1,"CONFIRMED","Christiansen et al. 2022","7",16.03465600000,"2022-03-16","2022-03-16"
"K2-381 c","K2-381 c","EPIC 217192839",0,"CONFIRMED","Christiansen et al. 2022","7",16.03820000000,"2019-09-19","2019-09-19"
"K2-381 c","K2-381 c","EPIC 217192839",0,"CONFIRMED","Christiansen et al. 2022","7",16.03847400000,"2017-12-14","2017-12-14"
"K2-381 c","K2-381 c","EPIC 217192839",0,"CONFIRMED","Christiansen et al. 2022","7",16.03505400000,"2018-02-15","2018-02-15"
"K2-381 c","K2-381 c","EPIC 217192839",0,"CONFIRMED","Christiansen et al. 2022","7",16.03430000000,"2019-09-05","2019-09-05"
"K2-381 d","K2-381 d","EPIC 217192839",1,"CONFIRMED","Christiansen et al. 2022","7",26.80302300000,"2022-03-16","2022-03-16"
"K2-381 d","K2-381 d","EPIC 217192839",0,"CONFIRMED","Christiansen et al. 2022","7",26.80499800000,"2018-02-15","2018-02-15"
"K2-381 d","K2-381 d","EPIC 217192839",0,"CONFIRMED","Christiansen et al. 2022","7",26.80540000000,"2019-09-05","2019-09-05"
"EPIC 217231249.01",,"EPIC 217231249",1,"CANDIDATE","Kruse et al. 2019","7",4.83319100000,"2019-09-05","2019-09-05"
"EPIC 217393088.01",,"EPIC 217393088",1,"CANDIDATE","Kruse et al. 2019","7",1.31947190000,"2019-09-05","2019-09-05"
"EPIC 217393088.01",,"EPIC 217393088",0,"CANDIDATE","Kruse et al. 2019","7",1.31947400000,"2017-12-14","2017-12-14"
"HATS-9 b","K2-142 b","EPIC 217671466",1,"CONFIRMED","Brahm et al. 2015","7",1.91529100000,"2018-10-24","2018-10-26"
"HATS-9 b","K2-142 b","EPIC 217671466",0,"CONFIRMED","Brahm et al. 2015","7",1.91531960000,"2019-09-05","2019-09-05"
"HATS-9 b","K2-142 b","EPIC 217671466",0,"CONFIRMED","Brahm et al. 2015","7",1.91531100000,"2018-10-24","2018-01-18"
"HATS-9 b","K2-142 b","EPIC 217671466",0,"CONFIRMED","Brahm et al. 2015","7",1.91530730000,"2019-03-18","2019-03-21"
"HATS-9 b","K2-142 b","EPIC 217671466",0,"CONFIRMED","Brahm et al. 2015","7",1.91552575756,"2025-09-25","2025-09-25"
"HATS-9 b","K2-142 b","EPIC 217671466",0,"CONFIRMED","Brahm et al. 2015","7",1.91529800000,"2017-12-14","2017-12-14"
"HATS-9 b","K2-142 b","EPIC 217671466",0,"CONFIRMED","Brahm et al. 2015","7",1.91530730000,"2018-10-24","2015-05-21"
"EPIC 217855533.01",,"EPIC 217855533",1,"CANDIDATE","Mayo et al. 2018","7",21.58732600000,"2018-02-15","2018-02-15"
"K2-130 b","K2-130 b","EPIC 217941732",1,"CONFIRMED","Dressing et al. 2017","7",2.49412000000,"2017-10-03","2017-10-05"
"K2-130 b","K2-130 b","EPIC 217941732",0,"CONFIRMED","Dressing et al. 2017","7",2.49420600000,"2019-09-05","2019-09-05"
"K2-130 b","K2-130 b","EPIC 217941732",0,"CONFIRMED","Dressing et al. 2017","7",2.49416100000,"2018-02-14","2018-02-15"
"K2-382 b","K2-382 b","EPIC 217977895",1,"CONFIRMED","Christiansen et al. 2022","7",21.70015600000,"2022-03-16","2022-03-16"
"K2-382 b","K2-382 b","EPIC 217977895",0,"CONFIRMED","Christiansen et al. 2022","7",21.69761900000,"2018-02-15","2018-02-15"
"K2-382 b","K2-382 b","EPIC 217977895",0,"CONFIRMED","Christiansen et al. 2022","7",21.70000000000,"2019-09-05","2019-09-05"
"HATS-12 b","K2-144 b","EPIC 218131080",1,"CONFIRMED","Rabus et al. 2016","7",3.14270200000,"2018-10-24","2018-10-26"
"HATS-12 b","K2-144 b","EPIC 218131080",0,"CONFIRMED","Rabus et al. 2016","7",3.14281100000,"2019-09-05","2019-09-05"
"HATS-12 b","K2-144 b","EPIC 218131080",0,"CONFIRMED","Rabus et al. 2016","7",3.14272000000,"2017-12-14","2017-12-14"
"HATS-12 b","K2-144 b","EPIC 218131080",0,"CONFIRMED","Rabus et al. 2016","7",3.14284600000,"2018-10-24","2018-02-15"
"HATS-12 b","K2-144 b","EPIC 218131080",0,"CONFIRMED","Rabus et al. 2016","7",3.14324025965,"2025-09-25","2025-09-25"
"HATS-12 b","K2-144 b","EPIC 218131080",0,"CONFIRMED","Rabus et al. 2016","7",3.14283470000,"2018-10-24","2018-01-18"
"HATS-12 b","K2-144 b","EPIC 218131080",0,"CONFIRMED","Rabus et al. 2016","7",3.14283300000,"2018-10-24","2016-09-29"
"EPIC 218170789.01",,"EPIC 218170789",1,"CANDIDATE","Kruse et al. 2019","7",3.04108000000,"2019-09-05","2019-09-05"
"EPIC 218170789.01",,"EPIC 218170789",0,"CANDIDATE","Kruse et al. 2019","7",3.04161700000,"2018-02-15","2018-02-15"
"EPIC 218195416.01",,"EPIC 218195416",1,"CANDIDATE","Kruse et al. 2019","7",0.49512530000,"2019-09-05","2019-09-05"
"EPIC 218300572.01",,"EPIC 218300572",1,"CANDIDATE","Kruse et al. 2019","7",1.58984300000,"2019-09-05","2019-09-05"
"EPIC 218304292.01",,"EPIC 218304292",1,"CANDIDATE","Kruse et al. 2019","7",8.42177000000,"2019-09-05","2019-09-05"
"EPIC 218304292.01",,"EPIC 218304292",0,"CANDIDATE","Kruse et al. 2019","7",8.42165900000,"2018-02-15","2018-02-15"
"EPIC 218332621.01",,"EPIC 218332621",1,"CANDIDATE","Zink et al. 2021","7",9.81158900000,"2021-11-19","2021-11-19"
"EPIC 218621322.01",,"EPIC 218621322",1,"CANDIDATE","Petigura et al. 2018","7",11.58750200000,"2017-12-14","2017-12-14"
"EPIC 218621322.01",,"EPIC 218621322",0,"CANDIDATE","Petigura et al. 2018","7",11.58435585170,"2025-09-25","2025-09-25"
"K2-383 b","K2-383 b","EPIC 218668602",1,"CONFIRMED","Christiansen et al. 2022","7",1.86596200000,"2022-03-16","2022-03-16"
"K2-383 b","K2-383 b","EPIC 218668602",0,"CONFIRMED","Christiansen et al. 2022","7",1.86602500000,"2019-09-05","2019-09-05"
"K2-383 b","K2-383 b","EPIC 218668602",0,"CONFIRMED","Christiansen et al. 2022","7",1.86597900000,"2018-02-15","2018-02-15"
"EPIC 218695436.01",,"EPIC 218695436",1,"CANDIDATE","Kruse et al. 2019","7",1.54931800000,"2019-09-05","2019-09-05"
"EPIC 218701083.01",,"EPIC 218701083",1,"CANDIDATE","del Ser et al. 2023","7",5.05210000000,"2022-11-07","2022-11-07"
"EPIC 218701083.01",,"EPIC 218701083",0,"CANDIDATE","del Ser et al. 2023","7",5.04906800000,"2021-11-19","2021-11-19"
"EPIC 218709665.01",,"EPIC 218709665",1,"CANDIDATE","Kruse et al. 2019","7",1.93634750000,"2019-09-05","2019-09-05"
"EPIC 218711655.01",,"EPIC 218711655",1,"CANDIDATE","Petigura et al. 2018","7",1.15756300000,"2017-12-14","2017-12-14"
"EPIC 218874453.01",,"EPIC 218874453",1,"CANDIDATE","Kruse et al. 2019","7",2.17469000000,"2019-09-05","2019-09-05"
"EPIC 218901589.01",,"EPIC 218901589",1,"CANDIDATE","Kruse et al. 2019","7",1.65822300000,"2019-09-05","2019-09-05"
"K2-139 b","K2-139 b","EPIC 218916923",1,"CONFIRMED","Barrag&aacute;n et al. 2018","7",28.38061900000,"2018-10-24","2018-10-26"
"K2-139 b","K2-139 b","EPIC 218916923",0,"CONFIRMED","Barrag&aacute;n et al. 2018","7",28.38220600000,"2017-12-14","2017-12-14"
"K2-139 b","K2-139 b","EPIC 218916923",0,"CONFIRMED","Barrag&aacute;n et al. 2018","7",28.38246000000,"2019-09-05","2019-09-05"
"K2-139 b","K2-139 b","EPIC 218916923",0,"CONFIRMED","Barrag&aacute;n et al. 2018","7",28.38207100000,"2018-10-24","2018-02-15"
"K2-139 b","K2-139 b","EPIC 218916923",0,"CONFIRMED","Barrag&aacute;n et al. 2018","7",28.38236000000,"2018-10-24","2017-12-14"
"EPIC 218952024.01",,"EPIC 218952024",1,"CANDIDATE","Kruse et al. 2019","7",0.56007000000,"2019-09-05","2019-09-05"
"EPIC 218973982.01",,"EPIC 218973982",1,"CANDIDATE","Kruse et al. 2019","7",4.88451000000,"2019-09-05","2019-09-05"
"EPIC 219111248.01",,"EPIC 219111248",1,"CANDIDATE","Kruse et al. 2019","7",4.35967000000,"2019-09-05","2019-09-05"
"EPIC 219114906.01",,"EPIC 219114906",1,"CANDIDATE","Kruse et al. 2019","7",1.81053000000,"2019-09-05","2019-09-05"
"EPIC 219256848.01",,"EPIC 219256848",1,"CANDIDATE","Kruse et al. 2019","7",20.94388000000,"2019-09-05","2019-09-05"
"EPIC 219256848.01",,"EPIC 219256848",0,"CANDIDATE","Kruse et al. 2019","7",20.94390900000,"2017-12-14","2017-12-14"
"EPIC 219266595.01",,"EPIC 219266595",1,"CANDIDATE","Kruse et al. 2019","7",0.94428400000,"2019-09-05","2019-09-05"
"EPIC 219388192.01",,"EPIC 219388192",1,"CANDIDATE","Kruse et al. 2019","7",5.29262700000,"2019-09-05","2019-09-05"
"EPIC 219388192.01",,"EPIC 219388192",0,"CANDIDATE","Kruse et al. 2019","7",5.29266000000,"2017-12-14","2017-12-14"
"EPIC 219388192.01",,"EPIC 219388192",0,"CANDIDATE","Kruse et al. 2019","7",5.29136017752,"2025-09-25","2025-09-25"
"EPIC 219388192.01",,"EPIC 219388192",0,"CANDIDATE","Kruse et al. 2019","7",5.29260500000,"2018-02-15","2018-02-15"
"EPIC 219420915.01",,"EPIC 219420915",1,"CANDIDATE","Kruse et al. 2019","7",0.51501960000,"2019-09-05","2019-09-05"
"EPIC 219420915.01",,"EPIC 219420915",0,"CANDIDATE","Kruse et al. 2019","7",0.51501300000,"2017-12-14","2017-12-14"
"EPIC 219480273.01",,"EPIC 219480273",1,"CANDIDATE","Kruse et al. 2019","7",26.48370000000,"2019-09-05","2019-09-05"
"EPIC 219610716.01",,"EPIC 219610716",1,"CANDIDATE","Kruse et al. 2019","7",2.08807000000,"2019-09-05","2019-09-05"
"EPIC 219747794.01",,"EPIC 219747794",1,"CANDIDATE","Kruse et al. 2019","7",34.37970000000,"2019-09-05","2019-09-05"
"EPIC 219747794.02",,"EPIC 219747794",1,"CANDIDATE","Kruse et al. 2019","7",15.65940000000,"2019-09-05","2019-09-05"
"EPIC 219760360.01",,"EPIC 219760360",1,"CANDIDATE","Kruse et al. 2019","7",1.40951260000,"2019-09-05","2019-09-05"
"K2-231 b","K2-231 b","EPIC 219800881",1,"CONFIRMED","Curtis et al. 2018","7",13.84190100000,"2018-04-04","2018-04-05"
"K2-231 b","K2-231 b","EPIC 219800881",0,"CONFIRMED","Curtis et al. 2018","7",13.84457000000,"2019-09-05","2019-09-05"
"EPIC 220168663.01",,"EPIC 220168663",1,"CANDIDATE","Kruse et al. 2019","8",3.22513000000,"2019-09-05","2019-09-05"
"EPIC 220170303.02",,"EPIC 220170303",1,"CANDIDATE","Kruse et al. 2019","8",4.92340000000,"2019-09-05","2019-09-05"
"K2-203 b","K2-203 b","EPIC 220170303",1,"CONFIRMED","Mayo et al. 2018","8",9.69520000000,"2024-11-20","2024-11-20"
"K2-203 b","K2-203 b","EPIC 220170303",0,"CONFIRMED","Mayo et al. 2018","8",9.69510100000,"2018-02-14","2018-02-15"
"K2-203 b","K2-203 b","EPIC 220170303",0,"CONFIRMED","Mayo et al. 2018","8",9.68970000000,"2019-09-05","2019-09-05"
"EPIC 220173278.01",,"EPIC 220173278",1,"CANDIDATE","Kruse et al. 2019","8",8.03216000000,"2019-09-05","2019-09-05"
"K2-204 b","K2-204 b","EPIC 220186645",1,"CONFIRMED","Mayo et al. 2018","8",7.05590800000,"2024-11-20","2024-11-20"
"K2-204 b","K2-204 b","EPIC 220186645",0,"CONFIRMED","Mayo et al. 2018","8",7.05578400000,"2018-02-14","2018-02-15"
"K2-204 b","K2-204 b","EPIC 220186645",0,"CONFIRMED","Mayo et al. 2018","8",7.05647000000,"2019-09-05","2019-09-05"
"EPIC 220187552.01",,"EPIC 220187552",1,"CANDIDATE","Kruse et al. 2019","8",17.09331900000,"2019-09-05","2019-09-05"
"EPIC 220187552.01",,"EPIC 220187552",0,"CANDIDATE","Kruse et al. 2019","8",17.09349100000,"2017-12-14","2017-12-14"
"EPIC 220192485.01",,"EPIC 220192485",1,"CANDIDATE","Kruse et al. 2019","8",50.69369000000,"2019-09-05","2019-09-05"
"EPIC 220192485.01",,"EPIC 220192485",0,"CANDIDATE","Kruse et al. 2019","8",50.69398850000,"2024-12-10","2024-12-10"
"EPIC 220192485.01",,"EPIC 220192485",0,"CANDIDATE","Kruse et al. 2019","8",50.69364400000,"2018-02-15","2018-02-15"
"K2-148 b","K2-148 b","EPIC 220194974",1,"CONFIRMED","Hirano et al. 2018","8",4.38395000000,"2018-02-01","2018-02-01"
"K2-148 b","K2-148 b","EPIC 220194974",0,"CONFIRMED","Hirano et al. 2018","8",4.38393000000,"2019-09-05","2019-09-05"
"K2-148 c","K2-148 c","EPIC 220194974",1,"CONFIRMED","Hirano et al. 2018","8",6.92260000000,"2018-02-01","2018-02-01"
"K2-148 c","K2-148 c","EPIC 220194974",0,"CONFIRMED","Hirano et al. 2018","8",6.92251000000,"2019-09-05","2019-09-05"
"K2-148 d","K2-148 d","EPIC 220194974",1,"CONFIRMED","Hirano et al. 2018","8",9.75790000000,"2018-02-01","2018-02-01"
"K2-148 d","K2-148 d","EPIC 220194974",0,"CONFIRMED","Hirano et al. 2018","8",9.75833000000,"2019-09-05","2019-09-05"
"EPIC 220198551.01",,"EPIC 220198551",1,"CANDIDATE","Kruse et al. 2019","8",0.79884530000,"2019-09-05","2019-09-05"
"EPIC 220198551.01",,"EPIC 220198551",0,"CANDIDATE","Kruse et al. 2019","8",0.79885250000,"2022-11-14","2022-11-14"
"EPIC 220201207.01",,"EPIC 220201207",1,"CANDIDATE","Kruse et al. 2019","8",0.43784430000,"2019-09-05","2019-09-05"
"EPIC 220204960.01",,"EPIC 220204960",1,"CANDIDATE","Kruse et al. 2019","8",13.26931000000,"2019-09-05","2019-09-05"
"EPIC 220207765.01",,"EPIC 220207765",1,"CANDIDATE","Kruse et al. 2019","8",7.12113000000,"2019-09-05","2019-09-05"
"EPIC 220207765.01",,"EPIC 220207765",0,"CANDIDATE","Kruse et al. 2019","8",7.11985600000,"2018-02-15","2018-02-15"
"EPIC 220209578.01",,"EPIC 220209578",1,"CANDIDATE","Kruse et al. 2019","8",8.90467200000,"2019-09-05","2019-09-05"
"EPIC 220209578.01",,"EPIC 220209578",0,"CANDIDATE","Kruse et al. 2019","8",8.90451900000,"2017-12-14","2017-12-14"
"EPIC 220209578.01",,"EPIC 220209578",0,"CANDIDATE","Kruse et al. 2019","8",8.90003342005,"2026-07-30","2025-01-09"
"K2-205 b","K2-205 b","EPIC 220211923",1,"CONFIRMED","Mayo et al. 2018","8",26.67226300000,"2018-02-14","2018-02-15"
"K2-205 b","K2-205 b","EPIC 220211923",0,"CONFIRMED","Mayo et al. 2018","8",26.68200000000,"2019-09-05","2019-09-05"
"K2-206 b","K2-206 b","EPIC 220216730",1,"CONFIRMED","Mayo et al. 2018","8",18.29454900000,"2018-02-14","2018-02-15"
"K2-207 b","K2-207 b","EPIC 220218012",1,"CONFIRMED","Mayo et al. 2018","8",12.48749000000,"2018-02-14","2018-02-15"
"K2-207 b","K2-207 b","EPIC 220218012",0,"CONFIRMED","Mayo et al. 2018","8",12.49040000000,"2019-09-05","2019-09-05"
"K2-384 b","K2-384 b","EPIC 220221272",1,"CONFIRMED","Christiansen et al. 2022","8",2.23152700000,"2022-03-16","2022-03-16"
"K2-384 c","K2-384 c","EPIC 220221272",1,"CONFIRMED","Christiansen et al. 2022","8",4.19476600000,"2022-03-16","2022-03-16"
"K2-384 c","K2-384 c","EPIC 220221272",0,"CONFIRMED","Christiansen et al. 2022","8",4.19525000000,"2019-09-05","2019-09-05"
"K2-384 d","K2-384 d","EPIC 220221272",1,"CONFIRMED","Christiansen et al. 2022","8",6.67958200000,"2022-03-16","2022-03-16"
"K2-384 d","K2-384 d","EPIC 220221272",0,"CONFIRMED","Christiansen et al. 2022","8",6.67910000000,"2019-09-05","2019-09-05"
"K2-384 e","K2-384 e","EPIC 220221272",1,"CONFIRMED","Christiansen et al. 2022","8",9.71504300000,"2022-03-16","2022-03-16"
"K2-384 e","K2-384 e","EPIC 220221272",0,"CONFIRMED","Christiansen et al. 2022","8",9.71601000000,"2019-09-05","2019-09-05"
"K2-384 f","K2-384 f","EPIC 220221272",1,"CONFIRMED","Christiansen et al. 2022","8",13.62749000000,"2022-03-16","2022-03-16"
"K2-384 f","K2-384 f","EPIC 220221272",0,"CONFIRMED","Christiansen et al. 2022","8",13.62740000000,"2019-09-19","2019-09-19"
"K2-384 f","K2-384 f","EPIC 220221272",0,"CONFIRMED","Christiansen et al. 2022","8",13.62757000000,"2019-09-05","2019-09-05"
"K2-208 b","K2-208 b","EPIC 220225178",1,"CONFIRMED","Mayo et al. 2018","8",4.19097000000,"2024-11-20","2024-11-20"
"K2-208 b","K2-208 b","EPIC 220225178",0,"CONFIRMED","Mayo et al. 2018","8",4.19094800000,"2018-02-14","2018-02-15"
"K2-208 b","K2-208 b","EPIC 220225178",0,"CONFIRMED","Mayo et al. 2018","8",4.19121000000,"2019-09-05","2019-09-05"
"EPIC 220228500.01",,"EPIC 220228500",1,"CANDIDATE","Kruse et al. 2019","8",2.50485300000,"2019-09-05","2019-09-05"
"EPIC 220228500.01",,"EPIC 220228500",0,"CANDIDATE","Kruse et al. 2019","8",2.50481780000,"2024-01-05","2024-01-05"
"K2-209 b","K2-209 b","EPIC 220241529",1,"CONFIRMED","Mayo et al. 2018","8",2.08061500000,"2018-02-14","2018-02-15"
"EPIC 220245303.01",,"EPIC 220245303",1,"CANDIDATE","Kruse et al. 2019","8",3.68047000000,"2019-09-05","2019-09-05"
"EPIC 220245303.01",,"EPIC 220245303",0,"CANDIDATE","Kruse et al. 2019","8",3.68034000000,"2018-02-15","2018-02-15"
"K2-210 b","K2-210 b","EPIC 220250254",1,"CONFIRMED","Mayo et al. 2018","8",0.57023000000,"2022-03-28","2022-03-28"
"K2-210 b","K2-210 b","EPIC 220250254",0,"CONFIRMED","Mayo et al. 2018","8",0.57023300000,"2018-02-14","2018-02-15"
"EPIC 220256496.02",,"EPIC 220256496",1,"CANDIDATE","Kruse et al. 2019","8",2.60170000000,"2019-09-05","2019-09-05"
"K2-211 b","K2-211 b","EPIC 220256496",1,"CONFIRMED","Mayo et al. 2018","8",0.66956100000,"2024-11-20","2024-11-20"
"K2-211 b","K2-211 b","EPIC 220256496",0,"CONFIRMED","Mayo et al. 2018","8",0.66955800000,"2018-02-14","2018-02-15"
"K2-211 b","K2-211 b","EPIC 220256496",0,"CONFIRMED","Mayo et al. 2018","8",0.66957300000,"2019-09-05","2019-09-05"
"K2-211 b","K2-211 b","EPIC 220256496",0,"CONFIRMED","Mayo et al. 2018","8",0.66953200000,"2022-03-28","2022-03-28"
"EPIC 220258394.01",,"EPIC 220258394",1,"CANDIDATE","Petigura et al. 2018","8",15.96012800000,"2017-12-14","2017-12-14"
"EPIC 220260084.01",,"EPIC 220260084",1,"CANDIDATE","Kruse et al. 2019","8",16.96160000000,"2019-09-05","2019-09-05"
"EPIC 220263105.01",,"EPIC 220263105",1,"CANDIDATE","Kruse et al. 2019","8",0.71757470000,"2019-09-05","2019-09-05"
"EPIC 220267210.01",,"EPIC 220267210",1,"CANDIDATE","Kruse et al. 2019","8",5.16450000000,"2019-09-05","2019-09-05"
"EPIC 220275625.01",,"EPIC 220275625",1,"CANDIDATE","Kruse et al. 2019","8",3.44795000000,"2019-09-05","2019-09-05"
"EPIC 220280237.01",,"EPIC 220280237",1,"CANDIDATE","Kruse et al. 2019","8",,"2019-09-05","2019-09-05"
"EPIC 220282718.01",,"EPIC 220282718",1,"CANDIDATE","Kruse et al. 2019","8",0.55516060000,"2019-09-05","2019-09-05"
"EPIC 220287611.01",,"EPIC 220287611",1,"CANDIDATE","Kruse et al. 2019","8",6.26242000000,"2019-09-05","2019-09-05"
"EPIC 220288191.01",,"EPIC 220288191",1,"CANDIDATE","Kruse et al. 2019","8",24.41310000000,"2019-09-05","2019-09-05"
"EPIC 220288594.01",,"EPIC 220288594",1,"CANDIDATE","Kruse et al. 2019","8",4.02748000000,"2019-09-05","2019-09-05"
"EPIC 220290988.01",,"EPIC 220290988",1,"CANDIDATE","Kruse et al. 2019","8",10.55369000000,"2019-09-05","2019-09-05"
"EPIC 220292715.01",,"EPIC 220292715",1,"CANDIDATE","Kruse et al. 2019","8",41.55209000000,"2019-09-05","2019-09-05"
"EPIC 220292715.01",,"EPIC 220292715",0,"CANDIDATE","Kruse et al. 2019","8",41.55293400000,"2018-02-15","2018-02-15"
"EPIC 220294712.01",,"EPIC 220294712",1,"CANDIDATE","Kruse et al. 2019","8",23.60880000000,"2019-09-05","2019-09-05"
"EPIC 220294712.01",,"EPIC 220294712",0,"CANDIDATE","Kruse et al. 2019","8",23.60790200000,"2018-02-15","2018-02-15"
"EPIC 220294712.01",,"EPIC 220294712",0,"CANDIDATE","Kruse et al. 2019","8",23.61093900000,"2017-12-14","2017-12-14"
"EPIC 220299658.01",,"EPIC 220299658",1,"CANDIDATE","Zink et al. 2021","8",21.98131000000,"2022-01-10","2022-01-10"
"WASP-118 b",,"EPIC 220303276",1,"CONFIRMED","Hay et al. 2016","8",4.04604350000,"2016-09-06","2016-09-08"
"WASP-118 b",,"EPIC 220303276",0,"CONFIRMED","Hay et al. 2016","8",4.04606540000,"2019-03-25","2019-03-28"
"WASP-118 b",,"EPIC 220303276",0,"CONFIRMED","Hay et al. 2016","8",4.04606440000,"2024-01-05","2024-01-05"
"WASP-118 b",,"EPIC 220303276",0,"CONFIRMED","Hay et al. 2016","8",4.04600500000,"2017-12-14","2017-12-14"
"WASP-118 b",,"EPIC 220303276",0,"CONFIRMED","Hay et al. 2016","8",4.04605063000,"2024-03-04","2024-03-04"
"WASP-118 b",,"EPIC 220303276",0,"CONFIRMED","Hay et al. 2016","8",4.04604070000,"2017-08-22","2017-08-24"
"WASP-118 b",,"EPIC 220303276",0,"CONFIRMED","Hay et al. 2016","8",4.04604960000,"2022-10-18","2022-10-18"
"EPIC 220309058.01",,"EPIC 220309058",1,"CANDIDATE","Kruse et al. 2019","8",9.64954000000,"2019-09-05","2019-09-05"
"EPIC 220315508.01",,"EPIC 220315508",1,"CANDIDATE","Kruse et al. 2019","8",6.55340000000,"2019-09-05","2019-09-05"
"EPIC 220316844.01",,"EPIC 220316844",1,"CANDIDATE","Kruse et al. 2019","8",0.67199770000,"2019-09-05","2019-09-05"
"EPIC 220317172.01",,"EPIC 220317172",1,"CANDIDATE","Kruse et al. 2019","8",4.43580000000,"2019-09-05","2019-09-05"
"EPIC 220317172.01",,"EPIC 220317172",0,"CANDIDATE","Kruse et al. 2019","8",4.43571700000,"2018-02-15","2018-02-15"
"K2-212 b","K2-212 b","EPIC 220321605",1,"CONFIRMED","Mayo et al. 2018","8",9.79564700000,"2022-08-23","2022-08-23"
"K2-212 b","K2-212 b","EPIC 220321605",0,"CONFIRMED","Mayo et al. 2018","8",9.79551000000,"2018-10-24","2018-10-26"
"K2-212 b","K2-212 b","EPIC 220321605",0,"CONFIRMED","Mayo et al. 2018","8",9.79546000000,"2019-09-05","2019-09-05"
"K2-212 b","K2-212 b","EPIC 220321605",0,"CONFIRMED","Mayo et al. 2018","8",9.79565352601,"2024-12-10","2024-12-10"
"K2-212 b","K2-212 b","EPIC 220321605",0,"CONFIRMED","Mayo et al. 2018","8",9.79540000000,"2018-10-24","2018-02-15"
"K2-212 b","K2-212 b","EPIC 220321605",0,"CONFIRMED","Mayo et al. 2018","8",9.79554600000,"2017-12-14","2017-12-14"
"EPIC 220322327.01",,"EPIC 220322327",1,"CANDIDATE","Kruse et al. 2019","8",3.31347000000,"2019-09-05","2019-09-05"
"EPIC 220336320.01",,"EPIC 220336320",1,"CANDIDATE","Petigura et al. 2018","8",1.72767000000,"2017-12-14","2017-12-14"
"K2-213 b","K2-213 b","EPIC 220341183",1,"CONFIRMED","Mayo et al. 2018","8",8.13087000000,"2018-02-14","2018-02-15"
"EPIC 220342163.01",,"EPIC 220342163",1,"CANDIDATE","Kruse et al. 2019","8",4.69942000000,"2019-09-05","2019-09-05"
"EPIC 220356827.01",,"EPIC 220356827",1,"FALSE POSITIVE","del Ser et al. 2023","8",4.75350000000,"2022-11-07","2022-11-07"
"K2-214 b","K2-214 b","EPIC 220376054",1,"CONFIRMED","Mayo et al. 2018","8",8.59656000000,"2025-09-17","2025-09-17"
"K2-214 b","K2-214 b","EPIC 220376054",0,"CONFIRMED","Mayo et al. 2018","8",8.59627000000,"2019-09-05","2019-09-05"
"K2-214 b","K2-214 b","EPIC 220376054",0,"CONFIRMED","Mayo et al. 2018","8",8.59653100000,"2018-10-24","2018-02-15"
"K2-214 b","K2-214 b","EPIC 220376054",0,"CONFIRMED","Mayo et al. 2018","8",8.59672400000,"2017-12-14","2017-12-14"
"K2-214 b","K2-214 b","EPIC 220376054",0,"CONFIRMED","Mayo et al. 2018","8",8.59680200000,"2018-10-24","2018-10-26"
"HD 3167 b","K2-96 b","EPIC 220383386",1,"CONFIRMED","Vanderburg et al. 2016","8",0.95965451000,"2026-07-30","2026-07-30"
"HD 3167 b","K2-96 b","EPIC 220383386",0,"CONFIRMED","Vanderburg et al. 2016","8",,"2025-04-29","2025-04-29"
"HD 3167 b","K2-96 b","EPIC 220383386",0,"CONFIRMED","Vanderburg et al. 2016","8",0.95963200000,"2021-07-12","2021-07-12"
"HD 3167 b","K2-96 b","EPIC 220383386",0,"CONFIRMED","Vanderburg et al. 2016","8",0.95966500000,"2018-10-24","2018-02-15"
"HD 3167 b","K2-96 b","EPIC 220383386",0,"CONFIRMED","Vanderburg et al. 2016","8",0.95962400000,"2018-10-24","2018-10-26"
"HD 3167 b","K2-96 b","EPIC 220383386",0,"CONFIRMED","Vanderburg et al. 2016","8",0.96000000000,"2019-08-23","2019-08-29"
"HD 3167 b","K2-96 b","EPIC 220383386",0,"CONFIRMED","Vanderburg et al. 2016","8",0.95964100000,"2018-10-24","2017-06-08"
"HD 3167 b","K2-96 b","EPIC 220383386",0,"CONFIRMED","Vanderburg et al. 2016","8",0.95962200000,"2022-03-28","2022-03-28"
"HD 3167 b","K2-96 b","EPIC 220383386",0,"CONFIRMED","Vanderburg et al. 2016","8",0.95962800000,"2018-10-24","2016-09-08"
"HD 3167 b","K2-96 b","EPIC 220383386",0,"CONFIRMED","Vanderburg et al. 2016","8",0.95964100000,"2023-04-17","2023-04-17"
"HD 3167 b","K2-96 b","EPIC 220383386",0,"CONFIRMED","Vanderburg et al. 2016","8",0.95964100000,"2025-09-17","2025-09-17"
"HD 3167 b","K2-96 b","EPIC 220383386",0,"CONFIRMED","Vanderburg et al. 2016","8",0.95965428000,"2022-10-18","2022-10-18"
"HD 3167 b","K2-96 b","EPIC 220383386",0,"CONFIRMED","Vanderburg et al. 2016","8",0.95962800000,"2017-12-14","2017-12-14"
"HD 3167 c","K2-96 c","EPIC 220383386",1,"CONFIRMED","Vanderburg et al. 2016","8",29.84651100000,"2026-07-30","2026-07-30"
"HD 3167 c","K2-96 c","EPIC 220383386",0,"CONFIRMED","Vanderburg et al. 2016","8",29.84540000000,"2018-10-24","2016-09-08"
"HD 3167 c","K2-96 c","EPIC 220383386",0,"CONFIRMED","Vanderburg et al. 2016","8",29.83832000000,"2018-10-24","2018-10-26"
"HD 3167 c","K2-96 c","EPIC 220383386",0,"CONFIRMED","Vanderburg et al. 2016","8",29.84540000000,"2018-10-24","2017-06-08"
"HD 3167 c","K2-96 c","EPIC 220383386",0,"CONFIRMED","Vanderburg et al. 2016","8",29.84540000000,"2025-09-17","2025-09-17"
"HD 3167 c","K2-96 c","EPIC 220383386",0,"CONFIRMED","Vanderburg et al. 2016","8",,"2025-04-29","2025-04-29"
"HD 3167 c","K2-96 c","EPIC 220383386",0,"CONFIRMED","Vanderburg et al. 2016","8",,"2025-11-13","2023-11-28"
"HD 3167 c","K2-96 c","EPIC 220383386",0,"CONFIRMED","Vanderburg et al. 2016","8",29.84622000000,"2021-07-12","2021-07-12"
"HD 3167 c","K2-96 c","EPIC 220383386",0,"CONFIRMED","Vanderburg et al. 2016","8",29.83983500000,"2017-12-14","2017-12-14"
"HD 3167 c","K2-96 c","EPIC 220383386",0,"CONFIRMED","Vanderburg et al. 2016","8",29.84540000000,"2023-04-17","2023-04-17"
"HD 3167 c","K2-96 c","EPIC 220383386",0,"CONFIRMED","Vanderburg et al. 2016","8",29.84498200000,"2018-10-24","2018-02-15"
"HD 3167 c","K2-96 c","EPIC 220383386",0,"CONFIRMED","Vanderburg et al. 2016","8",29.84649480000,"2022-10-18","2022-10-18"
"HD 3167 c","K2-96 c","EPIC 220383386",0,"CONFIRMED","Vanderburg et al. 2016","8",29.87522100000,"2022-03-28","2022-03-28"
"HD 3167 d","K2-96 d","EPIC 220383386",1,"CONFIRMED","Christiansen et al. 2017","8",8.39670000000,"2026-07-30","2026-07-30"
"HD 3167 d","K2-96 d","EPIC 220383386",0,"CONFIRMED","Christiansen et al. 2017","8",8.41120000000,"2023-04-17","2023-04-17"
"HD 3167 d","K2-96 d","EPIC 220383386",0,"CONFIRMED","Christiansen et al. 2017","8",8.50900000000,"2025-09-17","2025-09-17"
"HD 3167 d","K2-96 d","EPIC 220383386",0,"CONFIRMED","Christiansen et al. 2017","8",8.50900000000,"2024-07-12","2024-07-12"
"HD 3167 d","K2-96 d","EPIC 220383386",0,"CONFIRMED","Christiansen et al. 2017","8",8.47830000000,"2022-10-18","2022-10-18"
"HD 3167 e","K2-96 e","EPIC 220383386",1,"CONFIRMED","Bourrier et al. 2022","8",91.90000000000,"2026-07-30","2026-07-30"
"HD 3167 e","K2-96 e","EPIC 220383386",0,"CONFIRMED","Bourrier et al. 2022","8",102.09000000000,"2022-10-18","2022-10-18"
"HD 3167 e","K2-96 e","EPIC 220383386",0,"CONFIRMED","Bourrier et al. 2022","8",96.63000000000,"2023-04-17","2023-04-17"
"EPIC 220393791.01",,"EPIC 220393791",1,"CANDIDATE","Kruse et al. 2019","8",12.72560000000,"2019-09-05","2019-09-05"
"EPIC 220395416.01",,"EPIC 220395416",1,"CANDIDATE","Kruse et al. 2019","8",45.49390000000,"2019-09-05","2019-09-05"
"EPIC 220397060.01",,"EPIC 220397060",1,"CANDIDATE","Kruse et al. 2019","8",12.09259000000,"2019-09-05","2019-09-05"
"EPIC 220397060.01",,"EPIC 220397060",0,"CANDIDATE","Kruse et al. 2019","8",12.09219900000,"2018-02-15","2018-02-15"
"EPIC 220397060.01",,"EPIC 220397060",0,"CANDIDATE","Kruse et al. 2019","8",12.09221600000,"2017-12-14","2017-12-14"
"EPIC 220400100.01",,"EPIC 220400100",1,"CANDIDATE","Kruse et al. 2019","8",10.79460000000,"2019-09-05","2019-09-05"
"EPIC 220400100.01",,"EPIC 220400100",0,"CANDIDATE","Kruse et al. 2019","8",10.79460000000,"2019-09-19","2019-09-19"
"EPIC 220400100.02",,"EPIC 220400100",1,"CANDIDATE","Kruse et al. 2019","8",4.06643000000,"2019-09-05","2019-09-05"
"EPIC 220400525.01",,"EPIC 220400525",1,"CANDIDATE","Kruse et al. 2019","8",57.83960000000,"2019-09-05","2019-09-05"
"EPIC 220401029.01",,"EPIC 220401029",1,"CANDIDATE","Kruse et al. 2019","8",4.49161000000,"2019-09-05","2019-09-05"
"EPIC 220410754.01",,"EPIC 220410754",1,"CANDIDATE","Kruse et al. 2019","8",19.49890000000,"2019-09-05","2019-09-05"
"EPIC 220410754.01",,"EPIC 220410754",0,"CANDIDATE","Kruse et al. 2019","8",19.49664900000,"2018-02-15","2018-02-15"
"EPIC 220416518.01",,"EPIC 220416518",1,"CANDIDATE","Kruse et al. 2019","8",3.78177000000,"2019-09-05","2019-09-05"
"EPIC 220431824.01",,"EPIC 220431824",1,"CANDIDATE","Kruse et al. 2019","8",9.07326600000,"2019-09-05","2019-09-05"
"EPIC 220434612.01",,"EPIC 220434612",1,"CANDIDATE","Zink et al. 2021","8",2.01060700000,"2021-11-19","2021-11-19"
"EPIC 220436189.01",,"EPIC 220436189",1,"CANDIDATE","Kruse et al. 2019","8",13.60940000000,"2019-09-05","2019-09-05"
"EPIC 220436208.01",,"EPIC 220436208",1,"CANDIDATE","Kruse et al. 2019","8",5.23587000000,"2019-09-05","2019-09-05"
"EPIC 220436208.01",,"EPIC 220436208",0,"CANDIDATE","Kruse et al. 2019","8",5.23571400000,"2017-12-14","2017-12-14"
"EPIC 220436943.01",,"EPIC 220436943",1,"CANDIDATE","Kruse et al. 2019","8",2.43807000000,"2019-09-05","2019-09-05"
"EPIC 220443340.01",,"EPIC 220443340",1,"CANDIDATE","Kruse et al. 2019","8",6.80111000000,"2019-09-05","2019-09-05"
"EPIC 220448185.01",,"EPIC 220448185",1,"CANDIDATE","Petigura et al. 2018","8",0.72863900000,"2017-12-14","2017-12-14"
"EPIC 220448185.01",,"EPIC 220448185",0,"CANDIDATE","Petigura et al. 2018","8",0.36432247904,"2022-08-10","2022-08-10"
"K2-385 b","K2-385 b","EPIC 220459477",1,"CONFIRMED","Christiansen et al. 2022","8",2.38086700000,"2022-03-16","2022-03-16"
"K2-385 b","K2-385 b","EPIC 220459477",0,"CONFIRMED","Christiansen et al. 2022","8",2.38098000000,"2019-09-05","2019-09-05"
"EPIC 220466136.01",,"EPIC 220466136",1,"CANDIDATE","Kruse et al. 2019","8",17.10570000000,"2019-09-05","2019-09-05"
"EPIC 220470563.01",,"EPIC 220470563",1,"CANDIDATE","Kruse et al. 2019","8",7.30383000000,"2019-09-05","2019-09-05"
"EPIC 220471100.01",,"EPIC 220471100",1,"FALSE POSITIVE","del Ser et al. 2023","8",7.32740000000,"2022-11-07","2022-11-07"
"K2-215 b","K2-215 b","EPIC 220471666",1,"CONFIRMED","Mayo et al. 2018","8",8.26964800000,"2018-02-14","2018-02-15"
"K2-215 b","K2-215 b","EPIC 220471666",0,"CONFIRMED","Mayo et al. 2018","8",8.26947000000,"2019-09-05","2019-09-05"
"EPIC 220477223.01",,"EPIC 220477223",1,"CANDIDATE","Zink et al. 2021","8",4.68455900000,"2021-11-19","2021-11-19"
"K2-216 b","K2-216 b","EPIC 220481411",1,"CONFIRMED","Mayo et al. 2018","8",2.17480000000,"2018-11-02","2018-11-01"
"K2-216 b","K2-216 b","EPIC 220481411",0,"CONFIRMED","Mayo et al. 2018","8",2.17478900000,"2018-11-02","2018-02-15"
"K2-216 b","K2-216 b","EPIC 220481411",0,"CONFIRMED","Mayo et al. 2018","8",2.17482900000,"2019-09-05","2019-09-05"
"K2-216 b","K2-216 b","EPIC 220481411",0,"CONFIRMED","Mayo et al. 2018","8",2.17476900000,"2017-12-14","2017-12-14"
"K2-216 b","K2-216 b","EPIC 220481411",0,"CONFIRMED","Mayo et al. 2018","8",2.17478900000,"2025-09-17","2025-09-17"
"K2-216 b","K2-216 b","EPIC 220481411",0,"CONFIRMED","Mayo et al. 2018","8",2.17478240000,"2024-01-05","2024-01-05"
"K2-216 b","K2-216 b","EPIC 220481411",0,"CONFIRMED","Mayo et al. 2018","8",2.17478200000,"2018-11-02","2018-10-26"
"EPIC 220482322.01",,"EPIC 220482322",1,"CANDIDATE","Kruse et al. 2019","8",57.84150000000,"2019-09-05","2019-09-05"
"K2-217 b","K2-217 b","EPIC 220487418",1,"CONFIRMED","Mayo et al. 2018","8",14.07452400000,"2018-02-14","2018-02-15"
"K2-217 b","K2-217 b","EPIC 220487418",0,"CONFIRMED","Mayo et al. 2018","8",14.07210000000,"2019-09-05","2019-09-05"
"EPIC 220492298 b","K2-362 b","EPIC 220492298",1,"CONFIRMED","Adams et al. 2021","8",0.76240600000,"2021-10-25","2021-10-25"
"EPIC 220492492.01",,"EPIC 220492492",1,"CANDIDATE","Kruse et al. 2019","8",9.45380000000,"2019-09-05","2019-09-05"
"K2-295 b","K2-295 b","EPIC 220501947",1,"CONFIRMED","Smith et al. 2019","8",4.02486700000,"2019-05-20","2019-05-23"
"K2-295 b","K2-295 b","EPIC 220501947",0,"CONFIRMED","Smith et al. 2019","8",4.02488968000,"2024-03-04","2024-03-04"
"K2-295 b","K2-295 b","EPIC 220501947",0,"CONFIRMED","Smith et al. 2019","8",4.02487350000,"2023-12-14","2023-12-14"
"K2-295 b","K2-295 b","EPIC 220501947",0,"CONFIRMED","Smith et al. 2019","8",4.02488100000,"2017-12-14","2017-12-14"
"K2-295 b","K2-295 b","EPIC 220501947",0,"CONFIRMED","Smith et al. 2019","8",4.02488830000,"2019-09-05","2019-09-05"
"K2-218 b","K2-218 b","EPIC 220503236",1,"CONFIRMED","Mayo et al. 2018","8",8.67988500000,"2018-02-14","2018-02-15"
"K2-218 b","K2-218 b","EPIC 220503236",0,"CONFIRMED","Mayo et al. 2018","8",8.68055000000,"2019-09-05","2019-09-05"
"K2-113 b","K2-113 b","EPIC 220504338",1,"CONFIRMED","Espinoza et al. 2017","8",5.81768500000,"2018-10-24","2018-10-26"
"K2-113 b","K2-113 b","EPIC 220504338",0,"CONFIRMED","Espinoza et al. 2017","8",5.81764900000,"2019-09-05","2019-09-05"
"K2-113 b","K2-113 b","EPIC 220504338",0,"CONFIRMED","Espinoza et al. 2017","8",5.81764520000,"2024-01-05","2024-01-05"
"K2-113 b","K2-113 b","EPIC 220504338",0,"CONFIRMED","Espinoza et al. 2017","8",5.81768100000,"2017-12-14","2017-12-14"
"K2-113 b","K2-113 b","EPIC 220504338",0,"CONFIRMED","Espinoza et al. 2017","8",5.81760150000,"2024-03-04","2024-03-04"
"K2-113 b","K2-113 b","EPIC 220504338",0,"CONFIRMED","Espinoza et al. 2017","8",5.81760800000,"2018-10-24","2017-07-27"
"K2-386 b","K2-386 b","EPIC 220510874",1,"CONFIRMED","Christiansen et al. 2022","8",7.47322300000,"2022-03-16","2022-03-16"
"K2-386 b","K2-386 b","EPIC 220510874",0,"CONFIRMED","Christiansen et al. 2022","8",7.47331000000,"2019-09-05","2019-09-05"
"K2-386 b","K2-386 b","EPIC 220510874",0,"CONFIRMED","Christiansen et al. 2022","8",7.47372000000,"2019-09-19","2019-09-19"
"K2-281 b","K2-281 b","EPIC 220522262",1,"CONFIRMED","Livingston et al. 2018","8",8.68772100000,"2018-10-24","2018-10-26"
"K2-281 b","K2-281 b","EPIC 220522262",0,"CONFIRMED","Livingston et al. 2018","8",8.68770800000,"2017-12-14","2017-12-14"
"K2-281 b","K2-281 b","EPIC 220522262",0,"CONFIRMED","Livingston et al. 2018","8",8.68781200000,"2019-09-05","2019-09-05"
"K2-149 b","K2-149 b","EPIC 220522664",1,"CONFIRMED","Hirano et al. 2018","8",11.33200000000,"2018-02-01","2018-02-01"
"EPIC 220526079.01",,"EPIC 220526079",1,"CANDIDATE","Kruse et al. 2019","8",7.51114000000,"2019-09-05","2019-09-05"
"EPIC 220527374.01",,"EPIC 220527374",1,"CANDIDATE","Kruse et al. 2019","8",10.43470000000,"2019-09-05","2019-09-05"
"EPIC 220542353.01",,"EPIC 220542353",1,"CANDIDATE","Petigura et al. 2018","8",15.24659300000,"2017-12-14","2017-12-14"
"EPIC 220554210 c","K2-282 c","EPIC 220554210",1,"CONFIRMED","Heller et al. 2019","8",0.70531000000,"2022-03-28","2022-03-28"
"EPIC 220554210 c","K2-282 c","EPIC 220554210",0,"CONFIRMED","Heller et al. 2019","8",0.70538600000,"2019-09-05","2019-09-05"
"EPIC 220554210 c","K2-282 c","EPIC 220554210",0,"CONFIRMED","Heller et al. 2019","8",0.70531000000,"2019-06-03","2019-06-13"
"K2-282 b","K2-282 b","EPIC 220554210",1,"CONFIRMED","Livingston et al. 2018","8",4.16978300000,"2022-03-28","2022-03-28"
"K2-282 b","K2-282 b","EPIC 220554210",0,"CONFIRMED","Livingston et al. 2018","8",4.16974600000,"2017-12-14","2017-12-14"
"K2-282 b","K2-282 b","EPIC 220554210",0,"CONFIRMED","Livingston et al. 2018","8",4.16983600000,"2018-10-24","2018-10-26"
"K2-282 b","K2-282 b","EPIC 220554210",0,"CONFIRMED","Livingston et al. 2018","8",4.17032000000,"2019-09-05","2019-09-05"
"EPIC 220555384.01",,"EPIC 220555384",1,"CANDIDATE","Kruse et al. 2019","8",4.28446000000,"2019-09-05","2019-09-05"
"EPIC 220555384.01",,"EPIC 220555384",0,"CANDIDATE","Kruse et al. 2019","8",4.28452300000,"2018-02-15","2018-02-15"
"EPIC 220555384.01",,"EPIC 220555384",0,"CANDIDATE","Kruse et al. 2019","8",4.28475000000,"2017-12-14","2017-12-14"
"EPIC 220556827.01",,"EPIC 220556827",1,"CANDIDATE","Kruse et al. 2019","8",6.53046000000,"2019-09-05","2019-09-05"
"EPIC 220556827.01",,"EPIC 220556827",0,"CANDIDATE","Kruse et al. 2019","8",6.53074000000,"2019-09-19","2019-09-19"
"EPIC 220562610.01",,"EPIC 220562610",1,"CANDIDATE","Kruse et al. 2019","8",,"2019-09-05","2019-09-05"
"EPIC 220565337.01",,"EPIC 220565337",1,"CANDIDATE","Kruse et al. 2019","8",14.75300000000,"2019-09-05","2019-09-05"
"EPIC 220565349.01",,"EPIC 220565349",1,"CANDIDATE","Kruse et al. 2019","8",21.77635000000,"2019-09-05","2019-09-05"
"EPIC 220565349.01",,"EPIC 220565349",0,"CANDIDATE","Kruse et al. 2019","8",21.77697100000,"2017-12-14","2017-12-14"
"EPIC 220571481.01",,"EPIC 220571481",1,"CANDIDATE","Kruse et al. 2019","8",8.78627000000,"2019-09-05","2019-09-05"
"EPIC 220573228.01",,"EPIC 220573228",1,"CANDIDATE","Kruse et al. 2019","8",57.10412000000,"2019-09-05","2019-09-05"
"EPIC 220573228.01",,"EPIC 220573228",0,"CANDIDATE","Kruse et al. 2019","8",57.10500770000,"2024-09-30","2024-09-30"
"EPIC 220573228.02",,"EPIC 220573228",1,"CANDIDATE","Kruse et al. 2019","8",20.21535000000,"2019-09-05","2019-09-05"
"EPIC 220579319.01",,"EPIC 220579319",1,"CANDIDATE","Kruse et al. 2019","8",39.32660000000,"2019-09-05","2019-09-05"
"K2-219 b","K2-219 b","EPIC 220592745",1,"CONFIRMED","Mayo et al. 2018","8",3.90128700000,"2018-02-14","2018-02-15"
"K2-219 b","K2-219 b","EPIC 220592745",0,"CONFIRMED","Mayo et al. 2018","8",3.90090000000,"2019-09-05","2019-09-05"
"K2-219 c","K2-219 c","EPIC 220592745",1,"CONFIRMED","Mayo et al. 2018","8",6.66767000000,"2018-02-14","2018-02-15"
"K2-219 c","K2-219 c","EPIC 220592745",0,"CONFIRMED","Mayo et al. 2018","8",6.66740000000,"2019-09-05","2019-09-05"
"K2-219 d","K2-219 d","EPIC 220592745",1,"CONFIRMED","Mayo et al. 2018","8",11.13727800000,"2018-02-14","2018-02-15"
"K2-219 d","K2-219 d","EPIC 220592745",0,"CONFIRMED","Mayo et al. 2018","8",11.13878000000,"2019-09-05","2019-09-05"
"K2-150 b","K2-150 b","EPIC 220598331",1,"CONFIRMED","Hirano et al. 2018","8",10.59357000000,"2018-02-01","2018-02-01"
"K2-150 b","K2-150 b","EPIC 220598331",0,"CONFIRMED","Hirano et al. 2018","8",10.59366000000,"2019-09-05","2019-09-05"
"EPIC 220598367.02",,"EPIC 220598367",1,"CANDIDATE","Kruse et al. 2019","8",7.64514000000,"2019-09-05","2019-09-05"
"EPIC 220605820.01",,"EPIC 220605820",1,"CANDIDATE","Kruse et al. 2019","8",46.47688000000,"2019-09-05","2019-09-05"
"EPIC 220606084.01",,"EPIC 220606084",1,"CANDIDATE","Kruse et al. 2019","8",,"2019-09-05","2019-09-05"
"EPIC 220616148.01",,"EPIC 220616148",1,"CANDIDATE","Kruse et al. 2019","8",6.73511000000,"2019-09-05","2019-09-05"
"EPIC 220616148.01",,"EPIC 220616148",0,"CANDIDATE","Kruse et al. 2019","8",6.73572000000,"2019-09-19","2019-09-19"
"EPIC 220616148.02",,"EPIC 220616148",1,"CANDIDATE","Kruse et al. 2019","8",15.15630000000,"2019-09-05","2019-09-05"
"K2-151 b","K2-151 b","EPIC 220621087",1,"CONFIRMED","Hirano et al. 2018","8",3.83547600000,"2018-10-24","2018-10-26"
"K2-151 b","K2-151 b","EPIC 220621087",0,"CONFIRMED","Hirano et al. 2018","8",3.83559200000,"2018-10-24","2018-02-01"
"K2-151 b","K2-151 b","EPIC 220621087",0,"CONFIRMED","Hirano et al. 2018","8",3.83537600000,"2017-12-14","2017-12-14"
"K2-151 b","K2-151 b","EPIC 220621087",0,"CONFIRMED","Hirano et al. 2018","8",3.83553000000,"2019-09-05","2019-09-05"
"K2-220 b","K2-220 b","EPIC 220621788",1,"CONFIRMED","Mayo et al. 2018","8",13.68186000000,"2025-09-17","2025-09-17"
"K2-220 b","K2-220 b","EPIC 220621788",0,"CONFIRMED","Mayo et al. 2018","8",13.68325600000,"2018-10-24","2018-10-26"
"K2-220 b","K2-220 b","EPIC 220621788",0,"CONFIRMED","Mayo et al. 2018","8",13.68251100000,"2018-10-24","2018-02-15"
"K2-220 b","K2-220 b","EPIC 220621788",0,"CONFIRMED","Mayo et al. 2018","8",13.68303800000,"2017-12-14","2017-12-14"
"K2-220 b","K2-220 b","EPIC 220621788",0,"CONFIRMED","Mayo et al. 2018","8",13.68275000000,"2019-09-05","2019-09-05"
"K2-283 b","K2-283 b","EPIC 220629489",1,"CONFIRMED","Livingston et al. 2018","8",1.92103600000,"2018-10-24","2018-10-26"
"K2-283 b","K2-283 b","EPIC 220629489",0,"CONFIRMED","Livingston et al. 2018","8",1.92107600000,"2017-12-14","2017-12-14"
"K2-283 b","K2-283 b","EPIC 220629489",0,"CONFIRMED","Livingston et al. 2018","8",1.92111100000,"2019-09-05","2019-09-05"
"EPIC 220631484.01",,"EPIC 220631484",1,"CANDIDATE","Kruse et al. 2019","8",13.26773000000,"2019-09-05","2019-09-05"
"EPIC 220639177.01",,"EPIC 220639177",1,"CANDIDATE","Kruse et al. 2019","8",7.14238000000,"2019-09-05","2019-09-05"
"EPIC 220643470.01",,"EPIC 220643470",1,"CANDIDATE","Kruse et al. 2019","8",2.65327500000,"2019-09-05","2019-09-05"
"EPIC 220643470.01",,"EPIC 220643470",0,"CANDIDATE","Kruse et al. 2019","8",2.65323000000,"2018-02-15","2018-02-15"
"EPIC 220644522.01",,"EPIC 220644522",1,"CANDIDATE","Kruse et al. 2019","8",40.93800000000,"2019-09-05","2019-09-05"
"EPIC 220648214.01",,"EPIC 220648214",1,"CANDIDATE","Mayo et al. 2018","8",29.43523300000,"2018-02-15","2018-02-15"
"K2-221 b","K2-221 b","EPIC 220650439",1,"CONFIRMED","Mayo et al. 2018","8",2.39909400000,"2018-02-14","2018-02-15"
"K2-221 b","K2-221 b","EPIC 220650439",0,"CONFIRMED","Mayo et al. 2018","8",2.39898200000,"2019-09-05","2019-09-05"
"EPIC 220650843.01",,"EPIC 220650843",1,"CANDIDATE","Kruse et al. 2019","8",10.22657000000,"2019-09-05","2019-09-05"
"EPIC 220650843.01",,"EPIC 220650843",0,"CANDIDATE","Kruse et al. 2019","8",10.22800000000,"2019-09-19","2019-09-19"
"EPIC 220657558.01",,"EPIC 220657558",1,"CANDIDATE","Kruse et al. 2019","8",3.91764000000,"2019-09-05","2019-09-05"
"EPIC 220663602.01",,"EPIC 220663602",1,"CANDIDATE","Kruse et al. 2019","8",6.40630000000,"2019-09-05","2019-09-05"
"EPIC 220666631.01",,"EPIC 220666631",1,"CANDIDATE","Kruse et al. 2019","8",31.97610000000,"2019-09-05","2019-09-05"
"EPIC 220674823 b","K2-106 b","EPIC 220674823",1,"CONFIRMED","Adams et al. 2017","8",0.57130782000,"2026-04-16","2026-04-16"
"EPIC 220674823 b","K2-106 b","EPIC 220674823",0,"CONFIRMED","Adams et al. 2017","8",0.57128500000,"2019-09-05","2019-09-05"
"EPIC 220674823 b","K2-106 b","EPIC 220674823",0,"CONFIRMED","Adams et al. 2017","8",0.57130200000,"2026-06-04","2026-06-04"
"EPIC 220674823 b","K2-106 b","EPIC 220674823",0,"CONFIRMED","Adams et al. 2017","8",0.57133100000,"2018-10-24","2018-10-26"
"EPIC 220674823 b","K2-106 b","EPIC 220674823",0,"CONFIRMED","Adams et al. 2017","8",0.57128200000,"2025-09-17","2025-09-17"
"EPIC 220674823 b","K2-106 b","EPIC 220674823",0,"CONFIRMED","Adams et al. 2017","8",0.57129200000,"2023-04-17","2023-04-17"
"EPIC 220674823 b","K2-106 b","EPIC 220674823",0,"CONFIRMED","Adams et al. 2017","8",0.57129900000,"2018-10-24","2018-02-15"
"EPIC 220674823 b","K2-106 b","EPIC 220674823",0,"CONFIRMED","Adams et al. 2017","8",0.57100000000,"2019-08-23","2019-08-29"
"EPIC 220674823 b","K2-106 b","EPIC 220674823",0,"CONFIRMED","Adams et al. 2017","8",0.57133600000,"2017-12-14","2017-12-14"
"EPIC 220674823 b","K2-106 b","EPIC 220674823",0,"CONFIRMED","Adams et al. 2017","8",0.57133600000,"2018-10-24","2017-12-14"
"EPIC 220674823 b","K2-106 b","EPIC 220674823",0,"CONFIRMED","Adams et al. 2017","8",0.57121200000,"2022-03-28","2022-03-28"
"EPIC 220674823 b","K2-106 b","EPIC 220674823",0,"CONFIRMED","Adams et al. 2017","8",0.57131270000,"2025-02-24","2025-02-24"
"EPIC 220674823 b","K2-106 b","EPIC 220674823",0,"CONFIRMED","Adams et al. 2017","8",0.57130800000,"2018-10-24","2017-01-26"
"EPIC 220674823 b","K2-106 b","EPIC 220674823",0,"CONFIRMED","Adams et al. 2017","8",0.57129200000,"2018-10-24","2018-06-21"
"EPIC 220674823 c","K2-106 c","EPIC 220674823",1,"CONFIRMED","Adams et al. 2017","8",13.34060300000,"2026-04-16","2026-04-16"
"EPIC 220674823 c","K2-106 c","EPIC 220674823",0,"CONFIRMED","Adams et al. 2017","8",13.34124500000,"2018-10-24","2017-01-26"
"EPIC 220674823 c","K2-106 c","EPIC 220674823",0,"CONFIRMED","Adams et al. 2017","8",13.33870000000,"2018-10-24","2017-12-14"
"EPIC 220674823 c","K2-106 c","EPIC 220674823",0,"CONFIRMED","Adams et al. 2017","8",13.33989000000,"2025-02-24","2025-02-24"
"EPIC 220674823 c","K2-106 c","EPIC 220674823",0,"CONFIRMED","Adams et al. 2017","8",13.33918000000,"2025-09-17","2025-09-17"
"EPIC 220674823 c","K2-106 c","EPIC 220674823",0,"CONFIRMED","Adams et al. 2017","8",13.33907900000,"2018-10-24","2018-10-26"
"EPIC 220674823 c","K2-106 c","EPIC 220674823",0,"CONFIRMED","Adams et al. 2017","8",13.33970000000,"2018-10-24","2018-06-21"
"EPIC 220674823 c","K2-106 c","EPIC 220674823",0,"CONFIRMED","Adams et al. 2017","8",13.33461500000,"2022-03-28","2022-03-28"
"EPIC 220674823 c","K2-106 c","EPIC 220674823",0,"CONFIRMED","Adams et al. 2017","8",13.33970000000,"2023-04-17","2023-04-17"
"EPIC 220674823 c","K2-106 c","EPIC 220674823",0,"CONFIRMED","Adams et al. 2017","8",13.33974600000,"2018-10-24","2018-02-15"
"EPIC 220674823 c","K2-106 c","EPIC 220674823",0,"CONFIRMED","Adams et al. 2017","8",13.33877000000,"2019-09-05","2019-09-05"
"EPIC 220674823 c","K2-106 c","EPIC 220674823",0,"CONFIRMED","Adams et al. 2017","8",13.33868700000,"2017-12-14","2017-12-14"
"EPIC 220679255.01",,"EPIC 220679255",1,"CANDIDATE","Kruse et al. 2019","8",8.13440000000,"2019-09-05","2019-09-05"
"EPIC 220679255.01",,"EPIC 220679255",0,"CANDIDATE","Kruse et al. 2019","8",8.13321800000,"2018-02-15","2018-02-15"
"EPIC 220679255.02",,"EPIC 220679255",1,"CANDIDATE","Kruse et al. 2019","8",17.78804000000,"2019-09-05","2019-09-05"
"K2-387 b","K2-387 b","EPIC 220696233",1,"CONFIRMED","Christiansen et al. 2022","8",28.73532700000,"2022-03-16","2022-03-16"
"K2-387 b","K2-387 b","EPIC 220696233",0,"CONFIRMED","Christiansen et al. 2022","8",28.73599800000,"2017-12-14","2017-12-14"
"K2-387 b","K2-387 b","EPIC 220696233",0,"CONFIRMED","Christiansen et al. 2022","8",28.73420000000,"2019-09-05","2019-09-05"
"EPIC 220708327.01",,"EPIC 220708327",1,"CANDIDATE","Kruse et al. 2019","8",2.52894000000,"2019-09-05","2019-09-05"
"K2-222 b","K2-222 b","EPIC 220709978",1,"CONFIRMED","Mayo et al. 2018","8",15.38892740000,"2026-04-16","2026-04-16"
"K2-222 b","K2-222 b","EPIC 220709978",0,"CONFIRMED","Mayo et al. 2018","8",15.38857000000,"2023-04-17","2023-04-17"
"K2-222 b","K2-222 b","EPIC 220709978",0,"CONFIRMED","Mayo et al. 2018","8",15.38857000000,"2026-03-12","2026-03-12"
"K2-222 b","K2-222 b","EPIC 220709978",0,"CONFIRMED","Mayo et al. 2018","8",15.38866065560,"2024-12-10","2024-12-10"
"K2-222 b","K2-222 b","EPIC 220709978",0,"CONFIRMED","Mayo et al. 2018","8",15.38679600000,"2017-12-14","2017-12-14"
"K2-222 b","K2-222 b","EPIC 220709978",0,"CONFIRMED","Mayo et al. 2018","8",15.38630000000,"2025-09-17","2025-09-17"
"K2-222 b","K2-222 b","EPIC 220709978",0,"CONFIRMED","Mayo et al. 2018","8",15.38882500000,"2018-10-24","2018-02-15"
"K2-222 b","K2-222 b","EPIC 220709978",0,"CONFIRMED","Mayo et al. 2018","8",15.38706300000,"2018-10-24","2018-10-26"
"EPIC 220725183.01",,"EPIC 220725183",1,"CANDIDATE","Petigura et al. 2018","8",2.31116200000,"2017-12-14","2017-12-14"
"EPIC 226042826.01",,"EPIC 226042826",1,"CANDIDATE","Zink et al. 2021","11",3.12897700000,"2021-11-19","2021-11-19"
"EPIC 228682364.01",,"EPIC 228682364",1,"FALSE POSITIVE","Yu et al. 2018","5, 16, 18",0.87289300000,"2019-02-26","2019-02-26"
"EPIC 228707509.01",,"EPIC 228707509",1,"CANDIDATE","Livingston et al. 2018","10",15.35092000000,"2018-08-02","2018-08-02"
"EPIC 228707509.01",,"EPIC 228707509",0,"CANDIDATE","Livingston et al. 2018","10",15.32811688418,"2022-08-09","2022-08-09"
"EPIC 228720681.01",,"EPIC 228720681",1,"CANDIDATE","Livingston et al. 2018","10",15.78132000000,"2018-08-02","2018-08-02"
"EPIC 228720681.01",,"EPIC 228720681",0,"CANDIDATE","Livingston et al. 2018","10",15.78141032642,"2026-07-30","2022-08-09"
"K2-223 b","K2-223 b","EPIC 228721452",1,"CONFIRMED","Mayo et al. 2018","10",0.50557000000,"2022-03-28","2022-03-28"
"K2-223 b","K2-223 b","EPIC 228721452",0,"CONFIRMED","Mayo et al. 2018","10",0.50557000000,"2018-07-12","2018-02-15"
"K2-223 b","K2-223 b","EPIC 228721452",0,"CONFIRMED","Mayo et al. 2018","10",0.50565000000,"2022-03-28","2022-03-28"
"K2-223 c","K2-223 c","EPIC 228721452",1,"CONFIRMED","Mayo et al. 2018","10",4.56254600000,"2022-03-28","2022-03-28"
"K2-223 c","K2-223 c","EPIC 228721452",0,"CONFIRMED","Mayo et al. 2018","10",4.56416900000,"2018-07-12","2018-02-15"
"K2-223 c","K2-223 c","EPIC 228721452",0,"CONFIRMED","Mayo et al. 2018","10",4.56327000000,"2022-03-28","2022-03-28"
"WASP-107 b","K2-235 b","EPIC 228724232",1,"CONFIRMED","Anderson et al. 2017","10",5.72148760000,"2026-03-26","2026-03-26"
"WASP-107 b","K2-235 b","EPIC 228724232",0,"CONFIRMED","Anderson et al. 2017","10",5.72149242000,"2020-12-10","2017-08-24"
"WASP-107 b","K2-235 b","EPIC 228724232",0,"CONFIRMED","Anderson et al. 2017","10",5.72147420000,"2024-12-10","2024-12-10"
"WASP-107 b","K2-235 b","EPIC 228724232",0,"CONFIRMED","Anderson et al. 2017","10",5.72148800000,"2022-01-24","2022-01-24"
"WASP-107 b","K2-235 b","EPIC 228724232",0,"CONFIRMED","Anderson et al. 2017","10",,"2022-10-03","2022-10-03"
"WASP-107 b","K2-235 b","EPIC 228724232",0,"CONFIRMED","Anderson et al. 2017","10",5.72148722000,"2025-05-27","2025-05-27"
"WASP-107 b","K2-235 b","EPIC 228724232",0,"CONFIRMED","Anderson et al. 2017","10",5.72149040000,"2022-10-18","2022-10-18"
"WASP-107 b","K2-235 b","EPIC 228724232",0,"CONFIRMED","Anderson et al. 2017","10",5.72147420000,"2020-12-10","2017-08-24"
"WASP-107 b","K2-235 b","EPIC 228724232",0,"CONFIRMED","Anderson et al. 2017","10",5.72148926000,"2024-03-04","2024-03-04"
"WASP-107 b","K2-235 b","EPIC 228724232",0,"CONFIRMED","Anderson et al. 2017","10",5.72149000000,"2020-12-10","2017-08-17"
"WASP-107 b","K2-235 b","EPIC 228724232",0,"CONFIRMED","Anderson et al. 2017","10",5.72147420000,"2020-12-10","2020-12-17"
"WASP-107 b","K2-235 b","EPIC 228724232",0,"CONFIRMED","Anderson et al. 2017","10",5.72147420000,"2025-09-17","2025-09-17"
"WASP-107 b","K2-235 b","EPIC 228724232",0,"CONFIRMED","Anderson et al. 2017","10",5.72226000000,"2023-03-28","2023-03-28"
"WASP-107 c","K2-235 c","EPIC 228724232",1,"CONFIRMED","Piaulet et al. 2021","10",1066.00000000000,"2026-03-26","2026-03-26"
"WASP-107 c","K2-235 c","EPIC 228724232",0,"CONFIRMED","Piaulet et al. 2021","10",1088.00000000000,"2025-09-17","2025-09-17"
"WASP-107 c","K2-235 c","EPIC 228724232",0,"CONFIRMED","Piaulet et al. 2021","10",1088.00000000000,"2024-12-10","2024-12-10"
"WASP-107 c","K2-235 c","EPIC 228724232",0,"CONFIRMED","Piaulet et al. 2021","10",1088.00000000000,"2020-12-10","2020-12-17"
"EPIC 228724899.01",,"EPIC 228724899",1,"CANDIDATE","Livingston et al. 2018","10",5.20256000000,"2018-08-02","2018-08-02"
"K2-247 b","K2-247 b","EPIC 228725791",1,"CONFIRMED","Livingston et al. 2018","10",2.25021000000,"2022-03-28","2022-03-28"
"K2-247 c","K2-247 c","EPIC 228725791",1,"CONFIRMED","Livingston et al. 2018","10",6.49424000000,"2022-03-28","2022-03-28"
"K2-224 b","K2-224 b","EPIC 228725972",1,"CONFIRMED","Mayo et al. 2018","10",4.47904000000,"2022-06-08","2022-06-08"
"K2-224 b","K2-224 b","EPIC 228725972",0,"CONFIRMED","Mayo et al. 2018","10",4.47859100000,"2018-07-12","2018-02-15"
"K2-224 c","K2-224 c","EPIC 228725972",1,"CONFIRMED","Livingston et al. 2018","10",10.09489000000,"2022-06-08","2022-06-08"
"K2-224 c","K2-224 c","EPIC 228725972",0,"CONFIRMED","Livingston et al. 2018","10",10.09607000000,"2018-02-15","2018-02-15"
"EPIC 228729473.01",,"EPIC 228729473",1,"FALSE POSITIVE","Livingston et al. 2018","10",16.77217000000,"2018-08-02","2018-08-02"
"EPIC 228729473.01",,"EPIC 228729473",0,"FALSE POSITIVE","Livingston et al. 2018","10",16.77055600000,"2018-02-15","2018-02-15"
"K2-131 b","K2-131 b","EPIC 228732031",1,"CONFIRMED","Dai et al. 2017","10",0.36930380000,"2023-04-17","2023-04-17"
"K2-131 b","K2-131 b","EPIC 228732031",0,"CONFIRMED","Dai et al. 2017","10",0.36931100000,"2018-07-12","2018-02-15"
"K2-131 b","K2-131 b","EPIC 228732031",0,"CONFIRMED","Dai et al. 2017","10",0.36930380000,"2018-07-12","2017-10-19"
"K2-131 b","K2-131 b","EPIC 228732031",0,"CONFIRMED","Dai et al. 2017","10",0.36931100000,"2022-03-28","2022-03-28"
"K2-131 b","K2-131 b","EPIC 228732031",0,"CONFIRMED","Dai et al. 2017","10",0.36931000000,"2022-03-28","2022-03-28"
"K2-131 b","K2-131 b","EPIC 228732031",0,"CONFIRMED","Dai et al. 2017","10",0.36900000000,"2019-08-23","2019-08-29"
"K2-131 b","K2-131 b","EPIC 228732031",0,"CONFIRMED","Dai et al. 2017","10",0.36930571984,"2024-02-05","2024-02-05"
"EPIC 228734889.01",,"EPIC 228734889",1,"CANDIDATE","Mayo et al. 2018","10",48.24955200000,"2018-02-15","2018-02-15"
"K2-225 b","K2-225 b","EPIC 228734900",1,"CONFIRMED","Mayo et al. 2018","10",15.87230000000,"2024-11-20","2024-11-20"
"K2-225 b","K2-225 b","EPIC 228734900",0,"CONFIRMED","Mayo et al. 2018","10",15.87145500000,"2018-07-12","2018-02-15"
"K2-225 b","K2-225 b","EPIC 228734900",0,"CONFIRMED","Mayo et al. 2018","10",15.87209000000,"2022-03-28","2022-03-28"
"K2-140 b","K2-140 b","EPIC 228735255",1,"CONFIRMED","Giles et al. 2018","10",6.56918800000,"2021-07-12","2021-07-12"
"K2-140 b","K2-140 b","EPIC 228735255",0,"CONFIRMED","Giles et al. 2018","10",6.56920797691,"2025-10-30","2025-10-30"
"K2-140 b","K2-140 b","EPIC 228735255",0,"CONFIRMED","Giles et al. 2018","10",6.56920450000,"2024-03-04","2024-03-04"
"K2-140 b","K2-140 b","EPIC 228735255",0,"CONFIRMED","Giles et al. 2018","10",6.56918000000,"2022-03-28","2022-03-28"
"K2-140 b","K2-140 b","EPIC 228735255",0,"CONFIRMED","Giles et al. 2018","10",6.56921300000,"2018-07-12","2018-02-15"
"K2-140 b","K2-140 b","EPIC 228735255",0,"CONFIRMED","Giles et al. 2018","10",6.56930000000,"2018-07-12","2018-01-05"
"K2-226 b","K2-226 b","EPIC 228736155",1,"CONFIRMED","Mayo et al. 2018","10",3.27109000000,"2024-11-20","2024-11-20"
"K2-226 b","K2-226 b","EPIC 228736155",0,"CONFIRMED","Mayo et al. 2018","10",3.27108000000,"2022-03-28","2022-03-28"
"K2-226 b","K2-226 b","EPIC 228736155",0,"CONFIRMED","Mayo et al. 2018","10",3.27110600000,"2018-07-12","2018-02-15"
"EPIC 228737155.01",,"EPIC 228737155",1,"CANDIDATE","Mayo et al. 2018","10",25.98828900000,"2018-02-15","2018-02-15"
"K2-248 b","K2-248 b","EPIC 228739306",1,"CONFIRMED","Livingston et al. 2018","10",7.17256000000,"2022-03-28","2022-03-28"
"K2-249 b","K2-249 b","EPIC 228748383",1,"CONFIRMED","Livingston et al. 2018","10",12.40900000000,"2022-03-28","2022-03-28"
"K2-250 b","K2-250 b","EPIC 228748826",1,"CONFIRMED","Livingston et al. 2018","10",4.01392000000,"2024-11-20","2024-11-20"
"K2-250 b","K2-250 b","EPIC 228748826",0,"CONFIRMED","Livingston et al. 2018","10",4.01457000000,"2022-03-28","2022-03-28"
"EPIC 228753871.01",,"EPIC 228753871",1,"CANDIDATE","Livingston et al. 2018","10",18.69646000000,"2018-08-02","2018-08-02"
"K2-132 b","K2-132 b","EPIC 228754001",1,"CONFIRMED","Grunblatt et al. 2017","10",9.17510000000,"2025-06-26","2017-10-19"
"K2-132 b","K2-132 b","EPIC 228754001",0,"CONFIRMED","Grunblatt et al. 2017","10",,"2018-12-17","2018-12-19"
"K2-132 b","K2-132 b","EPIC 228754001",0,"CONFIRMED","Grunblatt et al. 2017","10",9.17205350000,"2025-09-17","2022-08-09"
"K2-132 b","K2-132 b","EPIC 228754001",0,"CONFIRMED","Grunblatt et al. 2017","10",9.17261600000,"2024-03-04","2024-03-04"
"K2-132 b","K2-132 b","EPIC 228754001",0,"CONFIRMED","Grunblatt et al. 2017","10",9.17080000000,"2019-08-23","2019-08-29"
"K2-132 b","K2-132 b","EPIC 228754001",0,"CONFIRMED","Grunblatt et al. 2017","10",9.17386600000,"2018-02-14","2018-02-15"
"K2-251 b","K2-251 b","EPIC 228758778",1,"CONFIRMED","Livingston et al. 2018","10",9.30075000000,"2022-03-28","2022-03-28"
"EPIC 228758948.01",,"EPIC 228758948",1,"CANDIDATE","Livingston et al. 2018","10",12.20239000000,"2018-08-02","2018-08-02"
"K2-227 b","K2-227 b","EPIC 228760097",1,"CONFIRMED","Mayo et al. 2018","10",13.62183200000,"2018-02-14","2018-02-15"
"K2-252 b","K2-252 b","EPIC 228763938",1,"CONFIRMED","Livingston et al. 2018","10",13.81513000000,"2022-03-28","2022-03-28"
"EPIC 228784812.01",,"EPIC 228784812",1,"CANDIDATE","Livingston et al. 2018","10",4.18787000000,"2018-08-02","2018-08-02"
"K2-228 b","K2-228 b","EPIC 228798746",1,"CONFIRMED","Mayo et al. 2018","10",2.69828000000,"2022-06-08","2022-06-08"
"K2-228 b","K2-228 b","EPIC 228798746",0,"CONFIRMED","Mayo et al. 2018","10",2.69836800000,"2018-07-12","2018-02-15"
"K2-229 b","K2-229 b","EPIC 228801451",1,"CONFIRMED","Mayo et al. 2018","10",0.58421600000,"2022-03-28","2022-03-28"
"K2-229 b","K2-229 b","EPIC 228801451",0,"CONFIRMED","Mayo et al. 2018","10",0.58424000000,"2018-07-12","2018-02-15"
"K2-229 b","K2-229 b","EPIC 228801451",0,"CONFIRMED","Mayo et al. 2018","10",0.58424900000,"2018-07-12","2018-03-26"
"K2-229 b","K2-229 b","EPIC 228801451",0,"CONFIRMED","Mayo et al. 2018","10",0.58400000000,"2019-08-23","2019-08-29"
"K2-229 b","K2-229 b","EPIC 228801451",0,"CONFIRMED","Mayo et al. 2018","10",0.58427200000,"2025-09-17","2025-09-17"
"K2-229 b","K2-229 b","EPIC 228801451",0,"CONFIRMED","Mayo et al. 2018","10",0.58426000000,"2022-06-08","2022-06-08"
"K2-229 c","K2-229 c","EPIC 228801451",1,"CONFIRMED","Mayo et al. 2018","10",8.32727000000,"2022-06-08","2022-06-08"
"K2-229 c","K2-229 c","EPIC 228801451",0,"CONFIRMED","Mayo et al. 2018","10",8.32620000000,"2025-09-17","2025-09-17"
"K2-229 c","K2-229 c","EPIC 228801451",0,"CONFIRMED","Mayo et al. 2018","10",8.32834000000,"2018-07-12","2018-03-26"
"K2-229 c","K2-229 c","EPIC 228801451",0,"CONFIRMED","Mayo et al. 2018","10",8.32801000000,"2018-07-12","2018-02-15"
"K2-229 d","K2-229 d","EPIC 228801451",1,"CANDIDATE","Santerne et al. 2018","10",31.00000000000,"2018-03-22","2018-03-22"
"K2-230 b","K2-230 b","EPIC 228804845",1,"CONFIRMED","Mayo et al. 2018","10",2.86041000000,"2022-03-28","2022-03-28"
"K2-230 b","K2-230 b","EPIC 228804845",0,"CONFIRMED","Mayo et al. 2018","10",2.86063600000,"2018-07-12","2018-02-15"
"EPIC 228809391.01",,"EPIC 228809391",1,"CANDIDATE","Livingston et al. 2018","10",19.57833000000,"2018-08-02","2018-08-02"
"EPIC 228809391.01",,"EPIC 228809391",0,"CANDIDATE","Livingston et al. 2018","10",19.57572000000,"2018-02-15","2018-02-15"
"K2-253 b","K2-253 b","EPIC 228809550",1,"CONFIRMED","Livingston et al. 2018","10",4.00167000000,"2022-03-28","2022-03-28"
"K2-253 b","K2-253 b","EPIC 228809550",0,"CONFIRMED","Livingston et al. 2018","10",4.00357732994,"2022-08-09","2022-08-09"
"K2-137 b","K2-137 b","EPIC 228813918",1,"CONFIRMED","Smith et al. 2018","10",0.17971900000,"2022-03-28","2022-03-28"
"K2-137 b","K2-137 b","EPIC 228813918",0,"CONFIRMED","Smith et al. 2018","10",0.17971500000,"2017-11-14","2017-11-16"
"EPIC 228814754.01",,"EPIC 228814754",1,"CANDIDATE","Zink et al. 2021","10",0.84454800000,"2021-11-19","2021-11-19"
"EPIC 228834632.01",,"EPIC 228834632",1,"CANDIDATE","Livingston et al. 2018","10",11.73677000000,"2018-08-02","2018-08-02"
"EPIC 228836835 b","K2-363 b","EPIC 228836835",1,"CONFIRMED","Adams et al. 2021","10",0.72811300000,"2021-10-25","2021-10-25"
"EPIC 228836835 b","K2-363 b","EPIC 228836835",0,"CONFIRMED","Adams et al. 2021","10",0.72813000000,"2018-08-02","2018-08-02"
"EPIC 228846243.01",,"EPIC 228846243",1,"CANDIDATE","Livingston et al. 2018","10",25.58142000000,"2018-08-02","2018-08-02"
"K2-254 b","K2-254 b","EPIC 228849382",1,"CONFIRMED","Livingston et al. 2018","10",4.09639000000,"2022-03-28","2022-03-28"
"K2-254 c","K2-254 c","EPIC 228849382",1,"CONFIRMED","Livingston et al. 2018","10",12.11839000000,"2022-03-28","2022-03-28"
"EPIC 228872473.01",,"EPIC 228872473",1,"CANDIDATE","Zink et al. 2021","10",10.58394200000,"2021-11-19","2021-11-19"
"EPIC 228888935.01",,"EPIC 228888935",1,"CANDIDATE","Livingston et al. 2018","10",5.69046000000,"2018-08-02","2018-08-02"
"K2-255 b","K2-255 b","EPIC 228894622",1,"CONFIRMED","Livingston et al. 2018","10",1.96417000000,"2022-03-28","2022-03-28"
"K2-154 b","K2-154 b","EPIC 228934525",1,"CONFIRMED","Hirano et al. 2018","10",3.67626000000,"2022-03-28","2022-03-28"
"K2-154 b","K2-154 b","EPIC 228934525",0,"CONFIRMED","Hirano et al. 2018","10",3.67635000000,"2018-07-12","2018-02-01"
"K2-154 c","K2-154 c","EPIC 228934525",1,"CONFIRMED","Hirano et al. 2018","10",7.95486000000,"2022-03-28","2022-03-28"
"K2-154 c","K2-154 c","EPIC 228934525",0,"CONFIRMED","Hirano et al. 2018","10",7.95478000000,"2018-07-12","2018-02-01"
"EPIC 228952747.01",,"EPIC 228952747",1,"CANDIDATE","Mayo et al. 2018","10",1.05578500000,"2018-02-15","2018-02-15"
"EPIC 228964773.01",,"EPIC 228964773",1,"CANDIDATE","Livingston et al. 2018","10",37.20364000000,"2018-08-02","2018-08-02"
"K2-256 b","K2-256 b","EPIC 228968232",1,"REFUTED","Lehmann &amp; Vanderburg 2024","10",5.52011000000,"2022-03-28","2022-03-28"
"K2-257 b","K2-257 b","EPIC 228974324",1,"CONFIRMED","Livingston et al. 2018","10",1.60588000000,"2022-03-28","2022-03-28"
"EPIC 228974907.01",,"EPIC 228974907",1,"CANDIDATE","Livingston et al. 2018","10",20.84919000000,"2018-08-02","2018-08-02"
"EPIC 229004835 b","K2-418 b","EPIC 229004835",1,"CONFIRMED","Bonomo et al. 2023","10",16.14113200000,"2023-05-03","2023-05-03"
"EPIC 229004835 b","K2-418 b","EPIC 229004835",0,"CONFIRMED","Bonomo et al. 2023","10",16.14044200000,"2018-02-15","2018-02-15"
"EPIC 229004835 b","K2-418 b","EPIC 229004835",0,"CONFIRMED","Bonomo et al. 2023","10",16.13880000000,"2025-09-17","2025-09-17"
"EPIC 229004835 b","K2-418 b","EPIC 229004835",0,"CONFIRMED","Bonomo et al. 2023","10",16.13655000000,"2018-08-02","2018-08-02"
"K2-258 b","K2-258 b","EPIC 229017395",1,"CONFIRMED","Livingston et al. 2018","10",19.09210000000,"2022-03-28","2022-03-28"
"EPIC 229039390.01",,"EPIC 229039390",1,"CANDIDATE","Mayo et al. 2018","10",0.25164700000,"2018-02-15","2018-02-15"
"EPIC 229103251.01",,"EPIC 229103251",1,"CANDIDATE","Livingston et al. 2018","10",11.67254000000,"2018-08-02","2018-08-02"
"K2-259 b","K2-259 b","EPIC 229131722",1,"CONFIRMED","Livingston et al. 2018","10",15.48043000000,"2022-03-28","2022-03-28"
"K2-259 b","K2-259 b","EPIC 229131722",0,"CONFIRMED","Livingston et al. 2018","10",15.48239900000,"2018-02-15","2018-02-15"
"EPIC 229133720.01",,"EPIC 229133720",1,"CANDIDATE","Livingston et al. 2018","10",4.03692000000,"2018-08-02","2018-08-02"
"EPIC 229133720.01",,"EPIC 229133720",0,"CANDIDATE","Livingston et al. 2018","10",4.03679100000,"2018-02-15","2018-02-15"
"EPIC 229228348.01",,"EPIC 229228348",1,"CANDIDATE","Kruse et al. 2019","None",3.13761100000,"2019-09-05","2019-09-05"
"K2-237 b","K2-237 b","EPIC 229426032",1,"CONFIRMED","Soto et al. 2018","11",2.18053332000,"2024-11-20","2024-11-20"
"K2-237 b","K2-237 b","EPIC 229426032",0,"CONFIRMED","Soto et al. 2018","11",2.18053327144,"2026-01-29","2022-08-08"
"K2-237 b","K2-237 b","EPIC 229426032",0,"CONFIRMED","Soto et al. 2018","11",2.18053539000,"2022-02-15","2022-02-15"
"K2-237 b","K2-237 b","EPIC 229426032",0,"CONFIRMED","Soto et al. 2018","11",2.18055770000,"2019-05-20","2019-05-23"
"K2-237 b","K2-237 b","EPIC 229426032",0,"CONFIRMED","Soto et al. 2018","11",2.18053300000,"2022-01-24","2022-01-24"
"K2-237 b","K2-237 b","EPIC 229426032",0,"CONFIRMED","Soto et al. 2018","11",2.18056000000,"2019-05-20","2018-06-21"
"K2-237 b","K2-237 b","EPIC 229426032",0,"CONFIRMED","Soto et al. 2018","11",2.18055770000,"2022-05-03","2022-05-03"
"K2-237 b","K2-237 b","EPIC 229426032",0,"CONFIRMED","Soto et al. 2018","11",2.18053380000,"2022-10-18","2022-10-18"
"K2-237 b","K2-237 b","EPIC 229426032",0,"CONFIRMED","Soto et al. 2018","11",2.18053435000,"2024-03-04","2024-03-04"
"EPIC 230517965.01",,"EPIC 230517965",1,"CANDIDATE","Zink et al. 2021","11",9.63203900000,"2021-11-19","2021-11-19"
"EPIC 236744423.01",,"EPIC 236744423",1,"CANDIDATE","Zink et al. 2021","11",18.23931100000,"2021-11-19","2021-11-19"
"EPIC 245928102.01",,"EPIC 245928102",1,"CANDIDATE","Zink et al. 2021","12",11.10967500000,"2021-11-19","2021-11-19"
"K2-388 b","K2-388 b","EPIC 245943455",1,"CONFIRMED","Christiansen et al. 2022","12",6.33932000000,"2025-09-17","2025-09-17"
"K2-388 b","K2-388 b","EPIC 245943455",0,"CONFIRMED","Christiansen et al. 2022","12",6.33926770000,"2023-12-14","2023-12-14"
"K2-388 b","K2-388 b","EPIC 245943455",0,"CONFIRMED","Christiansen et al. 2022","12",6.33906900000,"2021-11-19","2021-11-19"
"K2-388 b","K2-388 b","EPIC 245943455",0,"CONFIRMED","Christiansen et al. 2022","12",6.33906900000,"2022-03-16","2022-03-16"
"EPIC 245944983.01",,"EPIC 245944983",1,"CANDIDATE","Castro Gonz&aacute;lez et al. 2020","12",5.13800000000,"2022-03-28","2022-03-28"
"EPIC 245944983.01",,"EPIC 245944983",0,"CANDIDATE","Castro Gonz&aacute;lez et al. 2020","12",5.13927560000,"2023-12-14","2023-12-14"
"K2-138 b","K2-138 b","EPIC 245950175",1,"CONFIRMED","Christiansen et al. 2018","12",2.35309000000,"2021-03-12","2021-03-18"
"K2-138 b","K2-138 b","EPIC 245950175",0,"CONFIRMED","Christiansen et al. 2018","12",2.35321000000,"2021-03-12","2021-03-04"
"K2-138 b","K2-138 b","EPIC 245950175",0,"CONFIRMED","Christiansen et al. 2018","12",,"2025-11-13","2025-11-13"
"K2-138 b","K2-138 b","EPIC 245950175",0,"CONFIRMED","Christiansen et al. 2018","12",2.35322000000,"2021-03-12","2018-01-11"
"K2-138 c","K2-138 c","EPIC 245950175",1,"CONFIRMED","Christiansen et al. 2018","12",3.56004000000,"2021-03-12","2021-03-18"
"K2-138 c","K2-138 c","EPIC 245950175",0,"CONFIRMED","Christiansen et al. 2018","12",3.55982300000,"2025-11-13","2025-11-13"
"K2-138 c","K2-138 c","EPIC 245950175",0,"CONFIRMED","Christiansen et al. 2018","12",3.56015000000,"2021-03-12","2021-03-04"
"K2-138 c","K2-138 c","EPIC 245950175",0,"CONFIRMED","Christiansen et al. 2018","12",3.55987000000,"2021-03-12","2018-01-11"
"K2-138 d","K2-138 d","EPIC 245950175",1,"CONFIRMED","Christiansen et al. 2018","12",5.40479000000,"2021-03-12","2021-03-18"
"K2-138 d","K2-138 d","EPIC 245950175",0,"CONFIRMED","Christiansen et al. 2018","12",5.40478000000,"2021-03-12","2018-01-11"
"K2-138 d","K2-138 d","EPIC 245950175",0,"CONFIRMED","Christiansen et al. 2018","12",5.40536200000,"2025-11-13","2025-11-13"
"K2-138 d","K2-138 d","EPIC 245950175",0,"CONFIRMED","Christiansen et al. 2018","12",5.40484000000,"2021-03-12","2021-03-04"
"K2-138 e","K2-138 e","EPIC 245950175",1,"CONFIRMED","Christiansen et al. 2018","12",8.26146000000,"2021-03-12","2021-03-18"
"K2-138 e","K2-138 e","EPIC 245950175",0,"CONFIRMED","Christiansen et al. 2018","12",8.26166160000,"2023-12-14","2023-12-14"
"K2-138 e","K2-138 e","EPIC 245950175",0,"CONFIRMED","Christiansen et al. 2018","12",8.26144000000,"2021-03-12","2018-01-11"
"K2-138 e","K2-138 e","EPIC 245950175",0,"CONFIRMED","Christiansen et al. 2018","12",8.26147000000,"2021-03-12","2021-03-04"
"K2-138 e","K2-138 e","EPIC 245950175",0,"CONFIRMED","Christiansen et al. 2018","12",8.26133400000,"2025-11-13","2025-11-13"
"K2-138 f","K2-138 f","EPIC 245950175",1,"CONFIRMED","Christiansen et al. 2018","12",12.75758000000,"2021-03-12","2021-03-18"
"K2-138 f","K2-138 f","EPIC 245950175",0,"CONFIRMED","Christiansen et al. 2018","12",12.75759000000,"2021-03-12","2018-01-11"
"K2-138 f","K2-138 f","EPIC 245950175",0,"CONFIRMED","Christiansen et al. 2018","12",12.75758000000,"2021-03-12","2021-03-04"
"K2-138 f","K2-138 f","EPIC 245950175",0,"CONFIRMED","Christiansen et al. 2018","12",12.75661800000,"2025-11-13","2025-11-13"
"K2-138 g","K2-138 g","EPIC 245950175",1,"CONFIRMED","Hardegree-Ullman et al. 2021","12",41.96797000000,"2021-03-12","2021-03-18"
"K2-138 g","K2-138 g","EPIC 245950175",0,"CONFIRMED","Hardegree-Ullman et al. 2021","12",41.96544300000,"2025-11-13","2025-11-13"
"K2-138 g","K2-138 g","EPIC 245950175",0,"CONFIRMED","Hardegree-Ullman et al. 2021","12",41.96645000000,"2021-03-12","2021-03-04"
"K2-417 b","K2-417 b","EPIC 245978988",1,"CONFIRMED","Incha et al. 2023",,6.53500000000,"2023-07-10","2023-07-10"
"K2-389 b","K2-389 b","EPIC 245991048",1,"CONFIRMED","Christiansen et al. 2022","12",8.58289000000,"2025-09-17","2025-09-17"
"K2-389 b","K2-389 b","EPIC 245991048",0,"CONFIRMED","Christiansen et al. 2022","12",8.58404300000,"2022-03-16","2022-03-16"
"K2-389 b","K2-389 b","EPIC 245991048",0,"CONFIRMED","Christiansen et al. 2022","12",8.58356600000,"2021-11-19","2021-11-19"
"K2-389 c","K2-389 c","EPIC 245991048",1,"CONFIRMED","Christiansen et al. 2022","12",20.85133700000,"2022-03-16","2022-03-16"
"K2-389 c","K2-389 c","EPIC 245991048",0,"CONFIRMED","Christiansen et al. 2022","12",20.85133700000,"2021-11-19","2021-11-19"
"K2-390 b","K2-390 b","EPIC 245995977",1,"CONFIRMED","Christiansen et al. 2022","12",3.31279200000,"2022-03-16","2022-03-16"
"K2-390 b","K2-390 b","EPIC 245995977",0,"CONFIRMED","Christiansen et al. 2022","12",3.31279200000,"2021-11-19","2021-11-19"
"K2-390 b","K2-390 b","EPIC 245995977",0,"CONFIRMED","Christiansen et al. 2022","12",3.31292140000,"2024-01-05","2024-01-05"
"EPIC 246022853.01",,"EPIC 246022853",1,"FALSE POSITIVE","del Ser et al. 2023","12",10.72280000000,"2022-11-07","2022-11-07"
"EPIC 246030759.01",,"EPIC 246030759",1,"CANDIDATE","Zink et al. 2021","12",29.95726200000,"2021-11-19","2021-11-19"
"EPIC 246042088.01",,"EPIC 246042088",1,"CANDIDATE","Zink et al. 2019","12",8.04473000000,"2019-09-19","2019-09-19"
"EPIC 246042088.02",,"EPIC 246042088",1,"CANDIDATE","Zink et al. 2019","12",11.82469000000,"2019-09-19","2019-09-19"
"EPIC 246048459.01",,"EPIC 246048459",1,"FALSE POSITIVE","del Ser et al. 2023","12",2.05070000000,"2022-11-07","2022-11-07"
"EPIC 246061904.01",,"EPIC 246061904",1,"CANDIDATE","Zink et al. 2021","12",7.08426700000,"2021-11-19","2021-11-19"
"EPIC 246061904.02",,"EPIC 246061904",1,"CANDIDATE","Zink et al. 2021","12",20.67605600000,"2021-11-19","2021-11-19"
"EPIC 246067130.01",,"EPIC 246067130",1,"CANDIDATE","Zink et al. 2021","12",6.78653900000,"2021-11-19","2021-11-19"
"K2-238 b","K2-238 b","EPIC 246067459",1,"CONFIRMED","Soto et al. 2018","12",3.20466000000,"2018-06-26","2018-06-21"
"K2-238 b","K2-238 b","EPIC 246067459",0,"CONFIRMED","Soto et al. 2018","12",3.20469090000,"2024-03-04","2024-03-04"
"K2-238 b","K2-238 b","EPIC 246067459",0,"CONFIRMED","Soto et al. 2018","12",3.20470720000,"2024-01-05","2024-01-05"
"K2-391 b","K2-391 b","EPIC 246074314",1,"CONFIRMED","Christiansen et al. 2022","12",4.62265400000,"2022-03-16","2022-03-16"
"K2-391 b","K2-391 b","EPIC 246074314",0,"CONFIRMED","Christiansen et al. 2022","12",4.62265400000,"2021-11-19","2021-11-19"
"K2-325 b","K2-325 b","EPIC 246074965",1,"CONFIRMED","Castro Gonz&aacute;lez et al. 2020","12",6.93000000000,"2020-09-09","2020-09-09 17:06:03"
"K2-413 b","K2-413 b","EPIC 246078343",1,"CONFIRMED","del Ser et al. 2023","12",0.80940000000,"2022-11-07","2022-11-07"
"K2-413 c","K2-413 c","EPIC 246078343",1,"CONFIRMED","del Ser et al. 2023","12",5.33010000000,"2022-11-07","2022-11-07"
"K2-294 b","K2-294 b","EPIC 246078672",1,"CONFIRMED","Dattilo et al. 2019","12",2.50387000000,"2019-04-01","2019-04-04"
"K2-392 b","K2-392 b","EPIC 246084398",1,"CONFIRMED","Christiansen et al. 2022","12",15.39872300000,"2022-03-16","2022-03-16"
"K2-392 b","K2-392 b","EPIC 246084398",0,"CONFIRMED","Christiansen et al. 2022","12",15.39872300000,"2021-11-19","2021-11-19"
"EPIC 246088339.01",,"EPIC 246088339",1,"CANDIDATE","Zink et al. 2021","12",2.98854100000,"2021-11-19","2021-11-19"
"EPIC 246120353.01",,"EPIC 246120353",1,"CANDIDATE","Zink et al. 2021","12",21.43603200000,"2021-11-19","2021-11-19"
"K2-293 b","K2-293 b","EPIC 246151543",1,"CONFIRMED","Dattilo et al. 2019","12",13.12250000000,"2019-04-01","2019-04-04"
"EPIC 246163416.01",,"EPIC 246163416",1,"FALSE POSITIVE","del Ser et al. 2023","12",0.87680000000,"2022-11-07","2022-11-07"
"EPIC 246163416.01",,"EPIC 246163416",0,"FALSE POSITIVE","del Ser et al. 2023","12",0.87700000000,"2022-03-28","2022-03-28"
"EPIC 246178445.01",,"EPIC 246178445",1,"CANDIDATE","Zink et al. 2019","12",6.39595000000,"2019-09-19","2019-09-19"
"K2-416 b","K2-416 b","EPIC 246191231",1,"CONFIRMED","Incha et al. 2023",,13.10200000000,"2023-07-10","2023-07-10"
"K2-329 b","K2-329 b","EPIC 246193072",1,"CONFIRMED","Sha et al. 2021","12",12.45512250000,"2020-11-13","2020-11-19"
"K2-329 b","K2-329 b","EPIC 246193072",0,"CONFIRMED","Sha et al. 2021","12",12.45636917022,"2025-09-25","2025-09-25"
"TRAPPIST-1 b","K2-112 b","EPIC 246199087",1,"CONFIRMED","Gillon et al. 2016","12",1.51082600000,"2022-11-14","2022-11-14"
"TRAPPIST-1 b","K2-112 b","EPIC 246199087",0,"CONFIRMED","Gillon et al. 2016","12",1.51087000000,"2023-04-17","2023-04-17"
"TRAPPIST-1 b","K2-112 b","EPIC 246199087",0,"CONFIRMED","Gillon et al. 2016","12",1.51082610000,"2025-09-17","2025-07-17"
"TRAPPIST-1 b","K2-112 b","EPIC 246199087",0,"CONFIRMED","Gillon et al. 2016","12",1.51087081000,"2017-02-17","2017-02-22"
"TRAPPIST-1 b","K2-112 b","EPIC 246199087",0,"CONFIRMED","Gillon et al. 2016","12",,"2020-12-10","2020-12-17"
"TRAPPIST-1 b","K2-112 b","EPIC 246199087",0,"CONFIRMED","Gillon et al. 2016","12",1.51094471179,"2023-12-14","2023-12-14"
"TRAPPIST-1 b","K2-112 b","EPIC 246199087",0,"CONFIRMED","Gillon et al. 2016","12",1.51084800000,"2017-02-17","2016-05-05"
"TRAPPIST-1 b","K2-112 b","EPIC 246199087",0,"CONFIRMED","Gillon et al. 2016","12",1.51088432000,"2022-11-14","2022-11-14"
"TRAPPIST-1 b","K2-112 b","EPIC 246199087",0,"CONFIRMED","Gillon et al. 2016","12",,"2017-02-17","2016-09-15"
"TRAPPIST-1 c","K2-112 c","EPIC 246199087",1,"CONFIRMED","Gillon et al. 2016","12",2.42193700000,"2022-11-14","2022-11-14"
"TRAPPIST-1 c","K2-112 c","EPIC 246199087",0,"CONFIRMED","Gillon et al. 2016","12",2.42182330000,"2017-02-17","2017-02-22"
"TRAPPIST-1 c","K2-112 c","EPIC 246199087",0,"CONFIRMED","Gillon et al. 2016","12",,"2017-02-17","2016-09-15"
"TRAPPIST-1 c","K2-112 c","EPIC 246199087",0,"CONFIRMED","Gillon et al. 2016","12",2.42184800000,"2017-02-17","2016-05-05"
"TRAPPIST-1 c","K2-112 c","EPIC 246199087",0,"CONFIRMED","Gillon et al. 2016","12",2.42193710000,"2025-09-17","2025-07-17"
"TRAPPIST-1 c","K2-112 c","EPIC 246199087",0,"CONFIRMED","Gillon et al. 2016","12",2.42179346000,"2022-11-14","2022-11-14"
"TRAPPIST-1 c","K2-112 c","EPIC 246199087",0,"CONFIRMED","Gillon et al. 2016","12",,"2020-12-10","2020-12-17"
"TRAPPIST-1 d","K2-112 d","EPIC 246199087",1,"CONFIRMED","Gillon et al. 2016","12",4.04921900000,"2022-11-14","2022-11-14"
"TRAPPIST-1 d","K2-112 d","EPIC 246199087",0,"CONFIRMED","Gillon et al. 2016","12",4.04961000000,"2017-02-17","2017-02-22"
"TRAPPIST-1 d","K2-112 d","EPIC 246199087",0,"CONFIRMED","Gillon et al. 2016","12",,"2020-12-10","2020-12-17"
"TRAPPIST-1 d","K2-112 d","EPIC 246199087",0,"CONFIRMED","Gillon et al. 2016","12",4.04978035000,"2022-11-14","2022-11-14"
"TRAPPIST-1 d","K2-112 d","EPIC 246199087",0,"CONFIRMED","Gillon et al. 2016","12",4.04921900000,"2025-12-18","2025-12-18"
"TRAPPIST-1 e","K2-112 e","EPIC 246199087",1,"CONFIRMED","Gillon et al. 2016","12",6.10101300000,"2022-11-14","2022-11-14"
"TRAPPIST-1 e","K2-112 e","EPIC 246199087",0,"CONFIRMED","Gillon et al. 2016","12",6.09961500000,"2017-02-17","2017-02-22"
"TRAPPIST-1 e","K2-112 e","EPIC 246199087",0,"CONFIRMED","Gillon et al. 2016","12",6.09956479000,"2022-11-14","2022-11-14"
"TRAPPIST-1 e","K2-112 e","EPIC 246199087",0,"CONFIRMED","Gillon et al. 2016","12",,"2020-12-10","2020-12-17"
"TRAPPIST-1 e","K2-112 e","EPIC 246199087",0,"CONFIRMED","Gillon et al. 2016","12",6.09705000000,"2023-04-17","2023-04-17"
"TRAPPIST-1 f","K2-112 f","EPIC 246199087",1,"CONFIRMED","Gillon et al. 2016","12",9.20754000000,"2022-11-14","2022-11-14"
"TRAPPIST-1 f","K2-112 f","EPIC 246199087",0,"CONFIRMED","Gillon et al. 2016","12",9.20669000000,"2017-02-17","2017-02-22"
"TRAPPIST-1 f","K2-112 f","EPIC 246199087",0,"CONFIRMED","Gillon et al. 2016","12",9.20659399000,"2022-11-14","2022-11-14"
"TRAPPIST-1 f","K2-112 f","EPIC 246199087",0,"CONFIRMED","Gillon et al. 2016","12",9.21290000000,"2023-04-17","2023-04-17"
"TRAPPIST-1 f","K2-112 f","EPIC 246199087",0,"CONFIRMED","Gillon et al. 2016","12",,"2020-12-10","2020-12-17"
"TRAPPIST-1 g","K2-112 g","EPIC 246199087",1,"CONFIRMED","Gillon et al. 2016","12",12.35244600000,"2022-11-14","2022-11-14"
"TRAPPIST-1 g","K2-112 g","EPIC 246199087",0,"CONFIRMED","Gillon et al. 2016","12",12.35355570000,"2022-11-14","2022-11-14"
"TRAPPIST-1 g","K2-112 g","EPIC 246199087",0,"CONFIRMED","Gillon et al. 2016","12",12.35294000000,"2017-02-17","2017-02-22"
"TRAPPIST-1 g","K2-112 g","EPIC 246199087",0,"CONFIRMED","Gillon et al. 2016","12",,"2020-12-10","2020-12-17"
"TRAPPIST-1 h","K2-112 h","EPIC 246199087",1,"CONFIRMED","Gillon et al. 2016","12",18.77286600000,"2022-11-14","2022-11-14"
"TRAPPIST-1 h","K2-112 h","EPIC 246199087",0,"CONFIRMED","Gillon et al. 2016","12",,"2020-12-10","2020-12-17"
"TRAPPIST-1 h","K2-112 h","EPIC 246199087",0,"CONFIRMED","Gillon et al. 2016","12",18.76727450000,"2022-11-14","2022-11-14"
"TRAPPIST-1 h","K2-112 h","EPIC 246199087",0,"CONFIRMED","Gillon et al. 2016","12",18.76700000000,"2017-06-13","2017-06-15"
"TRAPPIST-1 h","K2-112 h","EPIC 246199087",0,"CONFIRMED","Gillon et al. 2016","12",20.00000000000,"2017-06-13","2017-02-22"
"HD 224018 b","K2-420 b","EPIC 246214735",1,"CONFIRMED","Damasso et al. 2025","12",10.64130000000,"2025-09-17","2025-09-17"
"HD 224018 c","K2-420 c","EPIC 246214735",1,"CONFIRMED","Damasso et al. 2025","12",36.57669000000,"2025-09-17","2025-09-17"
"HD 224018 d","K2-420 d","EPIC 246214735",1,"CONFIRMED","Damasso et al. 2025","12",138.07310000000,"2025-09-17","2025-09-17"
"K2-414 b","K2-414 b","EPIC 246220667",1,"CONFIRMED","del Ser et al. 2023","12",4.36960000000,"2022-11-07","2022-11-07"
"K2-414 c","K2-414 c","EPIC 246220667",1,"CONFIRMED","del Ser et al. 2023","12",6.66900000000,"2022-11-07","2022-11-07"
"EPIC 246260670.01",,"EPIC 246260670",1,"CANDIDATE","Zink et al. 2021","12",3.85349400000,"2021-11-19","2021-11-19"
"EPIC 246261316.01",,"EPIC 246261316",1,"CANDIDATE","Zink et al. 2021","12",4.69604500000,"2021-11-19","2021-11-19"
"EPIC 246265680.01",,"EPIC 246265680",1,"CANDIDATE","Zink et al. 2019","12",8.63870000000,"2019-09-19","2019-09-19"
"EPIC 246270904.01",,"EPIC 246270904",1,"CANDIDATE","Zink et al. 2019","12",3.98547000000,"2019-09-19","2019-09-19"
"EPIC 246290342.01",,"EPIC 246290342",1,"CANDIDATE","Zink et al. 2021","12",16.60729900000,"2021-11-19","2021-11-19"
"EPIC 246310303.01",,"EPIC 246310303",1,"CANDIDATE","Zink et al. 2021","12",16.98019700000,"2021-11-19","2021-11-19"
"EPIC 246313886.01",,"EPIC 246313886",1,"CANDIDATE","Castro Gonz&aacute;lez et al. 2020","12",1.82700000000,"2022-03-28","2022-03-28"
"EPIC 246317113.01",,"EPIC 246317113",1,"CANDIDATE","Zink et al. 2021","12",1.29655000000,"2021-11-19","2021-11-19"
"EPIC 246325464.01",,"EPIC 246325464",1,"CANDIDATE","Zink et al. 2021","12",3.37951600000,"2021-11-19","2021-11-19"
"EPIC 246331347.01",,"EPIC 246331347",1,"CANDIDATE","Zink et al. 2021","12",1.08200000000,"2022-03-28","2022-03-28"
"EPIC 246331347.01",,"EPIC 246331347",0,"CANDIDATE","Zink et al. 2021","12",1.08236100000,"2021-11-19","2021-11-19"
"EPIC 246331418.01",,"EPIC 246331418",1,"CANDIDATE","Castro Gonz&aacute;lez et al. 2020","12",3.35000000000,"2022-03-28","2022-03-28"
"EPIC 246331418.02",,"EPIC 246331418",1,"CANDIDATE","Castro Gonz&aacute;lez et al. 2020","12",9.32000000000,"2022-03-28","2022-03-28"
"EPIC 246356732.01",,"EPIC 246356732",1,"CANDIDATE","Zink et al. 2019","12",13.91450000000,"2019-09-19","2019-09-19"
"EPIC 246362870.01",,"EPIC 246362870",1,"CANDIDATE","Zink et al. 2019","12",4.03776000000,"2019-09-19","2019-09-19"
"EPIC 246366798.01",,"EPIC 246366798",1,"CANDIDATE","Zink et al. 2021","12",7.53994900000,"2021-11-19","2021-11-19"
"EPIC 246377038.01",,"EPIC 246377038",1,"CANDIDATE","Zink et al. 2021","12",5.10555000000,"2021-11-19","2021-11-19"
"EPIC 246380972.01",,"EPIC 246380972",1,"CANDIDATE","Zink et al. 2021","12",17.76840400000,"2021-11-19","2021-11-19"
"GJ 9827 b","K2-135 b","EPIC 246389858",1,"CONFIRMED","Niraula et al. 2017","12",1.20897400000,"2025-01-09","2025-01-09"
"GJ 9827 b","K2-135 b","EPIC 246389858",0,"CONFIRMED","Niraula et al. 2017","12",1.20895700000,"2019-08-23","2017-11-02"
"GJ 9827 b","K2-135 b","EPIC 246389858",0,"CONFIRMED","Niraula et al. 2017","12",1.20898020000,"2019-08-23","2018-06-21"
"GJ 9827 b","K2-135 b","EPIC 246389858",0,"CONFIRMED","Niraula et al. 2017","12",1.20897490000,"2024-03-04","2024-03-04"
"GJ 9827 b","K2-135 b","EPIC 246389858",0,"CONFIRMED","Niraula et al. 2017","12",1.20896600000,"2021-07-12","2021-07-12"
"GJ 9827 b","K2-135 b","EPIC 246389858",0,"CONFIRMED","Niraula et al. 2017","12",1.20897550000,"2024-01-05","2024-01-05"
"GJ 9827 b","K2-135 b","EPIC 246389858",0,"CONFIRMED","Niraula et al. 2017","12",1.20900000000,"2019-08-23","2019-08-29"
"GJ 9827 b","K2-135 b","EPIC 246389858",0,"CONFIRMED","Niraula et al. 2017","12",1.20897650000,"2025-09-17","2025-09-17"
"GJ 9827 b","K2-135 b","EPIC 246389858",0,"CONFIRMED","Niraula et al. 2017","12",1.20898190000,"2019-08-23","2019-08-29"
"GJ 9827 b","K2-135 b","EPIC 246389858",0,"CONFIRMED","Niraula et al. 2017","12",1.20898190000,"2023-04-17","2023-04-17"
"GJ 9827 c","K2-135 c","EPIC 246389858",1,"CONFIRMED","Niraula et al. 2017","12",3.64810300000,"2025-01-09","2025-01-09"
"GJ 9827 c","K2-135 c","EPIC 246389858",0,"CONFIRMED","Niraula et al. 2017","12",3.64809570000,"2019-08-23","2019-08-29"
"GJ 9827 c","K2-135 c","EPIC 246389858",0,"CONFIRMED","Niraula et al. 2017","12",3.64802000000,"2019-08-23","2017-11-02"
"GJ 9827 c","K2-135 c","EPIC 246389858",0,"CONFIRMED","Niraula et al. 2017","12",3.64809500000,"2025-09-17","2025-09-17"
"GJ 9827 c","K2-135 c","EPIC 246389858",0,"CONFIRMED","Niraula et al. 2017","12",3.64808300000,"2019-08-23","2018-06-21"
"GJ 9827 c","K2-135 c","EPIC 246389858",0,"CONFIRMED","Niraula et al. 2017","12",3.64809600000,"2023-04-17","2023-04-17"
"GJ 9827 c","K2-135 c","EPIC 246389858",0,"CONFIRMED","Niraula et al. 2017","12",3.64823000000,"2021-07-12","2021-07-12"
"GJ 9827 c","K2-135 c","EPIC 246389858",0,"CONFIRMED","Niraula et al. 2017","12",3.64811450000,"2024-03-04","2024-03-04"
"GJ 9827 d","K2-135 d","EPIC 246389858",1,"CONFIRMED","Niraula et al. 2017","12",6.20183000000,"2024-10-15","2024-10-15"
"GJ 9827 d","K2-135 d","EPIC 246389858",0,"CONFIRMED","Niraula et al. 2017","12",6.20141000000,"2019-08-23","2017-11-02"
"GJ 9827 d","K2-135 d","EPIC 246389858",0,"CONFIRMED","Niraula et al. 2017","12",6.20142000000,"2021-07-12","2021-07-12"
"GJ 9827 d","K2-135 d","EPIC 246389858",0,"CONFIRMED","Niraula et al. 2017","12",6.20146700000,"2019-08-23","2018-06-21"
"GJ 9827 d","K2-135 d","EPIC 246389858",0,"CONFIRMED","Niraula et al. 2017","12",6.20183000000,"2025-09-17","2025-09-17"
"GJ 9827 d","K2-135 d","EPIC 246389858",0,"CONFIRMED","Niraula et al. 2017","12",6.20147000000,"2023-04-17","2023-04-17"
"GJ 9827 d","K2-135 d","EPIC 246389858",0,"CONFIRMED","Niraula et al. 2017","12",6.20146980000,"2019-08-23","2019-08-29"
"GJ 9827 d","K2-135 d","EPIC 246389858",0,"CONFIRMED","Niraula et al. 2017","12",6.20181200000,"2025-01-09","2025-01-09"
"K2-141 b","K2-141 b","EPIC 246393474",1,"CONFIRMED","Malavolta et al. 2018","12",0.28032440000,"2023-04-17","2023-04-17"
"K2-141 b","K2-141 b","EPIC 246393474",0,"CONFIRMED","Malavolta et al. 2018","12",0.28032440000,"2018-01-16","2018-01-18"
"K2-141 b","K2-141 b","EPIC 246393474",0,"CONFIRMED","Malavolta et al. 2018","12",0.28032260000,"2018-01-16","2018-01-18"
"K2-141 b","K2-141 b","EPIC 246393474",0,"CONFIRMED","Malavolta et al. 2018","12",0.28032460000,"2023-12-14","2023-12-14"
"K2-141 b","K2-141 b","EPIC 246393474",0,"CONFIRMED","Malavolta et al. 2018","12",0.28000000000,"2019-08-23","2019-08-29"
"K2-141 c","K2-141 c","EPIC 246393474",1,"CONFIRMED","Malavolta et al. 2018","12",7.74850000000,"2023-04-17","2023-04-17"
"K2-141 c","K2-141 c","EPIC 246393474",0,"CONFIRMED","Malavolta et al. 2018","12",7.74850000000,"2018-01-16","2018-01-18"
"EPIC 246405278.01",,"EPIC 246405278",1,"CANDIDATE","Zink et al. 2021","12",4.46443800000,"2021-11-19","2021-11-19"
"K2-393 b","K2-393 b","EPIC 246429049",1,"CONFIRMED","Christiansen et al. 2022","12",10.41318100000,"2022-03-16","2022-03-16"
"K2-393 b","K2-393 b","EPIC 246429049",0,"CONFIRMED","Christiansen et al. 2022","12",10.41144000000,"2019-09-19","2019-09-19"
"EPIC 246429728.01",,"EPIC 246429728",1,"CANDIDATE","Zink et al. 2021","12",11.41643900000,"2021-11-19","2021-11-19"
"WASP-151 b","K2-134 b","EPIC 246441449",1,"CONFIRMED","Demangeon et al. 2018","12",4.53347750000,"2022-02-22","2022-02-22"
"WASP-151 b","K2-134 b","EPIC 246441449",0,"CONFIRMED","Demangeon et al. 2018","12",4.53346998242,"2024-12-10","2024-12-10"
"WASP-151 b","K2-134 b","EPIC 246441449",0,"CONFIRMED","Demangeon et al. 2018","12",4.53346860000,"2022-10-18","2022-10-18"
"WASP-151 b","K2-134 b","EPIC 246441449",0,"CONFIRMED","Demangeon et al. 2018","12",4.53347100000,"2017-10-23","2017-10-26"
"WASP-151 b","K2-134 b","EPIC 246441449",0,"CONFIRMED","Demangeon et al. 2018","12",4.53346820000,"2024-03-04","2024-03-04"
"EPIC 246448041.01",,"EPIC 246448041",1,"CANDIDATE","Zink et al. 2021","12",7.21084000000,"2021-11-19","2021-11-19"
"K2-285 b","K2-285 b","EPIC 246471491",1,"CONFIRMED","Palle et al. 2019","12",3.47174500000,"2018-12-11","2018-12-13"
"K2-285 b","K2-285 b","EPIC 246471491",0,"CONFIRMED","Palle et al. 2019","12",3.47156440000,"2022-08-09","2022-08-09"
"K2-285 c","K2-285 c","EPIC 246471491",1,"CONFIRMED","Palle et al. 2019","12",7.13804800000,"2018-12-11","2018-12-13"
"K2-285 c","K2-285 c","EPIC 246471491",0,"CONFIRMED","Palle et al. 2019","12",7.13856720000,"2024-01-05","2024-01-05"
"K2-285 d","K2-285 d","EPIC 246471491",1,"CONFIRMED","Palle et al. 2019","12",10.45582000000,"2018-12-11","2018-12-13"
"K2-285 e","K2-285 e","EPIC 246471491",1,"CONFIRMED","Palle et al. 2019","12",14.76289000000,"2018-12-11","2018-12-13"
"K2-326 b","K2-326 b","EPIC 246472939",1,"CONFIRMED","Castro Gonz&aacute;lez et al. 2020","12",1.25600000000,"2020-09-09","2020-09-09 17:06:03"
"EPIC 246711015.01",,"EPIC 246711015",1,"CANDIDATE","Zink et al. 2021","13",13.28421900000,"2021-11-19","2021-11-19"
"EPIC 246711015.02",,"EPIC 246711015",1,"CANDIDATE","Zink et al. 2021","13",24.21311700000,"2021-11-19","2021-11-19"
"EPIC 246777408.01",,"EPIC 246777408",1,"CANDIDATE","Zink et al. 2021","13",2.46564000000,"2021-11-19","2021-11-19"
"EPIC 246851148.01",,"EPIC 246851148",1,"CANDIDATE","Zink et al. 2021","13",18.89619200000,"2021-11-19","2021-11-19"
"EPIC 246851721 b","K2-267 b","EPIC 246851721",1,"CONFIRMED","Yu et al. 2018","13",6.18023500000,"2019-12-02","2018-10-26"
"EPIC 246851721 b","K2-267 b","EPIC 246851721",0,"CONFIRMED","Yu et al. 2018","13",6.18026790000,"2024-03-04","2024-03-04"
"EPIC 246851721 b","K2-267 b","EPIC 246851721",0,"CONFIRMED","Yu et al. 2018","13",6.18026138745,"2024-12-10","2024-12-10"
"K2-308 b","K2-308 b","EPIC 246865365",1,"CONFIRMED","Rampalli et al. 2019","13",3.38628000000,"2019-06-07","2019-06-13"
"K2-308 b","K2-308 b","EPIC 246865365",0,"CONFIRMED","Rampalli et al. 2019","13",3.38631713618,"2024-12-10","2024-12-10"
"K2-394 b","K2-394 b","EPIC 246876040",1,"CONFIRMED","Christiansen et al. 2022","13",5.09571700000,"2022-03-16","2022-03-16"
"K2-394 b","K2-394 b","EPIC 246876040",0,"CONFIRMED","Christiansen et al. 2022","13",5.09579830000,"2024-05-08","2024-05-08"
"K2-394 b","K2-394 b","EPIC 246876040",0,"CONFIRMED","Christiansen et al. 2022","13",5.09582000000,"2019-09-19","2019-09-19"
"K2-395 b","K2-395 b","EPIC 246891819",1,"CONFIRMED","Christiansen et al. 2022","13",4.80335200000,"2022-03-16","2022-03-16"
"K2-395 b","K2-395 b","EPIC 246891819",0,"CONFIRMED","Christiansen et al. 2022","13",4.80335200000,"2021-11-19","2021-11-19"
"K2-395 c","K2-395 c","EPIC 246891819",1,"CONFIRMED","Christiansen et al. 2022","13",8.49128200000,"2022-03-16","2022-03-16"
"K2-395 c","K2-395 c","EPIC 246891819",0,"CONFIRMED","Christiansen et al. 2022","13",8.49128200000,"2021-11-19","2021-11-19"
"EPIC 246899433.01",,"EPIC 246899433",1,"CANDIDATE","Zink et al. 2021","13",13.10789400000,"2021-11-19","2021-11-19"
"EPIC 246909566.01",,"EPIC 246909566",1,"CANDIDATE","Castro Gonz&aacute;lez et al. 2020","13",1.92500000000,"2022-03-28","2022-03-28"
"K2-260 b","K2-260 b","EPIC 246911830",1,"CONFIRMED","Johnson et al. 2018","13",2.62669762000,"2024-11-20","2024-11-20"
"K2-260 b","K2-260 b","EPIC 246911830",0,"CONFIRMED","Johnson et al. 2018","13",2.62669830000,"2024-01-22","2024-01-22"
"K2-260 b","K2-260 b","EPIC 246911830",0,"CONFIRMED","Johnson et al. 2018","13",2.62669768000,"2024-03-04","2024-03-04"
"K2-260 b","K2-260 b","EPIC 246911830",0,"CONFIRMED","Johnson et al. 2018","13",2.62666580000,"2022-05-03","2022-05-03"
"K2-260 b","K2-260 b","EPIC 246911830",0,"CONFIRMED","Johnson et al. 2018","13",2.62669740000,"2022-01-24","2022-01-24"
"K2-260 b","K2-260 b","EPIC 246911830",0,"CONFIRMED","Johnson et al. 2018","13",2.62666570000,"2018-08-14","2018-08-16"
"EPIC 246920193.01",,"EPIC 246920193",1,"CANDIDATE","Zink et al. 2019","13",10.19970000000,"2019-09-19","2019-09-19"
"EPIC 246947582.01",,"EPIC 246947582",1,"CANDIDATE","Zink et al. 2021","13",21.37137200000,"2021-11-19","2021-11-19"
"K2-396 b","K2-396 b","EPIC 246953392",1,"CONFIRMED","Christiansen et al. 2022","13",0.67386200000,"2022-03-16","2022-03-16"
"K2-396 b","K2-396 b","EPIC 246953392",0,"CONFIRMED","Christiansen et al. 2022","13",0.67386200000,"2021-11-19","2021-11-19"
"K2-396 c","K2-396 c","EPIC 246953392",1,"CONFIRMED","Christiansen et al. 2022","13",25.76051000000,"2022-03-16","2022-03-16"
"EPIC 246987084.01",,"EPIC 246987084",1,"CANDIDATE","Zink et al. 2021","13",7.09869500000,"2021-11-19","2021-11-19"
"EPIC 247047370.01",,"EPIC 247047370",1,"CANDIDATE","Zink et al. 2019","13",4.20566000000,"2019-09-19","2019-09-19"
"EPIC 247047370.01",,"EPIC 247047370",0,"CANDIDATE","Zink et al. 2019","13",4.20507412692,"2024-01-22","2024-01-22"
"EPIC 247063356.01",,"EPIC 247063356",1,"CANDIDATE","Zink et al. 2019","13",9.70510000000,"2019-09-19","2019-09-19"
"K2-232 b","K2-232 b","EPIC 247098361",1,"CONFIRMED","Brahm et al. 2018","13",11.16845400000,"2018-04-04","2018-04-05"
"K2-232 b","K2-232 b","EPIC 247098361",0,"CONFIRMED","Brahm et al. 2018","13",11.16840370000,"2024-01-22","2024-01-22"
"K2-232 b","K2-232 b","EPIC 247098361",0,"CONFIRMED","Brahm et al. 2018","13",11.16844233000,"2024-03-04","2024-03-04"
"K2-232 b","K2-232 b","EPIC 247098361",0,"CONFIRMED","Brahm et al. 2018","13",11.16845900000,"2018-08-21","2018-08-23"
"EPIC 247122439.01",,"EPIC 247122439",1,"CANDIDATE","Zink et al. 2021","13",0.73217000000,"2021-11-19","2021-11-19"
"EPIC 247164043.01",,"EPIC 247164043",1,"CANDIDATE","Zink et al. 2021","13",5.22835200000,"2021-11-19","2021-11-19"
"EPIC 247164043.01",,"EPIC 247164043",0,"CANDIDATE","Zink et al. 2021","13",5.22898740000,"2022-08-09","2022-08-09"
"EPIC 247223703.01",,"EPIC 247223703",1,"CANDIDATE","del Ser et al. 2023","13",3.17640000000,"2022-11-07","2022-11-07"
"EPIC 247226616.01",,"EPIC 247226616",1,"CANDIDATE","Zink et al. 2021","13",2.41947200000,"2021-11-19","2021-11-19"
"K2-284 b","K2-284 b","EPIC 247267267",1,"CONFIRMED","David et al. 2018","13",4.79506900000,"2018-11-12","2018-11-15"
"K2-284 b","K2-284 b","EPIC 247267267",0,"CONFIRMED","David et al. 2018","13",4.79485990000,"2024-03-04","2024-03-04"
"K2-284 b","K2-284 b","EPIC 247267267",0,"CONFIRMED","David et al. 2018","13",4.79450362255,"2026-04-23","2026-04-23"
"K2-284 b","K2-284 b","EPIC 247267267",0,"CONFIRMED","David et al. 2018","13",4.79486420000,"2024-01-22","2024-01-22"
"EPIC 247281516.01",,"EPIC 247281516",1,"CANDIDATE","Zink et al. 2021","13",6.77083400000,"2021-11-19","2021-11-19"
"K2-397 b","K2-397 b","EPIC 247383003",1,"CONFIRMED","Christiansen et al. 2022","13",3.57232600000,"2022-03-16","2022-03-16"
"K2-397 b","K2-397 b","EPIC 247383003",0,"CONFIRMED","Christiansen et al. 2022","13",3.57232600000,"2021-11-19","2021-11-19"
"EPIC 247396991.01",,"EPIC 247396991",1,"CANDIDATE","Zink et al. 2021","13",14.61678300000,"2021-11-19","2021-11-19"
"K2-291 b","K2-291 b","EPIC 247418783",1,"CONFIRMED","Kosiarek et al. 2019","13",2.22517700000,"2019-01-22","2019-01-24"
"K2-291 b","K2-291 b","EPIC 247418783",0,"CONFIRMED","Kosiarek et al. 2019","13",2.22500000000,"2019-08-23","2019-08-29"
"K2-291 b","K2-291 b","EPIC 247418783",0,"CONFIRMED","Kosiarek et al. 2019","13",2.22516390000,"2024-05-08","2024-05-08"
"K2-291 b","K2-291 b","EPIC 247418783",0,"CONFIRMED","Kosiarek et al. 2019","13",2.22517700000,"2025-09-17","2025-09-17"
"K2-412 b","K2-412 b","EPIC 247422570",1,"CONFIRMED","del Ser et al. 2023","13",5.93820000000,"2022-11-07","2022-11-07"
"EPIC 247445728.01",,"EPIC 247445728",1,"CANDIDATE","Zink et al. 2019","13",13.75790000000,"2019-09-19","2019-09-19"
"EPIC 247560727.01",,"EPIC 247560727",1,"CANDIDATE","del Ser et al. 2023","13",3.37330000000,"2022-11-07","2022-11-07"
"EPIC 247560727.02",,"EPIC 247560727",1,"CANDIDATE","del Ser et al. 2023","13",8.43560000000,"2022-11-07","2022-11-07"
"EPIC 247562358.01",,"EPIC 247562358",1,"CANDIDATE","Zink et al. 2021","13",3.09246000000,"2021-11-19","2021-11-19"
"K2-136 b","K2-136 b","EPIC 247589423",1,"CONFIRMED","Mann et al. 2018","13",7.97525000000,"2026-07-02","2023-04-10"
"K2-136 b","K2-136 b","EPIC 247589423",0,"CONFIRMED","Mann et al. 2018","13",7.97529200000,"2017-11-09","2017-11-09"
"K2-136 b","K2-136 b","EPIC 247589423",0,"CONFIRMED","Mann et al. 2018","13",7.97570000000,"2018-12-17","2018-12-19"
"K2-136 c","K2-136 c","EPIC 247589423",1,"CONFIRMED","Mann et al. 2018","13",17.30723000000,"2026-07-02","2023-04-10"
"K2-136 c","K2-136 c","EPIC 247589423",0,"CONFIRMED","Mann et al. 2018","13",17.30701300000,"2024-03-04","2024-03-04"
"K2-136 c","K2-136 c","EPIC 247589423",0,"CONFIRMED","Mann et al. 2018","13",17.30770000000,"2017-11-09","2017-11-09"
"K2-136 c","K2-136 c","EPIC 247589423",0,"CONFIRMED","Mann et al. 2018","13",17.30681000000,"2018-12-17","2018-12-19"
"K2-136 c","K2-136 c","EPIC 247589423",0,"CONFIRMED","Mann et al. 2018","13",17.30706310000,"2024-07-23","2024-07-23"
"K2-136 c","K2-136 c","EPIC 247589423",0,"CONFIRMED","Mann et al. 2018","13",17.30713700000,"2017-11-09","2017-11-09"
"K2-136 d","K2-136 d","EPIC 247589423",1,"CONFIRMED","Mann et al. 2018","13",25.57500000000,"2026-07-02","2023-04-10"
"K2-136 d","K2-136 d","EPIC 247589423",0,"CONFIRMED","Mann et al. 2018","13",25.57506500000,"2017-11-09","2017-11-09"
"K2-136 d","K2-136 d","EPIC 247589423",0,"CONFIRMED","Mann et al. 2018","13",25.57150000000,"2018-12-17","2018-12-19"
"EPIC 247698108.01",,"EPIC 247698108",1,"CANDIDATE","Zink et al. 2021","13",20.37943400000,"2021-11-19","2021-11-19"
"EPIC 247708770.01",,"EPIC 247708770",1,"CANDIDATE","Zink et al. 2021","13",4.42039400000,"2021-11-19","2021-11-19"
"EPIC 247724061.01",,"EPIC 247724061",1,"CANDIDATE","Zink et al. 2021","13",1.24890500000,"2021-11-19","2021-11-19"
"EPIC 247744801.01",,"EPIC 247744801",1,"CANDIDATE","del Ser et al. 2023","13",12.50500000000,"2022-11-07","2022-11-07"
"EPIC 247856284.01",,"EPIC 247856284",1,"CANDIDATE","Zink et al. 2021","13",11.95706000000,"2021-11-19","2021-11-19"
"EPIC 247874191.01",,"EPIC 247874191",1,"CANDIDATE","del Ser et al. 2023","13",7.62400000000,"2022-11-07","2022-11-07"
"EPIC 247885088.01",,"EPIC 247885088",1,"CANDIDATE","Zink et al. 2021","13",6.36330200000,"2021-11-19","2021-11-19"
"K2-133 b","K2-133 b","EPIC 247887989",1,"CONFIRMED","Wells et al. 2018","13",3.07133000000,"2019-05-20","2019-05-23"
"K2-133 b","K2-133 b","EPIC 247887989",0,"CONFIRMED","Wells et al. 2018","13",3.07120000000,"2019-05-20","2017-10-26"
"K2-133 c","K2-133 c","EPIC 247887989",1,"CONFIRMED","Wells et al. 2018","13",4.86784000000,"2019-05-20","2019-05-23"
"K2-133 c","K2-133 c","EPIC 247887989",0,"CONFIRMED","Wells et al. 2018","13",4.86820000000,"2019-05-20","2017-10-26"
"K2-133 d","K2-133 d","EPIC 247887989",1,"CONFIRMED","Wells et al. 2018","13",11.02454000000,"2019-05-20","2019-05-23"
"K2-133 d","K2-133 d","EPIC 247887989",0,"CONFIRMED","Wells et al. 2018","13",11.02340000000,"2019-05-20","2017-10-26"
"K2-133 d","K2-133 d","EPIC 247887989",0,"CONFIRMED","Wells et al. 2018","13",11.02488210000,"2024-01-22","2024-01-22"
"K2-133 e","K2-133 e","EPIC 247887989",1,"CONFIRMED","Wells et al. 2019","13",26.58410000000,"2019-05-20","2019-05-23"
"EPIC 247988033.01",,"EPIC 247988033",1,"CANDIDATE","Zink et al. 2021","13",5.16415700000,"2021-11-19","2021-11-19"
"EPIC 248018863.01",,"EPIC 248018863",1,"CANDIDATE","Zink et al. 2021","13",18.00105300000,"2021-11-19","2021-11-19"
"EPIC 248222323.01",,"EPIC 248222323",1,"CANDIDATE","Zink et al. 2021","13",9.42690100000,"2021-11-19","2021-11-19"
"EPIC 248420036.01",,"EPIC 248420036",1,"CANDIDATE","Zink et al. 2021","14",4.71688000000,"2021-11-19","2021-11-19"
"K2-266 b","K2-266 b","EPIC 248435473",1,"CONFIRMED","Rodriguez et al. 2018","14",0.65852400000,"2022-10-31","2022-10-31"
"K2-266 c","K2-266 c","EPIC 248435473",1,"CONFIRMED","Rodriguez et al. 2018","14",7.81400000000,"2022-10-31","2022-10-31"
"K2-266 d","K2-266 d","EPIC 248435473",1,"CONFIRMED","Rodriguez et al. 2018","14",14.69700000000,"2022-10-31","2022-10-31"
"K2-266 d","K2-266 d","EPIC 248435473",0,"CONFIRMED","Rodriguez et al. 2018","14",14.69808003166,"2024-12-10","2024-12-10"
"K2-266 d","K2-266 d","EPIC 248435473",0,"CONFIRMED","Rodriguez et al. 2018","14",14.69820000000,"2024-03-04","2024-03-04"
"K2-266 e","K2-266 e","EPIC 248435473",1,"CONFIRMED","Rodriguez et al. 2018","14",19.48200000000,"2022-10-31","2022-10-31"
"K2-266 e","K2-266 e","EPIC 248435473",0,"CONFIRMED","Rodriguez et al. 2018","14",19.48348329613,"2024-12-10","2024-12-10"
"K2-398 b","K2-398 b","EPIC 248463350",1,"CONFIRMED","Christiansen et al. 2022","14",6.39302500000,"2022-03-16","2022-03-16"
"K2-398 b","K2-398 b","EPIC 248463350",0,"CONFIRMED","Christiansen et al. 2022","14",6.39302500000,"2021-11-19","2021-11-19"
"K2-398 c","K2-398 c","EPIC 248463350",1,"CONFIRMED","Christiansen et al. 2022","14",18.78783900000,"2022-03-16","2022-03-16"
"K2-398 c","K2-398 c","EPIC 248463350",0,"CONFIRMED","Christiansen et al. 2022","14",18.78783900000,"2021-11-19","2021-11-19"
"K2-399 b","K2-399 b","EPIC 248472140",1,"REFUTED","Lillo-Box et al. 2024","14",0.75997800000,"2022-03-16","2022-03-16"
"K2-399 b","K2-399 b","EPIC 248472140",0,"REFUTED","Lillo-Box et al. 2024","14",0.75997800000,"2021-11-19","2021-11-19"
"K2-399 b","K2-399 b","EPIC 248472140",0,"REFUTED","Lillo-Box et al. 2024","14",0.76001901813,"2026-03-05","2024-09-16"
"K2-321 b","K2-321 b","EPIC 248480671",1,"CONFIRMED","Castro Gonz&aacute;lez et al. 2020","14",2.29797490000,"2024-11-20","2024-11-20"
"K2-321 b","K2-321 b","EPIC 248480671",0,"CONFIRMED","Castro Gonz&aacute;lez et al. 2020","14",2.29799150846,"2024-12-10","2024-12-10"
"K2-321 b","K2-321 b","EPIC 248480671",0,"CONFIRMED","Castro Gonz&aacute;lez et al. 2020","14",2.29800000000,"2020-09-09","2020-09-09 17:06:00"
"K2-400 b","K2-400 b","EPIC 248518307",1,"CONFIRMED","Christiansen et al. 2022","14",3.86505300000,"2022-03-16","2022-03-16"
"K2-400 b","K2-400 b","EPIC 248518307",0,"CONFIRMED","Christiansen et al. 2022","14",3.86505300000,"2021-11-19","2021-11-19"
"EPIC 248526480.01",,"EPIC 248526480",1,"CANDIDATE","Zink et al. 2021","14",18.43694400000,"2021-11-19","2021-11-19"
"K2-401 b","K2-401 b","EPIC 248527514",1,"CONFIRMED","Christiansen et al. 2022","14",6.29309900000,"2022-03-16","2022-03-16"
"K2-401 b","K2-401 b","EPIC 248527514",0,"CONFIRMED","Christiansen et al. 2022","14",6.29309900000,"2021-11-19","2021-11-19"
"EPIC 248527709.01",,"EPIC 248527709",1,"CANDIDATE","Zink et al. 2021","14",5.75176300000,"2021-11-19","2021-11-19"
"EPIC 248527709.01",,"EPIC 248527709",0,"CANDIDATE","Zink et al. 2021","14",5.75194750000,"2022-08-09","2022-08-09"
"EPIC 248527709.02",,"EPIC 248527709",1,"CANDIDATE","Zink et al. 2021","14",10.47276400000,"2021-11-19","2021-11-19"
"K2-239 b","K2-239 b","EPIC 248545986",1,"CONFIRMED","D&iacute;ez Alonso et al. 2018","14",5.24000000000,"2018-06-26","2018-06-21"
"K2-239 c","K2-239 c","EPIC 248545986",1,"CONFIRMED","D&iacute;ez Alonso et al. 2018","14",7.77500000000,"2018-06-26","2018-06-21"
"K2-239 d","K2-239 d","EPIC 248545986",1,"CONFIRMED","D&iacute;ez Alonso et al. 2018","14",10.11500000000,"2018-06-26","2018-06-21"
"K2-322 b","K2-322 b","EPIC 248558190",1,"CONFIRMED","Castro Gonz&aacute;lez et al. 2020","14",8.20500000000,"2020-09-09","2020-09-09 17:06:01"
"EPIC 248574836.01",,"EPIC 248574836",1,"CANDIDATE","Zink et al. 2021","14",3.91768200000,"2021-11-19","2021-11-19"
"K2-323 b","K2-323 b","EPIC 248616368",1,"CONFIRMED","Castro Gonz&aacute;lez et al. 2020","14",24.93000000000,"2020-09-09","2020-09-09 17:06:02"
"K2-402 b","K2-402 b","EPIC 248621597",1,"CONFIRMED","Christiansen et al. 2022","14",17.27474000000,"2022-03-16","2022-03-16"
"K2-402 b","K2-402 b","EPIC 248621597",0,"CONFIRMED","Christiansen et al. 2022","14",17.27474000000,"2021-11-19","2021-11-19"
"K2-324 b","K2-324 b","EPIC 248639308",1,"CONFIRMED","Castro Gonz&aacute;lez et al. 2020","14",3.26200000000,"2020-09-09","2020-09-09 17:06:02"
"EPIC 248639411.01",,"EPIC 248639411",1,"CANDIDATE","Zink et al. 2021","14",3.57739400000,"2021-11-19","2021-11-19"
"EPIC 248639411.01",,"EPIC 248639411",0,"CANDIDATE","Zink et al. 2021","14",3.57750100000,"2025-03-03","2025-03-03"
"EPIC 248740016.01",,"EPIC 248740016",1,"CANDIDATE","Zink et al. 2021","14",14.39072100000,"2021-11-19","2021-11-19"
"EPIC 248740571.01",,"EPIC 248740571",1,"CANDIDATE","Zink et al. 2021","14",9.03224800000,"2021-11-19","2021-11-19"
"EPIC 248740571.02",,"EPIC 248740571",1,"CANDIDATE","Zink et al. 2021","14",16.10017800000,"2021-11-19","2021-11-19"
"EPIC 248740905.01",,"EPIC 248740905",1,"CANDIDATE","Zink et al. 2021","14",2.49115400000,"2021-11-19","2021-11-19"
"K2-403 b","K2-403 b","EPIC 248758353",1,"CONFIRMED","Christiansen et al. 2022","14",33.58997900000,"2022-03-16","2022-03-16"
"K2-403 b","K2-403 b","EPIC 248758353",0,"CONFIRMED","Christiansen et al. 2022","14",33.58997900000,"2021-11-19","2021-11-19"
"K2-403 b","K2-403 b","EPIC 248758353",0,"CONFIRMED","Christiansen et al. 2022","14",33.59202550000,"2024-02-05","2024-02-05"
"EPIC 248775938.01",,"EPIC 248775938",1,"CANDIDATE","Castro Gonz&aacute;lez et al. 2020","14",1.75400000000,"2022-03-28","2022-03-28"
"HD 89345 b","K2-234 b","EPIC 248777106",1,"CONFIRMED","Van Eylen et al. 2018","14",11.81430000000,"2018-08-21","2018-08-23"
"HD 89345 b","K2-234 b","EPIC 248777106",0,"CONFIRMED","Van Eylen et al. 2018","14",11.81399000000,"2018-08-21","2018-05-31"
"HD 89345 b","K2-234 b","EPIC 248777106",0,"CONFIRMED","Van Eylen et al. 2018","14",11.81417261526,"2022-08-09","2022-08-09"
"HD 89345 b","K2-234 b","EPIC 248777106",0,"CONFIRMED","Van Eylen et al. 2018","14",11.81440240000,"2024-12-10","2024-12-10"
"HD 89345 b","K2-234 b","EPIC 248777106",0,"CONFIRMED","Van Eylen et al. 2018","14",11.81430000000,"2018-08-21","2018-08-23"
"HD 89345 b","K2-234 b","EPIC 248777106",0,"CONFIRMED","Van Eylen et al. 2018","14",11.81441700000,"2024-03-04","2024-03-04"
"EPIC 248782482.01",,"EPIC 248782482",1,"CANDIDATE","Castro Gonz&aacute;lez et al. 2020","14",16.22200000000,"2022-03-28","2022-03-28"
"EPIC 248827616.01",,"EPIC 248827616",1,"CANDIDATE","Zink et al. 2021","14",2.57126700000,"2021-11-19","2021-11-19"
"EPIC 248847494 b","K2-311 b","EPIC 248847494",1,"CONFIRMED","Giles et al. 2018","14",3650.00000000000,"2019-07-19","2019-07-25"
"K2-404 b","K2-404 b","EPIC 248861279",1,"CONFIRMED","Christiansen et al. 2022","14",13.11536500000,"2022-03-16","2022-03-16"
"K2-404 b","K2-404 b","EPIC 248861279",0,"CONFIRMED","Christiansen et al. 2022","14",13.11536500000,"2021-11-19","2021-11-19"
"EPIC 248865761.01",,"EPIC 248865761",1,"CANDIDATE","Zink et al. 2021","14",13.07104100000,"2021-11-19","2021-11-19"
"EPIC 248869142.01",,"EPIC 248869142",1,"CANDIDATE","Zink et al. 2021","14",28.84833900000,"2021-11-19","2021-11-19"
"K2-405 b","K2-405 b","EPIC 248874928",1,"CONFIRMED","Christiansen et al. 2022","14",3.43547100000,"2022-03-16","2022-03-16"
"K2-405 b","K2-405 b","EPIC 248874928",0,"CONFIRMED","Christiansen et al. 2022","14",3.43551130000,"2026-04-30","2022-08-09"
"K2-405 b","K2-405 b","EPIC 248874928",0,"CONFIRMED","Christiansen et al. 2022","14",3.43545300000,"2021-11-19","2021-11-19"
"K2-405 b","K2-405 b","EPIC 248874928",0,"CONFIRMED","Christiansen et al. 2022","14",3.43570033951,"2026-04-23","2026-04-23"
"EPIC 249217834.01",,"EPIC 249217834",1,"CANDIDATE","Zink et al. 2021","15",6.69568700000,"2021-11-19","2021-11-19"
"EPIC 249217834.02",,"EPIC 249217834",1,"CANDIDATE","Zink et al. 2021","15",27.91723600000,"2021-11-19","2021-11-19"
"K2-406 b","K2-406 b","EPIC 249223471",1,"CONFIRMED","Christiansen et al. 2022","15",22.54940600000,"2022-03-16","2022-03-16"
"K2-406 b","K2-406 b","EPIC 249223471",0,"CONFIRMED","Christiansen et al. 2022","15",22.54940600000,"2021-11-19","2021-11-19"
"EPIC 249236972.01",,"EPIC 249236972",1,"CANDIDATE","Zink et al. 2021","15",17.81821100000,"2021-11-19","2021-11-19"
"EPIC 249239123.01",,"EPIC 249239123",1,"CANDIDATE","Zink et al. 2021","15",5.11683400000,"2021-11-19","2021-11-19"
"EPIC 249373875.01",,"EPIC 249373875",1,"CANDIDATE","Zink et al. 2021","15",7.52210900000,"2021-11-19","2021-11-19"
"K2-316 b","K2-316 b","EPIC 249384674",1,"CONFIRMED","Castro Gonz&aacute;lez et al. 2020","15",1.13300000000,"2020-09-09","2020-09-09 17:05:56"
"K2-316 c","K2-316 c","EPIC 249384674",1,"CONFIRMED","Castro Gonz&aacute;lez et al. 2020","15",5.26000000000,"2020-09-09","2020-09-09 17:05:57"
"EPIC 249391469.01",,"EPIC 249391469",1,"CANDIDATE","Castro Gonz&aacute;lez et al. 2020","15",1.07500000000,"2022-03-28","2022-03-28"
"EPIC 249401939.01",,"EPIC 249401939",1,"CANDIDATE","Zink et al. 2021","15",18.78604300000,"2021-11-19","2021-11-19"
"K2-407 b","K2-407 b","EPIC 249403651",1,"CONFIRMED","Christiansen et al. 2022","15",4.94190700000,"2022-03-16","2022-03-16"
"K2-407 b","K2-407 b","EPIC 249403651",0,"CONFIRMED","Christiansen et al. 2022","15",4.94190700000,"2021-11-19","2021-11-19"
"K2-407 c","K2-407 c","EPIC 249403651",1,"CONFIRMED","Christiansen et al. 2022","15",9.22453000000,"2022-03-16","2022-03-16"
"K2-407 c","K2-407 c","EPIC 249403651",0,"CONFIRMED","Christiansen et al. 2022","15",9.22453000000,"2021-11-19","2021-11-19"
"EPIC 249418609.01",,"EPIC 249418609",1,"CANDIDATE","Zink et al. 2021","15",15.32060600000,"2021-11-19","2021-11-19"
"K2-287 b","K2-287 b","EPIC 249451861",1,"CONFIRMED","Jord&aacute;n et al. 2019","15",14.89329100000,"2019-01-03","2019-01-10"
"K2-287 b","K2-287 b","EPIC 249451861",0,"CONFIRMED","Jord&aacute;n et al. 2019","15",14.89328900000,"2026-01-29","2026-01-29"
"K2-287 b","K2-287 b","EPIC 249451861",0,"CONFIRMED","Jord&aacute;n et al. 2019","15",14.89329000000,"2024-11-20","2024-11-20"
"EPIC 249476992.01",,"EPIC 249476992",1,"CANDIDATE","Zink et al. 2021","15",7.94360400000,"2021-11-19","2021-11-19"
"K2-317 b","K2-317 b","EPIC 249557502",1,"CONFIRMED","Castro Gonz&aacute;lez et al. 2020","15",6.22000000000,"2020-09-09","2020-09-09 17:05:57"
"EPIC 249559552.01",,"EPIC 249559552",1,"CANDIDATE","Zink et al. 2021","15",7.81536600000,"2021-11-19","2021-11-19"
"EPIC 249559552.02",,"EPIC 249559552",1,"CANDIDATE","Zink et al. 2021","15",19.52080500000,"2021-11-19","2021-11-19"
"EPIC 249561595.01",,"EPIC 249561595",1,"CANDIDATE","Zink et al. 2021","15",39.57057000000,"2021-11-19","2021-11-19"
"EPIC 249599275.01",,"EPIC 249599275",1,"CANDIDATE","Zink et al. 2021","15",11.29231000000,"2021-11-19","2021-11-19"
"K2-233 b","K2-233 b","EPIC 249622103",1,"CONFIRMED","David et al. 2018","15",2.46758300000,"2025-08-28","2025-08-28"
"K2-233 b","K2-233 b","EPIC 249622103",0,"CONFIRMED","David et al. 2018","15",2.46750000000,"2021-05-17","2021-05-17"
"K2-233 b","K2-233 b","EPIC 249622103",0,"CONFIRMED","David et al. 2018","15",2.46746000000,"2018-04-25","2018-04-26"
"K2-233 c","K2-233 c","EPIC 249622103",1,"CONFIRMED","David et al. 2018","15",7.06024000000,"2025-08-28","2025-08-28"
"K2-233 c","K2-233 c","EPIC 249622103",0,"CONFIRMED","David et al. 2018","15",7.06005000000,"2021-05-17","2021-05-17"
"K2-233 c","K2-233 c","EPIC 249622103",0,"CONFIRMED","David et al. 2018","15",7.06142000000,"2018-04-25","2018-04-26"
"K2-233 d","K2-233 d","EPIC 249622103",1,"CONFIRMED","David et al. 2018","15",24.36810000000,"2025-08-28","2025-08-28"
"K2-233 d","K2-233 d","EPIC 249622103",0,"CONFIRMED","David et al. 2018","15",24.36620000000,"2018-04-25","2018-04-26"
"K2-233 d","K2-233 d","EPIC 249622103",0,"CONFIRMED","David et al. 2018","15",24.36543000000,"2024-03-04","2024-03-04"
"K2-233 d","K2-233 d","EPIC 249622103",0,"CONFIRMED","David et al. 2018","15",24.36450000000,"2021-05-17","2021-05-17"
"K2-290 b","K2-290 b","EPIC 249624646",1,"CONFIRMED","Hjorth et al. 2019","15",9.21165000000,"2019-01-22","2019-01-24"
"K2-290 b","K2-290 b","EPIC 249624646",0,"CONFIRMED","Hjorth et al. 2019","15",,"2023-05-03","2023-05-03"
"K2-290 c","K2-290 c","EPIC 249624646",1,"CONFIRMED","Hjorth et al. 2019","15",48.36685000000,"2019-01-22","2019-01-24"
"K2-290 c","K2-290 c","EPIC 249624646",0,"CONFIRMED","Hjorth et al. 2019","15",48.36776100000,"2026-02-26","2026-02-26"
"K2-290 c","K2-290 c","EPIC 249624646",0,"CONFIRMED","Hjorth et al. 2019","15",,"2023-05-03","2023-05-03"
"K2-315 b","K2-315 b","EPIC 249631677",1,"CONFIRMED","Niraula et al. 2020","15",3.14431890000,"2020-08-06","2020-08-13"
"EPIC 249649721.01",,"EPIC 249649721",1,"CANDIDATE","Zink et al. 2021","15",24.48128500000,"2021-11-19","2021-11-19"
"EPIC 249703125.01",,"EPIC 249703125",1,"CANDIDATE","Zink et al. 2021","15",10.30738700000,"2021-11-19","2021-11-19"
"EPIC 249731291.01",,"EPIC 249731291",1,"CANDIDATE","Zink et al. 2021","15",10.20537700000,"2021-11-19","2021-11-19"
"EPIC 249731291.02",,"EPIC 249731291",1,"CANDIDATE","Zink et al. 2021","15",23.33673900000,"2021-11-19","2021-11-19"
"K2-240 b","K2-240 b","EPIC 249801827",1,"CONFIRMED","D&iacute;ez Alonso et al. 2018","15",6.03400000000,"2018-06-26","2018-06-21"
"K2-240 c","K2-240 c","EPIC 249801827",1,"CONFIRMED","D&iacute;ez Alonso et al. 2018","15",20.52300000000,"2018-06-26","2018-06-21"
"K2-408 b","K2-408 b","EPIC 249816490",1,"CONFIRMED","Christiansen et al. 2022","15",20.97895900000,"2022-03-16","2022-03-16"
"K2-408 b","K2-408 b","EPIC 249816490",0,"CONFIRMED","Christiansen et al. 2022","15",20.97895900000,"2021-11-19","2021-11-19"
"EPIC 249822095.01",,"EPIC 249822095",1,"CANDIDATE","Zink et al. 2021","15",1.69671600000,"2021-11-19","2021-11-19"
"K2-318 b","K2-318 b","EPIC 249826231",1,"CONFIRMED","Castro Gonz&aacute;lez et al. 2020","15",7.01000000000,"2020-09-09","2020-09-09 17:05:58"
"EPIC 249827330.01",,"EPIC 249827330",1,"CANDIDATE","Zink et al. 2021","15",31.39600100000,"2021-11-19","2021-11-19"
"EPIC 249828900.01",,"EPIC 249828900",1,"CANDIDATE","Zink et al. 2021","15",18.27735800000,"2021-11-19","2021-11-19"
"EPIC 249865296.01",,"EPIC 249865296",1,"CANDIDATE","Zink et al. 2021","15",28.88858900000,"2021-11-19","2021-11-19"
"EPIC 249883770.01",,"EPIC 249883770",1,"CANDIDATE","Zink et al. 2021","15",2.22811200000,"2021-11-19","2021-11-19"
"K2-286 b","K2-286 b","EPIC 249889081",1,"CONFIRMED","D&iacute;ez Alonso et al. 2019","15",27.35900000000,"2019-01-03","2019-01-10"
"EPIC 249893012 b","K2-314 b","EPIC 249893012",1,"CONFIRMED","Hidalgo et al. 2020","15",3.59510000000,"2020-02-06","2020-02-13"
"EPIC 249893012 c","K2-314 c","EPIC 249893012",1,"CONFIRMED","Hidalgo et al. 2020","15",15.62400000000,"2020-02-06","2020-02-13"
"EPIC 249893012 d","K2-314 d","EPIC 249893012",1,"CONFIRMED","Hidalgo et al. 2020","15",35.74700000000,"2020-02-06","2020-02-13"
"EPIC 249901311.01",,"EPIC 249901311",1,"CANDIDATE","Zink et al. 2021","15",0.80186400000,"2021-11-19","2021-11-19"
"HD 137496 b","K2-364 b","EPIC 249910734",1,"CONFIRMED","Azevedo Silva et al. 2022","15",1.62116000000,"2021-11-18","2021-11-18"
"HD 137496 c","K2-364 c","EPIC 249910734",1,"CONFIRMED","Azevedo Silva et al. 2022","15",479.90000000000,"2021-11-18","2021-11-18"
"EPIC 249921188.01",,"EPIC 249921188",1,"CANDIDATE","Zink et al. 2021","15",17.56221400000,"2021-11-19","2021-11-19"
"K2-409 b","K2-409 b","EPIC 249924395",1,"CONFIRMED","Christiansen et al. 2022","15",1.90808400000,"2022-03-16","2022-03-16"
"K2-409 b","K2-409 b","EPIC 249924395",0,"CONFIRMED","Christiansen et al. 2022","15",1.90808400000,"2021-11-19","2021-11-19"
"EPIC 250001426.01",,"EPIC 250001426",1,"CANDIDATE","Castro Gonz&aacute;lez et al. 2020","15",1.70500000000,"2022-03-28","2022-03-28"
"EPIC 250045116.01",,"EPIC 250045116",1,"CANDIDATE","Zink et al. 2021","15",35.96019400000,"2021-11-19","2021-11-19"
"EPIC 250099723.01",,"EPIC 250099723",1,"CANDIDATE","Castro Gonz&aacute;lez et al. 2020","15",17.92000000000,"2022-03-28","2022-03-28"
"EPIC 250106132.01",,"EPIC 250106132",1,"CANDIDATE","Zink et al. 2021","15",22.12236500000,"2021-11-19","2021-11-19"
"HD 80653 b","K2-312 b","EPIC 251279430",1,"CONFIRMED","Frustagli et al. 2020","16",0.71957300000,"2023-04-17","2023-04-17"
"HD 80653 b","K2-312 b","EPIC 251279430",0,"CONFIRMED","Frustagli et al. 2020","16",0.71957300000,"2020-01-23","2020-01-30"
"HD 80653 b","K2-312 b","EPIC 251279430",0,"CONFIRMED","Frustagli et al. 2020","16",0.71957120984,"2022-08-09","2022-08-09"
"HD 80653 b","K2-312 b","EPIC 251279430",0,"CONFIRMED","Frustagli et al. 2020","16",0.71959700000,"2019-02-26","2019-02-26"
"K2-312 c","K2-312 c","EPIC 251279430",1,"CONFIRMED","Bonomo et al. 2023","16",921.20000000000,"2023-04-17","2023-04-17"
"EPIC 251281013.01",,"EPIC 251281013",1,"FALSE POSITIVE","Yu et al. 2018","16",3.28791200000,"2019-02-26","2019-02-26"
"EPIC 251286992.01",,"EPIC 251286992",1,"FALSE POSITIVE","Yu et al. 2018","16",0.50560200000,"2019-02-26","2019-02-26"
"EPIC 251288417.01",,"EPIC 251288417",1,"CANDIDATE","Yu et al. 2018","16",20.92459300000,"2019-02-26","2019-02-26"
"EPIC 251292508.01",,"EPIC 251292508",1,"FALSE POSITIVE","Yu et al. 2018","16",1.28831200000,"2019-02-26","2019-02-26"
"EPIC 251292838.01",,"EPIC 251292838",1,"CANDIDATE","Yu et al. 2018","16",19.58151900000,"2019-02-26","2019-02-26"
"EPIC 251294036.01",,"EPIC 251294036",1,"CANDIDATE","Yu et al. 2018","16",6.85493100000,"2019-02-26","2019-02-26"
"EPIC 251294036.01",,"EPIC 251294036",0,"CANDIDATE","Yu et al. 2018","16",6.85484645911,"2023-04-10","2023-04-10"
"EPIC 251304634.01",,"EPIC 251304634",1,"CANDIDATE","Zink et al. 2021","16",4.39250300000,"2021-11-19","2021-11-19"
"EPIC 251307609.01",,"EPIC 251307609",1,"FALSE POSITIVE","Yu et al. 2018","16",0.59819700000,"2019-02-26","2019-02-26"
"EPIC 251308775.01",,"EPIC 251308775",1,"FALSE POSITIVE","Yu et al. 2018","16",2.80424600000,"2019-02-26","2019-02-26"
"EPIC 251314585.01",,"EPIC 251314585",1,"FALSE POSITIVE","Yu et al. 2018","16",0.69161700000,"2019-02-26","2019-02-26"
"EPIC 251315031.01",,"EPIC 251315031",1,"FALSE POSITIVE","Yu et al. 2018","16",0.54052700000,"2019-02-26","2019-02-26"
"K2-352 b","K2-352 b","EPIC 251319382",1,"CONFIRMED","de Leon et al. 2021","16",3.66591200000,"2021-08-23","2021-08-23"
"K2-352 c","K2-352 c","EPIC 251319382",1,"CONFIRMED","de Leon et al. 2021","16",8.23488500000,"2021-08-23","2021-08-23"
"K2-352 c","K2-352 c","EPIC 251319382",0,"CONFIRMED","de Leon et al. 2021","16",8.23648600000,"2019-02-26","2019-02-26"
"K2-352 d","K2-352 d","EPIC 251319382",1,"CONFIRMED","de Leon et al. 2021","16",14.87138700000,"2021-08-23","2021-08-23"
"K2-352 d","K2-352 d","EPIC 251319382",0,"CONFIRMED","de Leon et al. 2021","16",14.86994300000,"2019-02-26","2019-02-26"
"EPIC 251327548.01",,"EPIC 251327548",1,"FALSE POSITIVE","Yu et al. 2018","16",11.34944500000,"2019-02-26","2019-02-26"
"EPIC 251330444.01",,"EPIC 251330444",1,"FALSE POSITIVE","Yu et al. 2018","16",5.99865200000,"2019-02-26","2019-02-26"
"EPIC 251345848.01",,"EPIC 251345848",1,"FALSE POSITIVE","Yu et al. 2018","16",2.88316200000,"2019-02-26","2019-02-26"
"EPIC 251345849.01",,"EPIC 251345849",1,"FALSE POSITIVE","Yu et al. 2018","16",0.54525100000,"2019-02-26","2019-02-26"
"EPIC 251347050.01",,"EPIC 251347050",1,"FALSE POSITIVE","Yu et al. 2018","16",0.49396700000,"2019-02-26","2019-02-26"
"EPIC 251353301.01",,"EPIC 251353301",1,"FALSE POSITIVE","Yu et al. 2018","16",0.50447500000,"2019-02-26","2019-02-26"
"EPIC 251356484.01",,"EPIC 251356484",1,"FALSE POSITIVE","Yu et al. 2018","16",0.78194900000,"2019-02-26","2019-02-26"
"EPIC 251356953.01",,"EPIC 251356953",1,"FALSE POSITIVE","Yu et al. 2018","16",5.21459000000,"2019-02-26","2019-02-26"
"EPIC 251380988.01",,"EPIC 251380988",1,"CANDIDATE","Yu et al. 2018","16",30.92100400000,"2019-02-26","2019-02-26"
"EPIC 251383916.01",,"EPIC 251383916",1,"FALSE POSITIVE","Yu et al. 2018","16",1.33279700000,"2019-02-26","2019-02-26"
"EPIC 251390801.01",,"EPIC 251390801",1,"FALSE POSITIVE","Yu et al. 2018","16",0.59225500000,"2019-02-26","2019-02-26"
"EPIC 251393748.01",,"EPIC 251393748",1,"FALSE POSITIVE","Yu et al. 2018","16",8.07181000000,"2019-02-26","2019-02-26"
"EPIC 251393916.01",,"EPIC 251393916",1,"FALSE POSITIVE","Yu et al. 2018","16",0.67847300000,"2019-02-26","2019-02-26"
"EPIC 251394139.01",,"EPIC 251394139",1,"FALSE POSITIVE","Yu et al. 2018","16",26.28624900000,"2019-02-26","2019-02-26"
"EPIC 251399501.01",,"EPIC 251399501",1,"CANDIDATE","Zink et al. 2021","16",11.63498800000,"2021-11-19","2021-11-19"
"EPIC 251404897.01",,"EPIC 251404897",1,"FALSE POSITIVE","Yu et al. 2018","16",0.66008500000,"2019-02-26","2019-02-26"
"EPIC 251411166.01",,"EPIC 251411166",1,"FALSE POSITIVE","Yu et al. 2018","16",3.37433000000,"2019-02-26","2019-02-26"
"EPIC 251578729.01",,"EPIC 251578729",1,"CANDIDATE","Zink et al. 2021","17",14.22388900000,"2021-11-19","2021-11-19"
"EPIC 251584580.01",,"EPIC 251584580",1,"CANDIDATE","Zink et al. 2021","17",10.97313500000,"2021-11-19","2021-11-19"
"EPIC 251809286.01",,"EPIC 251809286",1,"FALSE POSITIVE","Yu et al. 2018","None",9.48582600000,"2019-02-26","2019-02-26"
"EPIC 251809628.01",,"EPIC 251809628",1,"FALSE POSITIVE","Yu et al. 2018","None",7.22058500000,"2019-02-26","2019-02-26"
"WASP-28 b","K2-1 b","EPIC 60017806",1,"CONFIRMED","Petrucci et al. 2015","-1, 12",3.40883495000,"2022-02-22","2022-02-22"
"WASP-28 b","K2-1 b","EPIC 60017806",0,"CONFIRMED","Petrucci et al. 2015","-1, 12",3.40884000000,"2014-10-29","2014-10-29"
"WASP-28 b","K2-1 b","EPIC 60017806",0,"CONFIRMED","Petrucci et al. 2015","-1, 12",3.40883502000,"2024-03-04","2024-03-04"
"WASP-28 b","K2-1 b","EPIC 60017806",0,"CONFIRMED","Petrucci et al. 2015","-1, 12",3.40883870000,"2016-04-27","2016-04-28"
"WASP-28 b","K2-1 b","EPIC 60017806",0,"CONFIRMED","Petrucci et al. 2015","-1, 12",3.40883300000,"2024-01-05","2024-01-05"
"WASP-28 b","K2-1 b","EPIC 60017806",0,"CONFIRMED","Petrucci et al. 2015","-1, 12",3.40883000000,"2015-03-05","2015-03-05"
"WASP-28 b","K2-1 b","EPIC 60017806",0,"CONFIRMED","Petrucci et al. 2015","-1, 12",3.40883530000,"2022-01-24","2022-01-24"
"WASP-28 b","K2-1 b","EPIC 60017806",0,"CONFIRMED","Petrucci et al. 2015","-1, 12",3.40883000000,"2019-03-18","2019-03-21"
"WASP-28 b","K2-1 b","EPIC 60017806",0,"CONFIRMED","Petrucci et al. 2015","-1, 12",3.40883458000,"2022-10-18","2022-10-18"
"HIP 116454 b","K2-2 b","EPIC 60021410",1,"CONFIRMED","Vanderburg et al. 2015","-1",9.10041570000,"2024-10-03","2024-10-03"
"HIP 116454 b","K2-2 b","EPIC 60021410",0,"CONFIRMED","Vanderburg et al. 2015","-1",9.09490000000,"2023-04-17","2023-04-17"
"HIP 116454 b","K2-2 b","EPIC 60021410",0,"CONFIRMED","Vanderburg et al. 2015","-1",9.10041200000,"2023-12-14","2023-12-14"
"HIP 116454 b","K2-2 b","EPIC 60021410",0,"CONFIRMED","Vanderburg et al. 2015","-1",9.12050000000,"2018-04-25","2014-12-19"
"HIP 116454 b","K2-2 b","EPIC 60021410",0,"CONFIRMED","Vanderburg et al. 2015","-1",9.12050000000,"2018-04-25","2018-04-26"
"K2-2016-BLG-0005L b","K2-2016-BLG-0005L b",,1,"CONFIRMED","Specht et al. 2023",,4700.00000000000,"2023-05-03","2023-05-03"
"K2-2016-BLG-0005L b","K2-2016-BLG-0005L b",,0,"CONFIRMED","Specht et al. 2023",,4700.00000000000,"2023-05-03","2023-05-03"
