epic_id,reconciled_label,reconciled_status,strongest_positive_flag,positive_retained_flag,rejection_flag,uncertainty_flag,source_files,source_labels,source_actions,latest_known_stage,manual_decision_present,autovet_decision_present,stage_g_score,caveat,reconciliation_reason,manual_label,manual_next_action,manual_reason,manual_confidence,manual_vetted,decision_authority,reviewed_at,reviewer,cnn_manual_conflict,conflict_reason
EPIC_200008831,likely_eb_or_binary_system,review_secondary_odd_even_and_eb_features_before_label_update,False,False,True,False,plots/k2_batch/stage_i_autovet_v1_candidate_batch1/autovet_candidate_validation_ledger.csv; plots/k2_batch/stage_i_autovet_v1_candidate_batch1/pending_candidate_label_updates.csv,likely_eb_or_binary_system,review_secondary_odd_even_and_eb_features_before_label_update,Stage I / AutoVet,False,True,,"reason: auto_candidate_with_caveat is never directly promotable by policy; Stage F likely EB; odd_even_ratio=0.3503, odd_even_delta=0.9622, alias_risk=high, primary_depth=4.131",selected not_positive from plots/k2_batch/stage_i_autovet_v1_candidate_batch1/pending_candidate_label_updates.csv (downstream AutoVet pending-label review); matches: recommended_ledger_label=likely_eb_or_binary_system,,,,,,,,,,
EPIC_200008924,reject_or_low_priority_negative,add_to_reject_audit_queue_before_training,False,False,True,False,plots/k2_batch/stage_i_autovet_v1_candidate_batch1/autovet_candidate_validation_ledger.csv; plots/k2_batch/stage_i_autovet_v1_candidate_batch1/pending_candidate_label_updates.csv,reject_or_low_priority_negative,add_to_reject_audit_queue_before_training,Stage I / AutoVet,False,True,,"reason: auto_candidate_with_caveat is never directly promotable by policy; Stage F reject; primary_snr=3.563, num_events=2, stage_f_reason=primary transit depth is not significant in cached folded light curve",selected not_positive from plots/k2_batch/stage_i_autovet_v1_candidate_batch1/pending_candidate_label_updates.csv (downstream AutoVet pending-label review); matches: recommended_ledger_label=reject_or_low_priority_negative,,,,,,,,,,
EPIC_200009188,reject_as_noise_or_artifact,not_positive,False,False,True,False,plots/k2_batch/stage_i_discovery_pilot_batch1/stage_i_manual_review_outcomes.csv,reject_as_noise_or_artifact,,Stage I / AutoVet,True,False,,reason: folded plots dominated by extreme positive outliers/spikes; apparent 4.9% depth at short 0.919 d period is not reliable as clean planet-like signal; modest SNR despite huge apparent depth; poor shape/SNR hit support; likely artifact or contaminated EB-like signal,selected not_positive from plots/k2_batch/stage_i_discovery_pilot_batch1/stage_i_manual_review_outcomes.csv (manual_stage_i_decision); matches: manual_stage_i_label=reject_as_noise_or_artifact; reject_as_noise_or_artifact; noise_or_artifact,,,,,,,,,,
EPIC_211306307,reject_as_noise_or_artifact,not_positive,False,False,True,False,freezes/k2_stage_f_v3_manual_review_outcomes_13.csv; freezes/k2_stage_f_v3_manual_reviewed_13.csv; freezes/stage_g_calibrated_ranking_layer.csv; freezes/stage_g_candidate_ledger_review.csv; k2_stage_f_v3_manual_review_outcomes.csv; k2_stage_f_v3_manual_reviewed.csv,hold_or_reject_review; noise_or_artifact; reject_as_noise_or_artifact,hold_or_reject_review,Stage G,True,False,0.3348284082469124,manual_reason: severe odd/even depth mismatch; weak/moderate primary SNR; inconsistent parity morphology; not convincing as a clean planet-like signal; manual_reason: severe odd/even depth mismatch; weak/moderate primary SNR; inconsistent parity morphology; not convincing as a clean planet-like signal | visual_notes: severe odd/even depth mismatch; weak/moderate primary SNR; inconsistent parity morphology; not convincing as a clean planet-like signal,selected not_positive from freezes/k2_stage_f_v3_manual_review_outcomes_13.csv (manual_review_decision); matches: manual_stage_f_label=reject_as_noise_or_artifact; reject_as_noise_or_artifact; noise_or_artifact,,,,,,,,,,
EPIC_211339469,reject_as_noise_or_artifact,not_positive,False,False,True,False,plots/k2_batch/stage_i_discovery_pilot_batch1/stage_i_manual_review_outcomes.csv,reject_as_noise_or_artifact,,Stage I / AutoVet,True,False,,reason: extremely noisy/high-SNR structured signal; primary depth/SNR too extreme for clean planet-like interpretation; secondary-like signal present; high OOT variability; P/2 alias support stronger than nominal P; likely EB/variable/systematic,selected not_positive from plots/k2_batch/stage_i_discovery_pilot_batch1/stage_i_manual_review_outcomes.csv (manual_stage_i_decision); matches: manual_stage_i_label=reject_as_noise_or_artifact; reject_as_noise_or_artifact; noise_or_artifact,,,,,,,,,,
EPIC_211387425,reject_as_noise_or_artifact,not_positive,False,False,True,False,plots/k2_batch/stage_i_discovery_pilot_batch1/stage_i_manual_review_outcomes.csv,reject_as_noise_or_artifact,,Stage I / AutoVet,True,False,,reason: not visually convincing; weak/moderate primary; borderline odd/even agreement; P/2 alias support stronger than nominal P; no clean planet-like morphology,selected not_positive from plots/k2_batch/stage_i_discovery_pilot_batch1/stage_i_manual_review_outcomes.csv (manual_stage_i_decision); matches: manual_stage_i_label=reject_as_noise_or_artifact; reject_as_noise_or_artifact; noise_or_artifact,,,,,,,,,,
EPIC_211396167,candidate_like_hold,keep_hold_alias_duration_review,False,True,False,False,plots/k2_batch/stage_i_autovet_v1_hold_batch1/autovet_hold_validation_ledger.csv; plots/k2_batch/stage_i_autovet_v1_hold_batch2/manual_stage_i_hold_batch2_review_decisions.csv,candidate_like_hold; needs_period_review,run_alias_duration_sanity_review; keep_hold_alias_duration_review; run_period_search_before_label_update,Stage I / AutoVet,True,True,,reason: original AutoVet evidence had missing/weak saved period support; manual_reason: visible coherent primary transit-like dip at phase 0; no convincing secondary eclipse at phase 0.5; odd_even_depth_ratio 0.9432; odd_even_depth_delta 0.0572; OOT/depth 0.0302. Kept as hold because duration is long at 9.807h and requires alias/duration sanity review before Stage G promotion.,selected positive_retained from plots/k2_batch/stage_i_autovet_v1_hold_batch2/manual_stage_i_hold_batch2_review_decisions.csv (latest_manual_decision); matches: manual_label=candidate_like_hold; ledger_label=candidate_like_hold; alias_duration_sanity_review,,,,,,,,,,
EPIC_211396246,reject_manual_false_positive,reject_manual_false_positive,False,False,True,False,freezes/final_candidate_master_ledger_stage_h_candidate_followup.csv; freezes/stage_g_calibrated_ranking_layer.csv; freezes/stage_g_candidate_ledger_review.csv; plots/k2_batch/final_candidate_master_ledger.csv; plots/k2_batch/final_candidate_master_ledger_stage_f_closed.csv,hold_or_reject_review; noise_or_artifact; reject_manual_false_positive,exclude from novel planet queue after Stage F reviewed outcome; reject_manual_false_positive; hold_or_reject_review,Master ledger,False,False,0.6653465304461603,"status_reason: Stage F reviewed outcome: manual false positive. Stage F reason: no EB rejection, but visual/metric confidence remains secondary queue | visual_notes: Stage F reviewed outcome: manual false positive. Stage F reason: no EB rejection, but visual/metric confidence remains secondary queue",selected not_positive from plots/k2_batch/final_candidate_master_ledger.csv (current_master_ledger); matches: final_candidate_status=reject_manual_false_positive; final_recommendation=reject_manual_false_positive; reject_manual_false_positive; false_positive,,,,,,,,,,
EPIC_211404127,candidate_needs_manual_followup,candidate_needs_manual_followup,False,True,False,False,freezes/final_candidate_master_ledger_stage_h_candidate_followup.csv; freezes/k2_stage_f_v3_manual_review_outcomes_13.csv; freezes/k2_stage_f_v3_manual_reviewed_13.csv; freezes/stage_g_calibrated_ranking_layer.csv; freezes/stage_g_candidate_ledger_review.csv; freezes/stage_h_candidate_followup_decisions.csv; k2_stage_f_v3_manual_review_outcomes.csv; k2_stage_f_v3_manual_reviewed.csv; plots/k2_batch/final_candidate_master_ledger.csv,candidate_like; candidate_needs_manual_followup; known_positive_below_pass_threshold_recheck_features; promote_to_deeper_eval,candidate_needs_manual_followup; candidate_needs_manual_followup; candidate_needs_manual_followup; known_positive_below_pass_threshold_recheck_features,Master ledger,True,False,0.40196523850406085,"stage_f_closed_45_caveats: Candidate-like weak_support row; preserve manual Stage F promote_to_deeper_eval evidence and require manual ledger decision. | stage_h_reason: real deep high-SNR signal, but SNR/depth are too high for clean planet-like confidence; high OOT variability; P/2 alias support stronger than nominal P; possible EB/variable-risk | status_reason: real deep high-SNR signal, but SNR/depth are too high for clean planet-like confidence; high OOT variability; P/2 alias support stronger than nominal P; possible EB/variable-risk; manual_reason: strong deep primary; high SNR; acceptable odd/even; no phase-0.5 secondary; strong event support; caveat high OOT and P/2 alias support; manual_reason: strong deep primary; high SNR; acceptable odd/even; no phase-0.5 secondary; strong event support; caveat high OOT and P/2 alias support | visual_notes: strong deep primary; high SNR; acceptable odd/even; no phase-0.5 secondary; strong event support; caveat high OOT and P/2 alias support; stage_h_reason: real deep high-SNR signal, but SNR/depth are too high for clean planet-like confidence; high OOT variability; P/2 alias support stronger than nominal P; possible EB/variable-risk",selected positive_retained from plots/k2_batch/final_candidate_master_ledger.csv (current_master_ledger); matches: stage_h_ledger_status=candidate_needs_manual_followup; stage_h_status=candidate_needs_manual_followup; final_candidate_status=candidate_needs_manual_followup; final_recommendation=candidate_needs_manual_followup; recommended_next_action=candidate_needs_manual_followup; visual_label=promote_to_deeper_eval; stage_h_label=candidate_needs_manual_followup; candidate_needs_manual_followup,,,,,,,,,,
EPIC_211409604,hold_deeper_eval,positive_retained,False,True,False,False,freezes/k2_stage_f_v3_manual_review_outcomes_13.csv; freezes/k2_stage_f_v3_manual_reviewed_13.csv; freezes/stage_g_calibrated_ranking_layer.csv; freezes/stage_g_candidate_ledger_review.csv; k2_stage_f_v3_manual_review_outcomes.csv; k2_stage_f_v3_manual_reviewed.csv,hold_deeper_eval; hold_or_reject_review; uncertain_hold,hold_or_reject_review,Stage G,True,False,0.30651032727793015,manual_reason: some candidate-like signal but uncertain; borderline/poor odd-even agreement; high OOT variability; non-dominant alias support; not confident enough to promote; manual_reason: some candidate-like signal but uncertain; borderline/poor odd-even agreement; high OOT variability; non-dominant alias support; not confident enough to promote | visual_notes: some candidate-like signal but uncertain; borderline/poor odd-even agreement; high OOT variability; non-dominant alias support; not confident enough to promote,selected positive_retained from freezes/k2_stage_f_v3_manual_review_outcomes_13.csv (manual_review_decision); matches: manual_stage_f_label=hold_deeper_eval,,,,,,,,,,
EPIC_211409713,needs_period_review,run_period_search_before_label_update,False,False,False,True,plots/k2_batch/stage_i_autovet_v1_hold_batch1/autovet_hold_validation_ledger.csv,needs_period_review,run_period_search_before_label_update,Stage I / AutoVet,False,True,,reason: original AutoVet evidence had missing/weak saved period support,selected uncertain_non_final from plots/k2_batch/stage_i_autovet_v1_hold_batch1/autovet_hold_validation_ledger.csv (autovet_validation_ledger); matches: no positive/not-positive rule matched,,,,,,,,,,
EPIC_211423229,reject_as_noise_or_artifact,not_positive,False,False,True,False,freezes/k2_stage_f_v3_manual_review_outcomes_13.csv; freezes/k2_stage_f_v3_manual_reviewed_13.csv; freezes/stage_g_calibrated_ranking_layer.csv; freezes/stage_g_candidate_ledger_review.csv; k2_stage_f_v3_manual_review_outcomes.csv; k2_stage_f_v3_manual_reviewed.csv,hold_or_reject_review; noise_or_artifact; reject_as_noise_or_artifact,hold_or_reject_review,Stage G,True,False,0.36003243302143906,manual_reason: poor odd/even agreement; weak tiny primary; irregular non-transit morphology; weak/non-dominant alias support; low event-family support; manual_reason: poor odd/even agreement; weak tiny primary; irregular non-transit morphology; weak/non-dominant alias support; low event-family support | visual_notes: poor odd/even agreement; weak tiny primary; irregular non-transit morphology; weak/non-dominant alias support; low event-family support,selected not_positive from freezes/k2_stage_f_v3_manual_review_outcomes_13.csv (manual_review_decision); matches: manual_stage_f_label=reject_as_noise_or_artifact; reject_as_noise_or_artifact; noise_or_artifact,,,,,,,,,,
EPIC_211425098,reject_manual_false_positive,reject_manual_false_positive,False,False,True,False,freezes/final_candidate_master_ledger_stage_h_candidate_followup.csv; freezes/stage_g_calibrated_ranking_layer.csv; freezes/stage_g_candidate_ledger_review.csv; plots/k2_batch/final_candidate_master_ledger.csv; plots/k2_batch/final_candidate_master_ledger_stage_f_closed.csv,hold_or_reject_review; noise_or_artifact; reject_manual_false_positive,exclude from novel planet queue after Stage F reviewed outcome; reject_manual_false_positive; hold_or_reject_review,Master ledger,False,False,0.23497384634394886,status_reason: Stage F reviewed outcome: manual false positive. Stage F reason: ambiguous follow-up checks: odd_even_ratio=0.628 alias_risk=moderate oot_to_depth=1.097 | visual_notes: Stage F reviewed outcome: manual false positive. Stage F reason: ambiguous follow-up checks: odd_even_ratio=0.628 alias_risk=moderate oot_to_depth=1.097,selected not_positive from plots/k2_batch/final_candidate_master_ledger.csv (current_master_ledger); matches: final_candidate_status=reject_manual_false_positive; final_recommendation=reject_manual_false_positive; reject_manual_false_positive; false_positive,,,,,,,,,,
EPIC_211429653,needs_period_review,run_period_search_before_label_update,False,False,False,True,plots/k2_batch/stage_i_autovet_v1_hold_batch1/autovet_hold_validation_ledger.csv,needs_period_review,run_period_search_before_label_update,Stage I / AutoVet,False,True,,"reason: original AutoVet evidence had missing/weak saved period support; EB risk features: odd_even_ratio=0.2465, odd_even_delta=1.471, secondary_ratio=0, alias_risk=low; artifact/reject features: primary_snr=3.25, num_events=5",selected uncertain_non_final from plots/k2_batch/stage_i_autovet_v1_hold_batch1/autovet_hold_validation_ledger.csv (autovet_validation_ledger); matches: no positive/not-positive rule matched,,,,,,,,,,
EPIC_211434347,hold_or_reject_review,hold_or_reject_review,False,False,False,True,freezes/stage_g_calibrated_ranking_layer.csv; freezes/stage_g_candidate_ledger_review.csv,hold_or_reject_review,hold_or_reject_review,Stage G,False,False,0.28033299537534206,,selected uncertain_non_final from freezes/stage_g_candidate_ledger_review.csv (stage_g_candidate_review); matches: no positive/not-positive rule matched,,,,,,,,,,
EPIC_211490307,reject_manual_false_positive,reject_manual_false_positive,False,False,True,False,freezes/final_candidate_master_ledger_stage_h_candidate_followup.csv; freezes/stage_g_calibrated_ranking_layer.csv; freezes/stage_g_candidate_ledger_review.csv; k2_manual_false_positive_rejects.csv; k2_manual_rejects_stage_f_next10.csv; k2_master_candidate_ledger.csv; k2_stage_f_next10_manual_reviewed.csv; manual_reject_archive.csv; plots/k2_batch/final_candidate_master_ledger.csv; plots/k2_batch/final_candidate_master_ledger_stage_f_closed.csv,noise_or_artifact; reject_manual_false_positive,closed_negative_do_not_reopen_without_new_evidence; exclude from novel planet queue after manual visual review,Master ledger,True,False,0.6015330828227734,visual_notes: Manual visual review did not show convincing planet-like transit morphology.,selected not_positive from plots/k2_batch/final_candidate_master_ledger.csv (current_master_ledger); matches: final_candidate_status=reject_manual_false_positive; reject_manual_false_positive; false_positive,,,,,,,,,,
EPIC_211511562,hold_or_reject_review,hold_or_reject_review,False,False,False,True,freezes/stage_g_calibrated_ranking_layer.csv; freezes/stage_g_candidate_ledger_review.csv,hold_or_reject_review,hold_or_reject_review,Stage G,False,False,0.3183505454900529,,selected uncertain_non_final from freezes/stage_g_candidate_ledger_review.csv (stage_g_candidate_review); matches: no positive/not-positive rule matched,,,,,,,,,,
EPIC_211520800,deprioritize_after_manual_visual_review,deprioritize_after_manual_visual_review,False,False,True,False,freezes/final_candidate_master_ledger_stage_h_candidate_followup.csv; freezes/stage_g_calibrated_ranking_layer.csv; freezes/stage_g_candidate_ledger_review.csv; k2_stage_f_next10_batch2_manual_reviewed.csv; manual_reject_archive.csv; plots/k2_batch/final_candidate_master_ledger.csv; plots/k2_batch/final_candidate_master_ledger_stage_f_closed.csv,deprioritize_after_manual_visual_review; hold_or_reject_review; low_priority_negative; manual_unreviewed,deprioritize after manual visual review; deprioritize_after_manual_visual_review; hold_or_reject_review,Master ledger,True,False,0.5207721037801363,status_reason: Human visual review found folds unconvincing relative to top five. | visual_notes: Human visual review found folds unconvincing relative to top five.; visual_notes: Awaiting manual visual review outcome.,selected not_positive from plots/k2_batch/final_candidate_master_ledger.csv (current_master_ledger); matches: deprioritize,,,,,,,,,,
EPIC_211525754,reject_manual_false_positive,reject_manual_false_positive,False,False,True,False,freezes/final_candidate_master_ledger_stage_h_candidate_followup.csv; freezes/stage_g_calibrated_ranking_layer.csv; freezes/stage_g_candidate_ledger_review.csv; k2_manual_false_positive_rejects.csv; k2_manual_rejects_stage_f_next10.csv; k2_master_candidate_ledger.csv; k2_stage_f_next10_manual_reviewed.csv; manual_reject_archive.csv; plots/k2_batch/final_candidate_master_ledger.csv; plots/k2_batch/final_candidate_master_ledger_stage_f_closed.csv,noise_or_artifact; reject_manual_false_positive,closed_negative_do_not_reopen_without_new_evidence; exclude from novel planet queue after manual visual review,Master ledger,True,False,0.6257115326534305,visual_notes: Manual visual review did not show convincing planet-like transit morphology.,selected not_positive from plots/k2_batch/final_candidate_master_ledger.csv (current_master_ledger); matches: final_candidate_status=reject_manual_false_positive; reject_manual_false_positive; false_positive,,,,,,,,,,
EPIC_211530033,reject_manual_false_positive,reject_manual_false_positive,False,False,True,False,freezes/final_candidate_master_ledger_stage_h_candidate_followup.csv; freezes/stage_g_calibrated_ranking_layer.csv; freezes/stage_g_candidate_ledger_review.csv; plots/k2_batch/final_candidate_master_ledger.csv; plots/k2_batch/final_candidate_master_ledger_stage_f_closed.csv,hold_or_reject_review; noise_or_artifact; reject_manual_false_positive,exclude from novel planet queue after Stage F reviewed outcome; reject_manual_false_positive; hold_or_reject_review,Master ledger,False,False,0.6665948900723013,"status_reason: Stage F reviewed outcome: manual false positive. Stage F reason: no EB rejection, but visual/metric confidence remains secondary queue | visual_notes: Stage F reviewed outcome: manual false positive. Stage F reason: no EB rejection, but visual/metric confidence remains secondary queue",selected not_positive from plots/k2_batch/final_candidate_master_ledger.csv (current_master_ledger); matches: final_candidate_status=reject_manual_false_positive; final_recommendation=reject_manual_false_positive; reject_manual_false_positive; false_positive,,,,,,,,,,
EPIC_211534076,recovered_known_unconfirmed_candidate,recovered_known_unconfirmed_candidate,True,True,False,False,freezes/final_candidate_master_ledger_stage_h_candidate_followup.csv; freezes/stage_g_calibrated_ranking_layer.csv; freezes/stage_g_candidate_ledger_review.csv; k2_master_candidate_ledger.csv; k2_stage_h_final_candidate_status.csv; k2_stage_h_final_candidate_status_v3.csv; plots/k2_batch/final_candidate_master_ledger.csv; plots/k2_batch/final_candidate_master_ledger_stage_f_closed.csv; promoted_candidate_queue.csv; strict_promoted_candidates.csv,candidate_like; recovered_known_candidate; recovered_known_unconfirmed_candidate,candidate_supported_by_calibrated_layer; top_followup_candidate; literature follow-up / monitor for confirmation; use as candidate-positive recovery benchmark; literature follow-up / monitor for confirmation; top_followup_candidate,Master ledger,False,False,0.703777551032,"stage_f_closed_45_caveats: Recovered known unconfirmed candidate/control; preserve known-unconfirmed/reference status and do not treat Stage G as a new promotion authority. | status_reason: Known unconfirmed candidate recovered by pipeline; use as candidate-positive recovery benchmark. | visual_notes: Known unconfirmed candidate recovered by pipeline; use as candidate-positive recovery benchmark.; visual_notes: Known unconfirmed candidate recovered by pipeline; use as candidate-positive recovery benchmark.; status_reason: reclassified as known unconfirmed candidate; recovered by pipeline, not a novel discovery claim; status_reason: Known unconfirmed candidate recovered by pipeline; use as candidate-positive recovery benchmark. | visual_notes: Known unconfirmed candidate recovered by pipeline; use as candidate-positive recovery benchmark.",selected strong_positive from plots/k2_batch/final_candidate_master_ledger.csv (current_master_ledger); matches: final_candidate_status=recovered_known_unconfirmed_candidate; final_recommendation=top_followup_candidate; stage_h_label=known_unconfirmed_candidate; candidate-positive recovery benchmark,,,,,,,,,,
EPIC_211537297,hold_deeper_eval,positive_retained,False,True,False,False,freezes/k2_stage_f_v3_manual_review_outcomes_13.csv; freezes/k2_stage_f_v3_manual_reviewed_13.csv; freezes/stage_g_calibrated_ranking_layer.csv; freezes/stage_g_candidate_ledger_review.csv; k2_stage_f_v3_manual_review_outcomes.csv; k2_stage_f_v3_manual_reviewed.csv,hold_deeper_eval; uncertain_hold; unresolved_flux_triage_when_queue_reopens,unresolved_flux_triage_when_queue_reopens,Stage G,True,False,0.34499223192356665,manual_reason: acceptable odd/even; no secondary; low OOT variability; modest depth/SNR; non-unique alias support; manual_reason: acceptable odd/even; no secondary; low OOT variability; modest depth/SNR; non-unique alias support | visual_notes: acceptable odd/even; no secondary; low OOT variability; modest depth/SNR; non-unique alias support,selected positive_retained from freezes/k2_stage_f_v3_manual_review_outcomes_13.csv (manual_review_decision); matches: manual_stage_f_label=hold_deeper_eval,,,,,,,,,,
EPIC_211538087,hold_or_reject_review,hold_or_reject_review,False,False,False,True,freezes/stage_g_calibrated_ranking_layer.csv; freezes/stage_g_candidate_ledger_review.csv,hold_or_reject_review,hold_or_reject_review,Stage G,False,False,0.4304848944292039,,selected uncertain_non_final from freezes/stage_g_candidate_ledger_review.csv (stage_g_candidate_review); matches: no positive/not-positive rule matched,,,,,,,,,,
EPIC_211549072,noise_or_artifact,reject_from_candidate_pipeline,False,False,True,False,plots/k2_batch/stage_i_autovet_v1_hold_batch1/autovet_hold_validation_ledger.csv; plots/k2_batch/master_vetted_catalog/manual_review_updates/20260520_epic20/manual_vetting_decisions_cumulative_20260520_epic20.csv,needs_period_review; noise_or_artifact,run_period_search_before_label_update; reject_from_candidate_pipeline,Manual review,True,True,,"reason: original AutoVet evidence had missing/weak saved period support; EB risk features: odd_even_ratio=0.4722, odd_even_delta=0.6746, secondary_ratio=0, alias_risk=moderate",manual_review overrides existing reconciled ledger state; CNN morphology score is not promotion authority,noise_or_artifact,reject_from_candidate_pipeline,"Manual plot review does not show a convincing transit-like signal despite very high CNN morphology score. The numerical diagnostics are also unfavorable: shallow primary depth, modest primary SNR around 6.92, very long duration around 7.85 hours for P=1.20d, strong odd/even mismatch with ratio about 0.472 and explicit delta about 0.675, and half-period alias support. Stage F held the object as ambiguous, but manual review overrides the CNN morphology-positive score because the dips are not visually convincing and the signal is not planet-like.",high,true,manual_review,2026-05-20,user_provided_manual_review,cnn_high_manual_reject,"Very high CNN score at about 0.991, but manual review finds no convincing dips and diagnostics are unfavorable."
EPIC_211551640,reject_manual_false_positive,reject_manual_false_positive,False,False,True,False,freezes/final_candidate_master_ledger_stage_h_candidate_followup.csv; freezes/stage_g_calibrated_ranking_layer.csv; freezes/stage_g_candidate_ledger_review.csv; k2_manual_false_positive_rejects.csv; k2_manual_rejects_stage_f_next10.csv; k2_master_candidate_ledger.csv; k2_stage_f_next10_manual_reviewed.csv; manual_reject_archive.csv; plots/k2_batch/final_candidate_master_ledger.csv; plots/k2_batch/final_candidate_master_ledger_stage_f_closed.csv,noise_or_artifact; reject_manual_false_positive,closed_negative_do_not_reopen_without_new_evidence; exclude from novel planet queue after manual visual review,Master ledger,True,False,0.5324351510214621,visual_notes: Manual visual review did not show convincing planet-like transit morphology.,selected not_positive from plots/k2_batch/final_candidate_master_ledger.csv (current_master_ledger); matches: final_candidate_status=reject_manual_false_positive; reject_manual_false_positive; false_positive,,,,,,,,,,
EPIC_211552564,unresolved_flux_triage_when_queue_reopens,unresolved_flux_triage_when_queue_reopens,False,False,False,True,freezes/stage_g_calibrated_ranking_layer.csv; freezes/stage_g_candidate_ledger_review.csv,unresolved_flux_triage_when_queue_reopens,unresolved_flux_triage_when_queue_reopens,Stage G,False,False,0.38016967503281995,,selected uncertain_non_final from freezes/stage_g_candidate_ledger_review.csv (stage_g_candidate_review); matches: no positive/not-positive rule matched,,,,,,,,,,
EPIC_211554121,reject_manual_false_positive,reject_manual_false_positive,False,False,True,False,freezes/final_candidate_master_ledger_stage_h_candidate_followup.csv; freezes/stage_g_calibrated_ranking_layer.csv; freezes/stage_g_candidate_ledger_review.csv; k2_manual_false_positive_rejects.csv; k2_manual_rejects_stage_f_next10.csv; k2_master_candidate_ledger.csv; k2_stage_f_next10_manual_reviewed.csv; manual_reject_archive.csv; plots/k2_batch/final_candidate_master_ledger.csv; plots/k2_batch/final_candidate_master_ledger_stage_f_closed.csv,noise_or_artifact; reject_manual_false_positive,closed_negative_do_not_reopen_without_new_evidence; exclude from novel planet queue after manual visual review,Master ledger,True,False,0.4449361577247054,visual_notes: Manual visual review did not show convincing planet-like transit morphology.,selected not_positive from plots/k2_batch/final_candidate_master_ledger.csv (current_master_ledger); matches: final_candidate_status=reject_manual_false_positive; reject_manual_false_positive; false_positive,,,,,,,,,,
EPIC_211555255,reject_manual_false_positive,reject_manual_false_positive,False,False,True,False,freezes/final_candidate_master_ledger_stage_h_candidate_followup.csv; freezes/stage_g_calibrated_ranking_layer.csv; freezes/stage_g_candidate_ledger_review.csv; k2_manual_false_positive_rejects.csv; k2_manual_rejects_stage_f_next10.csv; k2_master_candidate_ledger.csv; k2_stage_f_next10_manual_reviewed.csv; manual_reject_archive.csv; plots/k2_batch/final_candidate_master_ledger.csv; plots/k2_batch/final_candidate_master_ledger_stage_f_closed.csv,noise_or_artifact; reject_manual_false_positive,exclude from novel planet queue after manual visual review; hold_or_reject_review,Master ledger,True,False,0.43739334991494294,visual_notes: Folded transit not clean; aliases show similar structure; OOT variability dominates. Likely stellar/systematic false positive.,selected not_positive from plots/k2_batch/final_candidate_master_ledger.csv (current_master_ledger); matches: final_candidate_status=reject_manual_false_positive; reject_manual_false_positive; false_positive,,,,,,,,,,
EPIC_211562803,hold_deeper_eval,positive_retained,False,True,False,False,freezes/k2_stage_f_v3_manual_review_outcomes_13.csv; freezes/k2_stage_f_v3_manual_reviewed_13.csv; freezes/stage_g_calibrated_ranking_layer.csv; freezes/stage_g_candidate_ledger_review.csv; k2_stage_f_v3_manual_review_outcomes.csv; k2_stage_f_v3_manual_reviewed.csv,hold_deeper_eval; hold_or_reject_review; uncertain_hold,hold_or_reject_review,Stage G,True,False,0.3623755123002591,manual_reason: shallow/visually weak primary; only moderate SNR; borderline odd/even agreement; non-dominant alias support; messy low-amplitude folded morphology; manual_reason: shallow/visually weak primary; only moderate SNR; borderline odd/even agreement; non-dominant alias support; messy low-amplitude folded morphology | visual_notes: shallow/visually weak primary; only moderate SNR; borderline odd/even agreement; non-dominant alias support; messy low-amplitude folded morphology,selected positive_retained from freezes/k2_stage_f_v3_manual_review_outcomes_13.csv (manual_review_decision); matches: manual_stage_f_label=hold_deeper_eval,,,,,,,,,,
EPIC_211563576,reject_manual_false_positive,reject_manual_false_positive,False,False,True,False,freezes/final_candidate_master_ledger_stage_h_candidate_followup.csv; freezes/stage_g_calibrated_ranking_layer.csv; freezes/stage_g_candidate_ledger_review.csv; k2_manual_false_positive_rejects.csv; k2_manual_rejects_stage_f_next10.csv; k2_master_candidate_ledger.csv; k2_stage_f_next10_manual_reviewed.csv; manual_reject_archive.csv; plots/k2_batch/final_candidate_master_ledger.csv; plots/k2_batch/final_candidate_master_ledger_stage_f_closed.csv,noise_or_artifact; reject_manual_false_positive,closed_negative_do_not_reopen_without_new_evidence; exclude from novel planet queue after manual visual review,Master ledger,True,False,0.4387572944819473,visual_notes: Manual visual review did not show convincing planet-like transit morphology.,selected not_positive from plots/k2_batch/final_candidate_master_ledger.csv (current_master_ledger); matches: final_candidate_status=reject_manual_false_positive; reject_manual_false_positive; false_positive,,,,,,,,,,
EPIC_211569204,reject_manual_false_positive,reject_manual_false_positive,False,False,True,False,freezes/final_candidate_master_ledger_stage_h_candidate_followup.csv; freezes/stage_g_calibrated_ranking_layer.csv; freezes/stage_g_candidate_ledger_review.csv; plots/k2_batch/final_candidate_master_ledger.csv; plots/k2_batch/final_candidate_master_ledger_stage_f_closed.csv,hold_or_reject_review; noise_or_artifact; reject_manual_false_positive,exclude from novel planet queue after Stage F reviewed outcome; reject_manual_false_positive; hold_or_reject_review,Master ledger,False,False,0.5750839242431343,"status_reason: Stage F reviewed outcome: manual false positive. Stage F reason: no EB rejection, but visual/metric confidence remains secondary queue | visual_notes: Stage F reviewed outcome: manual false positive. Stage F reason: no EB rejection, but visual/metric confidence remains secondary queue",selected not_positive from plots/k2_batch/final_candidate_master_ledger.csv (current_master_ledger); matches: final_candidate_status=reject_manual_false_positive; final_recommendation=reject_manual_false_positive; reject_manual_false_positive; false_positive,,,,,,,,,,
EPIC_211569404,noise_or_artifact,reject_from_candidate_pipeline,False,False,True,False,plots/k2_batch/stage_i_autovet_v1_hold_batch1/autovet_hold_validation_ledger.csv; plots/k2_batch/master_vetted_catalog/manual_review_updates/20260520_epic20/manual_vetting_decisions_cumulative_20260520_epic20.csv,needs_period_review; noise_or_artifact,run_period_search_before_label_update; reject_from_candidate_pipeline,Manual review,True,True,,reason: original AutoVet evidence had missing/weak saved period support,manual_review overrides existing reconciled ledger state; CNN morphology score is not promotion authority,noise_or_artifact,reject_from_candidate_pipeline,"Manual review does not find a convincing planet-like signal. The primary depth is shallow, primary SNR is only modest around 8.34, and the period is very short at P=0.600d with a relatively long duration around 3.19 hours. Odd/even consistency is poor, with ratio about 0.700 and explicit delta about 0.353, and there is half-period alias support despite low formal alias risk. Stage F kept this only as a secondary-queue hold, so reject as noise/artifact rather than continue holding.",high,true,manual_review,2026-05-20,user_provided_manual_review,none,CNN score is only moderate and does not materially conflict with manual rejection.
EPIC_211586814,binary_system,reject_from_candidate_pipeline,False,False,True,False,plots/k2_batch/stage_i_autovet_v1_hold_batch1/autovet_hold_validation_ledger.csv; plots/k2_batch/master_vetted_catalog/manual_review_updates/20260520_epic25/manual_vetting_decisions_cumulative_20260520_epic25.csv,needs_period_review; binary_system,run_period_search_before_label_update; reject_from_candidate_pipeline,Manual review,True,True,,"reason: original AutoVet evidence had missing/weak saved period support; EB risk features: odd_even_ratio=0.5385, odd_even_delta=0.6, secondary_ratio=0, alias_risk=low",manual_review overrides existing reconciled ledger state; CNN morphology score is not promotion authority,binary_system,reject_from_candidate_pipeline,"Signal has decent primary SNR, but diagnostics are EB-like rather than planet-like. Odd/even depth consistency is poor, with ratio about 0.538 and explicit delta about 0.600. The period is very short at P=0.504d with a relatively long duration of about 3.68 hours, and there is strong half-period alias support. Stage F already held it as ambiguous due to odd/even risk. Reject from candidate pipeline as likely binary/alias-contaminated despite morphology-positive CNN score and no detected secondary eclipse.",high,true,manual_review,2026-05-20,user_provided_manual_review,none,"CNN score is moderately high but not extreme; manual rejection is driven by odd/even mismatch, short-period geometry, and alias concerns."
EPIC_211598703,reject_as_noise_or_artifact,not_positive,False,False,True,False,freezes/k2_stage_f_v3_manual_review_outcomes_13.csv; freezes/k2_stage_f_v3_manual_reviewed_13.csv; freezes/stage_g_calibrated_ranking_layer.csv; freezes/stage_g_candidate_ledger_review.csv; k2_stage_f_v3_manual_review_outcomes.csv; k2_stage_f_v3_manual_reviewed.csv,hold_or_reject_review; noise_or_artifact; reject_as_noise_or_artifact,hold_or_reject_review,Stage G,True,False,0.37191675440356986,manual_reason: catastrophic odd/even mismatch; weak primary SNR; suspicious short duration; noisy folded morphology; alias ambiguity; manual_reason: catastrophic odd/even mismatch; weak primary SNR; suspicious short duration; noisy folded morphology; alias ambiguity | visual_notes: catastrophic odd/even mismatch; weak primary SNR; suspicious short duration; noisy folded morphology; alias ambiguity,selected not_positive from freezes/k2_stage_f_v3_manual_review_outcomes_13.csv (manual_review_decision); matches: manual_stage_f_label=reject_as_noise_or_artifact; reject_as_noise_or_artifact; noise_or_artifact,,,,,,,,,,
EPIC_211631955,hold_deeper_eval,positive_retained,False,True,False,False,freezes/k2_stage_f_v3_manual_review_outcomes_13.csv; freezes/k2_stage_f_v3_manual_reviewed_13.csv; freezes/stage_g_calibrated_ranking_layer.csv; freezes/stage_g_candidate_ledger_review.csv; k2_stage_f_v3_manual_review_outcomes.csv; k2_stage_f_v3_manual_reviewed.csv,hold_deeper_eval; uncertain_hold; unresolved_flux_triage_when_queue_reopens,unresolved_flux_triage_when_queue_reopens,Stage G,True,False,0.35651886635448243,manual_reason: unclear primary transit; weak depth/SNR; poor odd/even agreement; high OOT variability; non-dominant alias support; noisy folded morphology; manual_reason: unclear primary transit; weak depth/SNR; poor odd/even agreement; high OOT variability; non-dominant alias support; noisy folded morphology | visual_notes: unclear primary transit; weak depth/SNR; poor odd/even agreement; high OOT variability; non-dominant alias support; noisy folded morphology,selected positive_retained from freezes/k2_stage_f_v3_manual_review_outcomes_13.csv (manual_review_decision); matches: manual_stage_f_label=hold_deeper_eval,,,,,,,,,,
EPIC_211633247,reject_as_noise_or_artifact,not_positive,False,False,True,False,plots/k2_batch/stage_i_discovery_pilot_batch1/stage_i_manual_review_outcomes.csv,reject_as_noise_or_artifact,,Stage I / AutoVet,True,False,,reason: visually noise-like despite automated planet-like label; high SNR but shallow/short event; borderline odd/even; broad alias ambiguity; no convincing clean transit morphology,selected not_positive from plots/k2_batch/stage_i_discovery_pilot_batch1/stage_i_manual_review_outcomes.csv (manual_stage_i_decision); matches: manual_stage_i_label=reject_as_noise_or_artifact; reject_as_noise_or_artifact; noise_or_artifact,,,,,,,,,,
EPIC_211641677,reject_as_noise_or_artifact,not_positive,False,False,True,False,plots/k2_batch/stage_i_discovery_pilot_batch1/stage_i_manual_review_outcomes.csv,reject_as_noise_or_artifact,,Stage I / AutoVet,True,False,,reason: Stage F already rejects; primary depth not significant; low SNR; weak folded signal; half-period alias ambiguity; no convincing planet-like morphology,selected not_positive from plots/k2_batch/stage_i_discovery_pilot_batch1/stage_i_manual_review_outcomes.csv (manual_stage_i_decision); matches: manual_stage_i_label=reject_as_noise_or_artifact; reject_as_noise_or_artifact; noise_or_artifact,,,,,,,,,,
EPIC_211682657,candidate_like,promote_to_stage_g,True,True,False,False,plots/k2_batch/final_candidate_master_ledger.csv; plots/k2_batch/stage_i_autovet_v1_hold_batch1/autovet_hold_validation_ledger.csv; plots/k2_batch/stage_i_autovet_v1_hold_batch1/manual_post_repair_review_decisions.csv; plots/k2_batch/stage_i_autovet_v1_hold_batch1/stage_i_post_repair_manual_decision_log.csv,candidate_like; needs_period_review; promote_to_stage_g,promote_to_stage_g; candidate_like; promote_to_stage_g; promote_to_stage_g; promote_to_stage_g; run_period_search_before_label_update,Master ledger,True,True,,"stage_f_closed_45_caveats: secondary_or_alias_review_required | stage_h_reason: Human manual Stage I post-repair review decision; not an AutoVet automatic promotion. Post-repair signal is strong enough for Stage G with SNR=5.97, OOT/depth=0.452, odd_even_depth_ratio=0.857, and duration=4.66 hours, but requires caveat review because secondary_to_primary_depth_ratio=0.573 and alias_risk=moderate. | status_reason: Post-repair signal is strong enough for Stage G with SNR=5.97, OOT/depth=0.452, odd_even_depth_ratio=0.857, and duration=4.66 hours, but requires caveat review because secondary_to_primary_depth_ratio=0.573 and alias_risk=moderate. ledger_update=yes; training_update=no; training_label=do_not_train_yet; reason: original AutoVet evidence had missing/weak saved period support; EB risk features: odd_even_ratio=0.8569, odd_even_delta=0.1547, secondary_ratio=0.5734, alias_risk=moderate; candidate_caveat: secondary_or_alias_review_required | manual_reason: Post-repair signal is strong enough for Stage G with SNR=5.97, OOT/depth=0.452, odd_even_depth_ratio=0.857, and duration=4.66 hours, but requires caveat review because secondary_to_primary_depth_ratio=0.573 and alias_risk=moderate.; candidate_caveat: secondary_or_alias_review_required | manual_reason: Post-repair signal is strong enough for Stage G with SNR=5.97, OOT/depth=0.452, odd_even_depth_ratio=0.857, and duration=4.66 hours, but requires caveat review because secondary_to_primary_depth_ratio=0.573 and alias_risk=moderate. | reason: Post-repair signal is strong enough for Stage G with SNR=5.97, OOT/depth=0.452, odd_even_depth_ratio=0.857, and duration=4.66 hours, but requires caveat review because secondary_to_primary_depth_ratio=0.573 and alias_risk=moderate.",selected strong_positive from plots/k2_batch/stage_i_autovet_v1_hold_batch1/manual_post_repair_review_decisions.csv (manual_post_repair_decision); matches: manual_stage_i_post_repair_label=candidate_like; ledger_label=candidate_like; ledger_status=promote_to_stage_g; next_action=promote_to_stage_g; promote_to_stage_g,,,,,,,,,,
EPIC_211686773,hold_or_reject_review,hold_or_reject_review,False,False,False,True,freezes/stage_g_calibrated_ranking_layer.csv; freezes/stage_g_candidate_ledger_review.csv,hold_or_reject_review,hold_or_reject_review,Stage G,False,False,0.32159473614577905,,selected uncertain_non_final from freezes/stage_g_candidate_ledger_review.csv (stage_g_candidate_review); matches: no positive/not-positive rule matched,,,,,,,,,,
EPIC_211726466,reject_as_noise_or_artifact,not_positive,False,False,True,False,plots/k2_batch/stage_i_discovery_pilot_batch1/stage_i_manual_review_outcomes.csv,reject_as_noise_or_artifact,,Stage I / AutoVet,True,False,,reason: visually not convincing; noise/artifact morphology; reject after Stage I manual review,selected not_positive from plots/k2_batch/stage_i_discovery_pilot_batch1/stage_i_manual_review_outcomes.csv (manual_stage_i_decision); matches: manual_stage_i_label=reject_as_noise_or_artifact; reject_as_noise_or_artifact; noise_or_artifact,,,,,,,,,,
EPIC_211730838,binary_system,reject_from_candidate_pipeline_but_keep_as_real_eclipsing_signal,False,False,True,False,plots/k2_batch/stage_i_autovet_v1_hold_batch1/autovet_hold_validation_ledger.csv; plots/k2_batch/master_vetted_catalog/manual_review_updates/20260522_epic29/manual_vetting_decisions_cumulative_20260522_epic29.csv,needs_period_review; binary_system,run_period_search_before_label_update; reject_from_candidate_pipeline_but_keep_as_real_eclipsing_signal,Manual review,True,True,,"reason: original AutoVet evidence had missing/weak saved period support; artifact/reject features: primary_snr=4.047, num_events=54",manual_review overrides existing reconciled ledger state; CNN morphology score is not promotion authority,binary_system,reject_from_candidate_pipeline_but_keep_as_real_eclipsing_signal,"Strong coherent eclipsing signal with excellent odd/even consistency, ratio about 0.996 and explicit delta about 0.004, many repeated events, saved validation period support, low alias risk, and no significant secondary eclipse. However the primary depth is extremely large at about 0.099, implying radius ratio about 0.315, which is too deep for a typical planet-like candidate and is more consistent with an eclipsing binary, stellar companion, or blend. OOT variability is also non-trivial at about 0.27x transit depth. Reject from the planet candidate pipeline, but keep as a real eclipsing-signal / binary-system case rather than noise.",medium_high,true,manual_review,2026-05-22,user_provided_manual_review,none,"CNN correctly identified strong eclipse-like morphology, but morphology score is not a planet classifier."
EPIC_211732801,reject_likely_eclipsing_binary,reject_likely_eclipsing_binary,False,False,True,False,freezes/final_candidate_master_ledger_stage_h_candidate_followup.csv; freezes/stage_g_calibrated_ranking_layer.csv; freezes/stage_g_candidate_ledger_review.csv; plots/k2_batch/final_candidate_master_ledger.csv; plots/k2_batch/final_candidate_master_ledger_stage_f_closed.csv,binary_system; hold_or_reject_review; reject_likely_eclipsing_binary,exclude from novel planet queue; likely eclipsing binary; reject_likely_eclipsing_binary; hold_or_reject_review,Master ledger,False,False,0.38158257891519914,"status_reason: Stage F reviewed outcome: likely eclipsing binary. Stage F reason: secondary eclipse at phase 0.5: depth_ratio=1.340, snr=6.59 | visual_notes: Stage F reviewed outcome: likely eclipsing binary. Stage F reason: secondary eclipse at phase 0.5: depth_ratio=1.340, snr=6.59",selected not_positive from plots/k2_batch/final_candidate_master_ledger.csv (current_master_ledger); matches: final_candidate_status=reject_likely_eclipsing_binary; final_recommendation=reject_likely_eclipsing_binary; eclipsing_binary,,,,,,,,,,
EPIC_211739276,reject_manual_false_positive,reject_manual_false_positive,False,False,True,False,freezes/final_candidate_master_ledger_stage_h_candidate_followup.csv; freezes/stage_g_calibrated_ranking_layer.csv; freezes/stage_g_candidate_ledger_review.csv; k2_manual_false_positive_rejects.csv; k2_manual_rejects_stage_f_next10.csv; k2_master_candidate_ledger.csv; k2_stage_f_next10_manual_reviewed.csv; manual_reject_archive.csv; plots/k2_batch/final_candidate_master_ledger.csv; plots/k2_batch/final_candidate_master_ledger_stage_f_closed.csv,noise_or_artifact; reject_manual_false_positive,closed_negative_do_not_reopen_without_new_evidence; exclude from novel planet queue after manual visual review,Master ledger,True,False,0.46018476913986905,visual_notes: Manual visual review did not show convincing planet-like transit morphology.,selected not_positive from plots/k2_batch/final_candidate_master_ledger.csv (current_master_ledger); matches: final_candidate_status=reject_manual_false_positive; reject_manual_false_positive; false_positive,,,,,,,,,,
EPIC_211746706,reject_as_noise_or_artifact,not_positive,False,False,True,False,freezes/k2_stage_f_v3_manual_review_outcomes_13.csv; freezes/k2_stage_f_v3_manual_reviewed_13.csv; freezes/stage_g_calibrated_ranking_layer.csv; freezes/stage_g_candidate_ledger_review.csv; k2_stage_f_v3_manual_review_outcomes.csv; k2_stage_f_v3_manual_reviewed.csv,hold_or_reject_review; noise_or_artifact; reject_as_noise_or_artifact,hold_or_reject_review,Stage G,True,False,0.3653037581969134,manual_reason: odd/even depth mismatch; high OOT variability; noisy folded morphology; alias ambiguity; manual_reason: odd/even depth mismatch; high OOT variability; noisy folded morphology; alias ambiguity | visual_notes: odd/even depth mismatch; high OOT variability; noisy folded morphology; alias ambiguity,selected not_positive from freezes/k2_stage_f_v3_manual_review_outcomes_13.csv (manual_review_decision); matches: manual_stage_f_label=reject_as_noise_or_artifact; reject_as_noise_or_artifact; noise_or_artifact,,,,,,,,,,
EPIC_211748059,secondary_hold,secondary_hold,False,False,True,False,freezes/final_candidate_master_ledger_stage_h_candidate_followup.csv; freezes/stage_g_calibrated_ranking_layer.csv; freezes/stage_g_candidate_ledger_review.csv; k2_master_candidate_ledger.csv; k2_stage_f_next10_batch2_manual_rejects.csv; k2_stage_f_next10_batch2_manual_reviewed.csv; plots/k2_batch/final_candidate_master_ledger.csv; plots/k2_batch/final_candidate_master_ledger_stage_f_closed.csv; rejected_manual.csv,reject_low_confidence_shallow_signal; secondary_hold; uncertain_hold,closed_negative_do_not_reopen_without_new_evidence; retain in secondary hold queue; secondary_hold,Master ledger,True,False,0.5876390114996765,"status_reason: Human visual review found folds unconvincing relative to top five. | visual_notes: Human visual review found folds unconvincing relative to top five.; visual_notes: Weak fold, shallow depth, nominal P tied with P/2 support, not convincing enough.",selected not_positive from plots/k2_batch/final_candidate_master_ledger.csv (current_master_ledger); matches: final_candidate_status=secondary_hold; final_recommendation=secondary_hold; secondary_hold,,,,,,,,,,
EPIC_211759361,candidate_with_caveat,candidate_with_caveat,False,True,False,False,freezes/final_candidate_master_ledger_stage_h_candidate_followup.csv; freezes/k2_stage_f_v3_manual_review_outcomes_13.csv; freezes/k2_stage_f_v3_manual_reviewed_13.csv; freezes/stage_g_calibrated_ranking_layer.csv; freezes/stage_g_candidate_ledger_review.csv; freezes/stage_h_candidate_followup_decisions.csv; k2_stage_f_v3_manual_review_outcomes.csv; k2_stage_f_v3_manual_reviewed.csv; plots/k2_batch/final_candidate_master_ledger.csv,candidate_like; candidate_with_caveat; known_positive_below_pass_threshold_recheck_features; promote_to_deeper_eval,candidate_with_caveat; candidate_with_caveat; candidate_with_caveat; known_positive_below_pass_threshold_recheck_features,Master ledger,True,False,0.370758292198,"stage_f_closed_45_caveats: Candidate-like weak_support row with strong flux support; weak_support is not a demotion and manual ledger evidence is required. | stage_h_reason: reasonable-depth primary; good odd/even agreement; no phase-0.5 secondary; flux score above vetting threshold; decent event support; caveat moderate SNR, high-ish OOT variability, and 2P/3 alias support | status_reason: reasonable-depth primary; good odd/even agreement; no phase-0.5 secondary; flux score above vetting threshold; decent event support; caveat moderate SNR, high-ish OOT variability, and 2P/3 alias support; manual_reason: good odd/even agreement, no phase-0.5 secondary, visible coherent primary, adequate event support; caveat moderate SNR, high OOT variability, and 2P/3 alias support; manual_reason: good odd/even agreement, no phase-0.5 secondary, visible coherent primary, adequate event support; caveat moderate SNR, high OOT variability, and 2P/3 alias support | visual_notes: good odd/even agreement, no phase-0.5 secondary, visible coherent primary, adequate event support; caveat moderate SNR, high OOT variability, and 2P/3 alias support; stage_h_reason: reasonable-depth primary; good odd/even agreement; no phase-0.5 secondary; flux score above vetting threshold; decent event support; caveat moderate SNR, high-ish OOT variability, and 2P/3 alias support; stage_f_closed_45_caveats: cleaner planet-like morphology with good odd/even agreement, reasonable depth, no phase-0.5 secondary, and flux score above vetting threshold; caveat modest SNR, weak Stage G support, high-ish OOT variability, and 2P/3 alias support | stage_h_reason: cleaner planet-like morphology with good odd/even agreement, reasonable depth, no phase-0.5 secondary, and flux score above vetting threshold; caveat modest SNR, weak Stage G support, high-ish OOT variability, and 2P/3 alias support | status_reason: cleaner planet-like morphology with good odd/even agreement, reasonable depth, no phase-0.5 secondary, and flux",selected positive_retained from plots/k2_batch/final_candidate_master_ledger.csv (current_master_ledger); matches: stage_h_ledger_status=candidate_with_caveat; stage_h_status=candidate_with_caveat; final_candidate_status=candidate_with_caveat; final_recommendation=candidate_with_caveat; recommended_next_action=candidate_with_caveat; visual_label=promote_to_deeper_eval; stage_h_label=candidate_with_caveat; candidate_with_caveat,,,,,,,,,,
EPIC_211759736,reject_as_noise_or_artifact,not_positive,False,False,True,False,plots/k2_batch/stage_i_discovery_pilot_batch1/stage_i_manual_review_outcomes.csv,reject_as_noise_or_artifact,,Stage I / AutoVet,True,False,,reason: visually not convincing; noise/artifact morphology; reject after Stage I manual review,selected not_positive from plots/k2_batch/stage_i_discovery_pilot_batch1/stage_i_manual_review_outcomes.csv (manual_stage_i_decision); matches: manual_stage_i_label=reject_as_noise_or_artifact; reject_as_noise_or_artifact; noise_or_artifact,,,,,,,,,,
EPIC_211770415,hold_deeper_eval,positive_retained,False,True,False,False,freezes/k2_stage_f_v3_manual_review_outcomes_13.csv; freezes/k2_stage_f_v3_manual_reviewed_13.csv; freezes/stage_g_calibrated_ranking_layer.csv; freezes/stage_g_candidate_ledger_review.csv; k2_stage_f_v3_manual_review_outcomes.csv; k2_stage_f_v3_manual_reviewed.csv,hold_deeper_eval; uncertain_hold; unresolved_flux_triage_when_queue_reopens,unresolved_flux_triage_when_queue_reopens,Stage G,True,False,0.303706442149017,manual_reason: not visually clear; two-spike/weak-depth morphology; shallow primary; possible secondary-like structure by eye; non-dominant alias support; not confident enough to promote; manual_reason: not visually clear; two-spike/weak-depth morphology; shallow primary; possible secondary-like structure by eye; non-dominant alias support; not confident enough to promote | visual_notes: not visually clear; two-spike/weak-depth morphology; shallow primary; possible secondary-like structure by eye; non-dominant alias support; not confident enough to promote,selected positive_retained from freezes/k2_stage_f_v3_manual_review_outcomes_13.csv (manual_review_decision); matches: manual_stage_f_label=hold_deeper_eval,,,,,,,,,,
EPIC_211791780,hold_deeper_eval,positive_retained,False,True,False,False,freezes/k2_stage_f_v3_manual_review_outcomes_13.csv; freezes/k2_stage_f_v3_manual_reviewed_13.csv; freezes/stage_g_calibrated_ranking_layer.csv; freezes/stage_g_candidate_ledger_review.csv; k2_stage_f_v3_manual_review_outcomes.csv; k2_stage_f_v3_manual_reviewed.csv,hold_deeper_eval; hold_or_reject_review; uncertain_hold,hold_or_reject_review,Stage G,True,False,0.3596994630726289,manual_reason: unclear primary transit; shallow depth/moderate SNR; high OOT variability; borderline odd/even agreement; P/P2 alias ambiguity; noisy folded morphology; manual_reason: unclear primary transit; shallow depth/moderate SNR; high OOT variability; borderline odd/even agreement; P/P2 alias ambiguity; noisy folded morphology | visual_notes: unclear primary transit; shallow depth/moderate SNR; high OOT variability; borderline odd/even agreement; P/P2 alias ambiguity; noisy folded morphology,selected positive_retained from freezes/k2_stage_f_v3_manual_review_outcomes_13.csv (manual_review_decision); matches: manual_stage_f_label=hold_deeper_eval,,,,,,,,,,
EPIC_211795325,hold_deeper_eval,positive_retained,False,True,False,False,plots/k2_batch/stage_i_discovery_pilot_batch1/stage_i_manual_review_outcomes.csv,hold_deeper_eval,,Stage I / AutoVet,True,False,,"reason: possible signal but not convincing enough; good odd/even and no strong secondary, but moderate primary SNR, high OOT variability, small secondary-like depth, alias ambiguity, and visually uncertain morphology",selected positive_retained from plots/k2_batch/stage_i_discovery_pilot_batch1/stage_i_manual_review_outcomes.csv (manual_stage_i_decision); matches: manual_stage_i_label=hold_deeper_eval,,,,,,,,,,
EPIC_211805860,uncertain_hold,keep_hold_for_recheck_with_oot_detrending_and_stage_f_period_validation,False,False,False,True,plots/k2_batch/stage_i_autovet_v1_hold_batch1/autovet_hold_validation_ledger.csv; plots/k2_batch/master_vetted_catalog/manual_review_updates/20260522_epic35/manual_vetting_decisions_cumulative_20260522_epic35.csv,needs_period_review; uncertain_hold,run_period_search_before_label_update; keep_hold_for_recheck_with_oot_detrending_and_stage_f_period_validation,Manual review,True,True,,"reason: original AutoVet evidence had missing/weak saved period support; artifact/reject features: primary_snr=4.671, num_events=8",manual_review overrides existing reconciled ledger state; CNN morphology score is not promotion authority,uncertain_hold,keep_hold_for_recheck_with_oot_detrending_and_stage_f_period_validation,"Manual review keeps this as a cautious hold despite Stage F rejection. Odd/even consistency is good with ratio about 0.957 and explicit delta about 0.044, there is no detected secondary eclipse, the duration is plausible at about 3.43 hours for P=4.14d, and the period source is saved_validation_period. However primary SNR is weak around 4.67, Stage F rejected because the primary transit depth is not significant in the cached folded light curve, and OOT variability is very high at about 1.48x transit depth. Keep as uncertain hold pending OOT detrending review and Stage F period/depth validation rather than promote.",medium,true,manual_review,2026-05-22,user_provided_manual_review,cnn_high_manual_hold,"CNN score is very high at about 0.980, but manual review keeps it on hold due to weak primary significance, Stage F rejection, and high OOT variability."
EPIC_211813858,deprioritize_after_manual_visual_review,deprioritize_after_manual_visual_review,False,False,True,False,freezes/final_candidate_master_ledger_stage_h_candidate_followup.csv; freezes/stage_g_calibrated_ranking_layer.csv; freezes/stage_g_candidate_ledger_review.csv; k2_stage_f_next10_batch2_manual_reviewed.csv; manual_reject_archive.csv; plots/k2_batch/final_candidate_master_ledger.csv; plots/k2_batch/final_candidate_master_ledger_stage_f_closed.csv,deprioritize_after_manual_visual_review; hold_or_reject_review; low_priority_negative; manual_unreviewed,deprioritize after manual visual review; deprioritize_after_manual_visual_review; hold_or_reject_review,Master ledger,True,False,0.3952477504583833,status_reason: Human visual review found folds unconvincing relative to top five. | visual_notes: Human visual review found folds unconvincing relative to top five.; visual_notes: Awaiting manual visual review outcome.,selected not_positive from plots/k2_batch/final_candidate_master_ledger.csv (current_master_ledger); matches: deprioritize,,,,,,,,,,
EPIC_211818652,hold_or_reject_review,hold_or_reject_review,False,False,False,True,freezes/stage_g_calibrated_ranking_layer.csv; freezes/stage_g_candidate_ledger_review.csv,hold_or_reject_review,hold_or_reject_review,Stage G,False,False,0.43920839335261347,,selected uncertain_non_final from freezes/stage_g_candidate_ledger_review.csv (stage_g_candidate_review); matches: no positive/not-positive rule matched,,,,,,,,,,
EPIC_211821200,hold_deeper_eval,positive_retained,False,True,False,False,freezes/k2_stage_f_v3_manual_review_outcomes_13.csv; freezes/k2_stage_f_v3_manual_reviewed_13.csv; freezes/stage_g_calibrated_ranking_layer.csv; freezes/stage_g_candidate_ledger_review.csv; k2_stage_f_v3_manual_review_outcomes.csv; k2_stage_f_v3_manual_reviewed.csv,hold_deeper_eval; hold_or_reject_review; uncertain_hold,hold_or_reject_review,Stage G,True,False,0.35557360541017513,manual_reason: not visually convincing; borderline odd/even agreement; moderate OOT variability; non-dominant alias support; folded morphology not clean enough for promotion; manual_reason: not visually convincing; borderline odd/even agreement; moderate OOT variability; non-dominant alias support; folded morphology not clean enough for promotion | visual_notes: not visually convincing; borderline odd/even agreement; moderate OOT variability; non-dominant alias support; folded morphology not clean enough for promotion,selected positive_retained from freezes/k2_stage_f_v3_manual_review_outcomes_13.csv (manual_review_decision); matches: manual_stage_f_label=hold_deeper_eval,,,,,,,,,,
EPIC_211833851,reject_manual_false_positive,reject_manual_false_positive,False,False,True,False,freezes/final_candidate_master_ledger_stage_h_candidate_followup.csv; freezes/stage_g_calibrated_ranking_layer.csv; freezes/stage_g_candidate_ledger_review.csv; plots/k2_batch/final_candidate_master_ledger.csv; plots/k2_batch/final_candidate_master_ledger_stage_f_closed.csv,hold_or_reject_review; noise_or_artifact; reject_manual_false_positive,exclude from novel planet queue after Stage F reviewed outcome; reject_manual_false_positive; hold_or_reject_review,Master ledger,False,False,0.421272179037289,"status_reason: Stage F reviewed outcome: manual false positive. Stage F reason: no EB rejection, but visual/metric confidence remains secondary queue | visual_notes: Stage F reviewed outcome: manual false positive. Stage F reason: no EB rejection, but visual/metric confidence remains secondary queue",selected not_positive from plots/k2_batch/final_candidate_master_ledger.csv (current_master_ledger); matches: final_candidate_status=reject_manual_false_positive; final_recommendation=reject_manual_false_positive; reject_manual_false_positive; false_positive,,,,,,,,,,
EPIC_211836788,reject_as_noise_or_artifact,not_positive,False,False,True,False,plots/k2_batch/stage_i_discovery_pilot_batch1/stage_i_manual_review_outcomes.csv,reject_as_noise_or_artifact,,Stage I / AutoVet,True,False,,reason: visually not convincing; noise/artifact morphology; reject after Stage I manual review,selected not_positive from plots/k2_batch/stage_i_discovery_pilot_batch1/stage_i_manual_review_outcomes.csv (manual_stage_i_decision); matches: manual_stage_i_label=reject_as_noise_or_artifact; reject_as_noise_or_artifact; noise_or_artifact,,,,,,,,,,
EPIC_211839430,uncertain_hold_variability,keep_hold_for_variability_review,False,False,True,False,plots/k2_batch/stage_i_autovet_v1_hold_batch1/autovet_hold_validation_ledger.csv; plots/k2_batch/stage_i_autovet_v1_hold_batch2/manual_stage_i_hold_batch2_review_decisions.csv,needs_period_review; uncertain_hold_variability,keep_hold_for_variability_review; keep_hold_for_variability_review; run_period_search_before_label_update,Stage I / AutoVet,True,True,,"reason: original AutoVet evidence had missing/weak saved period support; manual_reason: odd/even is acceptable, but SNR is low at 5.733 and OOT/depth is 1.155, meaning variability exceeds transit depth",selected not_positive from plots/k2_batch/stage_i_autovet_v1_hold_batch2/manual_stage_i_hold_batch2_review_decisions.csv (latest_manual_decision); matches: manual_label=uncertain_hold_variability; ledger_label=uncertain_hold_variability; ledger_status=keep_hold_for_variability_review; next_action=keep_hold_for_variability_review; uncertain_hold_variability; uncertain_hold; keep_hold_for_variability_review,,,,,,,,,,
EPIC_211839462,uncertain_hold,keep_hold_for_variability_review,False,False,True,False,plots/k2_batch/final_candidate_master_ledger.csv; plots/k2_batch/stage_i_autovet_v1_hold_batch1/autovet_hold_validation_ledger.csv; plots/k2_batch/stage_i_autovet_v1_hold_batch1/manual_post_repair_review_decisions.csv; plots/k2_batch/stage_i_autovet_v1_hold_batch1/stage_i_post_repair_manual_decision_log.csv,keep_hold_for_variability_review; needs_period_review; uncertain_hold,keep_hold_for_variability_review; keep_hold; keep_hold_for_variability_review; keep_hold_for_variability_review; keep_hold_for_variability_review; uncertain_hold; keep_hold_for_variability_review; run_period_search_before_label_update,Master ledger,True,True,,"stage_f_closed_45_caveats: high_oot_variability | stage_h_reason: Human manual Stage I post-repair review decision; not an AutoVet automatic promotion. Odd/even depth ratio is reasonably balanced at 0.88, but OOT variability to depth is very high at 8.20x, so the signal is not clean enough for candidate promotion. | status_reason: Odd/even depth ratio is reasonably balanced at 0.88, but OOT variability to depth is very high at 8.20x, so the signal is not clean enough for candidate promotion. ledger_update=yes; training_update=no; training_label=do_not_train_yet; reason: original AutoVet evidence had missing/weak saved period support; candidate_caveat: high_oot_variability | manual_reason: Odd/even depth ratio is reasonably balanced at 0.88, but OOT variability to depth is very high at 8.20x, so the signal is not clean enough for candidate promotion.; manual_reason: Odd/even depth ratio is reasonably balanced at 0.88, but OOT variability to depth is very high at 8.20x, so the signal is not clean enough for candidate promotion. | reason: Odd/even depth ratio is reasonably balanced at 0.88, but OOT variability to depth is very high at 8.20x, so the signal is not clean enough for candidate promotion.",selected not_positive from plots/k2_batch/stage_i_autovet_v1_hold_batch1/manual_post_repair_review_decisions.csv (manual_post_repair_decision); matches: manual_stage_i_post_repair_label=uncertain_hold; ledger_label=uncertain_hold; ledger_status=keep_hold_for_variability_review; next_action=keep_hold_for_variability_review; uncertain_hold; keep_hold_for_variability_review,,,,,,,,,,
EPIC_211842439,hold_low_priority_candidate,hold_low_priority_candidate,False,False,True,False,freezes/final_candidate_master_ledger_stage_h_candidate_followup.csv; freezes/stage_g_calibrated_ranking_layer.csv; freezes/stage_g_candidate_ledger_review.csv; k2_master_candidate_ledger.csv; k2_stage_f_next10_manual_reviewed.csv; plots/k2_batch/final_candidate_master_ledger.csv; plots/k2_batch/final_candidate_master_ledger_stage_f_closed.csv,hold_low_priority_candidate; uncertain_hold,calibration_false_positive_do_not_promote; retain as secondary-tier possible novel candidate; defer behind higher-priority targets,Master ledger,True,False,0.8241968509804375,"visual_notes: Metrics clean and odd/even strong, but morphology is shallow/rounded and visually not compelling. Keep as secondary-tier possible candidate.",selected not_positive from plots/k2_batch/final_candidate_master_ledger.csv (current_master_ledger); matches: final_candidate_status=hold_low_priority_candidate; hold_low_priority_candidate,,,,,,,,,,
EPIC_211878672,deprioritize_after_manual_visual_review,deprioritize_after_manual_visual_review,False,False,True,False,freezes/final_candidate_master_ledger_stage_h_candidate_followup.csv; freezes/stage_g_calibrated_ranking_layer.csv; freezes/stage_g_candidate_ledger_review.csv; k2_stage_f_next10_batch2_manual_reviewed.csv; manual_reject_archive.csv; plots/k2_batch/final_candidate_master_ledger.csv; plots/k2_batch/final_candidate_master_ledger_stage_f_closed.csv,deprioritize_after_manual_visual_review; hold_or_reject_review; low_priority_negative; manual_unreviewed,deprioritize after manual visual review; deprioritize_after_manual_visual_review; hold_or_reject_review,Master ledger,True,False,0.2113252795466805,status_reason: Human visual review found folds unconvincing relative to top five. | visual_notes: Human visual review found folds unconvincing relative to top five.; visual_notes: Awaiting manual visual review outcome.,selected not_positive from plots/k2_batch/final_candidate_master_ledger.csv (current_master_ledger); matches: deprioritize,,,,,,,,,,
EPIC_211887206,deprioritize_after_manual_visual_review,deprioritize_after_manual_visual_review,False,False,True,False,freezes/final_candidate_master_ledger_stage_h_candidate_followup.csv; freezes/stage_g_calibrated_ranking_layer.csv; freezes/stage_g_candidate_ledger_review.csv; k2_stage_f_next10_batch2_manual_reviewed.csv; manual_reject_archive.csv; plots/k2_batch/final_candidate_master_ledger.csv; plots/k2_batch/final_candidate_master_ledger_stage_f_closed.csv,deprioritize_after_manual_visual_review; hold_or_reject_review; low_priority_negative; manual_unreviewed,deprioritize after manual visual review; deprioritize_after_manual_visual_review; hold_or_reject_review,Master ledger,True,False,0.36910753570327115,status_reason: Human visual review found folds unconvincing relative to top five. | visual_notes: Human visual review found folds unconvincing relative to top five.; visual_notes: Awaiting manual visual review outcome.,selected not_positive from plots/k2_batch/final_candidate_master_ledger.csv (current_master_ledger); matches: deprioritize,,,,,,,,,,
EPIC_211889692,recovered_known_confirmed_planet,recovered_known_confirmed_planet,True,True,False,False,freezes/final_candidate_master_ledger_stage_h_candidate_followup.csv; freezes/stage_g_calibrated_ranking_layer.csv; freezes/stage_g_candidate_ledger_review.csv; k2_master_candidate_ledger.csv; k2_stage_h_final_candidate_status.csv; k2_stage_h_final_candidate_status_v3.csv; plots/k2_batch/final_candidate_master_ledger.csv; plots/k2_batch/final_candidate_master_ledger_stage_f_closed.csv; promoted_candidate_queue.csv,new_candidate_needs_external_check; planet_like; recovered_known_confirmed_planet,external archive/name-resolution check required before claiming new discovery; prioritize high-resolution image/neighbor contamination review; known_positive_below_pass_threshold_recheck_features; followup_candidate_with_variability_caution; use as benchmark positive / recovered known planet K2-108 b; use as benchmark positive / recovered known planet K2-108 b; K2-108 b benchmark,Master ledger,False,False,0.5162374806652315,stage_f_closed_45_caveats: Known confirmed/recovered planet; keep reference status and do not demote because Stage G is only review_support. | status_reason: Externally identified as K2-108 b confirmed/validated planet host; local catalog missed crossmatch. | visual_notes: Externally identified as K2-108 b confirmed/validated planet host; local catalog missed crossmatch.; visual_notes: Externally identified as K2-108 b confirmed/validated planet host; local catalog missed crossmatch.; status_reason: not found in local known planet/ephemeris/EB catalogs; external archive check still required; status_reason: Externally identified as K2-108 b confirmed/validated planet host; local catalog missed crossmatch.; status_reason: Externally identified as K2-108 b confirmed/validated planet host; local catalog missed crossmatch. | visual_notes: Externally identified as K2-108 b confirmed/validated planet host; local catalog missed crossmatch.,selected strong_positive from plots/k2_batch/final_candidate_master_ledger.csv (current_master_ledger); matches: final_candidate_status=recovered_known_confirmed_planet; stage_h_label=known_confirmed_planet; k2-108 b benchmark,,,,,,,,,,
EPIC_211908778,candidate_demoted_after_stage_h,candidate_demoted_after_stage_h,False,False,True,False,freezes/final_candidate_master_ledger_stage_h_candidate_followup.csv; freezes/stage_g_calibrated_ranking_layer.csv; freezes/stage_g_candidate_ledger_review.csv; freezes/stage_h_candidate_followup_decisions.csv; plots/k2_batch/final_candidate_master_ledger.csv; promoted_candidate_queue.csv; promoted_candidates.csv,candidate_demoted_after_stage_h; candidate_like; known_positive_below_pass_threshold_recheck_features; likely_eb_or_variable_hold; promote_candidate_alias_check,candidate_demoted_after_stage_h; candidate_demoted_after_stage_h; candidate_demoted_after_stage_h; keep reviewing as promoted candidate; follow up odd/even and OOT variability caution; keep_reviewing; known_positive_below_pass_threshold_recheck_features,Master ledger,False,False,0.4320067276000278,"stage_f_closed_45_caveats: Candidate-like weak_support row with odd/even/OOT caution; weak_support is not a demotion, manual evidence is required. | stage_h_reason: EB/variable-like; poor odd/even agreement; very high OOT variability; messy alias family; Stage F hold; not safe as candidate_like | status_reason: EB/variable-like; poor odd/even agreement; very high OOT variability; messy alias family; Stage F hold; not safe as candidate_like; stage_h_reason: EB/variable-like; poor odd/even agreement; very high OOT variability; messy alias family; Stage F hold; not safe as candidate_like; status_reason: Manual review promoted from V3 recovery batch despite Stage F hold; keep reviewing due to odd/even/OOT caution. | visual_notes: Manual review promoted from V3 recovery batch despite Stage F hold; keep reviewing due to odd/even/OOT caution.; visual_notes: Manual review promoted from V3 recovery batch despite Stage F hold; keep reviewing due to odd/even/OOT caution.",selected not_positive from plots/k2_batch/final_candidate_master_ledger.csv (current_master_ledger); matches: stage_h_ledger_status=candidate_demoted_after_stage_h; stage_h_status=likely_eb_or_variable_hold; final_candidate_status=candidate_demoted_after_stage_h; final_recommendation=candidate_demoted_after_stage_h; recommended_next_action=candidate_demoted_after_stage_h; stage_h_label=likely_eb_or_variable_hold; likely_eb; candidate_demoted_after_stage_h,,,,,,,,,,
EPIC_211910082,reject_manual_false_positive,reject_manual_false_positive,False,False,True,False,freezes/final_candidate_master_ledger_stage_h_candidate_followup.csv; freezes/stage_g_calibrated_ranking_layer.csv; freezes/stage_g_candidate_ledger_review.csv; plots/k2_batch/final_candidate_master_ledger.csv; plots/k2_batch/final_candidate_master_ledger_stage_f_closed.csv,hold_or_reject_review; noise_or_artifact; reject_manual_false_positive,exclude from novel planet queue after Stage F reviewed outcome; reject_manual_false_positive; hold_or_reject_review,Master ledger,False,False,0.5365492634284242,"status_reason: Stage F reviewed outcome: manual false positive. Stage F reason: no EB rejection, but visual/metric confidence remains secondary queue | visual_notes: Stage F reviewed outcome: manual false positive. Stage F reason: no EB rejection, but visual/metric confidence remains secondary queue",selected not_positive from plots/k2_batch/final_candidate_master_ledger.csv (current_master_ledger); matches: final_candidate_status=reject_manual_false_positive; final_recommendation=reject_manual_false_positive; reject_manual_false_positive; false_positive,,,,,,,,,,
EPIC_211920612,reject_as_noise_or_artifact,reject,False,False,True,False,plots/k2_batch/stage_i_autovet_v1_hold_batch1/autovet_hold_validation_ledger.csv; plots/k2_batch/master_vetted_catalog/manual_review_updates/20260525_epic40/manual_vetting_decisions_cumulative_20260525_epic40.csv; plots/k2_batch/master_vetted_catalog/manual_review_updates/20260525_epic46/manual_vetting_decisions_cumulative_20260525_epic46.csv,needs_period_review; noise_or_artifact; reject_as_noise_or_artifact,run_period_search_before_label_update; reject_from_candidate_pipeline; reject,Manual review,True,True,,"reason: original AutoVet evidence had missing/weak saved period support; EB risk features: odd_even_ratio=0.3038, odd_even_delta=0.9821, secondary_ratio=0, alias_risk=low",manual_review overrides existing reconciled ledger state; CNN morphology score is not promotion authority,reject_as_noise_or_artifact,reject,"Strong dip-like morphology, but physically broken. Period = 0.62108 d / 14.91 h. Transit duration = 1.8695 d / 44.87 h, longer than the orbital period. Severe odd/even mismatch: odd_even_depth_ratio = 0.304. CNN score = 0.823 is morphology-only and should not rescue it.",not_provided,true,manual_review,2026-05-25,user_provided_manual_review,none,CNN score is morphology-only and should not override failed validation checks or impossible duration geometry.
EPIC_211926132,secondary_hold,secondary_hold,False,False,True,False,freezes/final_candidate_master_ledger_stage_h_candidate_followup.csv; freezes/stage_g_calibrated_ranking_layer.csv; freezes/stage_g_candidate_ledger_review.csv; k2_master_candidate_ledger.csv; k2_stage_f_next10_batch2_candidate_holds.csv; k2_stage_f_next10_batch2_manual_reviewed.csv; plots/k2_batch/final_candidate_master_ledger.csv; plots/k2_batch/final_candidate_master_ledger_stage_f_closed.csv,hold_low_priority_candidate; secondary_hold; uncertain_hold,closed_negative_do_not_reopen_without_new_evidence; retain in secondary hold queue; secondary_hold,Master ledger,True,False,0.43407002463504935,status_reason: Human visual review found folds unconvincing relative to top five. | visual_notes: Human visual review found folds unconvincing relative to top five.; visual_notes: Reasonable shape but shallow / not decisive. Keep only as reserve candidate.,selected not_positive from plots/k2_batch/final_candidate_master_ledger.csv (current_master_ledger); matches: final_candidate_status=secondary_hold; final_recommendation=secondary_hold; secondary_hold,,,,,,,,,,
EPIC_211936906,unresolved_flux_triage_when_queue_reopens,unresolved_flux_triage_when_queue_reopens,False,False,False,True,freezes/stage_g_calibrated_ranking_layer.csv; freezes/stage_g_candidate_ledger_review.csv,unresolved_flux_triage_when_queue_reopens,unresolved_flux_triage_when_queue_reopens,Stage G,False,False,0.39233190714426647,,selected uncertain_non_final from freezes/stage_g_candidate_ledger_review.csv (stage_g_candidate_review); matches: no positive/not-positive rule matched,,,,,,,,,,
EPIC_211947686,reject_manual_false_positive,reject_manual_false_positive,False,False,True,False,freezes/final_candidate_master_ledger_stage_h_candidate_followup.csv; freezes/stage_g_calibrated_ranking_layer.csv; freezes/stage_g_candidate_ledger_review.csv; plots/k2_batch/final_candidate_master_ledger.csv; plots/k2_batch/final_candidate_master_ledger_stage_f_closed.csv,hold_or_reject_review; noise_or_artifact; reject_manual_false_positive,exclude from novel planet queue after Stage F reviewed outcome; reject_manual_false_positive; hold_or_reject_review,Master ledger,False,False,0.4728323039488571,"status_reason: Stage F reviewed outcome: manual false positive. Stage F reason: no EB rejection, but visual/metric confidence remains secondary queue | visual_notes: Stage F reviewed outcome: manual false positive. Stage F reason: no EB rejection, but visual/metric confidence remains secondary queue",selected not_positive from plots/k2_batch/final_candidate_master_ledger.csv (current_master_ledger); matches: final_candidate_status=reject_manual_false_positive; final_recommendation=reject_manual_false_positive; reject_manual_false_positive; false_positive,,,,,,,,,,
EPIC_211950703,reject_as_noise_or_artifact,rejected_manual_noise_or_artifact,False,False,True,False,plots/k2_batch/stage_i_autovet_v1_hold_batch1/autovet_hold_validation_ledger.csv; plots/k2_batch/stage_i_autovet_v1_hold_batch2/manual_stage_i_hold_batch2_review_decisions.csv,needs_period_review; reject_as_noise_or_artifact,close_as_reject_no_training_update; rejected_manual_noise_or_artifact; run_period_search_before_label_update,Stage I / AutoVet,True,True,,"reason: original AutoVet evidence had missing/weak saved period support; manual_reason: OOT variability high relative to depth, OOT/depth 0.7407; odd/even delta 0.2389; alias support present at double/half periods",selected not_positive from plots/k2_batch/stage_i_autovet_v1_hold_batch2/manual_stage_i_hold_batch2_review_decisions.csv (latest_manual_decision); matches: manual_label=reject_as_noise_or_artifact; ledger_label=reject_as_noise_or_artifact; reject_as_noise_or_artifact; noise_or_artifact,,,,,,,,,,
EPIC_211952381,reject_as_noise_or_artifact,reject,False,False,True,False,plots/k2_batch/stage_i_autovet_v1_hold_batch1/autovet_hold_validation_ledger.csv; plots/k2_batch/master_vetted_catalog/manual_review_updates/20260528_epic53/manual_vetting_decisions_cumulative_20260528_epic53.csv,needs_period_review; reject_as_noise_or_artifact,run_period_search_before_label_update; reject,Manual review,True,True,,reason: original AutoVet evidence had missing/weak saved period support,manual_review overrides existing reconciled ledger state; CNN morphology score is not promotion authority,reject_as_noise_or_artifact,reject,"Manual review suggests noise / possible EB-like morphology. Stage F already held it due to poor visual/metric confidence. Primary depth = 0.001463. SNR = 18.06. Odd/even is weak: ratio = 0.717. OOT variability is high: oot_variability_to_depth = 0.355. Period source = saved_validation_period, but metrics and visual confidence still fail. Reject despite saved period support.",not_provided,true,manual_review,2026-05-28,user_provided_manual_review,none,CNN remains morphology-only and does not override failed manual visual/metric confidence.
EPIC_211954033,candidate_with_caveat,candidate_with_caveat,False,True,False,False,freezes/final_candidate_master_ledger_stage_h_candidate_followup.csv; freezes/stage_g_calibrated_ranking_layer.csv; freezes/stage_g_candidate_ledger_review.csv; k2_master_candidate_ledger.csv; k2_stage_f_next10_batch2_manual_reviewed.csv; k2_stage_f_next10_batch2_promoted_candidates.csv; plots/k2_batch/final_candidate_master_ledger.csv; plots/k2_batch/final_candidate_master_ledger_stage_f_closed.csv; promoted_candidate_queue.csv; promoted_candidates.csv,candidate_like; candidate_with_caveat; promote_candidate_alias_check,approve with caveat / keep existing; review feature cautions; candidate_with_caveat; candidate_with_caveat; candidate_with_caveat; candidate_with_caveat; keep reviewing as promoted candidate; keep_reviewing; known_positive_below_pass_threshold_recheck_features,Master ledger,True,False,0.55928650183,"stage_f_closed_45_caveats: Candidate-like review_support row with alias-check status; review features before ledger promotion, but do not demote solely from Stage G. | status_reason: label=candidate_like; science_binary=science_like; source_status=promote_candidate_alias_check; Stage G tier=review_support (score=0.55928650183); flux_p_science_like=0.668707787991; period=11.441882991134 d; training_label_rule=final_candidate_status:promote_candidate_alias_check; source_batch=stage_f_next10_batch2_manual_review; stage_f_label=stage_f_planet_like; visual_label=visual_promote_candidate_alias_check Caveat: Candidate-like review_support row with alias-check status; review features before ledger promotion, but do not demote solely from Stage G. | visual_notes: Human visual review found folds unconvincing relative to top five.; visual_notes: Strong high-SNR signal and coherent transit shape. Promote, but alias caution because 2P/3 support exceeds nominal P.; stage_f_closed_45_caveats: numerically strong candidate-like signal with high SNR and strong event support; no phase-0.5 secondary; caveat very high SNR, long duration, OOT variability near transit depth, and 2P/3 alias support; EB/variable-risk recheck recommended | stage_h_reason: numerically strong candidate-like signal with high SNR and strong event support; no phase-0.5 secondary; caveat very high SNR, long duration, OOT variability near transit depth, and 2P/3 alias support; EB/variable-risk recheck recommended | status_reason: numerically strong candidate-like signal with high SNR and strong event support; no phase-0.5 secondary; caveat very high SNR, long duration, OOT variability near transit depth, and 2P/3 alias support; EB/variable-risk recheck recommended; status_reason: Human visual review found folds unconvincing relative to top five. | visual_notes: Human visual review found folds unconvincing relative to top five.",selected positive_retained from plots/k2_batch/final_candidate_master_ledger.csv (current_master_ledger); matches: stage_h_ledger_status=candidate_with_caveat; stage_h_status=candidate_with_caveat; final_candidate_status=candidate_with_caveat; final_recommendation=candidate_with_caveat; recommended_next_action=candidate_with_caveat; stage_h_label=candidate_with_caveat; candidate_with_caveat; promote_candidate_alias_check,,,,,,,,,,
EPIC_211955365,deprioritize_after_manual_visual_review,deprioritize_after_manual_visual_review,False,False,True,False,freezes/final_candidate_master_ledger_stage_h_candidate_followup.csv; freezes/stage_g_calibrated_ranking_layer.csv; freezes/stage_g_candidate_ledger_review.csv; k2_stage_f_next10_batch2_manual_reviewed.csv; manual_reject_archive.csv; plots/k2_batch/final_candidate_master_ledger.csv; plots/k2_batch/final_candidate_master_ledger_stage_f_closed.csv,deprioritize_after_manual_visual_review; hold_or_reject_review; low_priority_negative; manual_unreviewed,deprioritize after manual visual review; deprioritize_after_manual_visual_review; hold_or_reject_review,Master ledger,True,False,0.47761821903638724,status_reason: Human visual review found folds unconvincing relative to top five. | visual_notes: Human visual review found folds unconvincing relative to top five.; visual_notes: Awaiting manual visual review outcome.,selected not_positive from plots/k2_batch/final_candidate_master_ledger.csv (current_master_ledger); matches: deprioritize,,,,,,,,,,
EPIC_211972200,reject_as_planet_binary_system,reject_as_planet_binary_system,False,False,True,False,freezes/final_candidate_master_ledger_stage_h_candidate_followup.csv; freezes/stage_g_calibrated_ranking_layer.csv; freezes/stage_g_candidate_ledger_review.csv; k2_master_candidate_ledger.csv; k2_stage_f_next10_manual_reviewed.csv; manual_reject_archive.csv; plots/k2_batch/final_candidate_master_ledger.csv; plots/k2_batch/final_candidate_master_ledger_stage_f_closed.csv,binary_system; reject_as_planet_binary_system,closed_negative_do_not_reopen_without_new_evidence; exclude from novel planet queue; retain separately as real nonplanet eclipsing-binary/stellar system,Master ledger,True,False,0.6644802874706641,"visual_notes: Strong coherent repeating astrophysical signal with deep eclipses, long duration, odd/even asymmetry, and secondary-phase structure. Real system, likely EB, not planet.",selected not_positive from plots/k2_batch/final_candidate_master_ledger.csv (current_master_ledger); matches: final_candidate_status=reject_as_planet_binary_system; binary_system; eclipsing_binary,,,,,,,,,,
EPIC_211972767,reject_likely_variable_or_binary,reject_likely_variable_or_binary,False,False,True,False,freezes/final_candidate_master_ledger_stage_h_candidate_followup.csv; freezes/stage_g_calibrated_ranking_layer.csv; freezes/stage_g_candidate_ledger_review.csv; plots/k2_batch/final_candidate_master_ledger.csv; plots/k2_batch/final_candidate_master_ledger_stage_f_closed.csv,hold_or_reject_review; reject_likely_variable_or_binary; variable_or_artifact,exclude from novel planet queue; likely variable or binary; reject_likely_variable_or_binary; hold_or_reject_review,Master ledger,False,False,0.4538473393996448,status_reason: Stage F reviewed outcome: likely variable or binary. Stage F reason: ambiguous follow-up checks: odd_even_ratio=0.511 alias_risk=low oot_to_depth=1.668 | visual_notes: Stage F reviewed outcome: likely variable or binary. Stage F reason: ambiguous follow-up checks: odd_even_ratio=0.511 alias_risk=low oot_to_depth=1.668,selected not_positive from plots/k2_batch/final_candidate_master_ledger.csv (current_master_ledger); matches: final_candidate_status=reject_likely_variable_or_binary; final_recommendation=reject_likely_variable_or_binary; variable_or_binary,,,,,,,,,,
EPIC_211988531,secondary_hold,secondary_hold,False,False,True,False,freezes/final_candidate_master_ledger_stage_h_candidate_followup.csv; freezes/stage_g_calibrated_ranking_layer.csv; freezes/stage_g_candidate_ledger_review.csv; k2_master_candidate_ledger.csv; k2_stage_f_next10_batch2_candidate_holds.csv; k2_stage_f_next10_batch2_manual_reviewed.csv; plots/k2_batch/final_candidate_master_ledger.csv; plots/k2_batch/final_candidate_master_ledger_stage_f_closed.csv,hold_borderline_candidate; secondary_hold; uncertain_hold,hold_or_reject_review; retain in secondary hold queue; secondary_hold,Master ledger,True,False,0.6215044622026757,status_reason: Human visual review found folds unconvincing relative to top five. | visual_notes: Human visual review found folds unconvincing relative to top five.; visual_notes: Some transit-like structure but weaker confidence. Keep for later review / model scoring.,selected not_positive from plots/k2_batch/final_candidate_master_ledger.csv (current_master_ledger); matches: final_candidate_status=secondary_hold; final_recommendation=secondary_hold; secondary_hold,,,,,,,,,,
EPIC_211991001,reject_as_noise_or_artifact,reject,False,False,True,False,plots/k2_batch/stage_i_autovet_v1_hold_batch1/autovet_hold_validation_ledger.csv; plots/k2_batch/master_vetted_catalog/manual_review_updates/20260601_epic65/manual_vetting_decisions_cumulative_20260601_epic65.csv,needs_period_review; reject_as_noise_or_artifact,run_period_search_before_label_update; reject,Manual review,True,True,,reason: original AutoVet evidence had missing/weak saved period support,manual_review overrides existing reconciled ledger state; CNN morphology score is not promotion authority,reject_as_noise_or_artifact,reject,"Formidable noise / false-positive-like signal. Large depth = 0.016837, but SNR only 7.02. Very short period: 0.52685 d. Duration = 6.37 h, about half the orbital period. Odd/even imperfect: ratio = 0.764. Alias risk = moderate. Half-period alias support is perfect: support_ratio = 1.0. Large radius ratio estimate = 0.130. Saved period exists, but Stage F already held due to ambiguous checks.",not_provided,true,manual_review,2026-06-01,user_provided_manual_review,none,CNN remains morphology-only and does not override manual visual review or ambiguous validation context.
EPIC_211995966,reject_as_noise_or_artifact,reject,False,False,True,False,plots/k2_batch/stage_i_autovet_v1_hold_batch1/autovet_hold_validation_ledger.csv; plots/k2_batch/master_vetted_catalog/manual_review_updates/20260601_epic65/manual_vetting_decisions_cumulative_20260601_epic65.csv,reject_or_low_priority_negative; reject_as_noise_or_artifact,add_to_reject_audit_queue_before_training; reject,Manual review,True,True,,"reason: Stage F reject in hold audit; route to reject audit before any label update; artifact/reject features: primary_snr=2.728, num_events=3",manual_review overrides existing reconciled ledger state; CNN morphology score is not promotion authority,reject_as_noise_or_artifact,reject,"Weird / ambiguous noise: something but nothing. Stage F already rejected it because primary transit depth is not significant in cached folded light curve. Primary SNR is very weak: 2.73. Event support is thin: event_family_count = 3. Alias risk = moderate. Odd/even is good: ratio = 0.952, but weak primary detection dominates. CNN score = 0.879 is morphology-only and does not override Stage F rejection.",not_provided,true,manual_review,2026-06-01,user_provided_manual_review,none,CNN remains morphology-only and does not override Stage F rejection or weak primary detection.
EPIC_212001099,candidate_ready_for_ledger,candidate_ready_for_ledger,True,True,False,False,freezes/final_candidate_master_ledger_stage_h_candidate_followup.csv; freezes/stage_g_calibrated_ranking_layer.csv; freezes/stage_g_candidate_ledger_review.csv; k2_master_candidate_ledger.csv; k2_stage_f_next10_batch2_manual_reviewed.csv; k2_stage_f_next10_batch2_promoted_candidates.csv; plots/k2_batch/final_candidate_master_ledger.csv; plots/k2_batch/final_candidate_master_ledger_stage_f_closed.csv; promoted_candidate_queue.csv; promoted_candidates.csv; strict_promoted_candidates.csv,candidate_ready_for_ledger; planet_like; promote_primary_candidate,candidate_supported_by_calibrated_layer; keep reviewing as promoted candidate; keep_reviewing; likely approve into ledger review; candidate_ready_for_ledger,Master ledger,True,False,0.779926018452,"stage_f_closed_45_caveats: Planet-like strong_support row; Stage G tier is annotation only and final ledger change still requires manual approval. | status_reason: label=planet_like; science_binary=science_like; source_status=promote_primary_candidate; Stage G tier=strong_support (score=0.779926018452); flux_p_science_like=0.81286418438; period=16.325087564604 d; training_label_rule=final_candidate_status:promote_primary_candidate; source_batch=stage_f_next10_batch2_manual_review; stage_f_label=stage_f_planet_like; visual_label=visual_promote_primary_candidate Caveat: Planet-like strong_support row; Stage G tier is annotation only and final ledger change still requires manual approval. | visual_notes: Human visual review found folds unconvincing relative to top five.; visual_notes: Best of batch. Clean fold, balanced odd/even, convincing primary, no obvious secondary.; status_reason: Human visual review found folds unconvincing relative to top five. | visual_notes: Human visual review found folds unconvincing relative to top five.",selected strong_positive from plots/k2_batch/final_candidate_master_ledger.csv (current_master_ledger); matches: final_candidate_status=candidate_ready_for_ledger; final_recommendation=candidate_ready_for_ledger,,,,,,,,,,
EPIC_212003686,reject_manual_false_positive,reject_manual_false_positive,False,False,True,False,freezes/final_candidate_master_ledger_stage_h_candidate_followup.csv; freezes/stage_g_calibrated_ranking_layer.csv; freezes/stage_g_candidate_ledger_review.csv; k2_manual_false_positive_rejects.csv; k2_manual_rejects_stage_f_next10.csv; k2_master_candidate_ledger.csv; k2_stage_f_next10_manual_reviewed.csv; manual_reject_archive.csv; plots/k2_batch/final_candidate_master_ledger.csv; plots/k2_batch/final_candidate_master_ledger_stage_f_closed.csv,noise_or_artifact; reject_manual_false_positive,closed_negative_do_not_reopen_without_new_evidence; exclude from novel planet queue after manual visual review,Master ledger,True,False,0.525970995083221,visual_notes: Manual visual review did not show convincing planet-like transit morphology.,selected not_positive from plots/k2_batch/final_candidate_master_ledger.csv (current_master_ledger); matches: final_candidate_status=reject_manual_false_positive; reject_manual_false_positive; false_positive,,,,,,,,,,
EPIC_212018340,reject_as_noise_or_artifact,rejected_manual_noise_or_artifact,False,False,True,False,plots/k2_batch/stage_i_autovet_v1_hold_batch1/autovet_hold_validation_ledger.csv; plots/k2_batch/stage_i_autovet_v1_hold_batch2/manual_stage_i_hold_batch2_review_decisions.csv,needs_period_review; reject_as_noise_or_artifact,close_as_reject_no_training_update; rejected_manual_noise_or_artifact; run_period_search_before_label_update,Stage I / AutoVet,True,True,,"reason: original AutoVet evidence had missing/weak saved period support; manual_reason: short period 0.98072d with long 11.28h duration, weak odd/even consistency, OOT/depth 0.2195, and half-period alias at 0.49036d",selected not_positive from plots/k2_batch/stage_i_autovet_v1_hold_batch2/manual_stage_i_hold_batch2_review_decisions.csv (latest_manual_decision); matches: manual_label=reject_as_noise_or_artifact; ledger_label=reject_as_noise_or_artifact; reject_as_noise_or_artifact; noise_or_artifact,,,,,,,,,,
EPIC_212020442,reject_as_noise_or_artifact,reject,False,False,True,False,plots/k2_batch/stage_i_autovet_v1_hold_batch1/autovet_hold_validation_ledger.csv; plots/k2_batch/master_vetted_catalog/manual_review_updates/20260601_epic65/manual_vetting_decisions_cumulative_20260601_epic65.csv,needs_period_review; reject_as_noise_or_artifact,run_period_search_before_label_update; reject,Manual review,True,True,,reason: original AutoVet evidence had missing/weak saved period support,manual_review overrides existing reconciled ledger state; CNN morphology score is not promotion authority,reject_as_noise_or_artifact,reject,"Manual review indicates no convincing period / period solution not trustworthy. Primary depth is shallow: 0.000683. SNR is weak: 7.60. Odd/even only moderate: ratio = 0.815. Alias risk = moderate. Strong alternate-period support: alias_best_period_days = 11.768625, support_ratio = 0.875. Master next action was run_period_search_before_label_update. Treat as period failure / noise, not candidate.",not_provided,true,manual_review,2026-06-01,user_provided_manual_review,none,CNN remains morphology-only and does not override manual rejection or period-failure context.
EPIC_212020858,reject_as_noise_or_artifact,not_positive,False,False,True,False,plots/k2_batch/stage_i_discovery_pilot_batch1/stage_i_manual_review_outcomes.csv,reject_as_noise_or_artifact,,Stage I / AutoVet,True,False,,reason: visually not convincing; noise/artifact morphology; reject after Stage I manual review,selected not_positive from plots/k2_batch/stage_i_discovery_pilot_batch1/stage_i_manual_review_outcomes.csv (manual_stage_i_decision); matches: manual_stage_i_label=reject_as_noise_or_artifact; reject_as_noise_or_artifact; noise_or_artifact,,,,,,,,,,
EPIC_212023491,reject_as_noise_or_artifact,not_positive,False,False,True,False,plots/k2_batch/stage_i_discovery_pilot_batch1/stage_i_manual_review_outcomes.csv,reject_as_noise_or_artifact,,Stage I / AutoVet,True,False,,reason: visually not convincing; noise/artifact morphology; reject after Stage I manual review,selected not_positive from plots/k2_batch/stage_i_discovery_pilot_batch1/stage_i_manual_review_outcomes.csv (manual_stage_i_decision); matches: manual_stage_i_label=reject_as_noise_or_artifact; reject_as_noise_or_artifact; noise_or_artifact,,,,,,,,,,
EPIC_212024647,candidate_like,promote_to_stage_g,True,True,False,False,plots/k2_batch/final_candidate_master_ledger.csv; plots/k2_batch/stage_i_autovet_v1_hold_batch1/autovet_hold_validation_ledger.csv; plots/k2_batch/stage_i_autovet_v1_hold_batch1/manual_post_repair_review_decisions.csv; plots/k2_batch/stage_i_autovet_v1_hold_batch1/stage_i_post_repair_manual_decision_log.csv,candidate_like; needs_period_review; promote_to_stage_g,promote_to_stage_g; promote_to_stage_g; candidate_like; promote_to_stage_g; promote_to_stage_g; promote_to_stage_g; run_period_search_before_label_update,Master ledger,True,True,,"stage_f_closed_45_caveats: none | stage_h_reason: Human manual Stage I post-repair review decision; not an AutoVet automatic promotion. Clean post-repair signal with odd_even_depth_ratio=0.93146, oot_variability_to_depth=0.45, SNR=5.4, and transit duration around 4 hours. | status_reason: Clean post-repair signal with odd_even_depth_ratio=0.93146, oot_variability_to_depth=0.45, SNR=5.4, and transit duration around 4 hours. ledger_update=yes; training_update=no; training_label=do_not_train_yet; reason: original AutoVet evidence had missing/weak saved period support; candidate_caveat: none | manual_reason: Clean post-repair signal with odd_even_depth_ratio=0.93146, oot_variability_to_depth=0.45, SNR=5.4, and transit duration around 4 hours.; reason: odd_even_depth_ratio=0.93146; oot_variability_to_depth=0.45; SNR=5.4; transit_duration_hours approximately 4",selected strong_positive from plots/k2_batch/stage_i_autovet_v1_hold_batch1/manual_post_repair_review_decisions.csv (manual_post_repair_decision); matches: manual_stage_i_post_repair_label=candidate_like; ledger_label=candidate_like; ledger_status=promote_to_stage_g; next_action=promote_to_stage_g; promote_to_stage_g,,,,,,,,,,
EPIC_212037403,reject_as_noise_or_artifact,rejected_manual_noise_or_artifact,False,False,True,False,plots/k2_batch/stage_i_autovet_v1_hold_batch1/autovet_hold_validation_ledger.csv; plots/k2_batch/stage_i_autovet_v1_hold_batch2/manual_stage_i_hold_batch2_review_decisions.csv,needs_period_review; reject_as_noise_or_artifact,close_as_reject_no_training_update; rejected_manual_noise_or_artifact; run_period_search_before_label_update,Stage I / AutoVet,True,True,,reason: original AutoVet evidence had missing/weak saved period support; manual_reason: poor odd/even consistency; odd_even_depth_ratio 0.6236; odd_even_depth_delta 0.5325; long 11.28h duration; not visually convincing,selected not_positive from plots/k2_batch/stage_i_autovet_v1_hold_batch2/manual_stage_i_hold_batch2_review_decisions.csv (latest_manual_decision); matches: manual_label=reject_as_noise_or_artifact; ledger_label=reject_as_noise_or_artifact; reject_as_noise_or_artifact; noise_or_artifact,,,,,,,,,,
EPIC_211542908,binary_system,reject_from_candidate_pipeline,False,False,True,False,plots/k2_batch/master_vetted_catalog/manual_review_updates/20260520_epic20/manual_vetting_decisions_cumulative_20260520_epic20.csv,binary_system,reject_from_candidate_pipeline,Manual review,True,,,,manual_review overrides existing reconciled ledger state; CNN morphology score is not promotion authority,binary_system,reject_from_candidate_pipeline,"Strong odd/even depth mismatch with ratio about 0.391 and explicit delta about 1.27, making the signal EB-like or unreliable rather than planet-like. The signal is also very shallow, primary SNR is only modest around 6.38, alias risk is moderate, and the period source is event-spacing fallback with many candidate periods. Reject from candidate pipeline despite morphology-positive CNN score and no detected secondary eclipse.",high,true,manual_review,2026-05-20,user_provided_manual_review,cnn_high_manual_reject,"CNN score is high at about 0.934, but manual/diagnostic review rejects due to strong odd/even mismatch, shallow signal, alias risk, and weak fallback period support."
EPIC_211573482,binary_system,reject_from_candidate_pipeline,False,False,True,False,plots/k2_batch/master_vetted_catalog/manual_review_updates/20260520_epic20/manual_vetting_decisions_cumulative_20260520_epic20.csv,binary_system,reject_from_candidate_pipeline,Manual review,True,,,,manual_review overrides existing reconciled ledger state; CNN morphology score is not promotion authority,binary_system,reject_from_candidate_pipeline,"Signal is present, but diagnostics are unfavorable for a planet-like candidate. Odd/even depth consistency is poor, with ratio about 0.610 and explicit delta about 0.589, suggesting possible EB behavior. OOT variability is very high at about 1.16x the transit depth, meaning the apparent events may be embedded in stellar variability or structured noise. Period source is event-spacing fallback with many candidate periods, and CNN score is only morphology-positive, not promotion authority. Reject from candidate pipeline as likely binary/variable contamination rather than continue holding.",medium_high,true,manual_review,2026-05-20,user_provided_manual_review,none,CNN score is moderate-high but not extreme; manual rejection is driven by EB/variability diagnostics.
EPIC_211580521,noise_or_artifact,reject_from_candidate_pipeline,False,False,True,False,plots/k2_batch/master_vetted_catalog/manual_review_updates/20260520_epic25/manual_vetting_decisions_cumulative_20260520_epic25.csv,noise_or_artifact,reject_from_candidate_pipeline,Manual review,True,,,,manual_review overrides existing reconciled ledger state; CNN morphology score is not promotion authority,noise_or_artifact,reject_from_candidate_pipeline,"OOT variability is acceptable at about 0.17x transit depth, but the rest of the evidence is weak or unfavorable. Primary SNR is low at about 4.74, event support is limited, and the period is very short at P=0.545d. Odd/even consistency is poor, with ratio about 0.611 and explicit delta about 0.464. Alias risk is high with strong half-period support, and the period source is event-spacing fallback with many candidate periods. Reject as noise/artifact rather than continue holding despite morphology-positive CNN score.",medium_high,true,manual_review,2026-05-20,user_provided_manual_review,none,CNN score is moderate and does not materially conflict with manual rejection.
EPIC_211581700,binary_system,reject_from_candidate_pipeline,False,False,True,False,plots/k2_batch/master_vetted_catalog/manual_review_updates/20260520_epic25/manual_vetting_decisions_cumulative_20260520_epic25.csv,binary_system,reject_from_candidate_pipeline,Manual review,True,,,,manual_review overrides existing reconciled ledger state; CNN morphology score is not promotion authority,binary_system,reject_from_candidate_pipeline,"Strong real eclipsing signal with excellent odd/even consistency and many repeated events, but the secondary eclipse is highly significant and deeper than expected for a planet-like occultation. Secondary SNR is about 19.83 and secondary-to-primary depth ratio is about 3.87, making this much more consistent with an eclipsing binary or variable binary system than a planet candidate. Reject from planet candidate pipeline despite strong morphology and high CNN score.",high,true,manual_review,2026-05-20,user_provided_manual_review,none,"CNN correctly identified strong eclipse-like morphology, but morphology score is not a planet classifier."
EPIC_211592766,uncertain_hold,keep_hold_for_recheck_with_stage_f_period_validation,False,False,False,True,plots/k2_batch/master_vetted_catalog/manual_review_updates/20260520_epic25/manual_vetting_decisions_cumulative_20260520_epic25.csv,uncertain_hold,keep_hold_for_recheck_with_stage_f_period_validation,Manual review,True,,,,manual_review overrides existing reconciled ledger state; CNN morphology score is not promotion authority,uncertain_hold,keep_hold_for_recheck_with_stage_f_period_validation,"Transit-like signal has acceptable primary SNR around 8.09, good odd/even consistency with ratio about 0.933 and explicit delta about 0.072, no significant secondary eclipse, and low alias risk. However the transit duration is long at about 7.36 hours for P=2.09d, OOT variability is non-trivial at about 0.27x transit depth, CNN morphology score is only moderate, and the period source is event-spacing fallback with many candidate periods. Keep as uncertain hold pending Stage F period validation and improved plot/detrending review rather than promote.",medium,true,manual_review,2026-05-20,user_provided_manual_review,none,CNN score is moderate and consistent with a cautious hold rather than promotion.
EPIC_211619120,uncertain_hold,keep_hold_for_recheck_with_oot_detrending_and_stage_f_period_validation,False,False,False,True,plots/k2_batch/master_vetted_catalog/manual_review_updates/20260520_epic25/manual_vetting_decisions_cumulative_20260520_epic25.csv; plots/k2_batch/master_vetted_catalog/manual_review_updates/20260522_epic29/manual_vetting_decisions_cumulative_20260522_epic29.csv,noise_or_artifact; uncertain_hold,reject_from_candidate_pipeline; keep_hold_for_recheck_with_oot_detrending_and_stage_f_period_validation,Manual review,True,,,,manual_review overrides existing reconciled ledger state; CNN morphology score is not promotion authority,uncertain_hold,keep_hold_for_recheck_with_oot_detrending_and_stage_f_period_validation,"Some signal-like features are visible, but they are not clear enough for candidate promotion. Primary SNR is modest around 5.90, odd/even consistency is acceptable but not strongly clean with ratio about 0.835 and explicit delta about 0.174, and there is no detected secondary eclipse. However OOT variability is very high at about 2.03x the transit depth, suggesting the apparent dip may be embedded in stellar variability or structured noise. Period source is event-spacing fallback with many candidate periods. Keep as uncertain hold pending OOT detrending review and Stage F period validation rather than reject immediately.",medium,true,manual_review,2026-05-22,user_provided_manual_review,none,CNN score is moderate and consistent with cautious hold rather than promotion.
EPIC_211683904,noise_or_artifact,reject_from_candidate_pipeline,False,False,True,False,plots/k2_batch/master_vetted_catalog/manual_review_updates/20260522_epic29/manual_vetting_decisions_cumulative_20260522_epic29.csv,noise_or_artifact,reject_from_candidate_pipeline,Manual review,True,,,,manual_review overrides existing reconciled ledger state; CNN morphology score is not promotion authority,noise_or_artifact,reject_from_candidate_pipeline,"Manual review does not show a convincing transit-like dip. The signal is very shallow with modest primary SNR around 5.09, and the apparent duration is long at about 4.90 hours for P=1.28d. Odd/even consistency is only mediocre, with ratio about 0.812 and explicit delta about 0.231. Alias risk is moderate with strong half-period support, and the period source is event-spacing fallback with many candidate periods. Reject as noise/artifact despite morphology-positive CNN score.",medium_high,true,manual_review,2026-05-22,user_provided_manual_review,none,CNN score is moderate and does not materially conflict with manual rejection.
EPIC_211702989,noise_or_artifact,reject_from_candidate_pipeline,False,False,True,False,plots/k2_batch/master_vetted_catalog/manual_review_updates/20260522_epic29/manual_vetting_decisions_cumulative_20260522_epic29.csv,noise_or_artifact,reject_from_candidate_pipeline,Manual review,True,,,,manual_review overrides existing reconciled ledger state; CNN morphology score is not promotion authority,noise_or_artifact,reject_from_candidate_pipeline,"Manual review favors noise/artifact rather than a planet-like candidate. The signal is very shallow despite modest/high primary SNR, with no detected secondary eclipse, but odd/even consistency is poor: odd/even ratio about 0.400 and explicit delta about 0.833. Alias risk is moderate with stronger support at the double-period alias, and the period source is event-spacing fallback with many candidate periods. Reject from candidate pipeline despite high CNN morphology score because the signal is not visually or diagnostically planet-like.",high,true,manual_review,2026-05-22,user_provided_manual_review,cnn_high_manual_reject,"CNN score is high at about 0.945, but manual/diagnostic review rejects due to shallow noisy signal, poor odd/even consistency, moderate alias risk, and fallback period support."
EPIC_211745624,uncertain_hold,keep_hold_for_recheck_with_stage_f_period_validation_and_oot_detrending,False,False,False,True,plots/k2_batch/master_vetted_catalog/manual_review_updates/20260522_epic29/manual_vetting_decisions_cumulative_20260522_epic29.csv,uncertain_hold,keep_hold_for_recheck_with_stage_f_period_validation_and_oot_detrending,Manual review,True,,,,manual_review overrides existing reconciled ledger state; CNN morphology score is not promotion authority,uncertain_hold,keep_hold_for_recheck_with_stage_f_period_validation_and_oot_detrending,"Transit-like signal has excellent odd/even consistency with ratio about 0.992 and explicit delta about 0.0075, no significant secondary eclipse, plausible depth around 0.0043, reasonable duration around 1.96 hours, and many event-family members. However primary SNR is weak around 3.49, OOT variability is non-trivial at about 0.49x transit depth, and the period source is event-spacing fallback with many candidate periods. Keep as uncertain hold pending Stage F period validation and OOT/detrending review rather than promote directly.",medium,true,manual_review,2026-05-22,user_provided_manual_review,cnn_high_manual_hold,"CNN score is high at about 0.960, but manual review keeps it on hold due to weak SNR, OOT variability, and fallback period support."
EPIC_211770390,uncertain_hold,keep_hold_for_recheck_with_oot_detrending_and_stage_f_period_validation,False,False,False,True,plots/k2_batch/master_vetted_catalog/manual_review_updates/20260522_epic35/manual_vetting_decisions_cumulative_20260522_epic35.csv,uncertain_hold,keep_hold_for_recheck_with_oot_detrending_and_stage_f_period_validation,Manual review,True,,,,manual_review overrides existing reconciled ledger state; CNN morphology score is not promotion authority,uncertain_hold,keep_hold_for_recheck_with_oot_detrending_and_stage_f_period_validation,"Some signal-like structure may be present and the basic duration is plausible for P=7.46d, with no detected secondary eclipse and high CNN morphology score. However the signal is tough to read visually, primary SNR is modest around 5.36, odd/even consistency is poor with ratio about 0.562 and explicit delta about 0.702, and OOT variability is high at about 1.26x the transit depth. Period source is event-spacing fallback with many candidate periods, so keep only as uncertain hold pending OOT detrending review and Stage F period validation rather than promote.",medium_low,true,manual_review,2026-05-22,user_provided_manual_review,cnn_high_manual_hold,"CNN score is high at about 0.936, but manual review keeps it on hold because the signal is visually unclear with poor odd/even consistency, high OOT variability, and fallback period support."
EPIC_211781094,noise_or_artifact,reject_from_candidate_pipeline,False,False,True,False,plots/k2_batch/master_vetted_catalog/manual_review_updates/20260522_epic35/manual_vetting_decisions_cumulative_20260522_epic35.csv,noise_or_artifact,reject_from_candidate_pipeline,Manual review,True,,,,manual_review overrides existing reconciled ledger state; CNN morphology score is not promotion authority,noise_or_artifact,reject_from_candidate_pipeline,"Some signal-like features may be present, but the detection is not credible as a planet-like candidate. The measured primary depth is extremely large at about 0.217, implying radius ratio about 0.466, while primary SNR is weak around 3.34 and event support is limited. Odd/even consistency is acceptable and there is no detected secondary eclipse, but the period source is event-spacing fallback with many candidate periods and the signal appears unreliable. Reject as noise/artifact or bad folded-event fit rather than promote or hold.",medium_high,true,manual_review,2026-05-22,user_provided_manual_review,cnn_high_manual_reject,"CNN score is high at about 0.917, but manual review rejects because the signal is not visually or physically credible as planet-like and appears dominated by bad folded-event geometry or artifact behavior."
EPIC_211800810,binary_system,reject_from_candidate_pipeline,False,False,True,False,plots/k2_batch/master_vetted_catalog/manual_review_updates/20260522_epic35/manual_vetting_decisions_cumulative_20260522_epic35.csv,binary_system,reject_from_candidate_pipeline,Manual review,True,,,,manual_review overrides existing reconciled ledger state; CNN morphology score is not promotion authority,binary_system,reject_from_candidate_pipeline,"Strong odd/even depth mismatch with ratio about 0.219 and explicit delta about 1.19, making the signal EB-like or unreliable rather than planet-like. The signal is also very shallow, with an unusually long apparent duration of about 7.11 hours for P=2.80d. Period source is event-spacing fallback with limited event support and many candidate periods. Reject from candidate pipeline despite no detected secondary eclipse and morphology-positive CNN score.",high,true,manual_review,2026-05-22,user_provided_manual_review,none,CNN score is moderate and does not materially conflict with manual rejection.
EPIC_211844348,noise_or_artifact,reject_from_candidate_pipeline,False,False,True,False,plots/k2_batch/master_vetted_catalog/manual_review_updates/20260522_epic35/manual_vetting_decisions_cumulative_20260522_epic35.csv,noise_or_artifact,reject_from_candidate_pipeline,Manual review,True,,,,manual_review overrides existing reconciled ledger state; CNN morphology score is not promotion authority,noise_or_artifact,reject_from_candidate_pipeline,"Manual review favors noise/artifact despite superficially acceptable diagnostics. The signal is very shallow, and the apparent duration is fairly long at about 5.88 hours. Odd/even consistency is good with ratio about 0.949 and no detected secondary eclipse, but the period source is event-spacing fallback with many candidate periods, and the visual signal is not convincing enough to justify holding. Reject as noise/artifact despite morphology-positive CNN score.",medium_high,true,manual_review,2026-05-22,user_provided_manual_review,none,CNN score is moderate-high but not extreme; manual rejection is driven by poor visual credibility and fallback period support.
EPIC_211851580,uncertain_hold,keep_hold_for_recheck_with_stage_f_period_validation_and_secondary_window_inspection,False,False,False,True,plots/k2_batch/master_vetted_catalog/manual_review_updates/20260522_epic35/manual_vetting_decisions_cumulative_20260522_epic35.csv,uncertain_hold,keep_hold_for_recheck_with_stage_f_period_validation_and_secondary_window_inspection,Manual review,True,,,,manual_review overrides existing reconciled ledger state; CNN morphology score is not promotion authority,uncertain_hold,keep_hold_for_recheck_with_stage_f_period_validation_and_secondary_window_inspection,"Transit-like signal is present with acceptable primary SNR around 8.50, good odd/even consistency with ratio about 0.914 and explicit delta about 0.094, no numerically detected secondary eclipse, and OOT variability is moderate at about 0.27x transit depth. However the secondary-check panel appears visually odd despite zero/null secondary metrics, the apparent transit duration is long at about 8.09 hours, and the period source is event-spacing fallback with many candidate periods. Keep as uncertain hold pending Stage F period validation and manual inspection of the secondary window rather than promote directly.",medium,true,manual_review,2026-05-22,user_provided_manual_review,none,CNN score is moderate and consistent with cautious hold rather than promotion.
EPIC_211902535,noise_or_artifact,reject_from_candidate_pipeline,False,False,True,False,plots/k2_batch/master_vetted_catalog/manual_review_updates/20260525_epic40/manual_vetting_decisions_cumulative_20260525_epic40.csv,noise_or_artifact,reject_from_candidate_pipeline,Manual review,True,,,,manual_review overrides existing reconciled ledger state; CNN morphology score is not promotion authority,noise_or_artifact,reject_from_candidate_pipeline,"Manual review favors weak noise/artifact rather than a planet-like candidate. The signal is very shallow, with a long apparent duration of about 7.36 hours for P=4.32d, and odd/even consistency is poor with ratio about 0.680 and explicit delta about 0.381. There is no meaningful positive secondary eclipse, and OOT variability is low, but the period source is event-spacing fallback with many candidate periods. Reject as noise/artifact despite morphology-positive CNN score.",medium_high,true,manual_review,2026-05-25,user_provided_manual_review,none,"CNN score is moderately high but not extreme; manual rejection is driven by weak visual credibility, poor odd/even consistency, long duration, and fallback period support."
EPIC_211910237,uncertain_hold,keep_hold_for_recheck_with_stage_f_period_validation_and_eb_diagnostic_review,False,False,False,True,plots/k2_batch/master_vetted_catalog/manual_review_updates/20260525_epic40/manual_vetting_decisions_cumulative_20260525_epic40.csv,uncertain_hold,keep_hold_for_recheck_with_stage_f_period_validation_and_eb_diagnostic_review,Manual review,True,,,,manual_review overrides existing reconciled ledger state; CNN morphology score is not promotion authority,uncertain_hold,keep_hold_for_recheck_with_stage_f_period_validation_and_eb_diagnostic_review,"Clear dip-like signal is present with strong primary SNR around 13.60, low OOT variability at about 0.06x transit depth, many event-family members, and no meaningful positive secondary eclipse. However the primary depth is relatively large at about 0.015, radius ratio is about 0.123, apparent duration is long at about 9.32 hours for P=2.21d, and odd/even consistency is only mediocre with ratio about 0.780 and explicit delta about 0.267. Period source is event-spacing fallback with many candidate periods. Keep as uncertain hold pending Stage F period validation and EB diagnostic review rather than promote directly.",medium,true,manual_review,2026-05-25,user_provided_manual_review,none,CNN score is moderate and consistent with cautious hold rather than promotion.
EPIC_211911273,noise_or_artifact,reject_from_candidate_pipeline,False,False,True,False,plots/k2_batch/master_vetted_catalog/manual_review_updates/20260525_epic40/manual_vetting_decisions_cumulative_20260525_epic40.csv,noise_or_artifact,reject_from_candidate_pipeline,Manual review,True,,,,manual_review overrides existing reconciled ledger state; CNN morphology score is not promotion authority,noise_or_artifact,reject_from_candidate_pipeline,"Manual review favors noise/artifact rather than a planet-like candidate. Although the reported primary SNR is very high, the apparent transit duration is extremely long at about 11.77 hours for P=3.32d, suggesting broad variability or folded systematic structure rather than a clean transit. Odd/even consistency is only mediocre with ratio about 0.776 and explicit delta about 0.242, and there is half-period alias support. Period source is event-spacing fallback with many candidate periods. Reject as noise/artifact despite morphology-positive CNN score.",high,true,manual_review,2026-05-25,user_provided_manual_review,none,CNN score is moderate and does not materially conflict with manual rejection.
EPIC_211915147,candidate_like,promote_to_stage_f_validation_with_oot_duration_and_eb_caveats,False,False,False,False,plots/k2_batch/master_vetted_catalog/manual_review_updates/20260525_epic40/manual_vetting_decisions_cumulative_20260525_epic40.csv,candidate_like,promote_to_stage_f_validation_with_oot_duration_and_eb_caveats,Manual review,True,,,,manual_review overrides existing reconciled ledger state; CNN morphology score is not promotion authority,candidate_like,promote_to_stage_f_validation_with_oot_duration_and_eb_caveats,"Manual review promotes this as a caveated candidate-like signal. A good primary dip is visible, odd/even consistency is excellent with ratio about 0.983 and explicit delta about 0.017, there is no meaningful positive secondary eclipse, event-family support is strong with 21 events, and CNN morphology score is high. However the promotion is caveated because primary SNR is weak around 4.62, apparent duration is very long at about 8.34 hours for P=1.81d, OOT variability is high at about 0.69x transit depth, and the period source is event-spacing fallback with stronger double-period support. Promote to Stage F validation with OOT detrending, duration sanity check, period validation, and EB diagnostic review.",high,true,manual_review,2026-05-25,user_provided_manual_review,none,"High CNN morphology score is consistent with the visible primary dip, but CNN is not the promotion authority; manual review promotes with explicit caveats."
EPIC_211933215,reject_as_noise_or_artifact,reject,False,False,True,False,plots/k2_batch/master_vetted_catalog/manual_review_updates/20260525_epic46/manual_vetting_decisions_cumulative_20260525_epic46.csv,reject_as_noise_or_artifact,reject,Manual review,True,,,,manual_review overrides existing reconciled ledger state; CNN morphology score is not promotion authority,reject_as_noise_or_artifact,reject,Too weak and period-unstable. Primary depth is shallow: 0.000394. SNR is only moderate: 11.86. Period source = event_spacing_fallback. Autovet says no reliable saved period support. Candidate period count is very high: 1039. CNN score = 0.731 is morphology-only.,not_provided,true,manual_review,2026-05-25,user_provided_manual_review,none,CNN score is morphology-only and should not override weak period support or period instability.
EPIC_211935518,low_priority_negative,reject_low_priority,False,False,True,False,plots/k2_batch/master_vetted_catalog/manual_review_updates/20260525_epic46/manual_vetting_decisions_cumulative_20260525_epic46.csv,low_priority_negative,reject_low_priority,Manual review,True,,,,manual_review overrides existing reconciled ledger state; CNN morphology score is not promotion authority,low_priority_negative,reject_low_priority,"Visible dip exists and metrics are not terrible, but too noisy / unreliable to promote. Primary depth = 0.005235. SNR = 174.90. Odd/even agreement is good: ratio = 0.929. No meaningful secondary. However period source = event_spacing_fallback. Autovet says no reliable saved period support. Candidate period count is high: 751. CNN score = 0.769 is morphology-only.",not_provided,true,manual_review,2026-05-25,user_provided_manual_review,none,CNN score is morphology-only and does not override fallback-period support and unreliable validation.
EPIC_211939206,low_priority_negative,reject_low_priority,False,False,True,False,plots/k2_batch/master_vetted_catalog/manual_review_updates/20260525_epic46/manual_vetting_decisions_cumulative_20260525_epic46.csv,low_priority_negative,reject_low_priority,Manual review,True,,,,manual_review overrides existing reconciled ledger state; CNN morphology score is not promotion authority,low_priority_negative,reject_low_priority,"Best-looking noise case. Some transit-like dip morphology exists, but validation is weak. Primary depth = 0.001054. SNR = 43.47. Odd/even agreement is imperfect: ratio = 0.712, delta = 0.310. Alias risk = moderate. Strong alias/double-period support: alias_best_period_days = 3.16692, support_ratio = 0.889. Period source = event_spacing_fallback. Candidate period count is extremely high: 1671. CNN score = 0.736 is morphology-only.",not_provided,true,manual_review,2026-05-25,user_provided_manual_review,none,"CNN score is morphology-only and should not override weak validation, alias risk, or fallback-period support."
EPIC_211942823,reject_as_noise_or_artifact,reject,False,False,True,False,plots/k2_batch/master_vetted_catalog/manual_review_updates/20260525_epic46/manual_vetting_decisions_cumulative_20260525_epic46.csv,reject_as_noise_or_artifact,reject,Manual review,True,,,,manual_review overrides existing reconciled ledger state; CNN morphology score is not promotion authority,reject_as_noise_or_artifact,reject,"Manual visual review sees no convincing dip; folded view appears essentially flat / line-like. Primary depth is shallow: 0.000423. SNR = 13.01. Period = 0.20432 d / 4.90 h. Transit duration = 0.36777 d / 8.83 h, longer than the orbital period. Odd/even agreement is weak: ratio = 0.702. Alias risk = high. Period source = event_spacing_fallback. Candidate period count is high: 1049.",not_provided,true,manual_review,2026-05-25,user_provided_manual_review,none,"CNN morphology is not promotion authority; manual rejection is driven by no convincing dip, impossible duration geometry, high alias risk, and fallback period support."
EPIC_211944670,low_priority_negative,reject_low_priority,False,False,True,False,plots/k2_batch/master_vetted_catalog/manual_review_updates/20260525_epic46/manual_vetting_decisions_cumulative_20260525_epic46.csv,low_priority_negative,reject_low_priority,Manual review,True,,,,manual_review overrides existing reconciled ledger state; CNN morphology score is not promotion authority,low_priority_negative,reject_low_priority,"Manual review sees a dip, but not good enough for promotion. OOT behaviour is acceptable. Primary depth = 0.002908. SNR is very low: 3.02. Odd/even agreement is imperfect: ratio = 0.721. No secondary eclipse detected. Duration is physically plausible: 1.47 h at P = 1.55281 d. But period source = event_spacing_fallback. Alias risk = moderate. Strong double-period support: alias_best_period_days = 3.10562, support_ratio = 1.0. Candidate period count is high: 865. CNN score = 0.981 is morphology-only and should not override weak validation.",not_provided,true,manual_review,2026-05-25,user_provided_manual_review,none,CNN score is high but morphology-only; manual review rejects low priority because SNR is very low with fallback-period support and strong double-period alias support.
EPIC_211945246,low_priority_negative,reject_low_priority,False,False,True,False,plots/k2_batch/master_vetted_catalog/manual_review_updates/20260528_epic53/manual_vetting_decisions_cumulative_20260528_epic53.csv,low_priority_negative,reject_low_priority,Manual review,True,,,,manual_review overrides existing reconciled ledger state; CNN morphology score is not promotion authority,low_priority_negative,reject_low_priority,"Folded light curve shows only a small weak possible dip. Secondary diagnostic is flat / line-like, with no meaningful secondary eclipse. Primary depth is shallow: 0.000907. SNR is weak: 6.65. Odd/even is acceptable but not clean: ratio = 0.786. OOT is good: oot_variability_to_depth = 0.0119. Period source = event_spacing_fallback. Candidate period count = 698. Not convincing enough for promotion.",not_provided,true,manual_review,2026-05-28,user_provided_manual_review,none,CNN remains morphology-only and does not override weak manual/validation context.
EPIC_211945592,reject_as_noise_or_artifact,reject,False,False,True,False,plots/k2_batch/master_vetted_catalog/manual_review_updates/20260528_epic53/manual_vetting_decisions_cumulative_20260528_epic53.csv,reject_as_noise_or_artifact,reject,Manual review,True,,,,manual_review overrides existing reconciled ledger state; CNN morphology score is not promotion authority,reject_as_noise_or_artifact,reject,"Manual review suggests heavy noise and/or possible EB-like contamination. Primary depth = 0.002213. SNR = 119.76, but likely driven by structured noise / non-planet morphology. OOT variability is high: oot_variability_to_depth = 0.249. Odd/even is only moderately acceptable: ratio = 0.845. Period source = event_spacing_fallback. Candidate period count = 1248. CNN score = 0.682 is morphology-only and does not rescue it.",not_provided,true,manual_review,2026-05-28,user_provided_manual_review,none,CNN score is morphology-only and does not override structured-noise or possible EB-like context.
EPIC_211949114,reject_as_noise_or_artifact,reject,False,False,True,False,plots/k2_batch/master_vetted_catalog/manual_review_updates/20260528_epic53/manual_vetting_decisions_cumulative_20260528_epic53.csv,reject_as_noise_or_artifact,reject,Manual review,True,,,,manual_review overrides existing reconciled ledger state; CNN morphology score is not promotion authority,reject_as_noise_or_artifact,reject,Manual review classifies this as noise despite some decent metrics. Primary depth = 0.001353. SNR = 87.44. Odd/even is decent: ratio = 0.885. No detected secondary. But OOT variability is high: oot_variability_to_depth = 0.288. Period source = event_spacing_fallback. Candidate period count = 1258. Context is too unstable for promotion.,not_provided,true,manual_review,2026-05-28,user_provided_manual_review,none,CNN remains morphology-only and does not override unstable validation context.
EPIC_211953866,candidate_like,promote_to_stage_g,False,False,False,False,plots/k2_batch/master_vetted_catalog/manual_review_updates/20260528_epic53/manual_vetting_decisions_cumulative_20260528_epic53.csv,candidate_like,promote_to_stage_g,Manual review,True,,,,manual_review overrides existing reconciled ledger state; CNN morphology score is not promotion authority,candidate_like,promote_to_stage_g,"Manual visual review is very positive. Folded light curve and transit zoom show a clear coherent primary dip. Event stack shows multiple events contributing to the dip structure. Primary depth = 0.024265. CNN score = 0.990 supports strong morphology, but remains morphology-only. Odd/even is acceptable: ratio = 0.883. Duration is plausible: 3.43 h at P = 1.78777 d. No convincing positive phase-0.5 secondary. Caveats: fallback period, candidate_period_count = 1013, OOT/depth = 0.400, low numeric SNR = 3.30, large radius ratio = 0.156. Promote only for deeper Stage G evaluation, not planet_like / confirmed.",not_provided,true,manual_review,2026-05-28,user_provided_manual_review,none,"CNN supports morphology only; manual review promotes for deeper Stage G evaluation with caveats, not as a confirmed planet."
EPIC_211959522,uncertain_hold,keep_hold,False,False,False,True,plots/k2_batch/master_vetted_catalog/manual_review_updates/20260528_epic53/manual_vetting_decisions_cumulative_20260528_epic53.csv,uncertain_hold,keep_hold,Manual review,True,,,,manual_review overrides existing reconciled ledger state; CNN morphology score is not promotion authority,uncertain_hold,keep_hold,"Folded view shows a small possible primary dip, but not enough for candidate_like. Odd/even agreement is excellent: ratio = 0.974. No obvious phase-0.5 secondary. But depth is very shallow: 0.000614. SNR is modest: 10.62. OOT variability is very high relative to depth: oot_variability_to_depth = 0.859. Event stack does not show a clearly repeated aligned transit-like dip. Period source = event_spacing_fallback. Candidate period count = 1066. Keep on hold; do not use for training yet.",not_provided,true,manual_review,2026-05-28,user_provided_manual_review,none,"CNN remains morphology-only and does not override hold status from shallow depth, high OOT variability, and unclear event-stack support."
EPIC_211975006,reject_as_noise_or_artifact,reject,False,False,True,False,plots/k2_batch/master_vetted_catalog/manual_review_updates/20260528_epic53/manual_vetting_decisions_cumulative_20260528_epic53.csv,reject_as_noise_or_artifact,reject,Manual review,True,,,,manual_review overrides existing reconciled ledger state; CNN morphology score is not promotion authority,reject_as_noise_or_artifact,reject,"Manual review calls this a perfect noise case despite strong-looking numbers. Primary depth = 0.004142. SNR = 409.32, but not trusted due to noisy / artifact-like context. Odd/even is fairly good: ratio = 0.911. No convincing positive secondary. Transit duration is long: 13.24 h at P = 3.08007 d. Period source = event_spacing_fallback. Candidate period count = 1448. CNN score = 0.761 is morphology-only and should not override manual rejection.",not_provided,true,manual_review,2026-05-28,user_provided_manual_review,none,CNN score is morphology-only and should not override manual noise/artifact rejection.
EPIC_211977407,reject_as_noise_or_artifact,reject,False,False,True,False,plots/k2_batch/master_vetted_catalog/manual_review_updates/20260528_epic59/manual_vetting_decisions_cumulative_20260528_epic59.csv,reject_as_noise_or_artifact,reject,Manual review,True,,,,manual_review overrides existing reconciled ledger state; CNN morphology score is not promotion authority,reject_as_noise_or_artifact,reject,"Manual review not convinced; noise-like despite some acceptable numbers. No secondary eclipse detected, but not enough to rescue it. Primary depth = 0.001346. SNR = 18.58. Odd/even imperfect: ratio = 0.828. OOT variability high: oot_variability_to_depth = 0.432. Long duration: 10.79 h at P = 4.62576 d. Period source = event_spacing_fallback. Candidate period count = 1574.",not_provided,true,manual_review,2026-05-28,user_provided_manual_review,none,CNN remains morphology-only and does not override manual noise/artifact rejection.
EPIC_211979334,reject_as_noise_or_artifact,reject,False,False,True,False,plots/k2_batch/master_vetted_catalog/manual_review_updates/20260528_epic59/manual_vetting_decisions_cumulative_20260528_epic59.csv,reject_as_noise_or_artifact,reject,Manual review,True,,,,manual_review overrides existing reconciled ledger state; CNN morphology score is not promotion authority,reject_as_noise_or_artifact,reject,"Manual review classifies as poor-quality noise / artifact. Primary depth = 0.000730. SNR = 73.04, but context is weak. Odd/even poor: ratio = 0.601. Transit duration long: 12.26 h at P = 3.92696 d. Alias risk = moderate. Strong half-period alias support: support_ratio = 0.857. Period source = event_spacing_fallback. Candidate period count = 698.",not_provided,true,manual_review,2026-05-28,user_provided_manual_review,none,CNN remains morphology-only and does not override weak validation context or alias support.
EPIC_211980250,reject_as_noise_or_artifact,reject,False,False,True,False,plots/k2_batch/master_vetted_catalog/manual_review_updates/20260528_epic59/manual_vetting_decisions_cumulative_20260528_epic59.csv,reject_as_noise_or_artifact,reject,Manual review,True,,,,manual_review overrides existing reconciled ledger state; CNN morphology score is not promotion authority,reject_as_noise_or_artifact,reject,Manual review rejects despite strong-looking metrics. Primary depth = 0.014447. SNR = 306.85. Odd/even good: ratio = 0.928. OOT/depth low: 0.023. No secondary eclipse detected. But visual/manual confidence is not candidate-like. Long duration: 12.26 h at P = 2.97623 d. Large radius ratio estimate: 0.120. Period source = event_spacing_fallback. Candidate period count = 476.,not_provided,true,manual_review,2026-05-28,user_provided_manual_review,none,CNN remains morphology-only and does not override manual judgement that the object is not candidate-like.
EPIC_211980366,variable_or_possible_eb,reject_as_planet_candidate,False,False,True,False,plots/k2_batch/master_vetted_catalog/manual_review_updates/20260528_epic59/manual_vetting_decisions_cumulative_20260528_epic59.csv,variable_or_possible_eb,reject_as_planet_candidate,Manual review,True,,,,manual_review overrides existing reconciled ledger state; CNN morphology score is not promotion authority,variable_or_possible_eb,reject_as_planet_candidate,"Strong coherent signal, but morphology is not planet-like. Folded light curve shows broad sinusoidal / wave-like modulation. Transit-like depression is embedded in periodic variability. Raw and detrended curves show strong repetitive variability. Odd/even excellent: ratio = 0.988. Secondary is negative, not a clean positive EB secondary, but secondary region is structured. OOT variability high: oot_variability_to_depth = 0.468. Very short period: P = 0.86494 d. Event family count = 65. Candidate period count = 4537. Best interpretation: variable star / possible EB / contact-binary-like false positive.",not_provided,true,manual_review,2026-05-28,user_provided_manual_review,none,CNN remains morphology-only; strong coherent morphology is not promotion authority for variable/possible-EB false positives.
EPIC_211980688,uncertain_hold_positive,keep_hold,False,False,False,True,plots/k2_batch/master_vetted_catalog/manual_review_updates/20260528_epic59/manual_vetting_decisions_cumulative_20260528_epic59.csv,uncertain_hold_positive,keep_hold,Manual review,True,,,,manual_review overrides existing reconciled ledger state; CNN morphology score is not promotion authority,uncertain_hold_positive,keep_hold,"Manual review mildly positive; possible transit-like signal exists. Depth is shallow but detectable: 0.000397. SNR weak: 5.63. Duration plausible: 1.96 h at P = 13.14578 d. CNN score = 0.811, morphology-only. Odd/even poor: ratio = 0.634. Possible phase-0.5 feature: secondary_to_primary_depth_ratio = 0.246. OOT variability high: oot_variability_to_depth = 0.472. Alias risk = moderate. Strong half-period support: support_ratio = 0.889. Period source = event_spacing_fallback. Candidate period count = 1119. Keep as positive hold, but do not promote yet.",not_provided,true,manual_review,2026-05-28,user_provided_manual_review,none,"CNN remains morphology-only and does not override hold status from weak SNR, odd/even mismatch, possible phase-0.5 feature, OOT variability, and alias support."
EPIC_211990908,reject_as_noise_or_artifact,reject,False,False,True,False,plots/k2_batch/master_vetted_catalog/manual_review_updates/20260528_epic59/manual_vetting_decisions_cumulative_20260528_epic59.csv,reject_as_noise_or_artifact,reject,Manual review,True,,,,manual_review overrides existing reconciled ledger state; CNN morphology score is not promotion authority,reject_as_noise_or_artifact,reject,"Manual review rejects as unreliable / noise-like. Primary depth = 0.001270. SNR = 15.42. Odd/even poor: ratio = 0.673. OOT variability high: oot_variability_to_depth = 0.309. Long duration: 9.32 h at P = 2.6398 d. No secondary eclipse detected, but not enough to rescue. Period source = event_spacing_fallback. Candidate period count = 469.",not_provided,true,manual_review,2026-05-28,user_provided_manual_review,none,"CNN score is morphology-only and does not override fallback-period support, weak odd/even, high OOT variability, or manual noise/artifact rejection."
EPIC_212007527,reject_as_noise_or_artifact,reject,False,False,True,False,plots/k2_batch/master_vetted_catalog/manual_review_updates/20260601_epic65/manual_vetting_decisions_cumulative_20260601_epic65.csv,reject_as_noise_or_artifact,reject,Manual review,True,,,,manual_review overrides existing reconciled ledger state; CNN morphology score is not promotion authority,reject_as_noise_or_artifact,reject,"Manual review says no; not convincing as candidate. Primary depth is very shallow: 0.000408. SNR is modest: 12.24. Period source = event_spacing_fallback. Candidate period count is enormous: 7655. Half-period and double-period support are both strong. OOT is not terrible, but period ambiguity is too severe.",not_provided,true,manual_review,2026-06-01,user_provided_manual_review,none,CNN remains morphology-only and does not override manual rejection or severe period ambiguity.
EPIC_212009427,variable_or_possible_eb,reject_as_planet_candidate,False,False,True,False,plots/k2_batch/master_vetted_catalog/manual_review_updates/20260601_epic65/manual_vetting_decisions_cumulative_20260601_epic65.csv,variable_or_possible_eb,reject_as_planet_candidate,Manual review,True,,,,manual_review overrides existing reconciled ledger state; CNN morphology score is not promotion authority,variable_or_possible_eb,reject_as_planet_candidate,"Signal is real-looking, but morphology suggests EB / variable-star-like false positive. Folded light curve and transit zoom show a broad deep event embedded in variability. Raw and detrended curves show strong repetitive variability. Secondary check is structured rather than clean/flat. Secondary depth is negative, not a clean positive secondary, but still suspicious in context. Odd/even agreement is excellent: ratio = 0.975. OOT/depth is high: 0.505. Alias risk = moderate. Strong half-period support: support_ratio = 0.867. Candidate period count = 3383.",not_provided,true,manual_review,2026-06-01,user_provided_manual_review,none,CNN remains morphology-only; coherent morphology is not promotion authority for variable/possible-EB false positives.
EPIC_212025784,reject_as_noise_or_artifact,reject,False,False,True,False,plots/k2_batch/master_vetted_catalog/manual_review_updates/20260601_epic65/manual_vetting_decisions_cumulative_20260601_epic65.csv,reject_as_noise_or_artifact,reject,Manual review,True,,,,manual_review overrides existing reconciled ledger state; CNN morphology score is not promotion authority,reject_as_noise_or_artifact,reject,"Perfect noise / artifact. Primary depth = 0.002349. SNR = 76.34, but not trusted due to noisy context. Odd/even fairly good: ratio = 0.913. OOT variability is very high: oot_variability_to_depth = 0.718. Long duration: 12.01 h at P = 3.74308 d. Period source = event_spacing_fallback. Candidate period count = 1301. Half-period and double-period support both high.",not_provided,true,manual_review,2026-06-01,user_provided_manual_review,none,"CNN remains morphology-only and does not override noisy context, high OOT variability, or alias support."
