epic_id,source_batch,best_period_days,stage_g_final_recommendation,final_recommendation,stage_f_label,stage_h_label,visual_label,final_candidate_status,review_bin,status_reason,visual_notes,reviewer,reviewed_at,recommended_next_action,stage_h_notes,phase_0_folded_path,validation_summary_json_path,stage_f_closed_45_approved_ledger_status,stage_f_closed_45_ledger_priority,stage_f_closed_45_evidence_summary,stage_f_closed_45_caveats,stage_f_closed_45_ledger_change_type,stage_g_v2_support_tier,stage_g_v2_calibrated_score,stage_g_v2_annotation_only,stage_h_status,stage_h_training_label_v3,stage_h_science_binary_v3,stage_h_ledger_status,stage_h_ledger_priority,stage_h_reason,stage_h_reviewed_at,stage_h_reviewer,stage_h_previous_final_candidate_status,stage_h_previous_final_recommendation,stage_h_previous_training_label_v3,stage_h_previous_science_binary_v3
EPIC_211534076,positive_controls,15.221580048255191,top_followup_candidate,top_followup_candidate,stage_f_planet_like,known_unconfirmed_candidate,,recovered_known_unconfirmed_candidate,recovered_positive_control,Known unconfirmed candidate recovered by pipeline; use as candidate-positive recovery benchmark.,Known unconfirmed candidate recovered by pipeline; use as candidate-positive recovery benchmark.,,,use as candidate-positive recovery benchmark; literature follow-up / monitor for confirmation,Known unconfirmed candidate recovered by pipeline; use as candidate-positive recovery benchmark.,plots\k2_batch\stage_f_followup\EPIC_211534076\phase_0_folded.png,plots\k2_batch\stage_f_followup\EPIC_211534076\validation_summary.json,confirmed_or_known_planet_reference,reference_control_high,label=candidate_like; science_binary=science_like; source_status=recovered_known_unconfirmed_candidate; Stage G tier=strong_support (score=0.703777551032); flux_p_science_like=0.654113054276; period=15.221580048255 d; training_label_rule=final_candidate_status:recovered_known_unconfirmed_candidate; source_batch=positive_controls; stage_f_label=stage_f_planet_like; stage_h_label=known_unconfirmed_candidate,Recovered known unconfirmed candidate/control; preserve known-unconfirmed/reference status and do not treat Stage G as a new promotion authority.,update,strong_support,0.703777551032,TRUE,,,,,,,,,,,,
EPIC_211889692,positive_controls,17.673423499920546,followup_candidate_with_variability_caution,K2-108 b benchmark,stage_f_planet_like,known_confirmed_planet,,recovered_known_confirmed_planet,recovered_positive_control,Externally identified as K2-108 b confirmed/validated planet host; local catalog missed crossmatch.,Externally identified as K2-108 b confirmed/validated planet host; local catalog missed crossmatch.,,,use as benchmark positive / recovered known planet K2-108 b,Externally identified as K2-108 b confirmed/validated planet host; local catalog missed crossmatch.,plots\k2_batch\stage_f_followup\EPIC_211889692\phase_0_folded.png,plots\k2_batch\stage_f_followup\EPIC_211889692\validation_summary.json,confirmed_or_known_planet_reference,reference_control,label=planet_like; science_binary=science_like; source_status=recovered_known_confirmed_planet; Stage G tier=review_support (score=0.516237480665); flux_p_science_like=0.647940158844; period=17.673423499921 d; training_label_rule=final_candidate_status:recovered_known_confirmed_planet; source_batch=positive_controls; stage_f_label=stage_f_planet_like; stage_h_label=known_confirmed_planet,Known confirmed/recovered planet; keep reference status and do not demote because Stage G is only review_support.,update,review_support,0.516237480665,TRUE,,,,,,,,,,,,
EPIC_211490307,stage_f_next10_batch1,12.80064960272307,,,stage_f_planet_like,,visual_reject_after_manual_review,reject_manual_false_positive,manual_false_positive_visual_review,,Manual visual review did not show convincing planet-like transit morphology.,OC,2026-04-30,,,plots\k2_batch\stage_f_next10\EPIC_211490307\phase_0_folded.png,plots\k2_batch\stage_f_next10\EPIC_211490307\validation_summary.json,,,,,,,,,,,,,,,,,,,,
EPIC_211525754,stage_f_next10_batch1,13.198848621046864,,,stage_f_planet_like,,visual_reject_after_manual_review,reject_manual_false_positive,manual_false_positive_visual_review,,Manual visual review did not show convincing planet-like transit morphology.,OC,2026-04-30,,,plots\k2_batch\stage_f_next10\EPIC_211525754\phase_0_folded.png,plots\k2_batch\stage_f_next10\EPIC_211525754\validation_summary.json,,,,,,,,,,,,,,,,,,,,
EPIC_211551640,stage_f_next10_batch1,10.563287809098483,,,stage_f_planet_like,,visual_reject_after_manual_review,reject_manual_false_positive,manual_false_positive_visual_review,,Manual visual review did not show convincing planet-like transit morphology.,OC,2026-04-30,,,plots\k2_batch\stage_f_next10\EPIC_211551640\phase_0_folded.png,plots\k2_batch\stage_f_next10\EPIC_211551640\validation_summary.json,,,,,,,,,,,,,,,,,,,,
EPIC_211554121,stage_f_next10_batch1,14.057024791287404,,,stage_f_hold,,visual_reject_after_manual_review,reject_manual_false_positive,manual_false_positive_visual_review,,Manual visual review did not show convincing planet-like transit morphology.,OC,2026-04-30,,,plots\k2_batch\stage_f_next10\EPIC_211554121\phase_0_folded.png,plots\k2_batch\stage_f_next10\EPIC_211554121\validation_summary.json,,,,,,,,,,,,,,,,,,,,
EPIC_211555255,stage_f_next10_batch1,9.929781530910986,,,stage_f_planet_like,,visual_reject_noise_or_variability,reject_manual_false_positive,manual_false_positive_noise_or_variability,,Folded transit not clean; aliases show similar structure; OOT variability dominates. Likely stellar/systematic false positive.,OC,2026-04-30,,,plots\k2_batch\stage_f_next10\EPIC_211555255\phase_0_folded.png,plots\k2_batch\stage_f_next10\EPIC_211555255\validation_summary.json,,,,,,,,,,,,,,,,,,,,
EPIC_211563576,stage_f_next10_batch1,17.142289455598302,,,stage_f_hold,,visual_reject_after_manual_review,reject_manual_false_positive,manual_false_positive_visual_review,,Manual visual review did not show convincing planet-like transit morphology.,OC,2026-04-30,,,plots\k2_batch\stage_f_next10\EPIC_211563576\phase_0_folded.png,plots\k2_batch\stage_f_next10\EPIC_211563576\validation_summary.json,,,,,,,,,,,,,,,,,,,,
EPIC_211739276,stage_f_next10_batch1,19.164904292916617,,,stage_f_planet_like,,visual_reject_after_manual_review,reject_manual_false_positive,manual_false_positive_visual_review,,Manual visual review did not show convincing planet-like transit morphology.,OC,2026-04-30,,,plots\k2_batch\stage_f_next10\EPIC_211739276\phase_0_folded.png,plots\k2_batch\stage_f_next10\EPIC_211739276\validation_summary.json,,,,,,,,,,,,,,,,,,,,
EPIC_211842439,stage_f_next10_batch1,15.93678195803659,,,stage_f_planet_like,,visual_possible_candidate_low_priority,hold_low_priority_candidate,low_priority_candidate_hold,,"Metrics clean and odd/even strong, but morphology is shallow/rounded and visually not compelling. Keep as secondary-tier possible candidate.",OC,2026-04-30,,,plots\k2_batch\stage_f_next10\EPIC_211842439\phase_0_folded.png,plots\k2_batch\stage_f_next10\EPIC_211842439\validation_summary.json,,,,,,,,,,,,,,,,,,,,
EPIC_211972200,stage_f_next10_batch1,18.91986675386579,,,stage_f_planet_like,,visual_reject_eclipsing_binary,reject_as_planet_binary_system,real_nonplanet_eclipsing_binary,,"Strong coherent repeating astrophysical signal with deep eclipses, long duration, odd/even asymmetry, and secondary-phase structure. Real system, likely EB, not planet.",OC,2026-04-30,,,plots\k2_batch\stage_f_next10\EPIC_211972200\phase_0_folded.png,plots\k2_batch\stage_f_next10\EPIC_211972200\validation_summary.json,,,,,,,,,,,,,,,,,,,,
EPIC_212003686,stage_f_next10_batch1,12.44296006046352,,,stage_f_planet_like,,visual_reject_after_manual_review,reject_manual_false_positive,manual_false_positive_visual_review,,Manual visual review did not show convincing planet-like transit morphology.,OC,2026-04-30,,,plots\k2_batch\stage_f_next10\EPIC_212003686\phase_0_folded.png,plots\k2_batch\stage_f_next10\EPIC_212003686\validation_summary.json,,,,,,,,,,,,,,,,,,,,
EPIC_211520800,stage_f_next10_batch2_manual_review,15.569002305841424,,deprioritize_after_manual_visual_review,stage_f_reject,,visual_deprioritize_after_manual_review,deprioritize_after_manual_visual_review,deprioritized_after_manual_visual_review,Human visual review found folds unconvincing relative to top five.,Human visual review found folds unconvincing relative to top five.,OC,2026-04-30,deprioritize after manual visual review,,plots\k2_batch\stage_f_next10_batch2\EPIC_211520800\phase_0_folded.png,plots\k2_batch\stage_f_next10_batch2\EPIC_211520800\validation_summary.json,,,,,,,,,,,,,,,,,,,,
EPIC_211748059,stage_f_next10_batch2_manual_review,17.42822978276672,,secondary_hold,stage_f_planet_like,,visual_secondary_hold,secondary_hold,secondary_hold,Human visual review found folds unconvincing relative to top five.,Human visual review found folds unconvincing relative to top five.,OC,2026-04-30,retain in secondary hold queue,,plots\k2_batch\stage_f_next10_batch2\EPIC_211748059\phase_0_folded.png,plots\k2_batch\stage_f_next10_batch2\EPIC_211748059\validation_summary.json,,,,,,,,,,,,,,,,,,,,
EPIC_211813858,stage_f_next10_batch2_manual_review,14.53720362356762,,deprioritize_after_manual_visual_review,stage_f_reject,,visual_deprioritize_after_manual_review,deprioritize_after_manual_visual_review,deprioritized_after_manual_visual_review,Human visual review found folds unconvincing relative to top five.,Human visual review found folds unconvincing relative to top five.,OC,2026-04-30,deprioritize after manual visual review,,plots\k2_batch\stage_f_next10_batch2\EPIC_211813858\phase_0_folded.png,plots\k2_batch\stage_f_next10_batch2\EPIC_211813858\validation_summary.json,,,,,,,,,,,,,,,,,,,,
EPIC_211878672,stage_f_next10_batch2_manual_review,10.716529819124844,,deprioritize_after_manual_visual_review,stage_f_reject,,visual_deprioritize_after_manual_review,deprioritize_after_manual_visual_review,deprioritized_after_manual_visual_review,Human visual review found folds unconvincing relative to top five.,Human visual review found folds unconvincing relative to top five.,OC,2026-04-30,deprioritize after manual visual review,,plots\k2_batch\stage_f_next10_batch2\EPIC_211878672\phase_0_folded.png,plots\k2_batch\stage_f_next10_batch2\EPIC_211878672\validation_summary.json,,,,,,,,,,,,,,,,,,,,
EPIC_211887206,stage_f_next10_batch2_manual_review,16.447552240118966,,deprioritize_after_manual_visual_review,stage_f_reject,,visual_deprioritize_after_manual_review,deprioritize_after_manual_visual_review,deprioritized_after_manual_visual_review,Human visual review found folds unconvincing relative to top five.,Human visual review found folds unconvincing relative to top five.,OC,2026-04-30,deprioritize after manual visual review,,plots\k2_batch\stage_f_next10_batch2\EPIC_211887206\phase_0_folded.png,plots\k2_batch\stage_f_next10_batch2\EPIC_211887206\validation_summary.json,,,,,,,,,,,,,,,,,,,,
EPIC_211926132,stage_f_next10_batch2_manual_review,16.723298121680273,,secondary_hold,stage_f_reject,,visual_secondary_hold,secondary_hold,secondary_hold,Human visual review found folds unconvincing relative to top five.,Human visual review found folds unconvincing relative to top five.,OC,2026-04-30,retain in secondary hold queue,,plots\k2_batch\stage_f_next10_batch2\EPIC_211926132\phase_0_folded.png,plots\k2_batch\stage_f_next10_batch2\EPIC_211926132\validation_summary.json,,,,,,,,,,,,,,,,,,,,
EPIC_211954033,stage_f_next10_batch2_manual_review,11.441882991133753,,candidate_with_caveat,stage_f_planet_like,candidate_with_caveat,visual_promote_candidate_alias_check,candidate_with_caveat,promoted_keep_reviewing,"numerically strong candidate-like signal with high SNR and strong event support; no phase-0.5 secondary; caveat very high SNR, long duration, OOT variability near transit depth, and 2P/3 alias support; EB/variable-risk recheck recommended",Human visual review found folds unconvincing relative to top five.,OC,2026-04-30,candidate_with_caveat,"numerically strong candidate-like signal with high SNR and strong event support; no phase-0.5 secondary; caveat very high SNR, long duration, OOT variability near transit depth, and 2P/3 alias support; EB/variable-risk recheck recommended",plots\k2_batch\stage_f_next10_batch2\EPIC_211954033\phase_0_folded.png,plots\k2_batch\stage_f_next10_batch2\EPIC_211954033\validation_summary.json,candidate_with_caveat,medium_high,label=candidate_like; science_binary=science_like; source_status=promote_candidate_alias_check; Stage G tier=review_support (score=0.55928650183); flux_p_science_like=0.668707787991; period=11.441882991134 d; training_label_rule=final_candidate_status:promote_candidate_alias_check; source_batch=stage_f_next10_batch2_manual_review; stage_f_label=stage_f_planet_like; visual_label=visual_promote_candidate_alias_check,"numerically strong candidate-like signal with high SNR and strong event support; no phase-0.5 secondary; caveat very high SNR, long duration, OOT variability near transit depth, and 2P/3 alias support; EB/variable-risk recheck recommended",update,review_support,0.55928650183,TRUE,candidate_with_caveat,candidate_like,science_like,candidate_with_caveat,medium_high,"numerically strong candidate-like signal with high SNR and strong event support; no phase-0.5 secondary; caveat very high SNR, long duration, OOT variability near transit depth, and 2P/3 alias support; EB/variable-risk recheck recommended",2026-05-09,OC,promote_candidate_alias_check,candidate_with_caveat,candidate_like,science_like
EPIC_211955365,stage_f_next10_batch2_manual_review,13.515559290237206,,deprioritize_after_manual_visual_review,stage_f_reject,,visual_deprioritize_after_manual_review,deprioritize_after_manual_visual_review,deprioritized_after_manual_visual_review,Human visual review found folds unconvincing relative to top five.,Human visual review found folds unconvincing relative to top five.,OC,2026-04-30,deprioritize after manual visual review,,plots\k2_batch\stage_f_next10_batch2\EPIC_211955365\phase_0_folded.png,plots\k2_batch\stage_f_next10_batch2\EPIC_211955365\validation_summary.json,,,,,,,,,,,,,,,,,,,,
EPIC_211988531,stage_f_next10_batch2_manual_review,14.496263978912111,,secondary_hold,stage_f_planet_like,,visual_secondary_hold,secondary_hold,secondary_hold,Human visual review found folds unconvincing relative to top five.,Human visual review found folds unconvincing relative to top five.,OC,2026-04-30,retain in secondary hold queue,,plots\k2_batch\stage_f_next10_batch2\EPIC_211988531\phase_0_folded.png,plots\k2_batch\stage_f_next10_batch2\EPIC_211988531\validation_summary.json,,,,,,,,,,,,,,,,,,,,
EPIC_212001099,stage_f_next10_batch2_manual_review,16.325087564604473,,candidate_ready_for_ledger,stage_f_planet_like,,visual_promote_primary_candidate,candidate_ready_for_ledger,promoted_keep_reviewing,label=planet_like; science_binary=science_like; source_status=promote_primary_candidate; Stage G tier=strong_support (score=0.779926018452); flux_p_science_like=0.81286418438; period=16.325087564604 d; training_label_rule=final_candidate_status:promote_primary_candidate; source_batch=stage_f_next10_batch2_manual_review; stage_f_label=stage_f_planet_like; visual_label=visual_promote_primary_candidate Caveat: Planet-like strong_support row; Stage G tier is annotation only and final ledger change still requires manual approval.,Human visual review found folds unconvincing relative to top five.,OC,2026-04-30,likely approve into ledger review,,plots\k2_batch\stage_f_next10_batch2\EPIC_212001099\phase_0_folded.png,plots\k2_batch\stage_f_next10_batch2\EPIC_212001099\validation_summary.json,candidate_ready_for_ledger,high,label=planet_like; science_binary=science_like; source_status=promote_primary_candidate; Stage G tier=strong_support (score=0.779926018452); flux_p_science_like=0.81286418438; period=16.325087564604 d; training_label_rule=final_candidate_status:promote_primary_candidate; source_batch=stage_f_next10_batch2_manual_review; stage_f_label=stage_f_planet_like; visual_label=visual_promote_primary_candidate,Planet-like strong_support row; Stage G tier is annotation only and final ledger change still requires manual approval.,update,strong_support,0.779926018452,TRUE,,,,,,,,,,,,
EPIC_211732801,stage_f_hybrid_v2_reviewed,8.499644226245664,,reject_likely_eclipsing_binary,stage_f_likely_eb,,visual_reject_likely_eclipsing_binary,reject_likely_eclipsing_binary,likely_eclipsing_binary_reject,"Stage F reviewed outcome: likely eclipsing binary. Stage F reason: secondary eclipse at phase 0.5: depth_ratio=1.340, snr=6.59","Stage F reviewed outcome: likely eclipsing binary. Stage F reason: secondary eclipse at phase 0.5: depth_ratio=1.340, snr=6.59",,2026-05-04,exclude from novel planet queue; likely eclipsing binary,,plots\k2_batch\stage_f_hybrid_v2\EPIC_211732801\phase_0_folded.png,plots\k2_batch\stage_f_hybrid_v2\EPIC_211732801\validation_summary.json,,,,,,,,,,,,,,,,,,,,
EPIC_211425098,stage_f_hybrid_v2_reviewed,12.238654773791268,,reject_manual_false_positive,stage_f_hold,,visual_reject_after_stage_f_review,reject_manual_false_positive,manual_false_positive_stage_f_review,Stage F reviewed outcome: manual false positive. Stage F reason: ambiguous follow-up checks: odd_even_ratio=0.628 alias_risk=moderate oot_to_depth=1.097,Stage F reviewed outcome: manual false positive. Stage F reason: ambiguous follow-up checks: odd_even_ratio=0.628 alias_risk=moderate oot_to_depth=1.097,,2026-05-04,exclude from novel planet queue after Stage F reviewed outcome,,plots\k2_batch\stage_f_hybrid_v2\EPIC_211425098\phase_0_folded.png,plots\k2_batch\stage_f_hybrid_v2\EPIC_211425098\validation_summary.json,,,,,,,,,,,,,,,,,,,,
EPIC_211530033,stage_f_hybrid_v2_reviewed,15.50762230141845,,reject_manual_false_positive,stage_f_hold,,visual_reject_after_stage_f_review,reject_manual_false_positive,manual_false_positive_stage_f_review,"Stage F reviewed outcome: manual false positive. Stage F reason: no EB rejection, but visual/metric confidence remains secondary queue","Stage F reviewed outcome: manual false positive. Stage F reason: no EB rejection, but visual/metric confidence remains secondary queue",,2026-05-04,exclude from novel planet queue after Stage F reviewed outcome,,plots\k2_batch\stage_f_hybrid_v2\EPIC_211530033\phase_0_folded.png,plots\k2_batch\stage_f_hybrid_v2\EPIC_211530033\validation_summary.json,,,,,,,,,,,,,,,,,,,,
EPIC_211396246,stage_f_hybrid_v2_reviewed,5.0670921209678,,reject_manual_false_positive,stage_f_hold,,visual_reject_after_stage_f_review,reject_manual_false_positive,manual_false_positive_stage_f_review,"Stage F reviewed outcome: manual false positive. Stage F reason: no EB rejection, but visual/metric confidence remains secondary queue","Stage F reviewed outcome: manual false positive. Stage F reason: no EB rejection, but visual/metric confidence remains secondary queue",,2026-05-04,exclude from novel planet queue after Stage F reviewed outcome,,plots\k2_batch\stage_f_hybrid_v2\EPIC_211396246\phase_0_folded.png,plots\k2_batch\stage_f_hybrid_v2\EPIC_211396246\validation_summary.json,,,,,,,,,,,,,,,,,,,,
EPIC_211833851,stage_f_hybrid_v2_reviewed,18.61323452599368,,reject_manual_false_positive,stage_f_hold,,visual_reject_after_stage_f_review,reject_manual_false_positive,manual_false_positive_stage_f_review,"Stage F reviewed outcome: manual false positive. Stage F reason: no EB rejection, but visual/metric confidence remains secondary queue","Stage F reviewed outcome: manual false positive. Stage F reason: no EB rejection, but visual/metric confidence remains secondary queue",,2026-05-04,exclude from novel planet queue after Stage F reviewed outcome,,plots\k2_batch\stage_f_hybrid_v2\EPIC_211833851\phase_0_folded.png,plots\k2_batch\stage_f_hybrid_v2\EPIC_211833851\validation_summary.json,,,,,,,,,,,,,,,,,,,,
EPIC_211972767,stage_f_hybrid_v2_reviewed,17.10134562114399,,reject_likely_variable_or_binary,stage_f_hold,,visual_reject_likely_variable_or_binary,reject_likely_variable_or_binary,likely_variable_or_binary_reject,Stage F reviewed outcome: likely variable or binary. Stage F reason: ambiguous follow-up checks: odd_even_ratio=0.511 alias_risk=low oot_to_depth=1.668,Stage F reviewed outcome: likely variable or binary. Stage F reason: ambiguous follow-up checks: odd_even_ratio=0.511 alias_risk=low oot_to_depth=1.668,,2026-05-04,exclude from novel planet queue; likely variable or binary,,plots\k2_batch\stage_f_hybrid_v2\EPIC_211972767\phase_0_folded.png,plots\k2_batch\stage_f_hybrid_v2\EPIC_211972767\validation_summary.json,,,,,,,,,,,,,,,,,,,,
EPIC_211910082,stage_f_hybrid_v2_reviewed,19.798300977400004,,reject_manual_false_positive,stage_f_hold,,visual_reject_after_stage_f_review,reject_manual_false_positive,manual_false_positive_stage_f_review,"Stage F reviewed outcome: manual false positive. Stage F reason: no EB rejection, but visual/metric confidence remains secondary queue","Stage F reviewed outcome: manual false positive. Stage F reason: no EB rejection, but visual/metric confidence remains secondary queue",,2026-05-04,exclude from novel planet queue after Stage F reviewed outcome,,plots\k2_batch\stage_f_hybrid_v2\EPIC_211910082\phase_0_folded.png,plots\k2_batch\stage_f_hybrid_v2\EPIC_211910082\validation_summary.json,,,,,,,,,,,,,,,,,,,,
EPIC_211569204,stage_f_hybrid_v2_reviewed,14.659857875562466,,reject_manual_false_positive,stage_f_hold,,visual_reject_after_stage_f_review,reject_manual_false_positive,manual_false_positive_stage_f_review,"Stage F reviewed outcome: manual false positive. Stage F reason: no EB rejection, but visual/metric confidence remains secondary queue","Stage F reviewed outcome: manual false positive. Stage F reason: no EB rejection, but visual/metric confidence remains secondary queue",,2026-05-04,exclude from novel planet queue after Stage F reviewed outcome,,plots\k2_batch\stage_f_hybrid_v2\EPIC_211569204\phase_0_folded.png,plots\k2_batch\stage_f_hybrid_v2\EPIC_211569204\validation_summary.json,,,,,,,,,,,,,,,,,,,,
EPIC_211947686,stage_f_hybrid_v2_reviewed,11.881061730008014,,reject_manual_false_positive,stage_f_hold,,visual_reject_after_stage_f_review,reject_manual_false_positive,manual_false_positive_stage_f_review,"Stage F reviewed outcome: manual false positive. Stage F reason: no EB rejection, but visual/metric confidence remains secondary queue","Stage F reviewed outcome: manual false positive. Stage F reason: no EB rejection, but visual/metric confidence remains secondary queue",,2026-05-04,exclude from novel planet queue after Stage F reviewed outcome,,plots\k2_batch\stage_f_hybrid_v2\EPIC_211947686\phase_0_folded.png,plots\k2_batch\stage_f_hybrid_v2\EPIC_211947686\validation_summary.json,,,,,,,,,,,,,,,,,,,,
EPIC_211908778,stage_f_v3_recovery_batch1_manual_review,14.945896123012062,,candidate_demoted_after_stage_h,stage_f_hold,likely_eb_or_variable_hold,visual_promote_candidate_odd_even_oot_caution,candidate_demoted_after_stage_h,promoted_keep_reviewing,EB/variable-like; poor odd/even agreement; very high OOT variability; messy alias family; Stage F hold; not safe as candidate_like,Manual review promoted from V3 recovery batch despite Stage F hold; keep reviewing due to odd/even/OOT caution.,OC,2026-05-07,candidate_demoted_after_stage_h,EB/variable-like; poor odd/even agreement; very high OOT variability; messy alias family; Stage F hold; not safe as candidate_like,plots\k2_batch\stage_f_v3_recovery_batch1\EPIC_211908778\phase_0_folded.png,plots\k2_batch\stage_f_v3_recovery_batch1\EPIC_211908778\validation_summary.json,candidate_needs_manual_followup,manual_followup_required,label=candidate_like; science_binary=science_like; source_status=promote_candidate_alias_check; Stage G tier=weak_support (score=0.4320067276); flux_p_science_like=0.656142354012; period=14.945896123012 d; training_label_rule=final_candidate_status:promote_candidate_alias_check; source_batch=stage_f_v3_recovery_batch1_manual_review; stage_f_label=stage_f_hold; visual_label=visual_promote_candidate_odd_even_oot_caution,"Candidate-like weak_support row with odd/even/OOT caution; weak_support is not a demotion, manual evidence is required.",update,weak_support,0.4320067276,TRUE,likely_eb_or_variable_hold,uncertain_hold,unresolved,candidate_demoted_after_stage_h,do_not_promote_without_external_evidence,EB/variable-like; poor odd/even agreement; very high OOT variability; messy alias family; Stage F hold; not safe as candidate_like,2026-05-07,OC,candidate_needs_manual_followup,candidate_needs_manual_followup,candidate_like,science_like
EPIC_211404127,batch2,18.613248512338,,candidate_needs_manual_followup,stage_f_planet_like,candidate_needs_manual_followup,promote_to_deeper_eval,candidate_needs_manual_followup,stage_f_closed_45_candidate_ledger_review,"real deep high-SNR signal, but SNR/depth are too high for clean planet-like confidence; high OOT variability; P/2 alias support stronger than nominal P; possible EB/variable-risk",,OC,2026-05-07,candidate_needs_manual_followup,"real deep high-SNR signal, but SNR/depth are too high for clean planet-like confidence; high OOT variability; P/2 alias support stronger than nominal P; possible EB/variable-risk",,,candidate_needs_manual_followup,manual_followup_required,label=candidate_like; science_binary=science_like; source_status=promote_to_deeper_eval; Stage G tier=weak_support (score=0.401965238504); flux_p_science_like=0.626497745514; period=18.613248512338 d; training_label_rule=manual_stage_f_label:promote_to_deeper_eval; source_batch=batch2; stage_f_label=stage_f_planet_like; visual_label=promote_to_deeper_eval,Candidate-like weak_support row; preserve manual Stage F promote_to_deeper_eval evidence and require manual ledger decision.,add,weak_support,0.401965238504,TRUE,candidate_needs_manual_followup,uncertain_hold,unresolved,candidate_needs_manual_followup,followup_eb_variable_risk,"real deep high-SNR signal, but SNR/depth are too high for clean planet-like confidence; high OOT variability; P/2 alias support stronger than nominal P; possible EB/variable-risk",2026-05-07,OC,candidate_needs_manual_followup,candidate_needs_manual_followup,candidate_like,science_like
EPIC_211759361,batch2,14.608622348493,,candidate_with_caveat,stage_f_planet_like,candidate_with_caveat,promote_to_deeper_eval,candidate_with_caveat,stage_f_closed_45_candidate_ledger_review,"cleaner planet-like morphology with good odd/even agreement, reasonable depth, no phase-0.5 secondary, and flux score above vetting threshold; caveat modest SNR, weak Stage G support, high-ish OOT variability, and 2P/3 alias support",,OC,2026-05-07,candidate_with_caveat,"cleaner planet-like morphology with good odd/even agreement, reasonable depth, no phase-0.5 secondary, and flux score above vetting threshold; caveat modest SNR, weak Stage G support, high-ish OOT variability, and 2P/3 alias support",,,candidate_with_caveat,medium_high,label=candidate_like; science_binary=science_like; source_status=promote_to_deeper_eval; Stage G tier=weak_support (score=0.370758292198); flux_p_science_like=0.710497200489; period=14.608622348493 d; training_label_rule=manual_stage_f_label:promote_to_deeper_eval; source_batch=batch2; stage_f_label=stage_f_planet_like; visual_label=promote_to_deeper_eval,"cleaner planet-like morphology with good odd/even agreement, reasonable depth, no phase-0.5 secondary, and flux score above vetting threshold; caveat modest SNR, weak Stage G support, high-ish OOT variability, and 2P/3 alias support",update,weak_support,0.370758292198,TRUE,candidate_with_caveat,candidate_like,science_like,candidate_with_caveat,medium_high,"cleaner planet-like morphology with good odd/even agreement, reasonable depth, no phase-0.5 secondary, and flux score above vetting threshold; caveat modest SNR, weak Stage G support, high-ish OOT variability, and 2P/3 alias support",2026-05-09,OC,candidate_needs_manual_followup,candidate_needs_manual_followup,candidate_like,science_like
EPIC_212024647,manual_stage_i_post_repair_review,3.69256,,candidate_like,stage_f_hold,,candidate_like,promote_to_stage_g,manual_stage_i_post_repair_review,"Clean post-repair signal with odd_even_depth_ratio=0.93146, oot_variability_to_depth=0.45, SNR=5.4, and transit duration around 4 hours. ledger_update=yes; training_update=no; training_label=do_not_train_yet","Human manual Stage I post-repair review decision; not an AutoVet automatic promotion. Clean post-repair signal with odd_even_depth_ratio=0.93146, oot_variability_to_depth=0.45, SNR=5.4, and transit duration around 4 hours.",OC,2026-05-12,promote_to_stage_g,none,plots\k2_batch\stage_i_autovet_v1_hold_batch1\period_support_repair_validation\EPIC_212024647\phase_0_folded.png,plots\k2_batch\stage_i_autovet_v1_hold_batch1\period_support_repair_validation\EPIC_212024647\validation_summary.json,candidate_like,promote_to_stage_g,label=candidate_like; source_status=promote_to_stage_g; source=manual_stage_i_post_repair_review; review_source=manual_human_review; period=3.69256 d; SNR=5.402409612801041; odd_even_depth_ratio=0.9314676431789768; oot_variability_to_depth=0.459819831545641; duration_hours=4.658432638359955; candidate_caveat=none; training_update=no; training_label=do_not_train_yet,none,update,,,TRUE,,do_not_train_yet,,promote_to_stage_g,candidate_with_caveat,"Human manual Stage I post-repair review decision; not an AutoVet automatic promotion. Clean post-repair signal with odd_even_depth_ratio=0.93146, oot_variability_to_depth=0.45, SNR=5.4, and transit duration around 4 hours.",2026-05-12,OC,,,,
EPIC_211839462,manual_stage_i_post_repair_review,5.21937,,uncertain_hold,stage_f_hold,,high_oot_variability,keep_hold_for_variability_review,manual_stage_i_post_repair_review,"Odd/even depth ratio is reasonably balanced at 0.88, but OOT variability to depth is very high at 8.20x, so the signal is not clean enough for candidate promotion. ledger_update=yes; training_update=no; training_label=do_not_train_yet","Human manual Stage I post-repair review decision; not an AutoVet automatic promotion. Odd/even depth ratio is reasonably balanced at 0.88, but OOT variability to depth is very high at 8.20x, so the signal is not clean enough for candidate promotion.",OC,2026-05-12,keep_hold_for_variability_review,high_oot_variability,plots\k2_batch\stage_i_autovet_v1_hold_batch1\period_support_repair_validation\EPIC_211839462\phase_0_folded.png,plots\k2_batch\stage_i_autovet_v1_hold_batch1\period_support_repair_validation\EPIC_211839462\validation_summary.json,uncertain_hold,keep_hold_for_variability_review,label=uncertain_hold; source_status=keep_hold_for_variability_review; source=manual_stage_i_post_repair_review; review_source=manual_human_review; period=5.21937 d; SNR=6.365967499407254; odd_even_depth_ratio=0.885687441512172; oot_variability_to_depth=8.203210125111534; duration_hours=4.168054384819697; candidate_caveat=high_oot_variability; training_update=no; training_label=do_not_train_yet,high_oot_variability,update,,,TRUE,,do_not_train_yet,,keep_hold_for_variability_review,uncertain_hold,"Human manual Stage I post-repair review decision; not an AutoVet automatic promotion. Odd/even depth ratio is reasonably balanced at 0.88, but OOT variability to depth is very high at 8.20x, so the signal is not clean enough for candidate promotion.",2026-05-12,OC,,,,
EPIC_211682657,manual_stage_i_post_repair_review,3.13788,,candidate_like,stage_f_hold,,secondary_or_alias_review_required,promote_to_stage_g,manual_stage_i_post_repair_review,"Post-repair signal is strong enough for Stage G with SNR=5.97, OOT/depth=0.452, odd_even_depth_ratio=0.857, and duration=4.66 hours, but requires caveat review because secondary_to_primary_depth_ratio=0.573 and alias_risk=moderate. ledger_update=yes; training_update=no; training_label=do_not_train_yet","Human manual Stage I post-repair review decision; not an AutoVet automatic promotion. Post-repair signal is strong enough for Stage G with SNR=5.97, OOT/depth=0.452, odd_even_depth_ratio=0.857, and duration=4.66 hours, but requires caveat review because secondary_to_primary_depth_ratio=0.573 and alias_risk=moderate.",OC,2026-05-12,promote_to_stage_g,secondary_or_alias_review_required,plots\k2_batch\stage_i_autovet_v1_hold_batch1\period_support_repair_validation\EPIC_211682657\phase_0_folded.png,plots\k2_batch\stage_i_autovet_v1_hold_batch1\period_support_repair_validation\EPIC_211682657\validation_summary.json,candidate_with_caveat,promote_to_stage_g,label=candidate_like; source_status=promote_to_stage_g; source=manual_stage_i_post_repair_review; review_source=manual_human_review; period=3.13788 d; SNR=5.969657743598585; odd_even_depth_ratio=0.8568914463862108; oot_variability_to_depth=0.4515934156357812; duration_hours=4.658450241840908; candidate_caveat=secondary_or_alias_review_required; training_update=no; training_label=do_not_train_yet,secondary_or_alias_review_required,update,,,TRUE,,do_not_train_yet,,promote_to_stage_g,candidate_with_caveat,"Human manual Stage I post-repair review decision; not an AutoVet automatic promotion. Post-repair signal is strong enough for Stage G with SNR=5.97, OOT/depth=0.452, odd_even_depth_ratio=0.857, and duration=4.66 hours, but requires caveat review because secondary_to_primary_depth_ratio=0.573 and alias_risk=moderate.",2026-05-12,OC,,,,
EPIC_200008831,manual_vetting_batch_64,6.109175422134285,,do_not_promote_to_stage_g,,binary_system,binary_system,binary_system,manual_vetting_batch_64,Strong odd/even depth mismatch with ratio 0.350; high half-period alias risk; Stage F likely EB; noisy/unstable morphology; not planet-like.,Strong odd/even depth mismatch with ratio 0.350; high half-period alias risk; Stage F likely EB; noisy/unstable morphology; not planet-like.,user_provided_manual_review,2026-05-19,reject_from_candidate_pipeline,Strong odd/even depth mismatch with ratio 0.350; high half-period alias risk; Stage F likely EB; noisy/unstable morphology; not planet-like.,,,,,,,,,,,binary_system,false_positive_eb_or_variable,not_science_like,do_not_promote_to_stage_g,false_positive_eb_or_variable,Strong odd/even depth mismatch with ratio 0.350; high half-period alias risk; Stage F likely EB; noisy/unstable morphology; not planet-like.,2026-05-19,user_provided_manual_review,,,,
EPIC_200008924,manual_vetting_batch_64,2.9421663436151,,do_not_promote_to_stage_g,,uncertain_hold,uncertain_hold,uncertain_hold,manual_vetting_batch_64,"Weak primary SNR and Stage F rejected due to insignificant cached folded transit, but odd/even is not severe and no secondary eclipse is detected; hold for recheck rather than hard reject.","Weak primary SNR and Stage F rejected due to insignificant cached folded transit, but odd/even is not severe and no secondary eclipse is detected; hold for recheck rather than hard reject.",user_provided_manual_review,2026-05-19,keep_hold_for_recheck,"Weak primary SNR and Stage F rejected due to insignificant cached folded transit, but odd/even is not severe and no secondary eclipse is detected; hold for recheck rather than hard reject.",,,,,,,,,,,uncertain_hold,uncertain_hold,unresolved,do_not_promote_to_stage_g,excluded_uncertain_hold,"Weak primary SNR and Stage F rejected due to insignificant cached folded transit, but odd/even is not severe and no secondary eclipse is detected; hold for recheck rather than hard reject.",2026-05-19,user_provided_manual_review,,,,
EPIC_211549072,manual_vetting_batch_64,,,do_not_promote_to_stage_g,,noise_or_artifact,noise_or_artifact,noise_or_artifact,manual_vetting_batch_64,"Manual plot review does not show a convincing transit-like signal despite very high CNN morphology score. The numerical diagnostics are also unfavorable: shallow primary depth, modest primary SNR around 6.92, very long duration around 7.85 hours for P=1.20d, strong odd/even mismatch with ratio about 0.472 and explicit delta about 0.675, and half-period alias support. Stage F held the object as ambiguous, but manual review overrides the CNN morphology-positive score because the dips are not visually convincing and the signal is not planet-like.","Manual plot review does not show a convincing transit-like signal despite very high CNN morphology score. The numerical diagnostics are also unfavorable: shallow primary depth, modest primary SNR around 6.92, very long duration around 7.85 hours for P=1.20d, strong odd/even mismatch with ratio about 0.472 and explicit delta about 0.675, and half-period alias support. Stage F held the object as ambiguous, but manual review overrides the CNN morphology-positive score because the dips are not visually convincing and the signal is not planet-like.",user_provided_manual_review,2026-05-20,reject_from_candidate_pipeline,"Manual plot review does not show a convincing transit-like signal despite very high CNN morphology score. The numerical diagnostics are also unfavorable: shallow primary depth, modest primary SNR around 6.92, very long duration around 7.85 hours for P=1.20d, strong odd/even mismatch with ratio about 0.472 and explicit delta about 0.675, and half-period alias support. Stage F held the object as ambiguous, but manual review overrides the CNN morphology-positive score because the dips are not visually convincing and the signal is not planet-like.",,,,,,,,,,,noise_or_artifact,negative_noise_or_artifact,not_science_like,do_not_promote_to_stage_g,negative_noise_or_artifact,"Manual plot review does not show a convincing transit-like signal despite very high CNN morphology score. The numerical diagnostics are also unfavorable: shallow primary depth, modest primary SNR around 6.92, very long duration around 7.85 hours for P=1.20d, strong odd/even mismatch with ratio about 0.472 and explicit delta about 0.675, and half-period alias support. Stage F held the object as ambiguous, but manual review overrides the CNN morphology-positive score because the dips are not visually convincing and the signal is not planet-like.",2026-05-20,user_provided_manual_review,,,,
EPIC_211995966,manual_vetting_batch_64,1.144172771171725,,do_not_promote_to_stage_g,,reject_as_noise_or_artifact,reject_as_noise_or_artifact,reject_as_noise_or_artifact,manual_vetting_batch_64,"Weird / ambiguous noise: something but nothing. Stage F already rejected it because primary transit depth is not significant in cached folded light curve. Primary SNR is very weak: 2.73. Event support is thin: event_family_count = 3. Alias risk = moderate. Odd/even is good: ratio = 0.952, but weak primary detection dominates. CNN score = 0.879 is morphology-only and does not override Stage F rejection.","Weird / ambiguous noise: something but nothing. Stage F already rejected it because primary transit depth is not significant in cached folded light curve. Primary SNR is very weak: 2.73. Event support is thin: event_family_count = 3. Alias risk = moderate. Odd/even is good: ratio = 0.952, but weak primary detection dominates. CNN score = 0.879 is morphology-only and does not override Stage F rejection.",user_provided_manual_review,2026-06-01,reject,"Weird / ambiguous noise: something but nothing. Stage F already rejected it because primary transit depth is not significant in cached folded light curve. Primary SNR is very weak: 2.73. Event support is thin: event_family_count = 3. Alias risk = moderate. Odd/even is good: ratio = 0.952, but weak primary detection dominates. CNN score = 0.879 is morphology-only and does not override Stage F rejection.",,,,,,,,,,,reject_as_noise_or_artifact,negative_reject_as_noise_or_artifact,not_science_like,do_not_promote_to_stage_g,negative_reject_as_noise_or_artifact,"Weird / ambiguous noise: something but nothing. Stage F already rejected it because primary transit depth is not significant in cached folded light curve. Primary SNR is very weak: 2.73. Event support is thin: event_family_count = 3. Alias risk = moderate. Odd/even is good: ratio = 0.952, but weak primary detection dominates. CNN score = 0.879 is morphology-only and does not override Stage F rejection.",2026-06-01,user_provided_manual_review,,,,
EPIC_211805860,manual_vetting_batch_64,,,do_not_promote_to_stage_g,,uncertain_hold,uncertain_hold,uncertain_hold,manual_vetting_batch_64,"Manual review keeps this as a cautious hold despite Stage F rejection. Odd/even consistency is good with ratio about 0.957 and explicit delta about 0.044, there is no detected secondary eclipse, the duration is plausible at about 3.43 hours for P=4.14d, and the period source is saved_validation_period. However primary SNR is weak around 4.67, Stage F rejected because the primary transit depth is not significant in the cached folded light curve, and OOT variability is very high at about 1.48x transit depth. Keep as uncertain hold pending OOT detrending review and Stage F period/depth validation rather than promote.","Manual review keeps this as a cautious hold despite Stage F rejection. Odd/even consistency is good with ratio about 0.957 and explicit delta about 0.044, there is no detected secondary eclipse, the duration is plausible at about 3.43 hours for P=4.14d, and the period source is saved_validation_period. However primary SNR is weak around 4.67, Stage F rejected because the primary transit depth is not significant in the cached folded light curve, and OOT variability is very high at about 1.48x transit depth. Keep as uncertain hold pending OOT detrending review and Stage F period/depth validation rather than promote.",user_provided_manual_review,2026-05-22,keep_hold_for_recheck_with_oot_detrending_and_stage_f_period_validation,"Manual review keeps this as a cautious hold despite Stage F rejection. Odd/even consistency is good with ratio about 0.957 and explicit delta about 0.044, there is no detected secondary eclipse, the duration is plausible at about 3.43 hours for P=4.14d, and the period source is saved_validation_period. However primary SNR is weak around 4.67, Stage F rejected because the primary transit depth is not significant in the cached folded light curve, and OOT variability is very high at about 1.48x transit depth. Keep as uncertain hold pending OOT detrending review and Stage F period/depth validation rather than promote.",,,,,,,,,,,uncertain_hold,uncertain_hold,unresolved,do_not_promote_to_stage_g,excluded_uncertain_hold,"Manual review keeps this as a cautious hold despite Stage F rejection. Odd/even consistency is good with ratio about 0.957 and explicit delta about 0.044, there is no detected secondary eclipse, the duration is plausible at about 3.43 hours for P=4.14d, and the period source is saved_validation_period. However primary SNR is weak around 4.67, Stage F rejected because the primary transit depth is not significant in the cached folded light curve, and OOT variability is very high at about 1.48x transit depth. Keep as uncertain hold pending OOT detrending review and Stage F period/depth validation rather than promote.",2026-05-22,user_provided_manual_review,,,,
EPIC_211730838,manual_vetting_batch_64,,,do_not_promote_to_stage_g,,binary_system,binary_system,binary_system,manual_vetting_batch_64,"Strong coherent eclipsing signal with excellent odd/even consistency, ratio about 0.996 and explicit delta about 0.004, many repeated events, saved validation period support, low alias risk, and no significant secondary eclipse. However the primary depth is extremely large at about 0.099, implying radius ratio about 0.315, which is too deep for a typical planet-like candidate and is more consistent with an eclipsing binary, stellar companion, or blend. OOT variability is also non-trivial at about 0.27x transit depth. Reject from the planet candidate pipeline, but keep as a real eclipsing-signal / binary-system case rather than noise.","Strong coherent eclipsing signal with excellent odd/even consistency, ratio about 0.996 and explicit delta about 0.004, many repeated events, saved validation period support, low alias risk, and no significant secondary eclipse. However the primary depth is extremely large at about 0.099, implying radius ratio about 0.315, which is too deep for a typical planet-like candidate and is more consistent with an eclipsing binary, stellar companion, or blend. OOT variability is also non-trivial at about 0.27x transit depth. Reject from the planet candidate pipeline, but keep as a real eclipsing-signal / binary-system case rather than noise.",user_provided_manual_review,2026-05-22,reject_from_candidate_pipeline_but_keep_as_real_eclipsing_signal,"Strong coherent eclipsing signal with excellent odd/even consistency, ratio about 0.996 and explicit delta about 0.004, many repeated events, saved validation period support, low alias risk, and no significant secondary eclipse. However the primary depth is extremely large at about 0.099, implying radius ratio about 0.315, which is too deep for a typical planet-like candidate and is more consistent with an eclipsing binary, stellar companion, or blend. OOT variability is also non-trivial at about 0.27x transit depth. Reject from the planet candidate pipeline, but keep as a real eclipsing-signal / binary-system case rather than noise.",,,,,,,,,,,binary_system,false_positive_eb_or_variable,not_science_like,do_not_promote_to_stage_g,false_positive_eb_or_variable,"Strong coherent eclipsing signal with excellent odd/even consistency, ratio about 0.996 and explicit delta about 0.004, many repeated events, saved validation period support, low alias risk, and no significant secondary eclipse. However the primary depth is extremely large at about 0.099, implying radius ratio about 0.315, which is too deep for a typical planet-like candidate and is more consistent with an eclipsing binary, stellar companion, or blend. OOT variability is also non-trivial at about 0.27x transit depth. Reject from the planet candidate pipeline, but keep as a real eclipsing-signal / binary-system case rather than noise.",2026-05-22,user_provided_manual_review,,,,
EPIC_211586814,manual_vetting_batch_64,,,do_not_promote_to_stage_g,,binary_system,binary_system,binary_system,manual_vetting_batch_64,"Signal has decent primary SNR, but diagnostics are EB-like rather than planet-like. Odd/even depth consistency is poor, with ratio about 0.538 and explicit delta about 0.600. The period is very short at P=0.504d with a relatively long duration of about 3.68 hours, and there is strong half-period alias support. Stage F already held it as ambiguous due to odd/even risk. Reject from candidate pipeline as likely binary/alias-contaminated despite morphology-positive CNN score and no detected secondary eclipse.","Signal has decent primary SNR, but diagnostics are EB-like rather than planet-like. Odd/even depth consistency is poor, with ratio about 0.538 and explicit delta about 0.600. The period is very short at P=0.504d with a relatively long duration of about 3.68 hours, and there is strong half-period alias support. Stage F already held it as ambiguous due to odd/even risk. Reject from candidate pipeline as likely binary/alias-contaminated despite morphology-positive CNN score and no detected secondary eclipse.",user_provided_manual_review,2026-05-20,reject_from_candidate_pipeline,"Signal has decent primary SNR, but diagnostics are EB-like rather than planet-like. Odd/even depth consistency is poor, with ratio about 0.538 and explicit delta about 0.600. The period is very short at P=0.504d with a relatively long duration of about 3.68 hours, and there is strong half-period alias support. Stage F already held it as ambiguous due to odd/even risk. Reject from candidate pipeline as likely binary/alias-contaminated despite morphology-positive CNN score and no detected secondary eclipse.",,,,,,,,,,,binary_system,false_positive_eb_or_variable,not_science_like,do_not_promote_to_stage_g,false_positive_eb_or_variable,"Signal has decent primary SNR, but diagnostics are EB-like rather than planet-like. Odd/even depth consistency is poor, with ratio about 0.538 and explicit delta about 0.600. The period is very short at P=0.504d with a relatively long duration of about 3.68 hours, and there is strong half-period alias support. Stage F already held it as ambiguous due to odd/even risk. Reject from candidate pipeline as likely binary/alias-contaminated despite morphology-positive CNN score and no detected secondary eclipse.",2026-05-20,user_provided_manual_review,,,,
EPIC_212020442,manual_vetting_batch_64,,,do_not_promote_to_stage_g,,reject_as_noise_or_artifact,reject_as_noise_or_artifact,reject_as_noise_or_artifact,manual_vetting_batch_64,"Manual review indicates no convincing period / period solution not trustworthy. Primary depth is shallow: 0.000683. SNR is weak: 7.60. Odd/even only moderate: ratio = 0.815. Alias risk = moderate. Strong alternate-period support: alias_best_period_days = 11.768625, support_ratio = 0.875. Master next action was run_period_search_before_label_update. Treat as period failure / noise, not candidate.","Manual review indicates no convincing period / period solution not trustworthy. Primary depth is shallow: 0.000683. SNR is weak: 7.60. Odd/even only moderate: ratio = 0.815. Alias risk = moderate. Strong alternate-period support: alias_best_period_days = 11.768625, support_ratio = 0.875. Master next action was run_period_search_before_label_update. Treat as period failure / noise, not candidate.",user_provided_manual_review,2026-06-01,reject,"Manual review indicates no convincing period / period solution not trustworthy. Primary depth is shallow: 0.000683. SNR is weak: 7.60. Odd/even only moderate: ratio = 0.815. Alias risk = moderate. Strong alternate-period support: alias_best_period_days = 11.768625, support_ratio = 0.875. Master next action was run_period_search_before_label_update. Treat as period failure / noise, not candidate.",,,,,,,,,,,reject_as_noise_or_artifact,negative_reject_as_noise_or_artifact,not_science_like,do_not_promote_to_stage_g,negative_reject_as_noise_or_artifact,"Manual review indicates no convincing period / period solution not trustworthy. Primary depth is shallow: 0.000683. SNR is weak: 7.60. Odd/even only moderate: ratio = 0.815. Alias risk = moderate. Strong alternate-period support: alias_best_period_days = 11.768625, support_ratio = 0.875. Master next action was run_period_search_before_label_update. Treat as period failure / noise, not candidate.",2026-06-01,user_provided_manual_review,,,,
EPIC_211409713,manual_vetting_batch_64,,,do_not_promote_to_stage_g,,uncertain_hold,uncertain_hold,uncertain_hold,manual_vetting_batch_64,"Strong and clean folded transit morphology with high primary SNR, plausible depth, short duration, low OOT variability relative to depth, and no significant secondary eclipse. However odd/even is unavailable and alias risk is moderate, with stronger support at the double-period alias, so keep as uncertain hold pending Stage F period/odd-even validation rather than direct candidate promotion.","Strong and clean folded transit morphology with high primary SNR, plausible depth, short duration, low OOT variability relative to depth, and no significant secondary eclipse. However odd/even is unavailable and alias risk is moderate, with stronger support at the double-period alias, so keep as uncertain hold pending Stage F period/odd-even validation rather than direct candidate promotion.",user_provided_manual_review,2026-05-19,promote_to_stage_f_period_validation,"Strong and clean folded transit morphology with high primary SNR, plausible depth, short duration, low OOT variability relative to depth, and no significant secondary eclipse. However odd/even is unavailable and alias risk is moderate, with stronger support at the double-period alias, so keep as uncertain hold pending Stage F period/odd-even validation rather than direct candidate promotion.",,,,,,,,,,,uncertain_hold,uncertain_hold,unresolved,do_not_promote_to_stage_g,excluded_uncertain_hold,"Strong and clean folded transit morphology with high primary SNR, plausible depth, short duration, low OOT variability relative to depth, and no significant secondary eclipse. However odd/even is unavailable and alias risk is moderate, with stronger support at the double-period alias, so keep as uncertain hold pending Stage F period/odd-even validation rather than direct candidate promotion.",2026-05-19,user_provided_manual_review,,,,
EPIC_211429653,manual_vetting_batch_64,,,do_not_promote_to_stage_g,,noise_or_artifact,noise_or_artifact,noise_or_artifact,manual_vetting_batch_64,"Stage F already rejects the signal because the primary transit depth is not significant in the cached folded light curve. Primary SNR is weak at about 3.25, the event count is low, and the period is very short at P=0.507d with a long apparent duration of about 5.88 hours. Odd/even is also severely inconsistent with ratio about 0.247 and explicit delta about 1.47, so the morphology is not reliable for planet promotion despite CNN morphology-positive scoring.","Stage F already rejects the signal because the primary transit depth is not significant in the cached folded light curve. Primary SNR is weak at about 3.25, the event count is low, and the period is very short at P=0.507d with a long apparent duration of about 5.88 hours. Odd/even is also severely inconsistent with ratio about 0.247 and explicit delta about 1.47, so the morphology is not reliable for planet promotion despite CNN morphology-positive scoring.",user_provided_manual_review,2026-05-19,reject_from_candidate_pipeline,"Stage F already rejects the signal because the primary transit depth is not significant in the cached folded light curve. Primary SNR is weak at about 3.25, the event count is low, and the period is very short at P=0.507d with a long apparent duration of about 5.88 hours. Odd/even is also severely inconsistent with ratio about 0.247 and explicit delta about 1.47, so the morphology is not reliable for planet promotion despite CNN morphology-positive scoring.",,,,,,,,,,,noise_or_artifact,negative_noise_or_artifact,not_science_like,do_not_promote_to_stage_g,negative_noise_or_artifact,"Stage F already rejects the signal because the primary transit depth is not significant in the cached folded light curve. Primary SNR is weak at about 3.25, the event count is low, and the period is very short at P=0.507d with a long apparent duration of about 5.88 hours. Odd/even is also severely inconsistent with ratio about 0.247 and explicit delta about 1.47, so the morphology is not reliable for planet promotion despite CNN morphology-positive scoring.",2026-05-19,user_provided_manual_review,,,,
EPIC_211952381,manual_vetting_batch_64,,,do_not_promote_to_stage_g,,reject_as_noise_or_artifact,reject_as_noise_or_artifact,reject_as_noise_or_artifact,manual_vetting_batch_64,"Manual review suggests noise / possible EB-like morphology. Stage F already held it due to poor visual/metric confidence. Primary depth = 0.001463. SNR = 18.06. Odd/even is weak: ratio = 0.717. OOT variability is high: oot_variability_to_depth = 0.355. Period source = saved_validation_period, but metrics and visual confidence still fail. Reject despite saved period support.","Manual review suggests noise / possible EB-like morphology. Stage F already held it due to poor visual/metric confidence. Primary depth = 0.001463. SNR = 18.06. Odd/even is weak: ratio = 0.717. OOT variability is high: oot_variability_to_depth = 0.355. Period source = saved_validation_period, but metrics and visual confidence still fail. Reject despite saved period support.",user_provided_manual_review,2026-05-28,reject,"Manual review suggests noise / possible EB-like morphology. Stage F already held it due to poor visual/metric confidence. Primary depth = 0.001463. SNR = 18.06. Odd/even is weak: ratio = 0.717. OOT variability is high: oot_variability_to_depth = 0.355. Period source = saved_validation_period, but metrics and visual confidence still fail. Reject despite saved period support.",,,,,,,,,,,reject_as_noise_or_artifact,negative_reject_as_noise_or_artifact,not_science_like,do_not_promote_to_stage_g,negative_reject_as_noise_or_artifact,"Manual review suggests noise / possible EB-like morphology. Stage F already held it due to poor visual/metric confidence. Primary depth = 0.001463. SNR = 18.06. Odd/even is weak: ratio = 0.717. OOT variability is high: oot_variability_to_depth = 0.355. Period source = saved_validation_period, but metrics and visual confidence still fail. Reject despite saved period support.",2026-05-28,user_provided_manual_review,,,,
EPIC_211991001,manual_vetting_batch_64,,,do_not_promote_to_stage_g,,reject_as_noise_or_artifact,reject_as_noise_or_artifact,reject_as_noise_or_artifact,manual_vetting_batch_64,"Formidable noise / false-positive-like signal. Large depth = 0.016837, but SNR only 7.02. Very short period: 0.52685 d. Duration = 6.37 h, about half the orbital period. Odd/even imperfect: ratio = 0.764. Alias risk = moderate. Half-period alias support is perfect: support_ratio = 1.0. Large radius ratio estimate = 0.130. Saved period exists, but Stage F already held due to ambiguous checks.","Formidable noise / false-positive-like signal. Large depth = 0.016837, but SNR only 7.02. Very short period: 0.52685 d. Duration = 6.37 h, about half the orbital period. Odd/even imperfect: ratio = 0.764. Alias risk = moderate. Half-period alias support is perfect: support_ratio = 1.0. Large radius ratio estimate = 0.130. Saved period exists, but Stage F already held due to ambiguous checks.",user_provided_manual_review,2026-06-01,reject,"Formidable noise / false-positive-like signal. Large depth = 0.016837, but SNR only 7.02. Very short period: 0.52685 d. Duration = 6.37 h, about half the orbital period. Odd/even imperfect: ratio = 0.764. Alias risk = moderate. Half-period alias support is perfect: support_ratio = 1.0. Large radius ratio estimate = 0.130. Saved period exists, but Stage F already held due to ambiguous checks.",,,,,,,,,,,reject_as_noise_or_artifact,negative_reject_as_noise_or_artifact,not_science_like,do_not_promote_to_stage_g,negative_reject_as_noise_or_artifact,"Formidable noise / false-positive-like signal. Large depth = 0.016837, but SNR only 7.02. Very short period: 0.52685 d. Duration = 6.37 h, about half the orbital period. Odd/even imperfect: ratio = 0.764. Alias risk = moderate. Half-period alias support is perfect: support_ratio = 1.0. Large radius ratio estimate = 0.130. Saved period exists, but Stage F already held due to ambiguous checks.",2026-06-01,user_provided_manual_review,,,,
EPIC_211920612,manual_vetting_batch_64,,,do_not_promote_to_stage_g,,reject_as_noise_or_artifact,reject_as_noise_or_artifact,reject_as_noise_or_artifact,manual_vetting_batch_64,"Strong dip-like morphology, but physically broken. Period = 0.62108 d / 14.91 h. Transit duration = 1.8695 d / 44.87 h, longer than the orbital period. Severe odd/even mismatch: odd_even_depth_ratio = 0.304. CNN score = 0.823 is morphology-only and should not rescue it.","Strong dip-like morphology, but physically broken. Period = 0.62108 d / 14.91 h. Transit duration = 1.8695 d / 44.87 h, longer than the orbital period. Severe odd/even mismatch: odd_even_depth_ratio = 0.304. CNN score = 0.823 is morphology-only and should not rescue it.",user_provided_manual_review,2026-05-25,reject,"Strong dip-like morphology, but physically broken. Period = 0.62108 d / 14.91 h. Transit duration = 1.8695 d / 44.87 h, longer than the orbital period. Severe odd/even mismatch: odd_even_depth_ratio = 0.304. CNN score = 0.823 is morphology-only and should not rescue it.",,,,,,,,,,,reject_as_noise_or_artifact,negative_reject_as_noise_or_artifact,not_science_like,do_not_promote_to_stage_g,negative_reject_as_noise_or_artifact,"Strong dip-like morphology, but physically broken. Period = 0.62108 d / 14.91 h. Transit duration = 1.8695 d / 44.87 h, longer than the orbital period. Severe odd/even mismatch: odd_even_depth_ratio = 0.304. CNN score = 0.823 is morphology-only and should not rescue it.",2026-05-25,user_provided_manual_review,,,,
EPIC_211569404,manual_vetting_batch_64,,,do_not_promote_to_stage_g,,noise_or_artifact,noise_or_artifact,noise_or_artifact,manual_vetting_batch_64,"Manual review does not find a convincing planet-like signal. The primary depth is shallow, primary SNR is only modest around 8.34, and the period is very short at P=0.600d with a relatively long duration around 3.19 hours. Odd/even consistency is poor, with ratio about 0.700 and explicit delta about 0.353, and there is half-period alias support despite low formal alias risk. Stage F kept this only as a secondary-queue hold, so reject as noise/artifact rather than continue holding.","Manual review does not find a convincing planet-like signal. The primary depth is shallow, primary SNR is only modest around 8.34, and the period is very short at P=0.600d with a relatively long duration around 3.19 hours. Odd/even consistency is poor, with ratio about 0.700 and explicit delta about 0.353, and there is half-period alias support despite low formal alias risk. Stage F kept this only as a secondary-queue hold, so reject as noise/artifact rather than continue holding.",user_provided_manual_review,2026-05-20,reject_from_candidate_pipeline,"Manual review does not find a convincing planet-like signal. The primary depth is shallow, primary SNR is only modest around 8.34, and the period is very short at P=0.600d with a relatively long duration around 3.19 hours. Odd/even consistency is poor, with ratio about 0.700 and explicit delta about 0.353, and there is half-period alias support despite low formal alias risk. Stage F kept this only as a secondary-queue hold, so reject as noise/artifact rather than continue holding.",,,,,,,,,,,noise_or_artifact,negative_noise_or_artifact,not_science_like,do_not_promote_to_stage_g,negative_noise_or_artifact,"Manual review does not find a convincing planet-like signal. The primary depth is shallow, primary SNR is only modest around 8.34, and the period is very short at P=0.600d with a relatively long duration around 3.19 hours. Odd/even consistency is poor, with ratio about 0.700 and explicit delta about 0.353, and there is half-period alias support despite low formal alias risk. Stage F kept this only as a secondary-queue hold, so reject as noise/artifact rather than continue holding.",2026-05-20,user_provided_manual_review,,,,
EPIC_211529191,manual_vetting_batch_64,,,do_not_promote_to_stage_g,,noise_or_artifact,noise_or_artifact,noise_or_artifact,manual_vetting_batch_64,"Very shallow signal with weak/modest primary SNR around 4.62 and limited event support. Odd/even consistency is acceptable but not especially strong, and there is no secondary eclipse, but the period source is event-spacing fallback with many candidate periods and no convincing planet-like evidence beyond morphology-positive CNN scoring. Reject as noise/artifact rather than continue holding.","Very shallow signal with weak/modest primary SNR around 4.62 and limited event support. Odd/even consistency is acceptable but not especially strong, and there is no secondary eclipse, but the period source is event-spacing fallback with many candidate periods and no convincing planet-like evidence beyond morphology-positive CNN scoring. Reject as noise/artifact rather than continue holding.",user_provided_manual_review,2026-05-20,reject_from_candidate_pipeline,"Very shallow signal with weak/modest primary SNR around 4.62 and limited event support. Odd/even consistency is acceptable but not especially strong, and there is no secondary eclipse, but the period source is event-spacing fallback with many candidate periods and no convincing planet-like evidence beyond morphology-positive CNN scoring. Reject as noise/artifact rather than continue holding.",,,,,,,,,,,noise_or_artifact,negative_noise_or_artifact,not_science_like,do_not_promote_to_stage_g,negative_noise_or_artifact,"Very shallow signal with weak/modest primary SNR around 4.62 and limited event support. Odd/even consistency is acceptable but not especially strong, and there is no secondary eclipse, but the period source is event-spacing fallback with many candidate periods and no convincing planet-like evidence beyond morphology-positive CNN scoring. Reject as noise/artifact rather than continue holding.",2026-05-20,user_provided_manual_review,,,,
EPIC_211911273,manual_vetting_batch_64,,,do_not_promote_to_stage_g,,noise_or_artifact,noise_or_artifact,noise_or_artifact,manual_vetting_batch_64,"Manual review favors noise/artifact rather than a planet-like candidate. Although the reported primary SNR is very high, the apparent transit duration is extremely long at about 11.77 hours for P=3.32d, suggesting broad variability or folded systematic structure rather than a clean transit. Odd/even consistency is only mediocre with ratio about 0.776 and explicit delta about 0.242, and there is half-period alias support. Period source is event-spacing fallback with many candidate periods. Reject as noise/artifact despite morphology-positive CNN score.","Manual review favors noise/artifact rather than a planet-like candidate. Although the reported primary SNR is very high, the apparent transit duration is extremely long at about 11.77 hours for P=3.32d, suggesting broad variability or folded systematic structure rather than a clean transit. Odd/even consistency is only mediocre with ratio about 0.776 and explicit delta about 0.242, and there is half-period alias support. Period source is event-spacing fallback with many candidate periods. Reject as noise/artifact despite morphology-positive CNN score.",user_provided_manual_review,2026-05-25,reject_from_candidate_pipeline,"Manual review favors noise/artifact rather than a planet-like candidate. Although the reported primary SNR is very high, the apparent transit duration is extremely long at about 11.77 hours for P=3.32d, suggesting broad variability or folded systematic structure rather than a clean transit. Odd/even consistency is only mediocre with ratio about 0.776 and explicit delta about 0.242, and there is half-period alias support. Period source is event-spacing fallback with many candidate periods. Reject as noise/artifact despite morphology-positive CNN score.",,,,,,,,,,,noise_or_artifact,negative_noise_or_artifact,not_science_like,do_not_promote_to_stage_g,negative_noise_or_artifact,"Manual review favors noise/artifact rather than a planet-like candidate. Although the reported primary SNR is very high, the apparent transit duration is extremely long at about 11.77 hours for P=3.32d, suggesting broad variability or folded systematic structure rather than a clean transit. Odd/even consistency is only mediocre with ratio about 0.776 and explicit delta about 0.242, and there is half-period alias support. Period source is event-spacing fallback with many candidate periods. Reject as noise/artifact despite morphology-positive CNN score.",2026-05-25,user_provided_manual_review,,,,
EPIC_211915147,manual_vetting_batch_64,,promote_to_stage_g_deeper_evaluation,promote_to_stage_g_deeper_evaluation,,candidate_like,candidate_like,candidate_like,manual_vetting_batch_64,"Manual review promotes this as a caveated candidate-like signal. A good primary dip is visible, odd/even consistency is excellent with ratio about 0.983 and explicit delta about 0.017, there is no meaningful positive secondary eclipse, event-family support is strong with 21 events, and CNN morphology score is high. However the promotion is caveated because primary SNR is weak around 4.62, apparent duration is very long at about 8.34 hours for P=1.81d, OOT variability is high at about 0.69x transit depth, and the period source is event-spacing fallback with stronger double-period support. Promote to Stage F validation with OOT detrending, duration sanity check, period validation, and EB diagnostic review.","Manual review promotes this as a caveated candidate-like signal. A good primary dip is visible, odd/even consistency is excellent with ratio about 0.983 and explicit delta about 0.017, there is no meaningful positive secondary eclipse, event-family support is strong with 21 events, and CNN morphology score is high. However the promotion is caveated because primary SNR is weak around 4.62, apparent duration is very long at about 8.34 hours for P=1.81d, OOT variability is high at about 0.69x transit depth, and the period source is event-spacing fallback with stronger double-period support. Promote to Stage F validation with OOT detrending, duration sanity check, period validation, and EB diagnostic review.",user_provided_manual_review,2026-05-25,promote_to_stage_f_validation_with_oot_duration_and_eb_caveats,"Manual review promotes this as a caveated candidate-like signal. A good primary dip is visible, odd/even consistency is excellent with ratio about 0.983 and explicit delta about 0.017, there is no meaningful positive secondary eclipse, event-family support is strong with 21 events, and CNN morphology score is high. However the promotion is caveated because primary SNR is weak around 4.62, apparent duration is very long at about 8.34 hours for P=1.81d, OOT variability is high at about 0.69x transit depth, and the period source is event-spacing fallback with stronger double-period support. Promote to Stage F validation with OOT detrending, duration sanity check, period validation, and EB diagnostic review.",,,,,,,,,,,candidate_like,candidate_like_positive,science_like,promote_to_stage_g_deeper_evaluation,stage_g_deeper_eval,"Manual review promotes this as a caveated candidate-like signal. A good primary dip is visible, odd/even consistency is excellent with ratio about 0.983 and explicit delta about 0.017, there is no meaningful positive secondary eclipse, event-family support is strong with 21 events, and CNN morphology score is high. However the promotion is caveated because primary SNR is weak around 4.62, apparent duration is very long at about 8.34 hours for P=1.81d, OOT variability is high at about 0.69x transit depth, and the period source is event-spacing fallback with stronger double-period support. Promote to Stage F validation with OOT detrending, duration sanity check, period validation, and EB diagnostic review.",2026-05-25,user_provided_manual_review,,,,
EPIC_211935518,manual_vetting_batch_64,,,do_not_promote_to_stage_g,,low_priority_negative,low_priority_negative,low_priority_negative,manual_vetting_batch_64,"Visible dip exists and metrics are not terrible, but too noisy / unreliable to promote. Primary depth = 0.005235. SNR = 174.90. Odd/even agreement is good: ratio = 0.929. No meaningful secondary. However period source = event_spacing_fallback. Autovet says no reliable saved period support. Candidate period count is high: 751. CNN score = 0.769 is morphology-only.","Visible dip exists and metrics are not terrible, but too noisy / unreliable to promote. Primary depth = 0.005235. SNR = 174.90. Odd/even agreement is good: ratio = 0.929. No meaningful secondary. However period source = event_spacing_fallback. Autovet says no reliable saved period support. Candidate period count is high: 751. CNN score = 0.769 is morphology-only.",user_provided_manual_review,2026-05-25,reject_low_priority,"Visible dip exists and metrics are not terrible, but too noisy / unreliable to promote. Primary depth = 0.005235. SNR = 174.90. Odd/even agreement is good: ratio = 0.929. No meaningful secondary. However period source = event_spacing_fallback. Autovet says no reliable saved period support. Candidate period count is high: 751. CNN score = 0.769 is morphology-only.",,,,,,,,,,,low_priority_negative,negative_low_priority,not_science_like,do_not_promote_to_stage_g,negative_low_priority,"Visible dip exists and metrics are not terrible, but too noisy / unreliable to promote. Primary depth = 0.005235. SNR = 174.90. Odd/even agreement is good: ratio = 0.929. No meaningful secondary. However period source = event_spacing_fallback. Autovet says no reliable saved period support. Candidate period count is high: 751. CNN score = 0.769 is morphology-only.",2026-05-25,user_provided_manual_review,,,,
EPIC_211975006,manual_vetting_batch_64,,,do_not_promote_to_stage_g,,reject_as_noise_or_artifact,reject_as_noise_or_artifact,reject_as_noise_or_artifact,manual_vetting_batch_64,"Manual review calls this a perfect noise case despite strong-looking numbers. Primary depth = 0.004142. SNR = 409.32, but not trusted due to noisy / artifact-like context. Odd/even is fairly good: ratio = 0.911. No convincing positive secondary. Transit duration is long: 13.24 h at P = 3.08007 d. Period source = event_spacing_fallback. Candidate period count = 1448. CNN score = 0.761 is morphology-only and should not override manual rejection.","Manual review calls this a perfect noise case despite strong-looking numbers. Primary depth = 0.004142. SNR = 409.32, but not trusted due to noisy / artifact-like context. Odd/even is fairly good: ratio = 0.911. No convincing positive secondary. Transit duration is long: 13.24 h at P = 3.08007 d. Period source = event_spacing_fallback. Candidate period count = 1448. CNN score = 0.761 is morphology-only and should not override manual rejection.",user_provided_manual_review,2026-05-28,reject,"Manual review calls this a perfect noise case despite strong-looking numbers. Primary depth = 0.004142. SNR = 409.32, but not trusted due to noisy / artifact-like context. Odd/even is fairly good: ratio = 0.911. No convincing positive secondary. Transit duration is long: 13.24 h at P = 3.08007 d. Period source = event_spacing_fallback. Candidate period count = 1448. CNN score = 0.761 is morphology-only and should not override manual rejection.",,,,,,,,,,,reject_as_noise_or_artifact,negative_reject_as_noise_or_artifact,not_science_like,do_not_promote_to_stage_g,negative_reject_as_noise_or_artifact,"Manual review calls this a perfect noise case despite strong-looking numbers. Primary depth = 0.004142. SNR = 409.32, but not trusted due to noisy / artifact-like context. Odd/even is fairly good: ratio = 0.911. No convincing positive secondary. Transit duration is long: 13.24 h at P = 3.08007 d. Period source = event_spacing_fallback. Candidate period count = 1448. CNN score = 0.761 is morphology-only and should not override manual rejection.",2026-05-28,user_provided_manual_review,,,,
EPIC_211979334,manual_vetting_batch_64,,,do_not_promote_to_stage_g,,reject_as_noise_or_artifact,reject_as_noise_or_artifact,reject_as_noise_or_artifact,manual_vetting_batch_64,"Manual review classifies as poor-quality noise / artifact. Primary depth = 0.000730. SNR = 73.04, but context is weak. Odd/even poor: ratio = 0.601. Transit duration long: 12.26 h at P = 3.92696 d. Alias risk = moderate. Strong half-period alias support: support_ratio = 0.857. Period source = event_spacing_fallback. Candidate period count = 698.","Manual review classifies as poor-quality noise / artifact. Primary depth = 0.000730. SNR = 73.04, but context is weak. Odd/even poor: ratio = 0.601. Transit duration long: 12.26 h at P = 3.92696 d. Alias risk = moderate. Strong half-period alias support: support_ratio = 0.857. Period source = event_spacing_fallback. Candidate period count = 698.",user_provided_manual_review,2026-05-28,reject,"Manual review classifies as poor-quality noise / artifact. Primary depth = 0.000730. SNR = 73.04, but context is weak. Odd/even poor: ratio = 0.601. Transit duration long: 12.26 h at P = 3.92696 d. Alias risk = moderate. Strong half-period alias support: support_ratio = 0.857. Period source = event_spacing_fallback. Candidate period count = 698.",,,,,,,,,,,reject_as_noise_or_artifact,negative_reject_as_noise_or_artifact,not_science_like,do_not_promote_to_stage_g,negative_reject_as_noise_or_artifact,"Manual review classifies as poor-quality noise / artifact. Primary depth = 0.000730. SNR = 73.04, but context is weak. Odd/even poor: ratio = 0.601. Transit duration long: 12.26 h at P = 3.92696 d. Alias risk = moderate. Strong half-period alias support: support_ratio = 0.857. Period source = event_spacing_fallback. Candidate period count = 698.",2026-05-28,user_provided_manual_review,,,,
EPIC_211497712,manual_vetting_batch_64,,promote_to_stage_g_deeper_evaluation,promote_to_stage_g_deeper_evaluation,,candidate_like,candidate_like,candidate_like,manual_vetting_batch_64,"Visually promising deep, coherent transit-like signal with excellent odd/even consistency, ratio about 0.993 and explicit delta about 0.0068, no significant secondary eclipse, low alias risk, high CNN morphology score, and many event-family members. OOT variability is a concern at about 0.63x transit depth and the period source is event-spacing fallback with many candidate periods, so promote to Stage F validation with an OOT/detrending caveat rather than treat as confirmed planet-like.","Visually promising deep, coherent transit-like signal with excellent odd/even consistency, ratio about 0.993 and explicit delta about 0.0068, no significant secondary eclipse, low alias risk, high CNN morphology score, and many event-family members. OOT variability is a concern at about 0.63x transit depth and the period source is event-spacing fallback with many candidate periods, so promote to Stage F validation with an OOT/detrending caveat rather than treat as confirmed planet-like.",user_provided_manual_review,2026-05-20,promote_to_stage_f_validation_with_oot_variability_caveat,"Visually promising deep, coherent transit-like signal with excellent odd/even consistency, ratio about 0.993 and explicit delta about 0.0068, no significant secondary eclipse, low alias risk, high CNN morphology score, and many event-family members. OOT variability is a concern at about 0.63x transit depth and the period source is event-spacing fallback with many candidate periods, so promote to Stage F validation with an OOT/detrending caveat rather than treat as confirmed planet-like.",,,,,,,,,,,candidate_like,candidate_like_positive,science_like,promote_to_stage_g_deeper_evaluation,stage_g_deeper_eval,"Visually promising deep, coherent transit-like signal with excellent odd/even consistency, ratio about 0.993 and explicit delta about 0.0068, no significant secondary eclipse, low alias risk, high CNN morphology score, and many event-family members. OOT variability is a concern at about 0.63x transit depth and the period source is event-spacing fallback with many candidate periods, so promote to Stage F validation with an OOT/detrending caveat rather than treat as confirmed planet-like.",2026-05-20,user_provided_manual_review,,,,
EPIC_211770390,manual_vetting_batch_64,,,do_not_promote_to_stage_g,,uncertain_hold,uncertain_hold,uncertain_hold,manual_vetting_batch_64,"Some signal-like structure may be present and the basic duration is plausible for P=7.46d, with no detected secondary eclipse and high CNN morphology score. However the signal is tough to read visually, primary SNR is modest around 5.36, odd/even consistency is poor with ratio about 0.562 and explicit delta about 0.702, and OOT variability is high at about 1.26x the transit depth. Period source is event-spacing fallback with many candidate periods, so keep only as uncertain hold pending OOT detrending review and Stage F period validation rather than promote.","Some signal-like structure may be present and the basic duration is plausible for P=7.46d, with no detected secondary eclipse and high CNN morphology score. However the signal is tough to read visually, primary SNR is modest around 5.36, odd/even consistency is poor with ratio about 0.562 and explicit delta about 0.702, and OOT variability is high at about 1.26x the transit depth. Period source is event-spacing fallback with many candidate periods, so keep only as uncertain hold pending OOT detrending review and Stage F period validation rather than promote.",user_provided_manual_review,2026-05-22,keep_hold_for_recheck_with_oot_detrending_and_stage_f_period_validation,"Some signal-like structure may be present and the basic duration is plausible for P=7.46d, with no detected secondary eclipse and high CNN morphology score. However the signal is tough to read visually, primary SNR is modest around 5.36, odd/even consistency is poor with ratio about 0.562 and explicit delta about 0.702, and OOT variability is high at about 1.26x the transit depth. Period source is event-spacing fallback with many candidate periods, so keep only as uncertain hold pending OOT detrending review and Stage F period validation rather than promote.",,,,,,,,,,,uncertain_hold,uncertain_hold,unresolved,do_not_promote_to_stage_g,excluded_uncertain_hold,"Some signal-like structure may be present and the basic duration is plausible for P=7.46d, with no detected secondary eclipse and high CNN morphology score. However the signal is tough to read visually, primary SNR is modest around 5.36, odd/even consistency is poor with ratio about 0.562 and explicit delta about 0.702, and OOT variability is high at about 1.26x the transit depth. Period source is event-spacing fallback with many candidate periods, so keep only as uncertain hold pending OOT detrending review and Stage F period validation rather than promote.",2026-05-22,user_provided_manual_review,,,,
EPIC_211910237,manual_vetting_batch_64,,,do_not_promote_to_stage_g,,uncertain_hold,uncertain_hold,uncertain_hold,manual_vetting_batch_64,"Clear dip-like signal is present with strong primary SNR around 13.60, low OOT variability at about 0.06x transit depth, many event-family members, and no meaningful positive secondary eclipse. However the primary depth is relatively large at about 0.015, radius ratio is about 0.123, apparent duration is long at about 9.32 hours for P=2.21d, and odd/even consistency is only mediocre with ratio about 0.780 and explicit delta about 0.267. Period source is event-spacing fallback with many candidate periods. Keep as uncertain hold pending Stage F period validation and EB diagnostic review rather than promote directly.","Clear dip-like signal is present with strong primary SNR around 13.60, low OOT variability at about 0.06x transit depth, many event-family members, and no meaningful positive secondary eclipse. However the primary depth is relatively large at about 0.015, radius ratio is about 0.123, apparent duration is long at about 9.32 hours for P=2.21d, and odd/even consistency is only mediocre with ratio about 0.780 and explicit delta about 0.267. Period source is event-spacing fallback with many candidate periods. Keep as uncertain hold pending Stage F period validation and EB diagnostic review rather than promote directly.",user_provided_manual_review,2026-05-25,keep_hold_for_recheck_with_stage_f_period_validation_and_eb_diagnostic_review,"Clear dip-like signal is present with strong primary SNR around 13.60, low OOT variability at about 0.06x transit depth, many event-family members, and no meaningful positive secondary eclipse. However the primary depth is relatively large at about 0.015, radius ratio is about 0.123, apparent duration is long at about 9.32 hours for P=2.21d, and odd/even consistency is only mediocre with ratio about 0.780 and explicit delta about 0.267. Period source is event-spacing fallback with many candidate periods. Keep as uncertain hold pending Stage F period validation and EB diagnostic review rather than promote directly.",,,,,,,,,,,uncertain_hold,uncertain_hold,unresolved,do_not_promote_to_stage_g,excluded_uncertain_hold,"Clear dip-like signal is present with strong primary SNR around 13.60, low OOT variability at about 0.06x transit depth, many event-family members, and no meaningful positive secondary eclipse. However the primary depth is relatively large at about 0.015, radius ratio is about 0.123, apparent duration is long at about 9.32 hours for P=2.21d, and odd/even consistency is only mediocre with ratio about 0.780 and explicit delta about 0.267. Period source is event-spacing fallback with many candidate periods. Keep as uncertain hold pending Stage F period validation and EB diagnostic review rather than promote directly.",2026-05-25,user_provided_manual_review,,,,
EPIC_211356395,manual_vetting_batch_64,,,do_not_promote_to_stage_g,,uncertain_hold,uncertain_hold,uncertain_hold,manual_vetting_batch_64,"Visible shallow folded dip with good odd/even consistency and no secondary eclipse; OOT variability acceptable at about 0.30 of depth; primary SNR is modest and period support is fallback/ambiguous, so hold for Stage F validation rather than direct promotion.","Visible shallow folded dip with good odd/even consistency and no secondary eclipse; OOT variability acceptable at about 0.30 of depth; primary SNR is modest and period support is fallback/ambiguous, so hold for Stage F validation rather than direct promotion.",user_provided_manual_review,2026-05-19,promote_to_stage_f_period_validation,"Visible shallow folded dip with good odd/even consistency and no secondary eclipse; OOT variability acceptable at about 0.30 of depth; primary SNR is modest and period support is fallback/ambiguous, so hold for Stage F validation rather than direct promotion.",,,,,,,,,,,uncertain_hold,uncertain_hold,unresolved,do_not_promote_to_stage_g,excluded_uncertain_hold,"Visible shallow folded dip with good odd/even consistency and no secondary eclipse; OOT variability acceptable at about 0.30 of depth; primary SNR is modest and period support is fallback/ambiguous, so hold for Stage F validation rather than direct promotion.",2026-05-19,user_provided_manual_review,,,,
EPIC_211844348,manual_vetting_batch_64,,,do_not_promote_to_stage_g,,noise_or_artifact,noise_or_artifact,noise_or_artifact,manual_vetting_batch_64,"Manual review favors noise/artifact despite superficially acceptable diagnostics. The signal is very shallow, and the apparent duration is fairly long at about 5.88 hours. Odd/even consistency is good with ratio about 0.949 and no detected secondary eclipse, but the period source is event-spacing fallback with many candidate periods, and the visual signal is not convincing enough to justify holding. Reject as noise/artifact despite morphology-positive CNN score.","Manual review favors noise/artifact despite superficially acceptable diagnostics. The signal is very shallow, and the apparent duration is fairly long at about 5.88 hours. Odd/even consistency is good with ratio about 0.949 and no detected secondary eclipse, but the period source is event-spacing fallback with many candidate periods, and the visual signal is not convincing enough to justify holding. Reject as noise/artifact despite morphology-positive CNN score.",user_provided_manual_review,2026-05-22,reject_from_candidate_pipeline,"Manual review favors noise/artifact despite superficially acceptable diagnostics. The signal is very shallow, and the apparent duration is fairly long at about 5.88 hours. Odd/even consistency is good with ratio about 0.949 and no detected secondary eclipse, but the period source is event-spacing fallback with many candidate periods, and the visual signal is not convincing enough to justify holding. Reject as noise/artifact despite morphology-positive CNN score.",,,,,,,,,,,noise_or_artifact,negative_noise_or_artifact,not_science_like,do_not_promote_to_stage_g,negative_noise_or_artifact,"Manual review favors noise/artifact despite superficially acceptable diagnostics. The signal is very shallow, and the apparent duration is fairly long at about 5.88 hours. Odd/even consistency is good with ratio about 0.949 and no detected secondary eclipse, but the period source is event-spacing fallback with many candidate periods, and the visual signal is not convincing enough to justify holding. Reject as noise/artifact despite morphology-positive CNN score.",2026-05-22,user_provided_manual_review,,,,
EPIC_211432321,manual_vetting_batch_64,,,do_not_promote_to_stage_g,,noise_or_artifact,noise_or_artifact,noise_or_artifact,manual_vetting_batch_64,"Weak/shallow signal with modest primary SNR around 7.52, very short period at P=0.776d, and implausibly long transit duration around 6.37 hours. Period support is unreliable from event-spacing fallback with many candidate periods, and alias risk is moderate with stronger support near the double-period alias. Odd/even is not catastrophically mismatched but still imperfect, so reject as noise/artifact rather than promote.","Weak/shallow signal with modest primary SNR around 7.52, very short period at P=0.776d, and implausibly long transit duration around 6.37 hours. Period support is unreliable from event-spacing fallback with many candidate periods, and alias risk is moderate with stronger support near the double-period alias. Odd/even is not catastrophically mismatched but still imperfect, so reject as noise/artifact rather than promote.",user_provided_manual_review,2026-05-19,reject_from_candidate_pipeline,"Weak/shallow signal with modest primary SNR around 7.52, very short period at P=0.776d, and implausibly long transit duration around 6.37 hours. Period support is unreliable from event-spacing fallback with many candidate periods, and alias risk is moderate with stronger support near the double-period alias. Odd/even is not catastrophically mismatched but still imperfect, so reject as noise/artifact rather than promote.",,,,,,,,,,,noise_or_artifact,negative_noise_or_artifact,not_science_like,do_not_promote_to_stage_g,negative_noise_or_artifact,"Weak/shallow signal with modest primary SNR around 7.52, very short period at P=0.776d, and implausibly long transit duration around 6.37 hours. Period support is unreliable from event-spacing fallback with many candidate periods, and alias risk is moderate with stronger support near the double-period alias. Odd/even is not catastrophically mismatched but still imperfect, so reject as noise/artifact rather than promote.",2026-05-19,user_provided_manual_review,,,,
EPIC_211592766,manual_vetting_batch_64,,,do_not_promote_to_stage_g,,uncertain_hold,uncertain_hold,uncertain_hold,manual_vetting_batch_64,"Transit-like signal has acceptable primary SNR around 8.09, good odd/even consistency with ratio about 0.933 and explicit delta about 0.072, no significant secondary eclipse, and low alias risk. However the transit duration is long at about 7.36 hours for P=2.09d, OOT variability is non-trivial at about 0.27x transit depth, CNN morphology score is only moderate, and the period source is event-spacing fallback with many candidate periods. Keep as uncertain hold pending Stage F period validation and improved plot/detrending review rather than promote.","Transit-like signal has acceptable primary SNR around 8.09, good odd/even consistency with ratio about 0.933 and explicit delta about 0.072, no significant secondary eclipse, and low alias risk. However the transit duration is long at about 7.36 hours for P=2.09d, OOT variability is non-trivial at about 0.27x transit depth, CNN morphology score is only moderate, and the period source is event-spacing fallback with many candidate periods. Keep as uncertain hold pending Stage F period validation and improved plot/detrending review rather than promote.",user_provided_manual_review,2026-05-20,keep_hold_for_recheck_with_stage_f_period_validation,"Transit-like signal has acceptable primary SNR around 8.09, good odd/even consistency with ratio about 0.933 and explicit delta about 0.072, no significant secondary eclipse, and low alias risk. However the transit duration is long at about 7.36 hours for P=2.09d, OOT variability is non-trivial at about 0.27x transit depth, CNN morphology score is only moderate, and the period source is event-spacing fallback with many candidate periods. Keep as uncertain hold pending Stage F period validation and improved plot/detrending review rather than promote.",,,,,,,,,,,uncertain_hold,uncertain_hold,unresolved,do_not_promote_to_stage_g,excluded_uncertain_hold,"Transit-like signal has acceptable primary SNR around 8.09, good odd/even consistency with ratio about 0.933 and explicit delta about 0.072, no significant secondary eclipse, and low alias risk. However the transit duration is long at about 7.36 hours for P=2.09d, OOT variability is non-trivial at about 0.27x transit depth, CNN morphology score is only moderate, and the period source is event-spacing fallback with many candidate periods. Keep as uncertain hold pending Stage F period validation and improved plot/detrending review rather than promote.",2026-05-20,user_provided_manual_review,,,,
EPIC_211371463,manual_vetting_batch_64,,,do_not_promote_to_stage_g,,uncertain_hold,uncertain_hold,uncertain_hold,manual_vetting_batch_64,"Strong dip morphology and excellent odd/even consistency, but OOT variability is about 1.9x the transit depth, duration is long for P=2.84d, and period source is fallback-only; hold pending better OOT/detrending validation.","Strong dip morphology and excellent odd/even consistency, but OOT variability is about 1.9x the transit depth, duration is long for P=2.84d, and period source is fallback-only; hold pending better OOT/detrending validation.",user_provided_manual_review,2026-05-19,run_stage_f_validation_with_oot_detrending_check,"Strong dip morphology and excellent odd/even consistency, but OOT variability is about 1.9x the transit depth, duration is long for P=2.84d, and period source is fallback-only; hold pending better OOT/detrending validation.",,,,,,,,,,,uncertain_hold,uncertain_hold,unresolved,do_not_promote_to_stage_g,excluded_uncertain_hold,"Strong dip morphology and excellent odd/even consistency, but OOT variability is about 1.9x the transit depth, duration is long for P=2.84d, and period source is fallback-only; hold pending better OOT/detrending validation.",2026-05-19,user_provided_manual_review,,,,
EPIC_211939206,manual_vetting_batch_64,,,do_not_promote_to_stage_g,,low_priority_negative,low_priority_negative,low_priority_negative,manual_vetting_batch_64,"Best-looking noise case. Some transit-like dip morphology exists, but validation is weak. Primary depth = 0.001054. SNR = 43.47. Odd/even agreement is imperfect: ratio = 0.712, delta = 0.310. Alias risk = moderate. Strong alias/double-period support: alias_best_period_days = 3.16692, support_ratio = 0.889. Period source = event_spacing_fallback. Candidate period count is extremely high: 1671. CNN score = 0.736 is morphology-only.","Best-looking noise case. Some transit-like dip morphology exists, but validation is weak. Primary depth = 0.001054. SNR = 43.47. Odd/even agreement is imperfect: ratio = 0.712, delta = 0.310. Alias risk = moderate. Strong alias/double-period support: alias_best_period_days = 3.16692, support_ratio = 0.889. Period source = event_spacing_fallback. Candidate period count is extremely high: 1671. CNN score = 0.736 is morphology-only.",user_provided_manual_review,2026-05-25,reject_low_priority,"Best-looking noise case. Some transit-like dip morphology exists, but validation is weak. Primary depth = 0.001054. SNR = 43.47. Odd/even agreement is imperfect: ratio = 0.712, delta = 0.310. Alias risk = moderate. Strong alias/double-period support: alias_best_period_days = 3.16692, support_ratio = 0.889. Period source = event_spacing_fallback. Candidate period count is extremely high: 1671. CNN score = 0.736 is morphology-only.",,,,,,,,,,,low_priority_negative,negative_low_priority,not_science_like,do_not_promote_to_stage_g,negative_low_priority,"Best-looking noise case. Some transit-like dip morphology exists, but validation is weak. Primary depth = 0.001054. SNR = 43.47. Odd/even agreement is imperfect: ratio = 0.712, delta = 0.310. Alias risk = moderate. Strong alias/double-period support: alias_best_period_days = 3.16692, support_ratio = 0.889. Period source = event_spacing_fallback. Candidate period count is extremely high: 1671. CNN score = 0.736 is morphology-only.",2026-05-25,user_provided_manual_review,,,,
EPIC_211781094,manual_vetting_batch_64,,,do_not_promote_to_stage_g,,noise_or_artifact,noise_or_artifact,noise_or_artifact,manual_vetting_batch_64,"Some signal-like features may be present, but the detection is not credible as a planet-like candidate. The measured primary depth is extremely large at about 0.217, implying radius ratio about 0.466, while primary SNR is weak around 3.34 and event support is limited. Odd/even consistency is acceptable and there is no detected secondary eclipse, but the period source is event-spacing fallback with many candidate periods and the signal appears unreliable. Reject as noise/artifact or bad folded-event fit rather than promote or hold.","Some signal-like features may be present, but the detection is not credible as a planet-like candidate. The measured primary depth is extremely large at about 0.217, implying radius ratio about 0.466, while primary SNR is weak around 3.34 and event support is limited. Odd/even consistency is acceptable and there is no detected secondary eclipse, but the period source is event-spacing fallback with many candidate periods and the signal appears unreliable. Reject as noise/artifact or bad folded-event fit rather than promote or hold.",user_provided_manual_review,2026-05-22,reject_from_candidate_pipeline,"Some signal-like features may be present, but the detection is not credible as a planet-like candidate. The measured primary depth is extremely large at about 0.217, implying radius ratio about 0.466, while primary SNR is weak around 3.34 and event support is limited. Odd/even consistency is acceptable and there is no detected secondary eclipse, but the period source is event-spacing fallback with many candidate periods and the signal appears unreliable. Reject as noise/artifact or bad folded-event fit rather than promote or hold.",,,,,,,,,,,noise_or_artifact,negative_noise_or_artifact,not_science_like,do_not_promote_to_stage_g,negative_noise_or_artifact,"Some signal-like features may be present, but the detection is not credible as a planet-like candidate. The measured primary depth is extremely large at about 0.217, implying radius ratio about 0.466, while primary SNR is weak around 3.34 and event support is limited. Odd/even consistency is acceptable and there is no detected secondary eclipse, but the period source is event-spacing fallback with many candidate periods and the signal appears unreliable. Reject as noise/artifact or bad folded-event fit rather than promote or hold.",2026-05-22,user_provided_manual_review,,,,
EPIC_211702989,manual_vetting_batch_64,,,do_not_promote_to_stage_g,,noise_or_artifact,noise_or_artifact,noise_or_artifact,manual_vetting_batch_64,"Manual review favors noise/artifact rather than a planet-like candidate. The signal is very shallow despite modest/high primary SNR, with no detected secondary eclipse, but odd/even consistency is poor: odd/even ratio about 0.400 and explicit delta about 0.833. Alias risk is moderate with stronger support at the double-period alias, and the period source is event-spacing fallback with many candidate periods. Reject from candidate pipeline despite high CNN morphology score because the signal is not visually or diagnostically planet-like.","Manual review favors noise/artifact rather than a planet-like candidate. The signal is very shallow despite modest/high primary SNR, with no detected secondary eclipse, but odd/even consistency is poor: odd/even ratio about 0.400 and explicit delta about 0.833. Alias risk is moderate with stronger support at the double-period alias, and the period source is event-spacing fallback with many candidate periods. Reject from candidate pipeline despite high CNN morphology score because the signal is not visually or diagnostically planet-like.",user_provided_manual_review,2026-05-22,reject_from_candidate_pipeline,"Manual review favors noise/artifact rather than a planet-like candidate. The signal is very shallow despite modest/high primary SNR, with no detected secondary eclipse, but odd/even consistency is poor: odd/even ratio about 0.400 and explicit delta about 0.833. Alias risk is moderate with stronger support at the double-period alias, and the period source is event-spacing fallback with many candidate periods. Reject from candidate pipeline despite high CNN morphology score because the signal is not visually or diagnostically planet-like.",,,,,,,,,,,noise_or_artifact,negative_noise_or_artifact,not_science_like,do_not_promote_to_stage_g,negative_noise_or_artifact,"Manual review favors noise/artifact rather than a planet-like candidate. The signal is very shallow despite modest/high primary SNR, with no detected secondary eclipse, but odd/even consistency is poor: odd/even ratio about 0.400 and explicit delta about 0.833. Alias risk is moderate with stronger support at the double-period alias, and the period source is event-spacing fallback with many candidate periods. Reject from candidate pipeline despite high CNN morphology score because the signal is not visually or diagnostically planet-like.",2026-05-22,user_provided_manual_review,,,,
EPIC_211980250,manual_vetting_batch_64,,,do_not_promote_to_stage_g,,reject_as_noise_or_artifact,reject_as_noise_or_artifact,reject_as_noise_or_artifact,manual_vetting_batch_64,Manual review rejects despite strong-looking metrics. Primary depth = 0.014447. SNR = 306.85. Odd/even good: ratio = 0.928. OOT/depth low: 0.023. No secondary eclipse detected. But visual/manual confidence is not candidate-like. Long duration: 12.26 h at P = 2.97623 d. Large radius ratio estimate: 0.120. Period source = event_spacing_fallback. Candidate period count = 476.,Manual review rejects despite strong-looking metrics. Primary depth = 0.014447. SNR = 306.85. Odd/even good: ratio = 0.928. OOT/depth low: 0.023. No secondary eclipse detected. But visual/manual confidence is not candidate-like. Long duration: 12.26 h at P = 2.97623 d. Large radius ratio estimate: 0.120. Period source = event_spacing_fallback. Candidate period count = 476.,user_provided_manual_review,2026-05-28,reject,Manual review rejects despite strong-looking metrics. Primary depth = 0.014447. SNR = 306.85. Odd/even good: ratio = 0.928. OOT/depth low: 0.023. No secondary eclipse detected. But visual/manual confidence is not candidate-like. Long duration: 12.26 h at P = 2.97623 d. Large radius ratio estimate: 0.120. Period source = event_spacing_fallback. Candidate period count = 476.,,,,,,,,,,,reject_as_noise_or_artifact,negative_reject_as_noise_or_artifact,not_science_like,do_not_promote_to_stage_g,negative_reject_as_noise_or_artifact,Manual review rejects despite strong-looking metrics. Primary depth = 0.014447. SNR = 306.85. Odd/even good: ratio = 0.928. OOT/depth low: 0.023. No secondary eclipse detected. But visual/manual confidence is not candidate-like. Long duration: 12.26 h at P = 2.97623 d. Large radius ratio estimate: 0.120. Period source = event_spacing_fallback. Candidate period count = 476.,2026-05-28,user_provided_manual_review,,,,
EPIC_211512262,manual_vetting_batch_64,,,do_not_promote_to_stage_g,,uncertain_hold,uncertain_hold,uncertain_hold,manual_vetting_batch_64,"Very shallow but coherent transit-like signal with excellent odd/even consistency, ratio about 0.981 and explicit delta about 0.019, no detected secondary eclipse, low alias risk, high CNN morphology score, and locally enhanced cutouts showing repeated weak dips in several events. However the primary depth is tiny at about 0.000104, primary SNR is weak/modest at about 3.50, event support is limited, and the period source is event-spacing fallback. Keep as uncertain hold pending Stage F period validation and improved stacked/local cutout review rather than direct candidate promotion.","Very shallow but coherent transit-like signal with excellent odd/even consistency, ratio about 0.981 and explicit delta about 0.019, no detected secondary eclipse, low alias risk, high CNN morphology score, and locally enhanced cutouts showing repeated weak dips in several events. However the primary depth is tiny at about 0.000104, primary SNR is weak/modest at about 3.50, event support is limited, and the period source is event-spacing fallback. Keep as uncertain hold pending Stage F period validation and improved stacked/local cutout review rather than direct candidate promotion.",user_provided_manual_review,2026-05-20,keep_hold_for_recheck_with_stage_f_period_validation,"Very shallow but coherent transit-like signal with excellent odd/even consistency, ratio about 0.981 and explicit delta about 0.019, no detected secondary eclipse, low alias risk, high CNN morphology score, and locally enhanced cutouts showing repeated weak dips in several events. However the primary depth is tiny at about 0.000104, primary SNR is weak/modest at about 3.50, event support is limited, and the period source is event-spacing fallback. Keep as uncertain hold pending Stage F period validation and improved stacked/local cutout review rather than direct candidate promotion.",,,,,,,,,,,uncertain_hold,uncertain_hold,unresolved,do_not_promote_to_stage_g,excluded_uncertain_hold,"Very shallow but coherent transit-like signal with excellent odd/even consistency, ratio about 0.981 and explicit delta about 0.019, no detected secondary eclipse, low alias risk, high CNN morphology score, and locally enhanced cutouts showing repeated weak dips in several events. However the primary depth is tiny at about 0.000104, primary SNR is weak/modest at about 3.50, event support is limited, and the period source is event-spacing fallback. Keep as uncertain hold pending Stage F period validation and improved stacked/local cutout review rather than direct candidate promotion.",2026-05-20,user_provided_manual_review,,,,
EPIC_211945246,manual_vetting_batch_64,,,do_not_promote_to_stage_g,,low_priority_negative,low_priority_negative,low_priority_negative,manual_vetting_batch_64,"Folded light curve shows only a small weak possible dip. Secondary diagnostic is flat / line-like, with no meaningful secondary eclipse. Primary depth is shallow: 0.000907. SNR is weak: 6.65. Odd/even is acceptable but not clean: ratio = 0.786. OOT is good: oot_variability_to_depth = 0.0119. Period source = event_spacing_fallback. Candidate period count = 698. Not convincing enough for promotion.","Folded light curve shows only a small weak possible dip. Secondary diagnostic is flat / line-like, with no meaningful secondary eclipse. Primary depth is shallow: 0.000907. SNR is weak: 6.65. Odd/even is acceptable but not clean: ratio = 0.786. OOT is good: oot_variability_to_depth = 0.0119. Period source = event_spacing_fallback. Candidate period count = 698. Not convincing enough for promotion.",user_provided_manual_review,2026-05-28,reject_low_priority,"Folded light curve shows only a small weak possible dip. Secondary diagnostic is flat / line-like, with no meaningful secondary eclipse. Primary depth is shallow: 0.000907. SNR is weak: 6.65. Odd/even is acceptable but not clean: ratio = 0.786. OOT is good: oot_variability_to_depth = 0.0119. Period source = event_spacing_fallback. Candidate period count = 698. Not convincing enough for promotion.",,,,,,,,,,,low_priority_negative,negative_low_priority,not_science_like,do_not_promote_to_stage_g,negative_low_priority,"Folded light curve shows only a small weak possible dip. Secondary diagnostic is flat / line-like, with no meaningful secondary eclipse. Primary depth is shallow: 0.000907. SNR is weak: 6.65. Odd/even is acceptable but not clean: ratio = 0.786. OOT is good: oot_variability_to_depth = 0.0119. Period source = event_spacing_fallback. Candidate period count = 698. Not convincing enough for promotion.",2026-05-28,user_provided_manual_review,,,,
EPIC_211542908,manual_vetting_batch_64,,,do_not_promote_to_stage_g,,binary_system,binary_system,binary_system,manual_vetting_batch_64,"Strong odd/even depth mismatch with ratio about 0.391 and explicit delta about 1.27, making the signal EB-like or unreliable rather than planet-like. The signal is also very shallow, primary SNR is only modest around 6.38, alias risk is moderate, and the period source is event-spacing fallback with many candidate periods. Reject from candidate pipeline despite morphology-positive CNN score and no detected secondary eclipse.","Strong odd/even depth mismatch with ratio about 0.391 and explicit delta about 1.27, making the signal EB-like or unreliable rather than planet-like. The signal is also very shallow, primary SNR is only modest around 6.38, alias risk is moderate, and the period source is event-spacing fallback with many candidate periods. Reject from candidate pipeline despite morphology-positive CNN score and no detected secondary eclipse.",user_provided_manual_review,2026-05-20,reject_from_candidate_pipeline,"Strong odd/even depth mismatch with ratio about 0.391 and explicit delta about 1.27, making the signal EB-like or unreliable rather than planet-like. The signal is also very shallow, primary SNR is only modest around 6.38, alias risk is moderate, and the period source is event-spacing fallback with many candidate periods. Reject from candidate pipeline despite morphology-positive CNN score and no detected secondary eclipse.",,,,,,,,,,,binary_system,false_positive_eb_or_variable,not_science_like,do_not_promote_to_stage_g,false_positive_eb_or_variable,"Strong odd/even depth mismatch with ratio about 0.391 and explicit delta about 1.27, making the signal EB-like or unreliable rather than planet-like. The signal is also very shallow, primary SNR is only modest around 6.38, alias risk is moderate, and the period source is event-spacing fallback with many candidate periods. Reject from candidate pipeline despite morphology-positive CNN score and no detected secondary eclipse.",2026-05-20,user_provided_manual_review,,,,
EPIC_211493634,manual_vetting_batch_64,,,do_not_promote_to_stage_g,,noise_or_artifact,noise_or_artifact,noise_or_artifact,manual_vetting_batch_64,"Very shallow signal with modest primary SNR around 8.44, short period at P=0.608d, and only limited event support. Odd/even consistency is not severely bad but is imperfect, with ratio about 0.789 and explicit delta about 0.236. Alias risk is moderate with stronger support at the double-period alias, and the period source is event-spacing fallback with many candidate periods. Plot is noisy and there is no strong planet-like feature to justify holding or promotion despite morphology-positive CNN score.","Very shallow signal with modest primary SNR around 8.44, short period at P=0.608d, and only limited event support. Odd/even consistency is not severely bad but is imperfect, with ratio about 0.789 and explicit delta about 0.236. Alias risk is moderate with stronger support at the double-period alias, and the period source is event-spacing fallback with many candidate periods. Plot is noisy and there is no strong planet-like feature to justify holding or promotion despite morphology-positive CNN score.",user_provided_manual_review,2026-05-20,reject_from_candidate_pipeline,"Very shallow signal with modest primary SNR around 8.44, short period at P=0.608d, and only limited event support. Odd/even consistency is not severely bad but is imperfect, with ratio about 0.789 and explicit delta about 0.236. Alias risk is moderate with stronger support at the double-period alias, and the period source is event-spacing fallback with many candidate periods. Plot is noisy and there is no strong planet-like feature to justify holding or promotion despite morphology-positive CNN score.",,,,,,,,,,,noise_or_artifact,negative_noise_or_artifact,not_science_like,do_not_promote_to_stage_g,negative_noise_or_artifact,"Very shallow signal with modest primary SNR around 8.44, short period at P=0.608d, and only limited event support. Odd/even consistency is not severely bad but is imperfect, with ratio about 0.789 and explicit delta about 0.236. Alias risk is moderate with stronger support at the double-period alias, and the period source is event-spacing fallback with many candidate periods. Plot is noisy and there is no strong planet-like feature to justify holding or promotion despite morphology-positive CNN score.",2026-05-20,user_provided_manual_review,,,,
EPIC_211536223,manual_vetting_batch_64,,,do_not_promote_to_stage_g,,noise_or_artifact,noise_or_artifact,noise_or_artifact,manual_vetting_batch_64,"Deep morphology-positive signal, but the event shape is likely dominated by structured noise or variability. Transit duration is very long at about 12.75 hours for P=2.49d, OOT variability is high at about 0.51x transit depth, odd/even consistency is only mediocre with ratio about 0.797 and explicit delta about 0.205, and alias risk is moderate. Period source is event-spacing fallback with limited event support, so reject as noise/artifact rather than promote despite the sizeable apparent depth.","Deep morphology-positive signal, but the event shape is likely dominated by structured noise or variability. Transit duration is very long at about 12.75 hours for P=2.49d, OOT variability is high at about 0.51x transit depth, odd/even consistency is only mediocre with ratio about 0.797 and explicit delta about 0.205, and alias risk is moderate. Period source is event-spacing fallback with limited event support, so reject as noise/artifact rather than promote despite the sizeable apparent depth.",user_provided_manual_review,2026-05-20,reject_from_candidate_pipeline,"Deep morphology-positive signal, but the event shape is likely dominated by structured noise or variability. Transit duration is very long at about 12.75 hours for P=2.49d, OOT variability is high at about 0.51x transit depth, odd/even consistency is only mediocre with ratio about 0.797 and explicit delta about 0.205, and alias risk is moderate. Period source is event-spacing fallback with limited event support, so reject as noise/artifact rather than promote despite the sizeable apparent depth.",,,,,,,,,,,noise_or_artifact,negative_noise_or_artifact,not_science_like,do_not_promote_to_stage_g,negative_noise_or_artifact,"Deep morphology-positive signal, but the event shape is likely dominated by structured noise or variability. Transit duration is very long at about 12.75 hours for P=2.49d, OOT variability is high at about 0.51x transit depth, odd/even consistency is only mediocre with ratio about 0.797 and explicit delta about 0.205, and alias risk is moderate. Period source is event-spacing fallback with limited event support, so reject as noise/artifact rather than promote despite the sizeable apparent depth.",2026-05-20,user_provided_manual_review,,,,
EPIC_211745624,manual_vetting_batch_64,,,do_not_promote_to_stage_g,,uncertain_hold,uncertain_hold,uncertain_hold,manual_vetting_batch_64,"Transit-like signal has excellent odd/even consistency with ratio about 0.992 and explicit delta about 0.0075, no significant secondary eclipse, plausible depth around 0.0043, reasonable duration around 1.96 hours, and many event-family members. However primary SNR is weak around 3.49, OOT variability is non-trivial at about 0.49x transit depth, and the period source is event-spacing fallback with many candidate periods. Keep as uncertain hold pending Stage F period validation and OOT/detrending review rather than promote directly.","Transit-like signal has excellent odd/even consistency with ratio about 0.992 and explicit delta about 0.0075, no significant secondary eclipse, plausible depth around 0.0043, reasonable duration around 1.96 hours, and many event-family members. However primary SNR is weak around 3.49, OOT variability is non-trivial at about 0.49x transit depth, and the period source is event-spacing fallback with many candidate periods. Keep as uncertain hold pending Stage F period validation and OOT/detrending review rather than promote directly.",user_provided_manual_review,2026-05-22,keep_hold_for_recheck_with_stage_f_period_validation_and_oot_detrending,"Transit-like signal has excellent odd/even consistency with ratio about 0.992 and explicit delta about 0.0075, no significant secondary eclipse, plausible depth around 0.0043, reasonable duration around 1.96 hours, and many event-family members. However primary SNR is weak around 3.49, OOT variability is non-trivial at about 0.49x transit depth, and the period source is event-spacing fallback with many candidate periods. Keep as uncertain hold pending Stage F period validation and OOT/detrending review rather than promote directly.",,,,,,,,,,,uncertain_hold,uncertain_hold,unresolved,do_not_promote_to_stage_g,excluded_uncertain_hold,"Transit-like signal has excellent odd/even consistency with ratio about 0.992 and explicit delta about 0.0075, no significant secondary eclipse, plausible depth around 0.0043, reasonable duration around 1.96 hours, and many event-family members. However primary SNR is weak around 3.49, OOT variability is non-trivial at about 0.49x transit depth, and the period source is event-spacing fallback with many candidate periods. Keep as uncertain hold pending Stage F period validation and OOT/detrending review rather than promote directly.",2026-05-22,user_provided_manual_review,,,,
EPIC_211933215,manual_vetting_batch_64,,,do_not_promote_to_stage_g,,reject_as_noise_or_artifact,reject_as_noise_or_artifact,reject_as_noise_or_artifact,manual_vetting_batch_64,Too weak and period-unstable. Primary depth is shallow: 0.000394. SNR is only moderate: 11.86. Period source = event_spacing_fallback. Autovet says no reliable saved period support. Candidate period count is very high: 1039. CNN score = 0.731 is morphology-only.,Too weak and period-unstable. Primary depth is shallow: 0.000394. SNR is only moderate: 11.86. Period source = event_spacing_fallback. Autovet says no reliable saved period support. Candidate period count is very high: 1039. CNN score = 0.731 is morphology-only.,user_provided_manual_review,2026-05-25,reject,Too weak and period-unstable. Primary depth is shallow: 0.000394. SNR is only moderate: 11.86. Period source = event_spacing_fallback. Autovet says no reliable saved period support. Candidate period count is very high: 1039. CNN score = 0.731 is morphology-only.,,,,,,,,,,,reject_as_noise_or_artifact,negative_reject_as_noise_or_artifact,not_science_like,do_not_promote_to_stage_g,negative_reject_as_noise_or_artifact,Too weak and period-unstable. Primary depth is shallow: 0.000394. SNR is only moderate: 11.86. Period source = event_spacing_fallback. Autovet says no reliable saved period support. Candidate period count is very high: 1039. CNN score = 0.731 is morphology-only.,2026-05-25,user_provided_manual_review,,,,
EPIC_212025784,manual_vetting_batch_64,,,do_not_promote_to_stage_g,,reject_as_noise_or_artifact,reject_as_noise_or_artifact,reject_as_noise_or_artifact,manual_vetting_batch_64,"Perfect noise / artifact. Primary depth = 0.002349. SNR = 76.34, but not trusted due to noisy context. Odd/even fairly good: ratio = 0.913. OOT variability is very high: oot_variability_to_depth = 0.718. Long duration: 12.01 h at P = 3.74308 d. Period source = event_spacing_fallback. Candidate period count = 1301. Half-period and double-period support both high.","Perfect noise / artifact. Primary depth = 0.002349. SNR = 76.34, but not trusted due to noisy context. Odd/even fairly good: ratio = 0.913. OOT variability is very high: oot_variability_to_depth = 0.718. Long duration: 12.01 h at P = 3.74308 d. Period source = event_spacing_fallback. Candidate period count = 1301. Half-period and double-period support both high.",user_provided_manual_review,2026-06-01,reject,"Perfect noise / artifact. Primary depth = 0.002349. SNR = 76.34, but not trusted due to noisy context. Odd/even fairly good: ratio = 0.913. OOT variability is very high: oot_variability_to_depth = 0.718. Long duration: 12.01 h at P = 3.74308 d. Period source = event_spacing_fallback. Candidate period count = 1301. Half-period and double-period support both high.",,,,,,,,,,,reject_as_noise_or_artifact,negative_reject_as_noise_or_artifact,not_science_like,do_not_promote_to_stage_g,negative_reject_as_noise_or_artifact,"Perfect noise / artifact. Primary depth = 0.002349. SNR = 76.34, but not trusted due to noisy context. Odd/even fairly good: ratio = 0.913. OOT variability is very high: oot_variability_to_depth = 0.718. Long duration: 12.01 h at P = 3.74308 d. Period source = event_spacing_fallback. Candidate period count = 1301. Half-period and double-period support both high.",2026-06-01,user_provided_manual_review,,,,
EPIC_211573482,manual_vetting_batch_64,,,do_not_promote_to_stage_g,,binary_system,binary_system,binary_system,manual_vetting_batch_64,"Signal is present, but diagnostics are unfavorable for a planet-like candidate. Odd/even depth consistency is poor, with ratio about 0.610 and explicit delta about 0.589, suggesting possible EB behavior. OOT variability is very high at about 1.16x the transit depth, meaning the apparent events may be embedded in stellar variability or structured noise. Period source is event-spacing fallback with many candidate periods, and CNN score is only morphology-positive, not promotion authority. Reject from candidate pipeline as likely binary/variable contamination rather than continue holding.","Signal is present, but diagnostics are unfavorable for a planet-like candidate. Odd/even depth consistency is poor, with ratio about 0.610 and explicit delta about 0.589, suggesting possible EB behavior. OOT variability is very high at about 1.16x the transit depth, meaning the apparent events may be embedded in stellar variability or structured noise. Period source is event-spacing fallback with many candidate periods, and CNN score is only morphology-positive, not promotion authority. Reject from candidate pipeline as likely binary/variable contamination rather than continue holding.",user_provided_manual_review,2026-05-20,reject_from_candidate_pipeline,"Signal is present, but diagnostics are unfavorable for a planet-like candidate. Odd/even depth consistency is poor, with ratio about 0.610 and explicit delta about 0.589, suggesting possible EB behavior. OOT variability is very high at about 1.16x the transit depth, meaning the apparent events may be embedded in stellar variability or structured noise. Period source is event-spacing fallback with many candidate periods, and CNN score is only morphology-positive, not promotion authority. Reject from candidate pipeline as likely binary/variable contamination rather than continue holding.",,,,,,,,,,,binary_system,false_positive_eb_or_variable,not_science_like,do_not_promote_to_stage_g,false_positive_eb_or_variable,"Signal is present, but diagnostics are unfavorable for a planet-like candidate. Odd/even depth consistency is poor, with ratio about 0.610 and explicit delta about 0.589, suggesting possible EB behavior. OOT variability is very high at about 1.16x the transit depth, meaning the apparent events may be embedded in stellar variability or structured noise. Period source is event-spacing fallback with many candidate periods, and CNN score is only morphology-positive, not promotion authority. Reject from candidate pipeline as likely binary/variable contamination rather than continue holding.",2026-05-20,user_provided_manual_review,,,,
EPIC_211424769,manual_vetting_batch_64,,,do_not_promote_to_stage_g,,binary_system,binary_system,binary_system,manual_vetting_batch_64,"Strong odd/even depth mismatch with ratio about 0.343 and explicit delta about 0.82, making the signal EB-like rather than planet-like. Primary SNR is only modest, CNN morphology score is moderate, and the period source is event-spacing fallback with many candidate periods, so reject from candidate pipeline despite low OOT variability and no meaningful positive secondary eclipse.","Strong odd/even depth mismatch with ratio about 0.343 and explicit delta about 0.82, making the signal EB-like rather than planet-like. Primary SNR is only modest, CNN morphology score is moderate, and the period source is event-spacing fallback with many candidate periods, so reject from candidate pipeline despite low OOT variability and no meaningful positive secondary eclipse.",user_provided_manual_review,2026-05-19,reject_from_candidate_pipeline,"Strong odd/even depth mismatch with ratio about 0.343 and explicit delta about 0.82, making the signal EB-like rather than planet-like. Primary SNR is only modest, CNN morphology score is moderate, and the period source is event-spacing fallback with many candidate periods, so reject from candidate pipeline despite low OOT variability and no meaningful positive secondary eclipse.",,,,,,,,,,,binary_system,false_positive_eb_or_variable,not_science_like,do_not_promote_to_stage_g,false_positive_eb_or_variable,"Strong odd/even depth mismatch with ratio about 0.343 and explicit delta about 0.82, making the signal EB-like rather than planet-like. Primary SNR is only modest, CNN morphology score is moderate, and the period source is event-spacing fallback with many candidate periods, so reject from candidate pipeline despite low OOT variability and no meaningful positive secondary eclipse.",2026-05-19,user_provided_manual_review,,,,
EPIC_211851580,manual_vetting_batch_64,,,do_not_promote_to_stage_g,,uncertain_hold,uncertain_hold,uncertain_hold,manual_vetting_batch_64,"Transit-like signal is present with acceptable primary SNR around 8.50, good odd/even consistency with ratio about 0.914 and explicit delta about 0.094, no numerically detected secondary eclipse, and OOT variability is moderate at about 0.27x transit depth. However the secondary-check panel appears visually odd despite zero/null secondary metrics, the apparent transit duration is long at about 8.09 hours, and the period source is event-spacing fallback with many candidate periods. Keep as uncertain hold pending Stage F period validation and manual inspection of the secondary window rather than promote directly.","Transit-like signal is present with acceptable primary SNR around 8.50, good odd/even consistency with ratio about 0.914 and explicit delta about 0.094, no numerically detected secondary eclipse, and OOT variability is moderate at about 0.27x transit depth. However the secondary-check panel appears visually odd despite zero/null secondary metrics, the apparent transit duration is long at about 8.09 hours, and the period source is event-spacing fallback with many candidate periods. Keep as uncertain hold pending Stage F period validation and manual inspection of the secondary window rather than promote directly.",user_provided_manual_review,2026-05-22,keep_hold_for_recheck_with_stage_f_period_validation_and_secondary_window_inspection,"Transit-like signal is present with acceptable primary SNR around 8.50, good odd/even consistency with ratio about 0.914 and explicit delta about 0.094, no numerically detected secondary eclipse, and OOT variability is moderate at about 0.27x transit depth. However the secondary-check panel appears visually odd despite zero/null secondary metrics, the apparent transit duration is long at about 8.09 hours, and the period source is event-spacing fallback with many candidate periods. Keep as uncertain hold pending Stage F period validation and manual inspection of the secondary window rather than promote directly.",,,,,,,,,,,uncertain_hold,uncertain_hold,unresolved,do_not_promote_to_stage_g,excluded_uncertain_hold,"Transit-like signal is present with acceptable primary SNR around 8.50, good odd/even consistency with ratio about 0.914 and explicit delta about 0.094, no numerically detected secondary eclipse, and OOT variability is moderate at about 0.27x transit depth. However the secondary-check panel appears visually odd despite zero/null secondary metrics, the apparent transit duration is long at about 8.09 hours, and the period source is event-spacing fallback with many candidate periods. Keep as uncertain hold pending Stage F period validation and manual inspection of the secondary window rather than promote directly.",2026-05-22,user_provided_manual_review,,,,
EPIC_212009427,manual_vetting_batch_64,,,do_not_promote_to_stage_g,,variable_or_possible_eb,variable_or_possible_eb,variable_or_possible_eb,manual_vetting_batch_64,"Signal is real-looking, but morphology suggests EB / variable-star-like false positive. Folded light curve and transit zoom show a broad deep event embedded in variability. Raw and detrended curves show strong repetitive variability. Secondary check is structured rather than clean/flat. Secondary depth is negative, not a clean positive secondary, but still suspicious in context. Odd/even agreement is excellent: ratio = 0.975. OOT/depth is high: 0.505. Alias risk = moderate. Strong half-period support: support_ratio = 0.867. Candidate period count = 3383.","Signal is real-looking, but morphology suggests EB / variable-star-like false positive. Folded light curve and transit zoom show a broad deep event embedded in variability. Raw and detrended curves show strong repetitive variability. Secondary check is structured rather than clean/flat. Secondary depth is negative, not a clean positive secondary, but still suspicious in context. Odd/even agreement is excellent: ratio = 0.975. OOT/depth is high: 0.505. Alias risk = moderate. Strong half-period support: support_ratio = 0.867. Candidate period count = 3383.",user_provided_manual_review,2026-06-01,reject_as_planet_candidate,"Signal is real-looking, but morphology suggests EB / variable-star-like false positive. Folded light curve and transit zoom show a broad deep event embedded in variability. Raw and detrended curves show strong repetitive variability. Secondary check is structured rather than clean/flat. Secondary depth is negative, not a clean positive secondary, but still suspicious in context. Odd/even agreement is excellent: ratio = 0.975. OOT/depth is high: 0.505. Alias risk = moderate. Strong half-period support: support_ratio = 0.867. Candidate period count = 3383.",,,,,,,,,,,variable_or_possible_eb,false_positive_eb_or_variable,not_science_like,do_not_promote_to_stage_g,false_positive_eb_or_variable,"Signal is real-looking, but morphology suggests EB / variable-star-like false positive. Folded light curve and transit zoom show a broad deep event embedded in variability. Raw and detrended curves show strong repetitive variability. Secondary check is structured rather than clean/flat. Secondary depth is negative, not a clean positive secondary, but still suspicious in context. Odd/even agreement is excellent: ratio = 0.975. OOT/depth is high: 0.505. Alias risk = moderate. Strong half-period support: support_ratio = 0.867. Candidate period count = 3383.",2026-06-01,user_provided_manual_review,,,,
EPIC_211482556,manual_vetting_batch_64,,,do_not_promote_to_stage_g,,uncertain_hold,uncertain_hold,uncertain_hold,manual_vetting_batch_64,"Shallow but plausible transit-like signal with good odd/even consistency, ratio about 0.978, no detected secondary eclipse, low alias risk, and moderate primary SNR around 9.31. However the folded dip appears somewhat wobbly/noisy, OOT variability is non-trivial at about 0.27x transit depth, transit duration is fairly long at about 7.36 hours, CNN morphology score is only moderate, and the period source is event-spacing fallback with many candidate periods. Keep as uncertain hold pending Stage F period validation and cleaner detrended plot review rather than promote directly.","Shallow but plausible transit-like signal with good odd/even consistency, ratio about 0.978, no detected secondary eclipse, low alias risk, and moderate primary SNR around 9.31. However the folded dip appears somewhat wobbly/noisy, OOT variability is non-trivial at about 0.27x transit depth, transit duration is fairly long at about 7.36 hours, CNN morphology score is only moderate, and the period source is event-spacing fallback with many candidate periods. Keep as uncertain hold pending Stage F period validation and cleaner detrended plot review rather than promote directly.",user_provided_manual_review,2026-05-19,keep_hold_for_recheck_with_stage_f_period_validation,"Shallow but plausible transit-like signal with good odd/even consistency, ratio about 0.978, no detected secondary eclipse, low alias risk, and moderate primary SNR around 9.31. However the folded dip appears somewhat wobbly/noisy, OOT variability is non-trivial at about 0.27x transit depth, transit duration is fairly long at about 7.36 hours, CNN morphology score is only moderate, and the period source is event-spacing fallback with many candidate periods. Keep as uncertain hold pending Stage F period validation and cleaner detrended plot review rather than promote directly.",,,,,,,,,,,uncertain_hold,uncertain_hold,unresolved,do_not_promote_to_stage_g,excluded_uncertain_hold,"Shallow but plausible transit-like signal with good odd/even consistency, ratio about 0.978, no detected secondary eclipse, low alias risk, and moderate primary SNR around 9.31. However the folded dip appears somewhat wobbly/noisy, OOT variability is non-trivial at about 0.27x transit depth, transit duration is fairly long at about 7.36 hours, CNN morphology score is only moderate, and the period source is event-spacing fallback with many candidate periods. Keep as uncertain hold pending Stage F period validation and cleaner detrended plot review rather than promote directly.",2026-05-19,user_provided_manual_review,,,,
EPIC_211944670,manual_vetting_batch_64,,,do_not_promote_to_stage_g,,low_priority_negative,low_priority_negative,low_priority_negative,manual_vetting_batch_64,"Manual review sees a dip, but not good enough for promotion. OOT behaviour is acceptable. Primary depth = 0.002908. SNR is very low: 3.02. Odd/even agreement is imperfect: ratio = 0.721. No secondary eclipse detected. Duration is physically plausible: 1.47 h at P = 1.55281 d. But period source = event_spacing_fallback. Alias risk = moderate. Strong double-period support: alias_best_period_days = 3.10562, support_ratio = 1.0. Candidate period count is high: 865. CNN score = 0.981 is morphology-only and should not override weak validation.","Manual review sees a dip, but not good enough for promotion. OOT behaviour is acceptable. Primary depth = 0.002908. SNR is very low: 3.02. Odd/even agreement is imperfect: ratio = 0.721. No secondary eclipse detected. Duration is physically plausible: 1.47 h at P = 1.55281 d. But period source = event_spacing_fallback. Alias risk = moderate. Strong double-period support: alias_best_period_days = 3.10562, support_ratio = 1.0. Candidate period count is high: 865. CNN score = 0.981 is morphology-only and should not override weak validation.",user_provided_manual_review,2026-05-25,reject_low_priority,"Manual review sees a dip, but not good enough for promotion. OOT behaviour is acceptable. Primary depth = 0.002908. SNR is very low: 3.02. Odd/even agreement is imperfect: ratio = 0.721. No secondary eclipse detected. Duration is physically plausible: 1.47 h at P = 1.55281 d. But period source = event_spacing_fallback. Alias risk = moderate. Strong double-period support: alias_best_period_days = 3.10562, support_ratio = 1.0. Candidate period count is high: 865. CNN score = 0.981 is morphology-only and should not override weak validation.",,,,,,,,,,,low_priority_negative,negative_low_priority,not_science_like,do_not_promote_to_stage_g,negative_low_priority,"Manual review sees a dip, but not good enough for promotion. OOT behaviour is acceptable. Primary depth = 0.002908. SNR is very low: 3.02. Odd/even agreement is imperfect: ratio = 0.721. No secondary eclipse detected. Duration is physically plausible: 1.47 h at P = 1.55281 d. But period source = event_spacing_fallback. Alias risk = moderate. Strong double-period support: alias_best_period_days = 3.10562, support_ratio = 1.0. Candidate period count is high: 865. CNN score = 0.981 is morphology-only and should not override weak validation.",2026-05-25,user_provided_manual_review,,,,
EPIC_211581700,manual_vetting_batch_64,,,do_not_promote_to_stage_g,,binary_system,binary_system,binary_system,manual_vetting_batch_64,"Strong real eclipsing signal with excellent odd/even consistency and many repeated events, but the secondary eclipse is highly significant and deeper than expected for a planet-like occultation. Secondary SNR is about 19.83 and secondary-to-primary depth ratio is about 3.87, making this much more consistent with an eclipsing binary or variable binary system than a planet candidate. Reject from planet candidate pipeline despite strong morphology and high CNN score.","Strong real eclipsing signal with excellent odd/even consistency and many repeated events, but the secondary eclipse is highly significant and deeper than expected for a planet-like occultation. Secondary SNR is about 19.83 and secondary-to-primary depth ratio is about 3.87, making this much more consistent with an eclipsing binary or variable binary system than a planet candidate. Reject from planet candidate pipeline despite strong morphology and high CNN score.",user_provided_manual_review,2026-05-20,reject_from_candidate_pipeline,"Strong real eclipsing signal with excellent odd/even consistency and many repeated events, but the secondary eclipse is highly significant and deeper than expected for a planet-like occultation. Secondary SNR is about 19.83 and secondary-to-primary depth ratio is about 3.87, making this much more consistent with an eclipsing binary or variable binary system than a planet candidate. Reject from planet candidate pipeline despite strong morphology and high CNN score.",,,,,,,,,,,binary_system,false_positive_eb_or_variable,not_science_like,do_not_promote_to_stage_g,false_positive_eb_or_variable,"Strong real eclipsing signal with excellent odd/even consistency and many repeated events, but the secondary eclipse is highly significant and deeper than expected for a planet-like occultation. Secondary SNR is about 19.83 and secondary-to-primary depth ratio is about 3.87, making this much more consistent with an eclipsing binary or variable binary system than a planet candidate. Reject from planet candidate pipeline despite strong morphology and high CNN score.",2026-05-20,user_provided_manual_review,,,,
EPIC_211953866,manual_vetting_batch_64,,promote_to_stage_g_deeper_evaluation,promote_to_stage_g_deeper_evaluation,,candidate_like,candidate_like,candidate_like,manual_vetting_batch_64,"Manual visual review is very positive. Folded light curve and transit zoom show a clear coherent primary dip. Event stack shows multiple events contributing to the dip structure. Primary depth = 0.024265. CNN score = 0.990 supports strong morphology, but remains morphology-only. Odd/even is acceptable: ratio = 0.883. Duration is plausible: 3.43 h at P = 1.78777 d. No convincing positive phase-0.5 secondary. Caveats: fallback period, candidate_period_count = 1013, OOT/depth = 0.400, low numeric SNR = 3.30, large radius ratio = 0.156. Promote only for deeper Stage G evaluation, not planet_like / confirmed.","Manual visual review is very positive. Folded light curve and transit zoom show a clear coherent primary dip. Event stack shows multiple events contributing to the dip structure. Primary depth = 0.024265. CNN score = 0.990 supports strong morphology, but remains morphology-only. Odd/even is acceptable: ratio = 0.883. Duration is plausible: 3.43 h at P = 1.78777 d. No convincing positive phase-0.5 secondary. Caveats: fallback period, candidate_period_count = 1013, OOT/depth = 0.400, low numeric SNR = 3.30, large radius ratio = 0.156. Promote only for deeper Stage G evaluation, not planet_like / confirmed.",user_provided_manual_review,2026-05-28,promote_to_stage_g,"Manual visual review is very positive. Folded light curve and transit zoom show a clear coherent primary dip. Event stack shows multiple events contributing to the dip structure. Primary depth = 0.024265. CNN score = 0.990 supports strong morphology, but remains morphology-only. Odd/even is acceptable: ratio = 0.883. Duration is plausible: 3.43 h at P = 1.78777 d. No convincing positive phase-0.5 secondary. Caveats: fallback period, candidate_period_count = 1013, OOT/depth = 0.400, low numeric SNR = 3.30, large radius ratio = 0.156. Promote only for deeper Stage G evaluation, not planet_like / confirmed.",,,,,,,,,,,candidate_like,candidate_like_positive,science_like,promote_to_stage_g_deeper_evaluation,stage_g_deeper_eval,"Manual visual review is very positive. Folded light curve and transit zoom show a clear coherent primary dip. Event stack shows multiple events contributing to the dip structure. Primary depth = 0.024265. CNN score = 0.990 supports strong morphology, but remains morphology-only. Odd/even is acceptable: ratio = 0.883. Duration is plausible: 3.43 h at P = 1.78777 d. No convincing positive phase-0.5 secondary. Caveats: fallback period, candidate_period_count = 1013, OOT/depth = 0.400, low numeric SNR = 3.30, large radius ratio = 0.156. Promote only for deeper Stage G evaluation, not planet_like / confirmed.",2026-05-28,user_provided_manual_review,,,,
EPIC_211942823,manual_vetting_batch_64,,,do_not_promote_to_stage_g,,reject_as_noise_or_artifact,reject_as_noise_or_artifact,reject_as_noise_or_artifact,manual_vetting_batch_64,"Manual visual review sees no convincing dip; folded view appears essentially flat / line-like. Primary depth is shallow: 0.000423. SNR = 13.01. Period = 0.20432 d / 4.90 h. Transit duration = 0.36777 d / 8.83 h, longer than the orbital period. Odd/even agreement is weak: ratio = 0.702. Alias risk = high. Period source = event_spacing_fallback. Candidate period count is high: 1049.","Manual visual review sees no convincing dip; folded view appears essentially flat / line-like. Primary depth is shallow: 0.000423. SNR = 13.01. Period = 0.20432 d / 4.90 h. Transit duration = 0.36777 d / 8.83 h, longer than the orbital period. Odd/even agreement is weak: ratio = 0.702. Alias risk = high. Period source = event_spacing_fallback. Candidate period count is high: 1049.",user_provided_manual_review,2026-05-25,reject,"Manual visual review sees no convincing dip; folded view appears essentially flat / line-like. Primary depth is shallow: 0.000423. SNR = 13.01. Period = 0.20432 d / 4.90 h. Transit duration = 0.36777 d / 8.83 h, longer than the orbital period. Odd/even agreement is weak: ratio = 0.702. Alias risk = high. Period source = event_spacing_fallback. Candidate period count is high: 1049.",,,,,,,,,,,reject_as_noise_or_artifact,negative_reject_as_noise_or_artifact,not_science_like,do_not_promote_to_stage_g,negative_reject_as_noise_or_artifact,"Manual visual review sees no convincing dip; folded view appears essentially flat / line-like. Primary depth is shallow: 0.000423. SNR = 13.01. Period = 0.20432 d / 4.90 h. Transit duration = 0.36777 d / 8.83 h, longer than the orbital period. Odd/even agreement is weak: ratio = 0.702. Alias risk = high. Period source = event_spacing_fallback. Candidate period count is high: 1049.",2026-05-25,user_provided_manual_review,,,,
EPIC_211990908,manual_vetting_batch_64,,,do_not_promote_to_stage_g,,reject_as_noise_or_artifact,reject_as_noise_or_artifact,reject_as_noise_or_artifact,manual_vetting_batch_64,"Manual review rejects as unreliable / noise-like. Primary depth = 0.001270. SNR = 15.42. Odd/even poor: ratio = 0.673. OOT variability high: oot_variability_to_depth = 0.309. Long duration: 9.32 h at P = 2.6398 d. No secondary eclipse detected, but not enough to rescue. Period source = event_spacing_fallback. Candidate period count = 469.","Manual review rejects as unreliable / noise-like. Primary depth = 0.001270. SNR = 15.42. Odd/even poor: ratio = 0.673. OOT variability high: oot_variability_to_depth = 0.309. Long duration: 9.32 h at P = 2.6398 d. No secondary eclipse detected, but not enough to rescue. Period source = event_spacing_fallback. Candidate period count = 469.",user_provided_manual_review,2026-05-28,reject,"Manual review rejects as unreliable / noise-like. Primary depth = 0.001270. SNR = 15.42. Odd/even poor: ratio = 0.673. OOT variability high: oot_variability_to_depth = 0.309. Long duration: 9.32 h at P = 2.6398 d. No secondary eclipse detected, but not enough to rescue. Period source = event_spacing_fallback. Candidate period count = 469.",,,,,,,,,,,reject_as_noise_or_artifact,negative_reject_as_noise_or_artifact,not_science_like,do_not_promote_to_stage_g,negative_reject_as_noise_or_artifact,"Manual review rejects as unreliable / noise-like. Primary depth = 0.001270. SNR = 15.42. Odd/even poor: ratio = 0.673. OOT variability high: oot_variability_to_depth = 0.309. Long duration: 9.32 h at P = 2.6398 d. No secondary eclipse detected, but not enough to rescue. Period source = event_spacing_fallback. Candidate period count = 469.",2026-05-28,user_provided_manual_review,,,,
EPIC_211980366,manual_vetting_batch_64,,,do_not_promote_to_stage_g,,variable_or_possible_eb,variable_or_possible_eb,variable_or_possible_eb,manual_vetting_batch_64,"Strong coherent signal, but morphology is not planet-like. Folded light curve shows broad sinusoidal / wave-like modulation. Transit-like depression is embedded in periodic variability. Raw and detrended curves show strong repetitive variability. Odd/even excellent: ratio = 0.988. Secondary is negative, not a clean positive EB secondary, but secondary region is structured. OOT variability high: oot_variability_to_depth = 0.468. Very short period: P = 0.86494 d. Event family count = 65. Candidate period count = 4537. Best interpretation: variable star / possible EB / contact-binary-like false positive.","Strong coherent signal, but morphology is not planet-like. Folded light curve shows broad sinusoidal / wave-like modulation. Transit-like depression is embedded in periodic variability. Raw and detrended curves show strong repetitive variability. Odd/even excellent: ratio = 0.988. Secondary is negative, not a clean positive EB secondary, but secondary region is structured. OOT variability high: oot_variability_to_depth = 0.468. Very short period: P = 0.86494 d. Event family count = 65. Candidate period count = 4537. Best interpretation: variable star / possible EB / contact-binary-like false positive.",user_provided_manual_review,2026-05-28,reject_as_planet_candidate,"Strong coherent signal, but morphology is not planet-like. Folded light curve shows broad sinusoidal / wave-like modulation. Transit-like depression is embedded in periodic variability. Raw and detrended curves show strong repetitive variability. Odd/even excellent: ratio = 0.988. Secondary is negative, not a clean positive EB secondary, but secondary region is structured. OOT variability high: oot_variability_to_depth = 0.468. Very short period: P = 0.86494 d. Event family count = 65. Candidate period count = 4537. Best interpretation: variable star / possible EB / contact-binary-like false positive.",,,,,,,,,,,variable_or_possible_eb,false_positive_eb_or_variable,not_science_like,do_not_promote_to_stage_g,false_positive_eb_or_variable,"Strong coherent signal, but morphology is not planet-like. Folded light curve shows broad sinusoidal / wave-like modulation. Transit-like depression is embedded in periodic variability. Raw and detrended curves show strong repetitive variability. Odd/even excellent: ratio = 0.988. Secondary is negative, not a clean positive EB secondary, but secondary region is structured. OOT variability high: oot_variability_to_depth = 0.468. Very short period: P = 0.86494 d. Event family count = 65. Candidate period count = 4537. Best interpretation: variable star / possible EB / contact-binary-like false positive.",2026-05-28,user_provided_manual_review,,,,
EPIC_211945592,manual_vetting_batch_64,,,do_not_promote_to_stage_g,,reject_as_noise_or_artifact,reject_as_noise_or_artifact,reject_as_noise_or_artifact,manual_vetting_batch_64,"Manual review suggests heavy noise and/or possible EB-like contamination. Primary depth = 0.002213. SNR = 119.76, but likely driven by structured noise / non-planet morphology. OOT variability is high: oot_variability_to_depth = 0.249. Odd/even is only moderately acceptable: ratio = 0.845. Period source = event_spacing_fallback. Candidate period count = 1248. CNN score = 0.682 is morphology-only and does not rescue it.","Manual review suggests heavy noise and/or possible EB-like contamination. Primary depth = 0.002213. SNR = 119.76, but likely driven by structured noise / non-planet morphology. OOT variability is high: oot_variability_to_depth = 0.249. Odd/even is only moderately acceptable: ratio = 0.845. Period source = event_spacing_fallback. Candidate period count = 1248. CNN score = 0.682 is morphology-only and does not rescue it.",user_provided_manual_review,2026-05-28,reject,"Manual review suggests heavy noise and/or possible EB-like contamination. Primary depth = 0.002213. SNR = 119.76, but likely driven by structured noise / non-planet morphology. OOT variability is high: oot_variability_to_depth = 0.249. Odd/even is only moderately acceptable: ratio = 0.845. Period source = event_spacing_fallback. Candidate period count = 1248. CNN score = 0.682 is morphology-only and does not rescue it.",,,,,,,,,,,reject_as_noise_or_artifact,negative_reject_as_noise_or_artifact,not_science_like,do_not_promote_to_stage_g,negative_reject_as_noise_or_artifact,"Manual review suggests heavy noise and/or possible EB-like contamination. Primary depth = 0.002213. SNR = 119.76, but likely driven by structured noise / non-planet morphology. OOT variability is high: oot_variability_to_depth = 0.249. Odd/even is only moderately acceptable: ratio = 0.845. Period source = event_spacing_fallback. Candidate period count = 1248. CNN score = 0.682 is morphology-only and does not rescue it.",2026-05-28,user_provided_manual_review,,,,
EPIC_211980688,manual_vetting_batch_64,,,do_not_promote_to_stage_g,,uncertain_hold_positive,uncertain_hold_positive,uncertain_hold_positive,manual_vetting_batch_64,"Manual review mildly positive; possible transit-like signal exists. Depth is shallow but detectable: 0.000397. SNR weak: 5.63. Duration plausible: 1.96 h at P = 13.14578 d. CNN score = 0.811, morphology-only. Odd/even poor: ratio = 0.634. Possible phase-0.5 feature: secondary_to_primary_depth_ratio = 0.246. OOT variability high: oot_variability_to_depth = 0.472. Alias risk = moderate. Strong half-period support: support_ratio = 0.889. Period source = event_spacing_fallback. Candidate period count = 1119. Keep as positive hold, but do not promote yet.","Manual review mildly positive; possible transit-like signal exists. Depth is shallow but detectable: 0.000397. SNR weak: 5.63. Duration plausible: 1.96 h at P = 13.14578 d. CNN score = 0.811, morphology-only. Odd/even poor: ratio = 0.634. Possible phase-0.5 feature: secondary_to_primary_depth_ratio = 0.246. OOT variability high: oot_variability_to_depth = 0.472. Alias risk = moderate. Strong half-period support: support_ratio = 0.889. Period source = event_spacing_fallback. Candidate period count = 1119. Keep as positive hold, but do not promote yet.",user_provided_manual_review,2026-05-28,keep_hold,"Manual review mildly positive; possible transit-like signal exists. Depth is shallow but detectable: 0.000397. SNR weak: 5.63. Duration plausible: 1.96 h at P = 13.14578 d. CNN score = 0.811, morphology-only. Odd/even poor: ratio = 0.634. Possible phase-0.5 feature: secondary_to_primary_depth_ratio = 0.246. OOT variability high: oot_variability_to_depth = 0.472. Alias risk = moderate. Strong half-period support: support_ratio = 0.889. Period source = event_spacing_fallback. Candidate period count = 1119. Keep as positive hold, but do not promote yet.",,,,,,,,,,,uncertain_hold_positive,uncertain_hold_positive,unresolved,do_not_promote_to_stage_g,excluded_uncertain_hold_positive,"Manual review mildly positive; possible transit-like signal exists. Depth is shallow but detectable: 0.000397. SNR weak: 5.63. Duration plausible: 1.96 h at P = 13.14578 d. CNN score = 0.811, morphology-only. Odd/even poor: ratio = 0.634. Possible phase-0.5 feature: secondary_to_primary_depth_ratio = 0.246. OOT variability high: oot_variability_to_depth = 0.472. Alias risk = moderate. Strong half-period support: support_ratio = 0.889. Period source = event_spacing_fallback. Candidate period count = 1119. Keep as positive hold, but do not promote yet.",2026-05-28,user_provided_manual_review,,,,
EPIC_211580521,manual_vetting_batch_64,,,do_not_promote_to_stage_g,,noise_or_artifact,noise_or_artifact,noise_or_artifact,manual_vetting_batch_64,"OOT variability is acceptable at about 0.17x transit depth, but the rest of the evidence is weak or unfavorable. Primary SNR is low at about 4.74, event support is limited, and the period is very short at P=0.545d. Odd/even consistency is poor, with ratio about 0.611 and explicit delta about 0.464. Alias risk is high with strong half-period support, and the period source is event-spacing fallback with many candidate periods. Reject as noise/artifact rather than continue holding despite morphology-positive CNN score.","OOT variability is acceptable at about 0.17x transit depth, but the rest of the evidence is weak or unfavorable. Primary SNR is low at about 4.74, event support is limited, and the period is very short at P=0.545d. Odd/even consistency is poor, with ratio about 0.611 and explicit delta about 0.464. Alias risk is high with strong half-period support, and the period source is event-spacing fallback with many candidate periods. Reject as noise/artifact rather than continue holding despite morphology-positive CNN score.",user_provided_manual_review,2026-05-20,reject_from_candidate_pipeline,"OOT variability is acceptable at about 0.17x transit depth, but the rest of the evidence is weak or unfavorable. Primary SNR is low at about 4.74, event support is limited, and the period is very short at P=0.545d. Odd/even consistency is poor, with ratio about 0.611 and explicit delta about 0.464. Alias risk is high with strong half-period support, and the period source is event-spacing fallback with many candidate periods. Reject as noise/artifact rather than continue holding despite morphology-positive CNN score.",,,,,,,,,,,noise_or_artifact,negative_noise_or_artifact,not_science_like,do_not_promote_to_stage_g,negative_noise_or_artifact,"OOT variability is acceptable at about 0.17x transit depth, but the rest of the evidence is weak or unfavorable. Primary SNR is low at about 4.74, event support is limited, and the period is very short at P=0.545d. Odd/even consistency is poor, with ratio about 0.611 and explicit delta about 0.464. Alias risk is high with strong half-period support, and the period source is event-spacing fallback with many candidate periods. Reject as noise/artifact rather than continue holding despite morphology-positive CNN score.",2026-05-20,user_provided_manual_review,,,,
EPIC_211977407,manual_vetting_batch_64,,,do_not_promote_to_stage_g,,reject_as_noise_or_artifact,reject_as_noise_or_artifact,reject_as_noise_or_artifact,manual_vetting_batch_64,"Manual review not convinced; noise-like despite some acceptable numbers. No secondary eclipse detected, but not enough to rescue it. Primary depth = 0.001346. SNR = 18.58. Odd/even imperfect: ratio = 0.828. OOT variability high: oot_variability_to_depth = 0.432. Long duration: 10.79 h at P = 4.62576 d. Period source = event_spacing_fallback. Candidate period count = 1574.","Manual review not convinced; noise-like despite some acceptable numbers. No secondary eclipse detected, but not enough to rescue it. Primary depth = 0.001346. SNR = 18.58. Odd/even imperfect: ratio = 0.828. OOT variability high: oot_variability_to_depth = 0.432. Long duration: 10.79 h at P = 4.62576 d. Period source = event_spacing_fallback. Candidate period count = 1574.",user_provided_manual_review,2026-05-28,reject,"Manual review not convinced; noise-like despite some acceptable numbers. No secondary eclipse detected, but not enough to rescue it. Primary depth = 0.001346. SNR = 18.58. Odd/even imperfect: ratio = 0.828. OOT variability high: oot_variability_to_depth = 0.432. Long duration: 10.79 h at P = 4.62576 d. Period source = event_spacing_fallback. Candidate period count = 1574.",,,,,,,,,,,reject_as_noise_or_artifact,negative_reject_as_noise_or_artifact,not_science_like,do_not_promote_to_stage_g,negative_reject_as_noise_or_artifact,"Manual review not convinced; noise-like despite some acceptable numbers. No secondary eclipse detected, but not enough to rescue it. Primary depth = 0.001346. SNR = 18.58. Odd/even imperfect: ratio = 0.828. OOT variability high: oot_variability_to_depth = 0.432. Long duration: 10.79 h at P = 4.62576 d. Period source = event_spacing_fallback. Candidate period count = 1574.",2026-05-28,user_provided_manual_review,,,,
EPIC_211800810,manual_vetting_batch_64,,,do_not_promote_to_stage_g,,binary_system,binary_system,binary_system,manual_vetting_batch_64,"Strong odd/even depth mismatch with ratio about 0.219 and explicit delta about 1.19, making the signal EB-like or unreliable rather than planet-like. The signal is also very shallow, with an unusually long apparent duration of about 7.11 hours for P=2.80d. Period source is event-spacing fallback with limited event support and many candidate periods. Reject from candidate pipeline despite no detected secondary eclipse and morphology-positive CNN score.","Strong odd/even depth mismatch with ratio about 0.219 and explicit delta about 1.19, making the signal EB-like or unreliable rather than planet-like. The signal is also very shallow, with an unusually long apparent duration of about 7.11 hours for P=2.80d. Period source is event-spacing fallback with limited event support and many candidate periods. Reject from candidate pipeline despite no detected secondary eclipse and morphology-positive CNN score.",user_provided_manual_review,2026-05-22,reject_from_candidate_pipeline,"Strong odd/even depth mismatch with ratio about 0.219 and explicit delta about 1.19, making the signal EB-like or unreliable rather than planet-like. The signal is also very shallow, with an unusually long apparent duration of about 7.11 hours for P=2.80d. Period source is event-spacing fallback with limited event support and many candidate periods. Reject from candidate pipeline despite no detected secondary eclipse and morphology-positive CNN score.",,,,,,,,,,,binary_system,false_positive_eb_or_variable,not_science_like,do_not_promote_to_stage_g,false_positive_eb_or_variable,"Strong odd/even depth mismatch with ratio about 0.219 and explicit delta about 1.19, making the signal EB-like or unreliable rather than planet-like. The signal is also very shallow, with an unusually long apparent duration of about 7.11 hours for P=2.80d. Period source is event-spacing fallback with limited event support and many candidate periods. Reject from candidate pipeline despite no detected secondary eclipse and morphology-positive CNN score.",2026-05-22,user_provided_manual_review,,,,
EPIC_212007527,manual_vetting_batch_64,,,do_not_promote_to_stage_g,,reject_as_noise_or_artifact,reject_as_noise_or_artifact,reject_as_noise_or_artifact,manual_vetting_batch_64,"Manual review says no; not convincing as candidate. Primary depth is very shallow: 0.000408. SNR is modest: 12.24. Period source = event_spacing_fallback. Candidate period count is enormous: 7655. Half-period and double-period support are both strong. OOT is not terrible, but period ambiguity is too severe.","Manual review says no; not convincing as candidate. Primary depth is very shallow: 0.000408. SNR is modest: 12.24. Period source = event_spacing_fallback. Candidate period count is enormous: 7655. Half-period and double-period support are both strong. OOT is not terrible, but period ambiguity is too severe.",user_provided_manual_review,2026-06-01,reject,"Manual review says no; not convincing as candidate. Primary depth is very shallow: 0.000408. SNR is modest: 12.24. Period source = event_spacing_fallback. Candidate period count is enormous: 7655. Half-period and double-period support are both strong. OOT is not terrible, but period ambiguity is too severe.",,,,,,,,,,,reject_as_noise_or_artifact,negative_reject_as_noise_or_artifact,not_science_like,do_not_promote_to_stage_g,negative_reject_as_noise_or_artifact,"Manual review says no; not convincing as candidate. Primary depth is very shallow: 0.000408. SNR is modest: 12.24. Period source = event_spacing_fallback. Candidate period count is enormous: 7655. Half-period and double-period support are both strong. OOT is not terrible, but period ambiguity is too severe.",2026-06-01,user_provided_manual_review,,,,
EPIC_211902535,manual_vetting_batch_64,,,do_not_promote_to_stage_g,,noise_or_artifact,noise_or_artifact,noise_or_artifact,manual_vetting_batch_64,"Manual review favors weak noise/artifact rather than a planet-like candidate. The signal is very shallow, with a long apparent duration of about 7.36 hours for P=4.32d, and odd/even consistency is poor with ratio about 0.680 and explicit delta about 0.381. There is no meaningful positive secondary eclipse, and OOT variability is low, but the period source is event-spacing fallback with many candidate periods. Reject as noise/artifact despite morphology-positive CNN score.","Manual review favors weak noise/artifact rather than a planet-like candidate. The signal is very shallow, with a long apparent duration of about 7.36 hours for P=4.32d, and odd/even consistency is poor with ratio about 0.680 and explicit delta about 0.381. There is no meaningful positive secondary eclipse, and OOT variability is low, but the period source is event-spacing fallback with many candidate periods. Reject as noise/artifact despite morphology-positive CNN score.",user_provided_manual_review,2026-05-25,reject_from_candidate_pipeline,"Manual review favors weak noise/artifact rather than a planet-like candidate. The signal is very shallow, with a long apparent duration of about 7.36 hours for P=4.32d, and odd/even consistency is poor with ratio about 0.680 and explicit delta about 0.381. There is no meaningful positive secondary eclipse, and OOT variability is low, but the period source is event-spacing fallback with many candidate periods. Reject as noise/artifact despite morphology-positive CNN score.",,,,,,,,,,,noise_or_artifact,negative_noise_or_artifact,not_science_like,do_not_promote_to_stage_g,negative_noise_or_artifact,"Manual review favors weak noise/artifact rather than a planet-like candidate. The signal is very shallow, with a long apparent duration of about 7.36 hours for P=4.32d, and odd/even consistency is poor with ratio about 0.680 and explicit delta about 0.381. There is no meaningful positive secondary eclipse, and OOT variability is low, but the period source is event-spacing fallback with many candidate periods. Reject as noise/artifact despite morphology-positive CNN score.",2026-05-25,user_provided_manual_review,,,,
EPIC_211357782,manual_vetting_batch_64,,promote_to_stage_g_deeper_evaluation,promote_to_stage_g_deeper_evaluation,,candidate_like,candidate_like,candidate_like,manual_vetting_batch_64,Improved plots show a visible repeated dip; odd/even acceptable; no secondary eclipse; physically plausible depth; modest SNR and fallback-only period support require Stage F validation.,Improved plots show a visible repeated dip; odd/even acceptable; no secondary eclipse; physically plausible depth; modest SNR and fallback-only period support require Stage F validation.,user_provided_manual_review,2026-05-19,promote_to_stage_f_validation,Improved plots show a visible repeated dip; odd/even acceptable; no secondary eclipse; physically plausible depth; modest SNR and fallback-only period support require Stage F validation.,,,,,,,,,,,candidate_like,candidate_like_positive,science_like,promote_to_stage_g_deeper_evaluation,stage_g_deeper_eval,Improved plots show a visible repeated dip; odd/even acceptable; no secondary eclipse; physically plausible depth; modest SNR and fallback-only period support require Stage F validation.,2026-05-19,user_provided_manual_review,,,,
EPIC_211619120,manual_vetting_batch_64,,,do_not_promote_to_stage_g,,uncertain_hold,uncertain_hold,uncertain_hold,manual_vetting_batch_64,"Some signal-like features are visible, but they are not clear enough for candidate promotion. Primary SNR is modest around 5.90, odd/even consistency is acceptable but not strongly clean with ratio about 0.835 and explicit delta about 0.174, and there is no detected secondary eclipse. However OOT variability is very high at about 2.03x the transit depth, suggesting the apparent dip may be embedded in stellar variability or structured noise. Period source is event-spacing fallback with many candidate periods. Keep as uncertain hold pending OOT detrending review and Stage F period validation rather than reject immediately.","Some signal-like features are visible, but they are not clear enough for candidate promotion. Primary SNR is modest around 5.90, odd/even consistency is acceptable but not strongly clean with ratio about 0.835 and explicit delta about 0.174, and there is no detected secondary eclipse. However OOT variability is very high at about 2.03x the transit depth, suggesting the apparent dip may be embedded in stellar variability or structured noise. Period source is event-spacing fallback with many candidate periods. Keep as uncertain hold pending OOT detrending review and Stage F period validation rather than reject immediately.",user_provided_manual_review,2026-05-22,keep_hold_for_recheck_with_oot_detrending_and_stage_f_period_validation,"Some signal-like features are visible, but they are not clear enough for candidate promotion. Primary SNR is modest around 5.90, odd/even consistency is acceptable but not strongly clean with ratio about 0.835 and explicit delta about 0.174, and there is no detected secondary eclipse. However OOT variability is very high at about 2.03x the transit depth, suggesting the apparent dip may be embedded in stellar variability or structured noise. Period source is event-spacing fallback with many candidate periods. Keep as uncertain hold pending OOT detrending review and Stage F period validation rather than reject immediately.",,,,,,,,,,,uncertain_hold,uncertain_hold,unresolved,do_not_promote_to_stage_g,excluded_uncertain_hold,"Some signal-like features are visible, but they are not clear enough for candidate promotion. Primary SNR is modest around 5.90, odd/even consistency is acceptable but not strongly clean with ratio about 0.835 and explicit delta about 0.174, and there is no detected secondary eclipse. However OOT variability is very high at about 2.03x the transit depth, suggesting the apparent dip may be embedded in stellar variability or structured noise. Period source is event-spacing fallback with many candidate periods. Keep as uncertain hold pending OOT detrending review and Stage F period validation rather than reject immediately.",2026-05-22,user_provided_manual_review,,,,
EPIC_211683904,manual_vetting_batch_64,,,do_not_promote_to_stage_g,,noise_or_artifact,noise_or_artifact,noise_or_artifact,manual_vetting_batch_64,"Manual review does not show a convincing transit-like dip. The signal is very shallow with modest primary SNR around 5.09, and the apparent duration is long at about 4.90 hours for P=1.28d. Odd/even consistency is only mediocre, with ratio about 0.812 and explicit delta about 0.231. Alias risk is moderate with strong half-period support, and the period source is event-spacing fallback with many candidate periods. Reject as noise/artifact despite morphology-positive CNN score.","Manual review does not show a convincing transit-like dip. The signal is very shallow with modest primary SNR around 5.09, and the apparent duration is long at about 4.90 hours for P=1.28d. Odd/even consistency is only mediocre, with ratio about 0.812 and explicit delta about 0.231. Alias risk is moderate with strong half-period support, and the period source is event-spacing fallback with many candidate periods. Reject as noise/artifact despite morphology-positive CNN score.",user_provided_manual_review,2026-05-22,reject_from_candidate_pipeline,"Manual review does not show a convincing transit-like dip. The signal is very shallow with modest primary SNR around 5.09, and the apparent duration is long at about 4.90 hours for P=1.28d. Odd/even consistency is only mediocre, with ratio about 0.812 and explicit delta about 0.231. Alias risk is moderate with strong half-period support, and the period source is event-spacing fallback with many candidate periods. Reject as noise/artifact despite morphology-positive CNN score.",,,,,,,,,,,noise_or_artifact,negative_noise_or_artifact,not_science_like,do_not_promote_to_stage_g,negative_noise_or_artifact,"Manual review does not show a convincing transit-like dip. The signal is very shallow with modest primary SNR around 5.09, and the apparent duration is long at about 4.90 hours for P=1.28d. Odd/even consistency is only mediocre, with ratio about 0.812 and explicit delta about 0.231. Alias risk is moderate with strong half-period support, and the period source is event-spacing fallback with many candidate periods. Reject as noise/artifact despite morphology-positive CNN score.",2026-05-22,user_provided_manual_review,,,,
EPIC_211418290,manual_vetting_batch_64,,,do_not_promote_to_stage_g,,uncertain_hold,uncertain_hold,uncertain_hold,manual_vetting_batch_64,"Transit-like signal is present with strong primary SNR and acceptable odd/even consistency, with low alias risk and no detected secondary eclipse. However the OOT variability is high at about 0.76x transit depth, transit duration is very long at about 12.0 hours for P=4.95d, CNN morphology score is only moderate, and the period source is event-spacing fallback with many candidate periods. Keep as uncertain hold pending improved detrending and period validation rather than promote.","Transit-like signal is present with strong primary SNR and acceptable odd/even consistency, with low alias risk and no detected secondary eclipse. However the OOT variability is high at about 0.76x transit depth, transit duration is very long at about 12.0 hours for P=4.95d, CNN morphology score is only moderate, and the period source is event-spacing fallback with many candidate periods. Keep as uncertain hold pending improved detrending and period validation rather than promote.",user_provided_manual_review,2026-05-19,keep_hold_for_recheck_with_detrending_and_period_validation,"Transit-like signal is present with strong primary SNR and acceptable odd/even consistency, with low alias risk and no detected secondary eclipse. However the OOT variability is high at about 0.76x transit depth, transit duration is very long at about 12.0 hours for P=4.95d, CNN morphology score is only moderate, and the period source is event-spacing fallback with many candidate periods. Keep as uncertain hold pending improved detrending and period validation rather than promote.",,,,,,,,,,,uncertain_hold,uncertain_hold,unresolved,do_not_promote_to_stage_g,excluded_uncertain_hold,"Transit-like signal is present with strong primary SNR and acceptable odd/even consistency, with low alias risk and no detected secondary eclipse. However the OOT variability is high at about 0.76x transit depth, transit duration is very long at about 12.0 hours for P=4.95d, CNN morphology score is only moderate, and the period source is event-spacing fallback with many candidate periods. Keep as uncertain hold pending improved detrending and period validation rather than promote.",2026-05-19,user_provided_manual_review,,,,
EPIC_211959522,manual_vetting_batch_64,,,do_not_promote_to_stage_g,,uncertain_hold,uncertain_hold,uncertain_hold,manual_vetting_batch_64,"Folded view shows a small possible primary dip, but not enough for candidate_like. Odd/even agreement is excellent: ratio = 0.974. No obvious phase-0.5 secondary. But depth is very shallow: 0.000614. SNR is modest: 10.62. OOT variability is very high relative to depth: oot_variability_to_depth = 0.859. Event stack does not show a clearly repeated aligned transit-like dip. Period source = event_spacing_fallback. Candidate period count = 1066. Keep on hold; do not use for training yet.","Folded view shows a small possible primary dip, but not enough for candidate_like. Odd/even agreement is excellent: ratio = 0.974. No obvious phase-0.5 secondary. But depth is very shallow: 0.000614. SNR is modest: 10.62. OOT variability is very high relative to depth: oot_variability_to_depth = 0.859. Event stack does not show a clearly repeated aligned transit-like dip. Period source = event_spacing_fallback. Candidate period count = 1066. Keep on hold; do not use for training yet.",user_provided_manual_review,2026-05-28,keep_hold,"Folded view shows a small possible primary dip, but not enough for candidate_like. Odd/even agreement is excellent: ratio = 0.974. No obvious phase-0.5 secondary. But depth is very shallow: 0.000614. SNR is modest: 10.62. OOT variability is very high relative to depth: oot_variability_to_depth = 0.859. Event stack does not show a clearly repeated aligned transit-like dip. Period source = event_spacing_fallback. Candidate period count = 1066. Keep on hold; do not use for training yet.",,,,,,,,,,,uncertain_hold,uncertain_hold,unresolved,do_not_promote_to_stage_g,excluded_uncertain_hold,"Folded view shows a small possible primary dip, but not enough for candidate_like. Odd/even agreement is excellent: ratio = 0.974. No obvious phase-0.5 secondary. But depth is very shallow: 0.000614. SNR is modest: 10.62. OOT variability is very high relative to depth: oot_variability_to_depth = 0.859. Event stack does not show a clearly repeated aligned transit-like dip. Period source = event_spacing_fallback. Candidate period count = 1066. Keep on hold; do not use for training yet.",2026-05-28,user_provided_manual_review,,,,
EPIC_211949114,manual_vetting_batch_64,,,do_not_promote_to_stage_g,,reject_as_noise_or_artifact,reject_as_noise_or_artifact,reject_as_noise_or_artifact,manual_vetting_batch_64,Manual review classifies this as noise despite some decent metrics. Primary depth = 0.001353. SNR = 87.44. Odd/even is decent: ratio = 0.885. No detected secondary. But OOT variability is high: oot_variability_to_depth = 0.288. Period source = event_spacing_fallback. Candidate period count = 1258. Context is too unstable for promotion.,Manual review classifies this as noise despite some decent metrics. Primary depth = 0.001353. SNR = 87.44. Odd/even is decent: ratio = 0.885. No detected secondary. But OOT variability is high: oot_variability_to_depth = 0.288. Period source = event_spacing_fallback. Candidate period count = 1258. Context is too unstable for promotion.,user_provided_manual_review,2026-05-28,reject,Manual review classifies this as noise despite some decent metrics. Primary depth = 0.001353. SNR = 87.44. Odd/even is decent: ratio = 0.885. No detected secondary. But OOT variability is high: oot_variability_to_depth = 0.288. Period source = event_spacing_fallback. Candidate period count = 1258. Context is too unstable for promotion.,,,,,,,,,,,reject_as_noise_or_artifact,negative_reject_as_noise_or_artifact,not_science_like,do_not_promote_to_stage_g,negative_reject_as_noise_or_artifact,Manual review classifies this as noise despite some decent metrics. Primary depth = 0.001353. SNR = 87.44. Odd/even is decent: ratio = 0.885. No detected secondary. But OOT variability is high: oot_variability_to_depth = 0.288. Period source = event_spacing_fallback. Candidate period count = 1258. Context is too unstable for promotion.,2026-05-28,user_provided_manual_review,,,,
