epic_id,current_final_label,original_manual_label,label_source,review_date,k2_campaign,confirmed_planet_status,known_eb_variable_status,noise_artifact_status,ambiguity_status,safe_for_supervised_training,validation_or_traceability_only,duplicate_conflicting_labels,possible_leakage_concerns,all_label_evidence,has_diagnostics,has_p_half_p_2p_diagnostics,has_accessible_light_curve_tensor,has_current_cnn_score,embedding_exportable,positive_evidence_tier,external_disposition,external_confirmation_status,physical_loss_eligible,training_role,hard_negative_status,correction_record,original_evidence_preserved,hard_negative_flag
EPIC_200008725,reject_as_noise_or_artifact,reject_as_noise_or_artifact,plots/k2_batch/final_candidate_master_ledger.csv,2026-06-23,5,,,yes,none_seen,true,false,,EPIC appears in downstream pipeline/master-ledger products; split by EPIC and exclude decision fields,plots/k2_batch/final_candidate_master_ledger.csv=reject_as_noise_or_artifact,true,false,true,false,true,,,,true,,,,,
EPIC_200008785,reject_as_noise_or_artifact,reject_as_noise_or_artifact,plots/k2_batch/final_candidate_master_ledger.csv,2026-06-23,5,,,yes,none_seen,true,false,,EPIC appears in downstream pipeline/master-ledger products; split by EPIC and exclude decision fields,plots/k2_batch/final_candidate_master_ledger.csv=reject_as_noise_or_artifact,true,false,true,false,true,,,,true,,,,,
EPIC_200008831,false_positive_eb_or_variable,binary_system,plots/k2_batch/master_vetted_catalog/manual_vetting_decisions_ledger.csv,2026-05-19,5,,yes,,none_seen,true,false,,EPIC appears in downstream pipeline/master-ledger products; split by EPIC and exclude decision fields,plots/k2_batch/final_candidate_master_ledger.csv=binary_system || plots/k2_batch/master_vetted_catalog/manual_vetting_decisions_ledger.csv=binary_system,false,false,true,false,true,,,,true,,,,,
EPIC_200008917,reject_as_noise_or_artifact,reject_as_noise_or_artifact,plots/k2_batch/final_candidate_master_ledger.csv,2026-06-22,5,,,yes,none_seen,true,false,,EPIC appears in downstream pipeline/master-ledger products; split by EPIC and exclude decision fields,plots/k2_batch/final_candidate_master_ledger.csv=reject_as_noise_or_artifact,true,false,true,false,true,,,,true,,,,,
EPIC_200008924,uncertain_hold,uncertain_hold,plots/k2_batch/master_vetted_catalog/manual_vetting_decisions_ledger.csv,2026-05-19,5,,,,uncertain_or_conflicting,false,true,,EPIC appears in downstream pipeline/master-ledger products; split by EPIC and exclude decision fields,plots/k2_batch/final_candidate_master_ledger.csv=uncertain_hold || plots/k2_batch/master_vetted_catalog/manual_vetting_decisions_ledger.csv=uncertain_hold,false,false,true,false,true,,,,false,,,,,
EPIC_200008946,reject_as_noise_or_artifact,reject_as_noise_or_artifact,plots/k2_batch/final_candidate_master_ledger.csv,2026-06-23,5,,,yes,none_seen,true,false,,EPIC appears in downstream pipeline/master-ledger products; split by EPIC and exclude decision fields,plots/k2_batch/final_candidate_master_ledger.csv=reject_as_noise_or_artifact,true,false,true,false,true,,,,true,,,,,
EPIC_200008962,reject_as_noise_or_artifact,reject_as_noise_or_artifact,plots/k2_batch/final_candidate_master_ledger.csv,2026-06-23,5,,,yes,none_seen,true,false,,EPIC appears in downstream pipeline/master-ledger products; split by EPIC and exclude decision fields,plots/k2_batch/final_candidate_master_ledger.csv=reject_as_noise_or_artifact,true,false,true,false,true,,,,true,,,,,
EPIC_200008977,reject_as_noise_or_artifact,reject_as_noise_or_artifact,plots/k2_batch/final_candidate_master_ledger.csv,2026-06-22,5,,,yes,none_seen,true,false,,EPIC appears in downstream pipeline/master-ledger products; split by EPIC and exclude decision fields,plots/k2_batch/final_candidate_master_ledger.csv=reject_as_noise_or_artifact,true,false,true,false,true,,,,true,,,,,
EPIC_200008990,reject_as_noise_or_artifact,reject_as_noise_or_artifact,plots/k2_batch/final_candidate_master_ledger.csv,2026-06-23,5,,,yes,none_seen,true,false,,EPIC appears in downstream pipeline/master-ledger products; split by EPIC and exclude decision fields,plots/k2_batch/final_candidate_master_ledger.csv=reject_as_noise_or_artifact,true,false,true,false,true,,,,true,,,,,
EPIC_200009188,reject_as_noise_or_artifact,noise_or_artifact,training_labels_v3.csv,2026-05-10,5,,,yes,none_seen,false,false,,EPIC appears in downstream pipeline/master-ledger products; split by EPIC and exclude decision fields,training_labels_v3.csv=noise_or_artifact,false,false,true,false,true,,,,false,,,,,
EPIC_201092629,candidate_like,confirmed_planet,K2_ephemerides.csv (NASA Exoplanet Archive ephemerides; confirmation disposition not retained in columns),,,catalogued_ephemeris_unverified_disposition,,,none_seen,false,true,,Catalogue ephemeris may have been used in legacy segment labelling; verify provenance/disposition,K2_ephemerides.csv (NASA Exoplanet Archive ephemerides; confirmation disposition not retained in columns)=confirmed_planet,false,false,false,false,false,,,,false,,,,,
EPIC_201102594,candidate_like,confirmed_planet,K2_ephemerides.csv (NASA Exoplanet Archive ephemerides; confirmation disposition not retained in columns),,,catalogued_ephemeris_unverified_disposition,,,none_seen,false,true,,Catalogue ephemeris may have been used in legacy segment labelling; verify provenance/disposition,K2_ephemerides.csv (NASA Exoplanet Archive ephemerides; confirmation disposition not retained in columns)=confirmed_planet,false,false,false,false,false,,,,false,,,,,
EPIC_201110617,candidate_like,confirmed_planet,K2_ephemerides.csv (NASA Exoplanet Archive ephemerides; confirmation disposition not retained in columns),,,catalogued_ephemeris_unverified_disposition,,,none_seen,false,true,,Catalogue ephemeris may have been used in legacy segment labelling; verify provenance/disposition,K2_ephemerides.csv (NASA Exoplanet Archive ephemerides; confirmation disposition not retained in columns)=confirmed_planet,false,false,false,false,false,,,,false,,,,,
EPIC_201128338,candidate_like,confirmed_planet,K2_ephemerides.csv (NASA Exoplanet Archive ephemerides; confirmation disposition not retained in columns),,,catalogued_ephemeris_unverified_disposition,,,none_seen,false,true,,Catalogue ephemeris may have been used in legacy segment labelling; verify provenance/disposition,K2_ephemerides.csv (NASA Exoplanet Archive ephemerides; confirmation disposition not retained in columns)=confirmed_planet,false,false,false,false,false,,,,false,,,,,
EPIC_201130233,candidate_like,confirmed_planet,K2_ephemerides.csv (NASA Exoplanet Archive ephemerides; confirmation disposition not retained in columns),,,catalogued_ephemeris_unverified_disposition,,,none_seen,false,true,,Catalogue ephemeris may have been used in legacy segment labelling; verify provenance/disposition,K2_ephemerides.csv (NASA Exoplanet Archive ephemerides; confirmation disposition not retained in columns)=confirmed_planet,false,false,false,false,false,,,,false,,,,,
EPIC_201132684,candidate_like,confirmed_planet,K2_ephemerides.csv (NASA Exoplanet Archive ephemerides; confirmation disposition not retained in columns),,,catalogued_ephemeris_unverified_disposition,,,none_seen,false,true,,Catalogue ephemeris may have been used in legacy segment labelling; verify provenance/disposition,K2_ephemerides.csv (NASA Exoplanet Archive ephemerides; confirmation disposition not retained in columns)=confirmed_planet,false,false,false,false,false,,,,false,,,,,
EPIC_201155177,candidate_like,confirmed_planet,K2_ephemerides.csv (NASA Exoplanet Archive ephemerides; confirmation disposition not retained in columns),,,catalogued_ephemeris_unverified_disposition,,,none_seen,false,true,,Catalogue ephemeris may have been used in legacy segment labelling; verify provenance/disposition,K2_ephemerides.csv (NASA Exoplanet Archive ephemerides; confirmation disposition not retained in columns)=confirmed_planet,false,false,false,false,false,,,,false,,,,,
EPIC_201166680,candidate_like,confirmed_planet,K2_ephemerides.csv (NASA Exoplanet Archive ephemerides; confirmation disposition not retained in columns),,,catalogued_ephemeris_unverified_disposition,,,none_seen,false,true,,Catalogue ephemeris may have been used in legacy segment labelling; verify provenance/disposition,K2_ephemerides.csv (NASA Exoplanet Archive ephemerides; confirmation disposition not retained in columns)=confirmed_planet,false,false,false,false,false,,,,false,,,,,
EPIC_201205469,candidate_like,confirmed_planet,K2_ephemerides.csv (NASA Exoplanet Archive ephemerides; confirmation disposition not retained in columns),,,catalogued_ephemeris_unverified_disposition,,,none_seen,false,true,,Catalogue ephemeris may have been used in legacy segment labelling; verify provenance/disposition,K2_ephemerides.csv (NASA Exoplanet Archive ephemerides; confirmation disposition not retained in columns)=confirmed_planet,false,false,false,false,false,,,,false,,,,,
EPIC_201208431,candidate_like,confirmed_planet,K2_ephemerides.csv (NASA Exoplanet Archive ephemerides; confirmation disposition not retained in columns),,,catalogued_ephemeris_unverified_disposition,,,none_seen,false,true,,Catalogue ephemeris may have been used in legacy segment labelling; verify provenance/disposition,K2_ephemerides.csv (NASA Exoplanet Archive ephemerides; confirmation disposition not retained in columns)=confirmed_planet,false,false,false,false,false,,,,false,,,,,
EPIC_201211526,candidate_like,confirmed_planet,K2_ephemerides.csv (NASA Exoplanet Archive ephemerides; confirmation disposition not retained in columns),,,catalogued_ephemeris_unverified_disposition,,,none_seen,false,true,,Catalogue ephemeris may have been used in legacy segment labelling; verify provenance/disposition,K2_ephemerides.csv (NASA Exoplanet Archive ephemerides; confirmation disposition not retained in columns)=confirmed_planet,false,false,false,false,false,,,,false,,,,,
EPIC_201225286,candidate_like,confirmed_planet,K2_ephemerides.csv (NASA Exoplanet Archive ephemerides; confirmation disposition not retained in columns),,,catalogued_ephemeris_unverified_disposition,,,none_seen,false,true,,Catalogue ephemeris may have been used in legacy segment labelling; verify provenance/disposition,K2_ephemerides.csv (NASA Exoplanet Archive ephemerides; confirmation disposition not retained in columns)=confirmed_planet,false,false,false,false,false,,,,false,,,,,
EPIC_201238110,candidate_like,confirmed_planet,K2_ephemerides.csv (NASA Exoplanet Archive ephemerides; confirmation disposition not retained in columns),,,catalogued_ephemeris_unverified_disposition,,,none_seen,false,true,,Catalogue ephemeris may have been used in legacy segment labelling; verify provenance/disposition,K2_ephemerides.csv (NASA Exoplanet Archive ephemerides; confirmation disposition not retained in columns)=confirmed_planet,false,false,false,false,false,,,,false,,,,,
EPIC_201295312,candidate_like,confirmed_planet,K2_ephemerides.csv (NASA Exoplanet Archive ephemerides; confirmation disposition not retained in columns),,,catalogued_ephemeris_unverified_disposition,,,none_seen,false,true,,Catalogue ephemeris may have been used in legacy segment labelling; verify provenance/disposition,K2_ephemerides.csv (NASA Exoplanet Archive ephemerides; confirmation disposition not retained in columns)=confirmed_planet,false,false,false,false,false,,,,false,,,,,
EPIC_201338508,candidate_like,confirmed_planet,K2_ephemerides.csv (NASA Exoplanet Archive ephemerides; confirmation disposition not retained in columns),,,catalogued_ephemeris_unverified_disposition,,,none_seen,false,true,,Catalogue ephemeris may have been used in legacy segment labelling; verify provenance/disposition,K2_ephemerides.csv (NASA Exoplanet Archive ephemerides; confirmation disposition not retained in columns)=confirmed_planet,false,false,false,false,false,,,,false,,,,,
EPIC_201345483,candidate_like,confirmed_planet,K2_ephemerides.csv (NASA Exoplanet Archive ephemerides; confirmation disposition not retained in columns),,,catalogued_ephemeris_unverified_disposition,,,none_seen,false,true,,Catalogue ephemeris may have been used in legacy segment labelling; verify provenance/disposition,K2_ephemerides.csv (NASA Exoplanet Archive ephemerides; confirmation disposition not retained in columns)=confirmed_planet,false,false,false,false,false,,,,false,,,,,
EPIC_201357643,candidate_like,confirmed_planet,K2_ephemerides.csv (NASA Exoplanet Archive ephemerides; confirmation disposition not retained in columns),,,catalogued_ephemeris_unverified_disposition,,,none_seen,false,true,,Catalogue ephemeris may have been used in legacy segment labelling; verify provenance/disposition,K2_ephemerides.csv (NASA Exoplanet Archive ephemerides; confirmation disposition not retained in columns)=confirmed_planet,false,false,false,false,false,,,,false,,,,,
EPIC_201367065,candidate_like,confirmed_planet,K2_ephemerides.csv (NASA Exoplanet Archive ephemerides; confirmation disposition not retained in columns),,,catalogued_ephemeris_unverified_disposition,,,none_seen,false,true,,Catalogue ephemeris may have been used in legacy segment labelling; verify provenance/disposition,K2_ephemerides.csv (NASA Exoplanet Archive ephemerides; confirmation disposition not retained in columns)=confirmed_planet,false,false,false,false,false,,,,false,,,,,
EPIC_201384232,candidate_like,confirmed_planet,K2_ephemerides.csv (NASA Exoplanet Archive ephemerides; confirmation disposition not retained in columns),,,catalogued_ephemeris_unverified_disposition,,,none_seen,false,true,,Catalogue ephemeris may have been used in legacy segment labelling; verify provenance/disposition,K2_ephemerides.csv (NASA Exoplanet Archive ephemerides; confirmation disposition not retained in columns)=confirmed_planet,false,false,false,false,false,,,,false,,,,,
EPIC_201386739,candidate_like,confirmed_planet,K2_ephemerides.csv (NASA Exoplanet Archive ephemerides; confirmation disposition not retained in columns),,,catalogued_ephemeris_unverified_disposition,,,none_seen,false,true,,Catalogue ephemeris may have been used in legacy segment labelling; verify provenance/disposition,K2_ephemerides.csv (NASA Exoplanet Archive ephemerides; confirmation disposition not retained in columns)=confirmed_planet,false,false,false,false,false,,,,false,,,,,
EPIC_201390048,candidate_like,confirmed_planet,K2_ephemerides.csv (NASA Exoplanet Archive ephemerides; confirmation disposition not retained in columns),,,catalogued_ephemeris_unverified_disposition,,,none_seen,false,true,,Catalogue ephemeris may have been used in legacy segment labelling; verify provenance/disposition,K2_ephemerides.csv (NASA Exoplanet Archive ephemerides; confirmation disposition not retained in columns)=confirmed_planet,false,false,false,false,false,,,,false,,,,,
EPIC_201393098,candidate_like,confirmed_planet,K2_ephemerides.csv (NASA Exoplanet Archive ephemerides; confirmation disposition not retained in columns),,,catalogued_ephemeris_unverified_disposition,,,none_seen,false,true,,Catalogue ephemeris may have been used in legacy segment labelling; verify provenance/disposition,K2_ephemerides.csv (NASA Exoplanet Archive ephemerides; confirmation disposition not retained in columns)=confirmed_planet,false,false,false,false,false,,,,false,,,,,
EPIC_201403446,candidate_like,confirmed_planet,K2_ephemerides.csv (NASA Exoplanet Archive ephemerides; confirmation disposition not retained in columns),,,catalogued_ephemeris_unverified_disposition,,,none_seen,false,true,,Catalogue ephemeris may have been used in legacy segment labelling; verify provenance/disposition,K2_ephemerides.csv (NASA Exoplanet Archive ephemerides; confirmation disposition not retained in columns)=confirmed_planet,false,false,false,false,false,,,,false,,,,,
EPIC_201437844,candidate_like,confirmed_planet,K2_ephemerides.csv (NASA Exoplanet Archive ephemerides; confirmation disposition not retained in columns),,,catalogued_ephemeris_unverified_disposition,,,none_seen,false,true,,Catalogue ephemeris may have been used in legacy segment labelling; verify provenance/disposition,K2_ephemerides.csv (NASA Exoplanet Archive ephemerides; confirmation disposition not retained in columns)=confirmed_planet,false,false,false,false,false,,,,false,,,,,
EPIC_201445392,candidate_like,confirmed_planet,K2_ephemerides.csv (NASA Exoplanet Archive ephemerides; confirmation disposition not retained in columns),,,catalogued_ephemeris_unverified_disposition,,,none_seen,false,true,,Catalogue ephemeris may have been used in legacy segment labelling; verify provenance/disposition,K2_ephemerides.csv (NASA Exoplanet Archive ephemerides; confirmation disposition not retained in columns)=confirmed_planet,false,false,false,false,false,,,,false,,,,,
EPIC_201460826,candidate_like,confirmed_planet,K2_ephemerides.csv (NASA Exoplanet Archive ephemerides; confirmation disposition not retained in columns),,,catalogued_ephemeris_unverified_disposition,,,none_seen,false,true,,Catalogue ephemeris may have been used in legacy segment labelling; verify provenance/disposition,K2_ephemerides.csv (NASA Exoplanet Archive ephemerides; confirmation disposition not retained in columns)=confirmed_planet,false,false,false,false,false,,,,false,,,,,
EPIC_201465501,candidate_like,confirmed_planet,K2_ephemerides.csv (NASA Exoplanet Archive ephemerides; confirmation disposition not retained in columns),,,catalogued_ephemeris_unverified_disposition,,,none_seen,false,true,,Catalogue ephemeris may have been used in legacy segment labelling; verify provenance/disposition,K2_ephemerides.csv (NASA Exoplanet Archive ephemerides; confirmation disposition not retained in columns)=confirmed_planet,false,false,false,false,false,,,,false,,,,,
EPIC_201498078,candidate_like,confirmed_planet,K2_ephemerides.csv (NASA Exoplanet Archive ephemerides; confirmation disposition not retained in columns),,,catalogued_ephemeris_unverified_disposition,,,none_seen,false,true,,Catalogue ephemeris may have been used in legacy segment labelling; verify provenance/disposition,K2_ephemerides.csv (NASA Exoplanet Archive ephemerides; confirmation disposition not retained in columns)=confirmed_planet,false,false,false,false,false,,,,false,,,,,
EPIC_201505350,candidate_like,confirmed_planet,K2_ephemerides.csv (NASA Exoplanet Archive ephemerides; confirmation disposition not retained in columns),,,catalogued_ephemeris_unverified_disposition,,,none_seen,false,true,,Catalogue ephemeris may have been used in legacy segment labelling; verify provenance/disposition,K2_ephemerides.csv (NASA Exoplanet Archive ephemerides; confirmation disposition not retained in columns)=confirmed_planet,false,false,false,false,false,,,,false,,,,,
EPIC_201528828,candidate_like,confirmed_planet,K2_ephemerides.csv (NASA Exoplanet Archive ephemerides; confirmation disposition not retained in columns),,,catalogued_ephemeris_unverified_disposition,,,none_seen,false,true,,Catalogue ephemeris may have been used in legacy segment labelling; verify provenance/disposition,K2_ephemerides.csv (NASA Exoplanet Archive ephemerides; confirmation disposition not retained in columns)=confirmed_planet,false,false,false,false,false,,,,false,,,,,
EPIC_201546283,candidate_like,confirmed_planet,K2_ephemerides.csv (NASA Exoplanet Archive ephemerides; confirmation disposition not retained in columns),,,catalogued_ephemeris_unverified_disposition,,,none_seen,false,true,,Catalogue ephemeris may have been used in legacy segment labelling; verify provenance/disposition,K2_ephemerides.csv (NASA Exoplanet Archive ephemerides; confirmation disposition not retained in columns)=confirmed_planet,false,false,false,false,false,,,,false,,,,,
EPIC_201549860,candidate_like,confirmed_planet,K2_ephemerides.csv (NASA Exoplanet Archive ephemerides; confirmation disposition not retained in columns),,,catalogued_ephemeris_unverified_disposition,,,none_seen,false,true,,Catalogue ephemeris may have been used in legacy segment labelling; verify provenance/disposition,K2_ephemerides.csv (NASA Exoplanet Archive ephemerides; confirmation disposition not retained in columns)=confirmed_planet,false,false,false,false,false,,,,false,,,,,
EPIC_201577035,candidate_like,confirmed_planet,K2_ephemerides.csv (NASA Exoplanet Archive ephemerides; confirmation disposition not retained in columns),,,catalogued_ephemeris_unverified_disposition,,,none_seen,false,true,,Catalogue ephemeris may have been used in legacy segment labelling; verify provenance/disposition,K2_ephemerides.csv (NASA Exoplanet Archive ephemerides; confirmation disposition not retained in columns)=confirmed_planet,false,false,false,false,false,,,,false,,,,,
EPIC_201595106,candidate_like,confirmed_planet,K2_ephemerides.csv (NASA Exoplanet Archive ephemerides; confirmation disposition not retained in columns),,,catalogued_ephemeris_unverified_disposition,,,none_seen,false,true,,Catalogue ephemeris may have been used in legacy segment labelling; verify provenance/disposition,K2_ephemerides.csv (NASA Exoplanet Archive ephemerides; confirmation disposition not retained in columns)=confirmed_planet,false,false,false,false,false,,,,false,,,,,
EPIC_201596316,candidate_like,confirmed_planet,K2_ephemerides.csv (NASA Exoplanet Archive ephemerides; confirmation disposition not retained in columns),,,catalogued_ephemeris_unverified_disposition,,,none_seen,false,true,,Catalogue ephemeris may have been used in legacy segment labelling; verify provenance/disposition,K2_ephemerides.csv (NASA Exoplanet Archive ephemerides; confirmation disposition not retained in columns)=confirmed_planet,false,false,false,false,false,,,,false,,,,,
EPIC_201598502,candidate_like,confirmed_planet,K2_ephemerides.csv (NASA Exoplanet Archive ephemerides; confirmation disposition not retained in columns),,,catalogued_ephemeris_unverified_disposition,,,none_seen,false,true,,Catalogue ephemeris may have been used in legacy segment labelling; verify provenance/disposition,K2_ephemerides.csv (NASA Exoplanet Archive ephemerides; confirmation disposition not retained in columns)=confirmed_planet,false,false,false,false,false,,,,false,,,,,
EPIC_201613023,candidate_like,confirmed_planet,K2_ephemerides.csv (NASA Exoplanet Archive ephemerides; confirmation disposition not retained in columns),,,catalogued_ephemeris_unverified_disposition,,,none_seen,false,true,,Catalogue ephemeris may have been used in legacy segment labelling; verify provenance/disposition,K2_ephemerides.csv (NASA Exoplanet Archive ephemerides; confirmation disposition not retained in columns)=confirmed_planet,false,false,false,false,false,,,,false,,,,,
EPIC_201615463,candidate_like,confirmed_planet,K2_ephemerides.csv (NASA Exoplanet Archive ephemerides; confirmation disposition not retained in columns),,,catalogued_ephemeris_unverified_disposition,,,none_seen,false,true,,Catalogue ephemeris may have been used in legacy segment labelling; verify provenance/disposition,K2_ephemerides.csv (NASA Exoplanet Archive ephemerides; confirmation disposition not retained in columns)=confirmed_planet,false,false,false,false,false,,,,false,,,,,
EPIC_201629650,candidate_like,confirmed_planet,K2_ephemerides.csv (NASA Exoplanet Archive ephemerides; confirmation disposition not retained in columns),,,catalogued_ephemeris_unverified_disposition,,,none_seen,false,true,,Catalogue ephemeris may have been used in legacy segment labelling; verify provenance/disposition,K2_ephemerides.csv (NASA Exoplanet Archive ephemerides; confirmation disposition not retained in columns)=confirmed_planet,false,false,false,false,false,,,,false,,,,,
EPIC_201635569,candidate_like,confirmed_planet,K2_ephemerides.csv (NASA Exoplanet Archive ephemerides; confirmation disposition not retained in columns),,,catalogued_ephemeris_unverified_disposition,,,none_seen,false,true,,Catalogue ephemeris may have been used in legacy segment labelling; verify provenance/disposition,K2_ephemerides.csv (NASA Exoplanet Archive ephemerides; confirmation disposition not retained in columns)=confirmed_planet,false,false,false,false,false,,,,false,,,,,
EPIC_201637175,candidate_like,confirmed_planet,K2_ephemerides.csv (NASA Exoplanet Archive ephemerides; confirmation disposition not retained in columns),,,catalogued_ephemeris_unverified_disposition,,,none_seen,false,true,,Catalogue ephemeris may have been used in legacy segment labelling; verify provenance/disposition,K2_ephemerides.csv (NASA Exoplanet Archive ephemerides; confirmation disposition not retained in columns)=confirmed_planet,false,false,false,false,false,,,,false,,,,,
EPIC_201647718,candidate_like,confirmed_planet,K2_ephemerides.csv (NASA Exoplanet Archive ephemerides; confirmation disposition not retained in columns),,,catalogued_ephemeris_unverified_disposition,,,none_seen,false,true,,Catalogue ephemeris may have been used in legacy segment labelling; verify provenance/disposition,K2_ephemerides.csv (NASA Exoplanet Archive ephemerides; confirmation disposition not retained in columns)=confirmed_planet,false,false,false,false,false,,,,false,,,,,
EPIC_201677835,candidate_like,confirmed_planet,K2_ephemerides.csv (NASA Exoplanet Archive ephemerides; confirmation disposition not retained in columns),,,catalogued_ephemeris_unverified_disposition,,,none_seen,false,true,,Catalogue ephemeris may have been used in legacy segment labelling; verify provenance/disposition,K2_ephemerides.csv (NASA Exoplanet Archive ephemerides; confirmation disposition not retained in columns)=confirmed_planet,false,false,false,false,false,,,,false,,,,,
EPIC_201690311,candidate_like,confirmed_planet,K2_ephemerides.csv (NASA Exoplanet Archive ephemerides; confirmation disposition not retained in columns),,,catalogued_ephemeris_unverified_disposition,,,none_seen,false,true,,Catalogue ephemeris may have been used in legacy segment labelling; verify provenance/disposition,K2_ephemerides.csv (NASA Exoplanet Archive ephemerides; confirmation disposition not retained in columns)=confirmed_planet,false,false,false,false,false,,,,false,,,,,
EPIC_201713348,candidate_like,confirmed_planet,K2_ephemerides.csv (NASA Exoplanet Archive ephemerides; confirmation disposition not retained in columns),,,catalogued_ephemeris_unverified_disposition,,,none_seen,false,true,,Catalogue ephemeris may have been used in legacy segment labelling; verify provenance/disposition,K2_ephemerides.csv (NASA Exoplanet Archive ephemerides; confirmation disposition not retained in columns)=confirmed_planet,false,false,false,false,false,,,,false,,,,,
EPIC_201736247,candidate_like,confirmed_planet,K2_ephemerides.csv (NASA Exoplanet Archive ephemerides; confirmation disposition not retained in columns),,,catalogued_ephemeris_unverified_disposition,,,none_seen,false,true,,Catalogue ephemeris may have been used in legacy segment labelling; verify provenance/disposition,K2_ephemerides.csv (NASA Exoplanet Archive ephemerides; confirmation disposition not retained in columns)=confirmed_planet,false,false,false,false,false,,,,false,,,,,
EPIC_201754305,candidate_like,confirmed_planet,K2_ephemerides.csv (NASA Exoplanet Archive ephemerides; confirmation disposition not retained in columns),,,catalogued_ephemeris_unverified_disposition,,,none_seen,false,true,,Catalogue ephemeris may have been used in legacy segment labelling; verify provenance/disposition,K2_ephemerides.csv (NASA Exoplanet Archive ephemerides; confirmation disposition not retained in columns)=confirmed_planet,false,false,false,false,false,,,,false,,,,,
EPIC_201833600,candidate_like,confirmed_planet,K2_ephemerides.csv (NASA Exoplanet Archive ephemerides; confirmation disposition not retained in columns),,,catalogued_ephemeris_unverified_disposition,,,none_seen,false,true,,Catalogue ephemeris may have been used in legacy segment labelling; verify provenance/disposition,K2_ephemerides.csv (NASA Exoplanet Archive ephemerides; confirmation disposition not retained in columns)=confirmed_planet,false,false,false,false,false,,,,false,,,,,
EPIC_201841433,candidate_like,confirmed_planet,K2_ephemerides.csv (NASA Exoplanet Archive ephemerides; confirmation disposition not retained in columns),,,catalogued_ephemeris_unverified_disposition,,,none_seen,false,true,,Catalogue ephemeris may have been used in legacy segment labelling; verify provenance/disposition,K2_ephemerides.csv (NASA Exoplanet Archive ephemerides; confirmation disposition not retained in columns)=confirmed_planet,false,false,false,false,false,,,,false,,,,,
EPIC_201855371,candidate_like,confirmed_planet,K2_ephemerides.csv (NASA Exoplanet Archive ephemerides; confirmation disposition not retained in columns),,,catalogued_ephemeris_unverified_disposition,,,none_seen,false,true,,Catalogue ephemeris may have been used in legacy segment labelling; verify provenance/disposition,K2_ephemerides.csv (NASA Exoplanet Archive ephemerides; confirmation disposition not retained in columns)=confirmed_planet,false,false,false,false,false,,,,false,,,,,
EPIC_201862715,candidate_like,confirmed_planet,K2_ephemerides.csv (NASA Exoplanet Archive ephemerides; confirmation disposition not retained in columns),,,catalogued_ephemeris_unverified_disposition,,,none_seen,false,true,,Catalogue ephemeris may have been used in legacy segment labelling; verify provenance/disposition,K2_ephemerides.csv (NASA Exoplanet Archive ephemerides; confirmation disposition not retained in columns)=confirmed_planet,false,false,false,false,false,,,,false,,,,,
EPIC_201912552,candidate_like,confirmed_planet,K2_ephemerides.csv (NASA Exoplanet Archive ephemerides; confirmation disposition not retained in columns),,,catalogued_ephemeris_unverified_disposition,,,none_seen,false,true,,Catalogue ephemeris may have been used in legacy segment labelling; verify provenance/disposition,K2_ephemerides.csv (NASA Exoplanet Archive ephemerides; confirmation disposition not retained in columns)=confirmed_planet,false,false,false,false,false,,,,false,,,,,
EPIC_202083828,candidate_like,confirmed_planet,K2_ephemerides.csv (NASA Exoplanet Archive ephemerides; confirmation disposition not retained in columns),,,catalogued_ephemeris_unverified_disposition,,,none_seen,false,true,,Catalogue ephemeris may have been used in legacy segment labelling; verify provenance/disposition,K2_ephemerides.csv (NASA Exoplanet Archive ephemerides; confirmation disposition not retained in columns)=confirmed_planet,false,false,false,false,false,,,,false,,,,,
EPIC_202126849,candidate_like,confirmed_planet,K2_ephemerides.csv (NASA Exoplanet Archive ephemerides; confirmation disposition not retained in columns),,,catalogued_ephemeris_unverified_disposition,,,none_seen,false,true,,Catalogue ephemeris may have been used in legacy segment labelling; verify provenance/disposition,K2_ephemerides.csv (NASA Exoplanet Archive ephemerides; confirmation disposition not retained in columns)=confirmed_planet,false,false,false,false,false,,,,false,,,,,
EPIC_202126852,candidate_like,confirmed_planet,K2_ephemerides.csv (NASA Exoplanet Archive ephemerides; confirmation disposition not retained in columns),,,catalogued_ephemeris_unverified_disposition,,,none_seen,false,true,,Catalogue ephemeris may have been used in legacy segment labelling; verify provenance/disposition,K2_ephemerides.csv (NASA Exoplanet Archive ephemerides; confirmation disposition not retained in columns)=confirmed_planet,false,false,false,false,false,,,,false,,,,,
EPIC_203771098,candidate_like,confirmed_planet,K2_ephemerides.csv (NASA Exoplanet Archive ephemerides; confirmation disposition not retained in columns),,,catalogued_ephemeris_unverified_disposition,,,none_seen,false,true,,Catalogue ephemeris may have been used in legacy segment labelling; verify provenance/disposition,K2_ephemerides.csv (NASA Exoplanet Archive ephemerides; confirmation disposition not retained in columns)=confirmed_planet,false,false,false,false,false,,,,false,,,,,
EPIC_203776696,candidate_like,confirmed_planet,K2_ephemerides.csv (NASA Exoplanet Archive ephemerides; confirmation disposition not retained in columns),,,catalogued_ephemeris_unverified_disposition,,,none_seen,false,true,,Catalogue ephemeris may have been used in legacy segment labelling; verify provenance/disposition,K2_ephemerides.csv (NASA Exoplanet Archive ephemerides; confirmation disposition not retained in columns)=confirmed_planet,false,false,false,false,false,,,,false,,,,,
EPIC_203826436,candidate_like,confirmed_planet,K2_ephemerides.csv (NASA Exoplanet Archive ephemerides; confirmation disposition not retained in columns),,,catalogued_ephemeris_unverified_disposition,,,none_seen,false,true,,Catalogue ephemeris may have been used in legacy segment labelling; verify provenance/disposition,K2_ephemerides.csv (NASA Exoplanet Archive ephemerides; confirmation disposition not retained in columns)=confirmed_planet,false,false,false,false,false,,,,false,,,,,
EPIC_204129699,candidate_like,confirmed_planet,K2_ephemerides.csv (NASA Exoplanet Archive ephemerides; confirmation disposition not retained in columns),,,catalogued_ephemeris_unverified_disposition,,,none_seen,false,true,,Catalogue ephemeris may have been used in legacy segment labelling; verify provenance/disposition,K2_ephemerides.csv (NASA Exoplanet Archive ephemerides; confirmation disposition not retained in columns)=confirmed_planet,false,false,false,false,false,,,,false,,,,,
EPIC_204221263,candidate_like,confirmed_planet,K2_ephemerides.csv (NASA Exoplanet Archive ephemerides; confirmation disposition not retained in columns),,,catalogued_ephemeris_unverified_disposition,,,none_seen,false,true,,Catalogue ephemeris may have been used in legacy segment labelling; verify provenance/disposition,K2_ephemerides.csv (NASA Exoplanet Archive ephemerides; confirmation disposition not retained in columns)=confirmed_planet,false,false,false,false,false,,,,false,,,,,
EPIC_204750116,candidate_like,confirmed_planet,K2_ephemerides.csv (NASA Exoplanet Archive ephemerides; confirmation disposition not retained in columns),,,catalogued_ephemeris_unverified_disposition,,,none_seen,false,true,,Catalogue ephemeris may have been used in legacy segment labelling; verify provenance/disposition,K2_ephemerides.csv (NASA Exoplanet Archive ephemerides; confirmation disposition not retained in columns)=confirmed_planet,false,false,false,false,false,,,,false,,,,,
EPIC_204890128,candidate_like,confirmed_planet,K2_ephemerides.csv (NASA Exoplanet Archive ephemerides; confirmation disposition not retained in columns),,,catalogued_ephemeris_unverified_disposition,,,none_seen,false,true,,Catalogue ephemeris may have been used in legacy segment labelling; verify provenance/disposition,K2_ephemerides.csv (NASA Exoplanet Archive ephemerides; confirmation disposition not retained in columns)=confirmed_planet,false,false,false,false,false,,,,false,,,,,
EPIC_205071984,candidate_like,confirmed_planet,K2_ephemerides.csv (NASA Exoplanet Archive ephemerides; confirmation disposition not retained in columns),,,catalogued_ephemeris_unverified_disposition,,,none_seen,false,true,,Catalogue ephemeris may have been used in legacy segment labelling; verify provenance/disposition,K2_ephemerides.csv (NASA Exoplanet Archive ephemerides; confirmation disposition not retained in columns)=confirmed_planet,false,false,false,false,false,,,,false,,,,,
EPIC_205111664,candidate_like,confirmed_planet,K2_ephemerides.csv (NASA Exoplanet Archive ephemerides; confirmation disposition not retained in columns),,,catalogued_ephemeris_unverified_disposition,,,none_seen,false,true,,Catalogue ephemeris may have been used in legacy segment labelling; verify provenance/disposition,K2_ephemerides.csv (NASA Exoplanet Archive ephemerides; confirmation disposition not retained in columns)=confirmed_planet,false,false,false,false,false,,,,false,,,,,
EPIC_205117205,candidate_like,confirmed_planet,K2_ephemerides.csv (NASA Exoplanet Archive ephemerides; confirmation disposition not retained in columns),,,catalogued_ephemeris_unverified_disposition,,,none_seen,false,true,,Catalogue ephemeris may have been used in legacy segment labelling; verify provenance/disposition,K2_ephemerides.csv (NASA Exoplanet Archive ephemerides; confirmation disposition not retained in columns)=confirmed_planet,false,false,false,false,false,,,,false,,,,,
EPIC_205686202,candidate_like,confirmed_planet,K2_ephemerides.csv (NASA Exoplanet Archive ephemerides; confirmation disposition not retained in columns),,,catalogued_ephemeris_unverified_disposition,,,none_seen,false,true,,Catalogue ephemeris may have been used in legacy segment labelling; verify provenance/disposition,K2_ephemerides.csv (NASA Exoplanet Archive ephemerides; confirmation disposition not retained in columns)=confirmed_planet,false,false,false,false,false,,,,false,,,,,
EPIC_205904628,candidate_like,confirmed_planet,K2_ephemerides.csv (NASA Exoplanet Archive ephemerides; confirmation disposition not retained in columns),,,catalogued_ephemeris_unverified_disposition,,,none_seen,false,true,,Catalogue ephemeris may have been used in legacy segment labelling; verify provenance/disposition,K2_ephemerides.csv (NASA Exoplanet Archive ephemerides; confirmation disposition not retained in columns)=confirmed_planet,false,false,false,false,false,,,,false,,,,,
EPIC_205916793,candidate_like,confirmed_planet,K2_ephemerides.csv (NASA Exoplanet Archive ephemerides; confirmation disposition not retained in columns),,,catalogued_ephemeris_unverified_disposition,,,none_seen,false,true,,Catalogue ephemeris may have been used in legacy segment labelling; verify provenance/disposition,K2_ephemerides.csv (NASA Exoplanet Archive ephemerides; confirmation disposition not retained in columns)=confirmed_planet,false,false,false,false,false,,,,false,,,,,
EPIC_205924614,candidate_like,confirmed_planet,K2_ephemerides.csv (NASA Exoplanet Archive ephemerides; confirmation disposition not retained in columns),,,catalogued_ephemeris_unverified_disposition,,,none_seen,false,true,,Catalogue ephemeris may have been used in legacy segment labelling; verify provenance/disposition,K2_ephemerides.csv (NASA Exoplanet Archive ephemerides; confirmation disposition not retained in columns)=confirmed_planet,false,false,false,false,false,,,,false,,,,,
EPIC_205950854,candidate_like,confirmed_planet,K2_ephemerides.csv (NASA Exoplanet Archive ephemerides; confirmation disposition not retained in columns),,,catalogued_ephemeris_unverified_disposition,,,none_seen,false,true,,Catalogue ephemeris may have been used in legacy segment labelling; verify provenance/disposition,K2_ephemerides.csv (NASA Exoplanet Archive ephemerides; confirmation disposition not retained in columns)=confirmed_planet,false,false,false,false,false,,,,false,,,,,
EPIC_206007892,candidate_like,confirmed_planet,K2_ephemerides.csv (NASA Exoplanet Archive ephemerides; confirmation disposition not retained in columns),,,catalogued_ephemeris_unverified_disposition,,,none_seen,false,true,,Catalogue ephemeris may have been used in legacy segment labelling; verify provenance/disposition,K2_ephemerides.csv (NASA Exoplanet Archive ephemerides; confirmation disposition not retained in columns)=confirmed_planet,false,false,false,false,false,,,,false,,,,,
EPIC_206008091,candidate_like,confirmed_planet,K2_ephemerides.csv (NASA Exoplanet Archive ephemerides; confirmation disposition not retained in columns),,,catalogued_ephemeris_unverified_disposition,,,none_seen,false,true,,Catalogue ephemeris may have been used in legacy segment labelling; verify provenance/disposition,K2_ephemerides.csv (NASA Exoplanet Archive ephemerides; confirmation disposition not retained in columns)=confirmed_planet,false,false,false,false,false,,,,false,,,,,
EPIC_206011496,candidate_like,confirmed_planet,K2_ephemerides.csv (NASA Exoplanet Archive ephemerides; confirmation disposition not retained in columns),,,catalogued_ephemeris_unverified_disposition,,,none_seen,false,true,,Catalogue ephemeris may have been used in legacy segment labelling; verify provenance/disposition,K2_ephemerides.csv (NASA Exoplanet Archive ephemerides; confirmation disposition not retained in columns)=confirmed_planet,false,false,false,false,false,,,,false,,,,,
EPIC_206011691,candidate_like,confirmed_planet,K2_ephemerides.csv (NASA Exoplanet Archive ephemerides; confirmation disposition not retained in columns),,,catalogued_ephemeris_unverified_disposition,,,none_seen,false,true,,Catalogue ephemeris may have been used in legacy segment labelling; verify provenance/disposition,K2_ephemerides.csv (NASA Exoplanet Archive ephemerides; confirmation disposition not retained in columns)=confirmed_planet,false,false,false,false,false,,,,false,,,,,
EPIC_206024342,candidate_like,confirmed_planet,K2_ephemerides.csv (NASA Exoplanet Archive ephemerides; confirmation disposition not retained in columns),,,catalogued_ephemeris_unverified_disposition,,,none_seen,false,true,,Catalogue ephemeris may have been used in legacy segment labelling; verify provenance/disposition,K2_ephemerides.csv (NASA Exoplanet Archive ephemerides; confirmation disposition not retained in columns)=confirmed_planet,false,false,false,false,false,,,,false,,,,,
EPIC_206026136,candidate_like,confirmed_planet,K2_ephemerides.csv (NASA Exoplanet Archive ephemerides; confirmation disposition not retained in columns),,,catalogued_ephemeris_unverified_disposition,,,none_seen,false,true,,Catalogue ephemeris may have been used in legacy segment labelling; verify provenance/disposition,K2_ephemerides.csv (NASA Exoplanet Archive ephemerides; confirmation disposition not retained in columns)=confirmed_planet,false,false,false,false,false,,,,false,,,,,
EPIC_206026904,candidate_like,confirmed_planet,K2_ephemerides.csv (NASA Exoplanet Archive ephemerides; confirmation disposition not retained in columns),,,catalogued_ephemeris_unverified_disposition,,,none_seen,false,true,,Catalogue ephemeris may have been used in legacy segment labelling; verify provenance/disposition,K2_ephemerides.csv (NASA Exoplanet Archive ephemerides; confirmation disposition not retained in columns)=confirmed_planet,false,false,false,false,false,,,,false,,,,,
EPIC_206027655,candidate_like,confirmed_planet,K2_ephemerides.csv (NASA Exoplanet Archive ephemerides; confirmation disposition not retained in columns),,,catalogued_ephemeris_unverified_disposition,,,none_seen,false,true,,Catalogue ephemeris may have been used in legacy segment labelling; verify provenance/disposition,K2_ephemerides.csv (NASA Exoplanet Archive ephemerides; confirmation disposition not retained in columns)=confirmed_planet,false,false,false,false,false,,,,false,,,,,
EPIC_206038483,candidate_like,confirmed_planet,K2_ephemerides.csv (NASA Exoplanet Archive ephemerides; confirmation disposition not retained in columns),,,catalogued_ephemeris_unverified_disposition,,,none_seen,false,true,,Catalogue ephemeris may have been used in legacy segment labelling; verify provenance/disposition,K2_ephemerides.csv (NASA Exoplanet Archive ephemerides; confirmation disposition not retained in columns)=confirmed_planet,false,false,false,false,false,,,,false,,,,,
EPIC_206042996,candidate_like,confirmed_planet,K2_ephemerides.csv (NASA Exoplanet Archive ephemerides; confirmation disposition not retained in columns),,,catalogued_ephemeris_unverified_disposition,,,none_seen,false,true,,Catalogue ephemeris may have been used in legacy segment labelling; verify provenance/disposition,K2_ephemerides.csv (NASA Exoplanet Archive ephemerides; confirmation disposition not retained in columns)=confirmed_planet,false,false,false,false,false,,,,false,,,,,
EPIC_206044803,candidate_like,confirmed_planet,K2_ephemerides.csv (NASA Exoplanet Archive ephemerides; confirmation disposition not retained in columns),,,catalogued_ephemeris_unverified_disposition,,,none_seen,false,true,,Catalogue ephemeris may have been used in legacy segment labelling; verify provenance/disposition,K2_ephemerides.csv (NASA Exoplanet Archive ephemerides; confirmation disposition not retained in columns)=confirmed_planet,false,false,false,false,false,,,,false,,,,,
EPIC_206049764,candidate_like,confirmed_planet,K2_ephemerides.csv (NASA Exoplanet Archive ephemerides; confirmation disposition not retained in columns),,,catalogued_ephemeris_unverified_disposition,,,none_seen,false,true,,Catalogue ephemeris may have been used in legacy segment labelling; verify provenance/disposition,K2_ephemerides.csv (NASA Exoplanet Archive ephemerides; confirmation disposition not retained in columns)=confirmed_planet,false,false,false,false,false,,,,false,,,,,
EPIC_206055981,candidate_like,confirmed_planet,K2_ephemerides.csv (NASA Exoplanet Archive ephemerides; confirmation disposition not retained in columns),,,catalogued_ephemeris_unverified_disposition,,,none_seen,false,true,,Catalogue ephemeris may have been used in legacy segment labelling; verify provenance/disposition,K2_ephemerides.csv (NASA Exoplanet Archive ephemerides; confirmation disposition not retained in columns)=confirmed_planet,false,false,false,false,false,,,,false,,,,,
EPIC_206082454,candidate_like,confirmed_planet,K2_ephemerides.csv (NASA Exoplanet Archive ephemerides; confirmation disposition not retained in columns),,,catalogued_ephemeris_unverified_disposition,,,none_seen,false,true,,Catalogue ephemeris may have been used in legacy segment labelling; verify provenance/disposition,K2_ephemerides.csv (NASA Exoplanet Archive ephemerides; confirmation disposition not retained in columns)=confirmed_planet,false,false,false,false,false,,,,false,,,,,
EPIC_206096602,candidate_like,confirmed_planet,K2_ephemerides.csv (NASA Exoplanet Archive ephemerides; confirmation disposition not retained in columns),,,catalogued_ephemeris_unverified_disposition,,,none_seen,false,true,,Catalogue ephemeris may have been used in legacy segment labelling; verify provenance/disposition,K2_ephemerides.csv (NASA Exoplanet Archive ephemerides; confirmation disposition not retained in columns)=confirmed_planet,false,false,false,false,false,,,,false,,,,,
EPIC_206101302,candidate_like,confirmed_planet,K2_ephemerides.csv (NASA Exoplanet Archive ephemerides; confirmation disposition not retained in columns),,,catalogued_ephemeris_unverified_disposition,,,none_seen,false,true,,Catalogue ephemeris may have been used in legacy segment labelling; verify provenance/disposition,K2_ephemerides.csv (NASA Exoplanet Archive ephemerides; confirmation disposition not retained in columns)=confirmed_planet,false,false,false,false,false,,,,false,,,,,
EPIC_206103150,candidate_like,confirmed_planet,K2_ephemerides.csv (NASA Exoplanet Archive ephemerides; confirmation disposition not retained in columns),,,catalogued_ephemeris_unverified_disposition,,,none_seen,false,true,,Catalogue ephemeris may have been used in legacy segment labelling; verify provenance/disposition,K2_ephemerides.csv (NASA Exoplanet Archive ephemerides; confirmation disposition not retained in columns)=confirmed_planet,false,false,false,false,false,,,,false,,,,,
EPIC_206119924,candidate_like,confirmed_planet,K2_ephemerides.csv (NASA Exoplanet Archive ephemerides; confirmation disposition not retained in columns),,,catalogued_ephemeris_unverified_disposition,,,none_seen,false,true,,Catalogue ephemeris may have been used in legacy segment labelling; verify provenance/disposition,K2_ephemerides.csv (NASA Exoplanet Archive ephemerides; confirmation disposition not retained in columns)=confirmed_planet,false,false,false,false,false,,,,false,,,,,
EPIC_206125618,candidate_like,confirmed_planet,K2_ephemerides.csv (NASA Exoplanet Archive ephemerides; confirmation disposition not retained in columns),,,catalogued_ephemeris_unverified_disposition,,,none_seen,false,true,,Catalogue ephemeris may have been used in legacy segment labelling; verify provenance/disposition,K2_ephemerides.csv (NASA Exoplanet Archive ephemerides; confirmation disposition not retained in columns)=confirmed_planet,false,false,false,false,false,,,,false,,,,,
EPIC_206135682,candidate_like,confirmed_planet,K2_ephemerides.csv (NASA Exoplanet Archive ephemerides; confirmation disposition not retained in columns),,,catalogued_ephemeris_unverified_disposition,,,none_seen,false,true,,Catalogue ephemeris may have been used in legacy segment labelling; verify provenance/disposition,K2_ephemerides.csv (NASA Exoplanet Archive ephemerides; confirmation disposition not retained in columns)=confirmed_planet,false,false,false,false,false,,,,false,,,,,
EPIC_206144956,candidate_like,confirmed_planet,K2_ephemerides.csv (NASA Exoplanet Archive ephemerides; confirmation disposition not retained in columns),,,catalogued_ephemeris_unverified_disposition,,,none_seen,false,true,,Catalogue ephemeris may have been used in legacy segment labelling; verify provenance/disposition,K2_ephemerides.csv (NASA Exoplanet Archive ephemerides; confirmation disposition not retained in columns)=confirmed_planet,false,false,false,false,false,,,,false,,,,,
EPIC_206146957,candidate_like,confirmed_planet,K2_ephemerides.csv (NASA Exoplanet Archive ephemerides; confirmation disposition not retained in columns),,,catalogued_ephemeris_unverified_disposition,,,none_seen,false,true,,Catalogue ephemeris may have been used in legacy segment labelling; verify provenance/disposition,K2_ephemerides.csv (NASA Exoplanet Archive ephemerides; confirmation disposition not retained in columns)=confirmed_planet,false,false,false,false,false,,,,false,,,,,
EPIC_206153219,candidate_like,confirmed_planet,K2_ephemerides.csv (NASA Exoplanet Archive ephemerides; confirmation disposition not retained in columns),,,catalogued_ephemeris_unverified_disposition,,,none_seen,false,true,,Catalogue ephemeris may have been used in legacy segment labelling; verify provenance/disposition,K2_ephemerides.csv (NASA Exoplanet Archive ephemerides; confirmation disposition not retained in columns)=confirmed_planet,false,false,false,false,false,,,,false,,,,,
EPIC_206154641,candidate_like,confirmed_planet,K2_ephemerides.csv (NASA Exoplanet Archive ephemerides; confirmation disposition not retained in columns),,,catalogued_ephemeris_unverified_disposition,,,none_seen,false,true,,Catalogue ephemeris may have been used in legacy segment labelling; verify provenance/disposition,K2_ephemerides.csv (NASA Exoplanet Archive ephemerides; confirmation disposition not retained in columns)=confirmed_planet,false,false,false,false,false,,,,false,,,,,
EPIC_206159027,candidate_like,confirmed_planet,K2_ephemerides.csv (NASA Exoplanet Archive ephemerides; confirmation disposition not retained in columns),,,catalogued_ephemeris_unverified_disposition,,,none_seen,false,true,,Catalogue ephemeris may have been used in legacy segment labelling; verify provenance/disposition,K2_ephemerides.csv (NASA Exoplanet Archive ephemerides; confirmation disposition not retained in columns)=confirmed_planet,false,false,false,false,false,,,,false,,,,,
EPIC_206162305,candidate_like,confirmed_planet,K2_ephemerides.csv (NASA Exoplanet Archive ephemerides; confirmation disposition not retained in columns),,,catalogued_ephemeris_unverified_disposition,,,none_seen,false,true,,Catalogue ephemeris may have been used in legacy segment labelling; verify provenance/disposition,K2_ephemerides.csv (NASA Exoplanet Archive ephemerides; confirmation disposition not retained in columns)=confirmed_planet,false,false,false,false,false,,,,false,,,,,
EPIC_206181769,candidate_like,confirmed_planet,K2_ephemerides.csv (NASA Exoplanet Archive ephemerides; confirmation disposition not retained in columns),,,catalogued_ephemeris_unverified_disposition,,,none_seen,false,true,,Catalogue ephemeris may have been used in legacy segment labelling; verify provenance/disposition,K2_ephemerides.csv (NASA Exoplanet Archive ephemerides; confirmation disposition not retained in columns)=confirmed_planet,false,false,false,false,false,,,,false,,,,,
EPIC_206192813,candidate_like,confirmed_planet,K2_ephemerides.csv (NASA Exoplanet Archive ephemerides; confirmation disposition not retained in columns),,,catalogued_ephemeris_unverified_disposition,,,none_seen,false,true,,Catalogue ephemeris may have been used in legacy segment labelling; verify provenance/disposition,K2_ephemerides.csv (NASA Exoplanet Archive ephemerides; confirmation disposition not retained in columns)=confirmed_planet,false,false,false,false,false,,,,false,,,,,
EPIC_206209135,candidate_like,confirmed_planet,K2_ephemerides.csv (NASA Exoplanet Archive ephemerides; confirmation disposition not retained in columns),,,catalogued_ephemeris_unverified_disposition,,,none_seen,false,true,,Catalogue ephemeris may have been used in legacy segment labelling; verify provenance/disposition,K2_ephemerides.csv (NASA Exoplanet Archive ephemerides; confirmation disposition not retained in columns)=confirmed_planet,false,false,false,false,false,,,,false,,,,,
EPIC_206215704,candidate_like,confirmed_planet,K2_ephemerides.csv (NASA Exoplanet Archive ephemerides; confirmation disposition not retained in columns),,,catalogued_ephemeris_unverified_disposition,,,none_seen,false,true,,Catalogue ephemeris may have been used in legacy segment labelling; verify provenance/disposition,K2_ephemerides.csv (NASA Exoplanet Archive ephemerides; confirmation disposition not retained in columns)=confirmed_planet,false,false,false,false,false,,,,false,,,,,
EPIC_206245553,candidate_like,confirmed_planet,K2_ephemerides.csv (NASA Exoplanet Archive ephemerides; confirmation disposition not retained in columns),,,catalogued_ephemeris_unverified_disposition,,,none_seen,false,true,,Catalogue ephemeris may have been used in legacy segment labelling; verify provenance/disposition,K2_ephemerides.csv (NASA Exoplanet Archive ephemerides; confirmation disposition not retained in columns)=confirmed_planet,false,false,false,false,false,,,,false,,,,,
EPIC_206247743,candidate_like,confirmed_planet,K2_ephemerides.csv (NASA Exoplanet Archive ephemerides; confirmation disposition not retained in columns),,,catalogued_ephemeris_unverified_disposition,,,none_seen,false,true,,Catalogue ephemeris may have been used in legacy segment labelling; verify provenance/disposition,K2_ephemerides.csv (NASA Exoplanet Archive ephemerides; confirmation disposition not retained in columns)=confirmed_planet,false,false,false,false,false,,,,false,,,,,
EPIC_206268299,candidate_like,confirmed_planet,K2_ephemerides.csv (NASA Exoplanet Archive ephemerides; confirmation disposition not retained in columns),,,catalogued_ephemeris_unverified_disposition,,,none_seen,false,true,,Catalogue ephemeris may have been used in legacy segment labelling; verify provenance/disposition,K2_ephemerides.csv (NASA Exoplanet Archive ephemerides; confirmation disposition not retained in columns)=confirmed_planet,false,false,false,false,false,,,,false,,,,,
EPIC_206317286,candidate_like,confirmed_planet,K2_ephemerides.csv (NASA Exoplanet Archive ephemerides; confirmation disposition not retained in columns),,,catalogued_ephemeris_unverified_disposition,,,none_seen,false,true,,Catalogue ephemeris may have been used in legacy segment labelling; verify provenance/disposition,K2_ephemerides.csv (NASA Exoplanet Archive ephemerides; confirmation disposition not retained in columns)=confirmed_planet,false,false,false,false,false,,,,false,,,,,
EPIC_206318379,candidate_like,confirmed_planet,K2_ephemerides.csv (NASA Exoplanet Archive ephemerides; confirmation disposition not retained in columns),,,catalogued_ephemeris_unverified_disposition,,,none_seen,false,true,,Catalogue ephemeris may have been used in legacy segment labelling; verify provenance/disposition,K2_ephemerides.csv (NASA Exoplanet Archive ephemerides; confirmation disposition not retained in columns)=confirmed_planet,false,false,false,false,false,,,,false,,,,,
EPIC_206348688,candidate_like,confirmed_planet,K2_ephemerides.csv (NASA Exoplanet Archive ephemerides; confirmation disposition not retained in columns),,,catalogued_ephemeris_unverified_disposition,,,none_seen,false,true,,Catalogue ephemeris may have been used in legacy segment labelling; verify provenance/disposition,K2_ephemerides.csv (NASA Exoplanet Archive ephemerides; confirmation disposition not retained in columns)=confirmed_planet,false,false,false,false,false,,,,false,,,,,
EPIC_210363145,candidate_like,confirmed_planet,K2_ephemerides.csv (NASA Exoplanet Archive ephemerides; confirmation disposition not retained in columns),,,catalogued_ephemeris_unverified_disposition,,,none_seen,false,true,,Catalogue ephemeris may have been used in legacy segment labelling; verify provenance/disposition,K2_ephemerides.csv (NASA Exoplanet Archive ephemerides; confirmation disposition not retained in columns)=confirmed_planet,false,false,false,false,false,,,,false,,,,,
EPIC_210402237,candidate_like,confirmed_planet,K2_ephemerides.csv (NASA Exoplanet Archive ephemerides; confirmation disposition not retained in columns),,,catalogued_ephemeris_unverified_disposition,,,none_seen,false,true,,Catalogue ephemeris may have been used in legacy segment labelling; verify provenance/disposition,K2_ephemerides.csv (NASA Exoplanet Archive ephemerides; confirmation disposition not retained in columns)=confirmed_planet,false,false,false,false,false,,,,false,,,,,
EPIC_210403955,candidate_like,confirmed_planet,K2_ephemerides.csv (NASA Exoplanet Archive ephemerides; confirmation disposition not retained in columns),,,catalogued_ephemeris_unverified_disposition,,,none_seen,false,true,,Catalogue ephemeris may have been used in legacy segment labelling; verify provenance/disposition,K2_ephemerides.csv (NASA Exoplanet Archive ephemerides; confirmation disposition not retained in columns)=confirmed_planet,false,false,false,false,false,,,,false,,,,,
EPIC_210448987,candidate_like,confirmed_planet,K2_ephemerides.csv (NASA Exoplanet Archive ephemerides; confirmation disposition not retained in columns),,,catalogued_ephemeris_unverified_disposition,,,none_seen,false,true,,Catalogue ephemeris may have been used in legacy segment labelling; verify provenance/disposition,K2_ephemerides.csv (NASA Exoplanet Archive ephemerides; confirmation disposition not retained in columns)=confirmed_planet,false,false,false,false,false,,,,false,,,,,
EPIC_210490365,candidate_like,confirmed_planet,K2_ephemerides.csv (NASA Exoplanet Archive ephemerides; confirmation disposition not retained in columns),,,catalogued_ephemeris_unverified_disposition,,,none_seen,false,true,,Catalogue ephemeris may have been used in legacy segment labelling; verify provenance/disposition,K2_ephemerides.csv (NASA Exoplanet Archive ephemerides; confirmation disposition not retained in columns)=confirmed_planet,false,false,false,false,false,,,,false,,,,,
EPIC_210508766,candidate_like,confirmed_planet,K2_ephemerides.csv (NASA Exoplanet Archive ephemerides; confirmation disposition not retained in columns),,,catalogued_ephemeris_unverified_disposition,,,none_seen,false,true,,Catalogue ephemeris may have been used in legacy segment labelling; verify provenance/disposition,K2_ephemerides.csv (NASA Exoplanet Archive ephemerides; confirmation disposition not retained in columns)=confirmed_planet,false,false,false,false,false,,,,false,,,,,
EPIC_210512842,candidate_like,confirmed_planet,K2_ephemerides.csv (NASA Exoplanet Archive ephemerides; confirmation disposition not retained in columns),,,catalogued_ephemeris_unverified_disposition,,,none_seen,false,true,,Catalogue ephemeris may have been used in legacy segment labelling; verify provenance/disposition,K2_ephemerides.csv (NASA Exoplanet Archive ephemerides; confirmation disposition not retained in columns)=confirmed_planet,false,false,false,false,false,,,,false,,,,,
EPIC_210558622,candidate_like,confirmed_planet,K2_ephemerides.csv (NASA Exoplanet Archive ephemerides; confirmation disposition not retained in columns),,,catalogued_ephemeris_unverified_disposition,,,none_seen,false,true,,Catalogue ephemeris may have been used in legacy segment labelling; verify provenance/disposition,K2_ephemerides.csv (NASA Exoplanet Archive ephemerides; confirmation disposition not retained in columns)=confirmed_planet,false,false,false,false,false,,,,false,,,,,
EPIC_210577548,candidate_like,confirmed_planet,K2_ephemerides.csv (NASA Exoplanet Archive ephemerides; confirmation disposition not retained in columns),,,catalogued_ephemeris_unverified_disposition,,,none_seen,false,true,,Catalogue ephemeris may have been used in legacy segment labelling; verify provenance/disposition,K2_ephemerides.csv (NASA Exoplanet Archive ephemerides; confirmation disposition not retained in columns)=confirmed_planet,false,false,false,false,false,,,,false,,,,,
EPIC_210667381,candidate_like,confirmed_planet,K2_ephemerides.csv (NASA Exoplanet Archive ephemerides; confirmation disposition not retained in columns),,,catalogued_ephemeris_unverified_disposition,,,none_seen,false,true,,Catalogue ephemeris may have been used in legacy segment labelling; verify provenance/disposition,K2_ephemerides.csv (NASA Exoplanet Archive ephemerides; confirmation disposition not retained in columns)=confirmed_planet,false,false,false,false,false,,,,false,,,,,
EPIC_210693462,candidate_like,confirmed_planet,K2_ephemerides.csv (NASA Exoplanet Archive ephemerides; confirmation disposition not retained in columns),,,catalogued_ephemeris_unverified_disposition,,,none_seen,false,true,,Catalogue ephemeris may have been used in legacy segment labelling; verify provenance/disposition,K2_ephemerides.csv (NASA Exoplanet Archive ephemerides; confirmation disposition not retained in columns)=confirmed_planet,false,false,false,false,false,,,,false,,,,,
EPIC_210707130,candidate_like,confirmed_planet,K2_ephemerides.csv (NASA Exoplanet Archive ephemerides; confirmation disposition not retained in columns),,,catalogued_ephemeris_unverified_disposition,,,none_seen,false,true,,Catalogue ephemeris may have been used in legacy segment labelling; verify provenance/disposition,K2_ephemerides.csv (NASA Exoplanet Archive ephemerides; confirmation disposition not retained in columns)=confirmed_planet,false,false,false,false,false,,,,false,,,,,
EPIC_210718708,candidate_like,confirmed_planet,K2_ephemerides.csv (NASA Exoplanet Archive ephemerides; confirmation disposition not retained in columns),,,catalogued_ephemeris_unverified_disposition,,,none_seen,false,true,,Catalogue ephemeris may have been used in legacy segment labelling; verify provenance/disposition,K2_ephemerides.csv (NASA Exoplanet Archive ephemerides; confirmation disposition not retained in columns)=confirmed_planet,false,false,false,false,false,,,,false,,,,,
EPIC_210731500,candidate_like,confirmed_planet,K2_ephemerides.csv (NASA Exoplanet Archive ephemerides; confirmation disposition not retained in columns),,,catalogued_ephemeris_unverified_disposition,,,none_seen,false,true,,Catalogue ephemeris may have been used in legacy segment labelling; verify provenance/disposition,K2_ephemerides.csv (NASA Exoplanet Archive ephemerides; confirmation disposition not retained in columns)=confirmed_planet,false,false,false,false,false,,,,false,,,,,
EPIC_210750726,candidate_like,confirmed_planet,K2_ephemerides.csv (NASA Exoplanet Archive ephemerides; confirmation disposition not retained in columns),,,catalogued_ephemeris_unverified_disposition,,,none_seen,false,true,,Catalogue ephemeris may have been used in legacy segment labelling; verify provenance/disposition,K2_ephemerides.csv (NASA Exoplanet Archive ephemerides; confirmation disposition not retained in columns)=confirmed_planet,false,false,false,false,false,,,,false,,,,,
EPIC_210797580,candidate_like,confirmed_planet,K2_ephemerides.csv (NASA Exoplanet Archive ephemerides; confirmation disposition not retained in columns),,,catalogued_ephemeris_unverified_disposition,,,none_seen,false,true,,Catalogue ephemeris may have been used in legacy segment labelling; verify provenance/disposition,K2_ephemerides.csv (NASA Exoplanet Archive ephemerides; confirmation disposition not retained in columns)=confirmed_planet,false,false,false,false,false,,,,false,,,,,
EPIC_210818897,candidate_like,confirmed_planet,K2_ephemerides.csv (NASA Exoplanet Archive ephemerides; confirmation disposition not retained in columns),,,catalogued_ephemeris_unverified_disposition,,,none_seen,false,true,,Catalogue ephemeris may have been used in legacy segment labelling; verify provenance/disposition,K2_ephemerides.csv (NASA Exoplanet Archive ephemerides; confirmation disposition not retained in columns)=confirmed_planet,false,false,false,false,false,,,,false,,,,,
EPIC_210838726,candidate_like,confirmed_planet,K2_ephemerides.csv (NASA Exoplanet Archive ephemerides; confirmation disposition not retained in columns),,,catalogued_ephemeris_unverified_disposition,,,none_seen,false,true,,Catalogue ephemeris may have been used in legacy segment labelling; verify provenance/disposition,K2_ephemerides.csv (NASA Exoplanet Archive ephemerides; confirmation disposition not retained in columns)=confirmed_planet,false,false,false,false,false,,,,false,,,,,
EPIC_210894022,candidate_like,confirmed_planet,K2_ephemerides.csv (NASA Exoplanet Archive ephemerides; confirmation disposition not retained in columns),,,catalogued_ephemeris_unverified_disposition,,,none_seen,false,true,,Catalogue ephemeris may have been used in legacy segment labelling; verify provenance/disposition,K2_ephemerides.csv (NASA Exoplanet Archive ephemerides; confirmation disposition not retained in columns)=confirmed_planet,false,false,false,false,false,,,,false,,,,,
EPIC_210897587,candidate_like,confirmed_planet,K2_ephemerides.csv (NASA Exoplanet Archive ephemerides; confirmation disposition not retained in columns),,,catalogued_ephemeris_unverified_disposition,,,none_seen,false,true,,Catalogue ephemeris may have been used in legacy segment labelling; verify provenance/disposition,K2_ephemerides.csv (NASA Exoplanet Archive ephemerides; confirmation disposition not retained in columns)=confirmed_planet,false,false,false,false,false,,,,false,,,,,
EPIC_210957318,candidate_like,confirmed_planet,K2_ephemerides.csv (NASA Exoplanet Archive ephemerides; confirmation disposition not retained in columns),,,catalogued_ephemeris_unverified_disposition,,,none_seen,false,true,,Catalogue ephemeris may have been used in legacy segment labelling; verify provenance/disposition,K2_ephemerides.csv (NASA Exoplanet Archive ephemerides; confirmation disposition not retained in columns)=confirmed_planet,false,false,false,false,false,,,,false,,,,,
EPIC_210965800,candidate_like,confirmed_planet,K2_ephemerides.csv (NASA Exoplanet Archive ephemerides; confirmation disposition not retained in columns),,,catalogued_ephemeris_unverified_disposition,,,none_seen,false,true,,Catalogue ephemeris may have been used in legacy segment labelling; verify provenance/disposition,K2_ephemerides.csv (NASA Exoplanet Archive ephemerides; confirmation disposition not retained in columns)=confirmed_planet,false,false,false,false,false,,,,false,,,,,
EPIC_210968143,candidate_like,confirmed_planet,K2_ephemerides.csv (NASA Exoplanet Archive ephemerides; confirmation disposition not retained in columns),,,catalogued_ephemeris_unverified_disposition,,,none_seen,false,true,,Catalogue ephemeris may have been used in legacy segment labelling; verify provenance/disposition,K2_ephemerides.csv (NASA Exoplanet Archive ephemerides; confirmation disposition not retained in columns)=confirmed_planet,false,false,false,false,false,,,,false,,,,,
EPIC_211048999,candidate_like,confirmed_planet,K2_ephemerides.csv (NASA Exoplanet Archive ephemerides; confirmation disposition not retained in columns),,,catalogued_ephemeris_unverified_disposition,,,none_seen,false,true,,Catalogue ephemeris may have been used in legacy segment labelling; verify provenance/disposition,K2_ephemerides.csv (NASA Exoplanet Archive ephemerides; confirmation disposition not retained in columns)=confirmed_planet,false,false,false,false,false,,,,false,,,,,
EPIC_211077024,candidate_like,confirmed_planet,K2_ephemerides.csv (NASA Exoplanet Archive ephemerides; confirmation disposition not retained in columns),,,catalogued_ephemeris_unverified_disposition,,,none_seen,false,true,,Catalogue ephemeris may have been used in legacy segment labelling; verify provenance/disposition,K2_ephemerides.csv (NASA Exoplanet Archive ephemerides; confirmation disposition not retained in columns)=confirmed_planet,false,false,false,false,false,,,,false,,,,,
EPIC_211089792,candidate_like,confirmed_planet,K2_ephemerides.csv (NASA Exoplanet Archive ephemerides; confirmation disposition not retained in columns),,,catalogued_ephemeris_unverified_disposition,,,none_seen,false,true,,Catalogue ephemeris may have been used in legacy segment labelling; verify provenance/disposition,K2_ephemerides.csv (NASA Exoplanet Archive ephemerides; confirmation disposition not retained in columns)=confirmed_planet,false,false,false,false,false,,,,false,,,,,
EPIC_211306307,reject_as_noise_or_artifact,noise_or_artifact,training_labels_v3.csv,2026-05-05,5,,,yes,none_seen,false,false,,EPIC appears in downstream pipeline/master-ledger products; split by EPIC and exclude decision fields,training_labels_v3.csv=noise_or_artifact,false,false,true,true,true,,,,false,,,,,
EPIC_211308816,reject_as_noise_or_artifact,reject_as_noise_or_artifact,plots/k2_batch/final_candidate_master_ledger.csv,2026-06-22,5,,,yes,none_seen,true,false,,EPIC appears in downstream pipeline/master-ledger products; split by EPIC and exclude decision fields,plots/k2_batch/final_candidate_master_ledger.csv=reject_as_noise_or_artifact,true,false,true,false,true,,,,true,,,,,
EPIC_211311380,candidate_like,confirmed_planet,K2_ephemerides.csv (NASA Exoplanet Archive ephemerides; confirmation disposition not retained in columns),,5,catalogued_ephemeris_unverified_disposition,,,none_seen,false,true,,Catalogue ephemeris may have been used in legacy segment labelling; verify provenance/disposition,K2_ephemerides.csv (NASA Exoplanet Archive ephemerides; confirmation disposition not retained in columns)=confirmed_planet,false,false,true,false,true,,,,false,,,,,
EPIC_211311608,false_positive_eb_or_variable,variable_or_possible_eb,plots/k2_batch/final_candidate_master_ledger.csv,2026-06-23,5,,yes,,none_seen,true,false,,EPIC appears in downstream pipeline/master-ledger products; split by EPIC and exclude decision fields,plots/k2_batch/final_candidate_master_ledger.csv=variable_or_possible_eb,true,false,true,false,true,,,,true,,,,,
EPIC_211313403,false_positive_eb_or_variable,false_positive_eb_or_variable,plots/k2_batch/final_candidate_master_ledger.csv,2026-06-23,5,,yes,,none_seen,true,false,,EPIC appears in downstream pipeline/master-ledger products; split by EPIC and exclude decision fields,plots/k2_batch/final_candidate_master_ledger.csv=false_positive_eb_or_variable,true,false,true,false,true,,,,true,,,,,
EPIC_211314705,candidate_like,confirmed_planet,K2_ephemerides.csv (NASA Exoplanet Archive ephemerides; confirmation disposition not retained in columns),,5,catalogued_ephemeris_unverified_disposition,,,none_seen,false,true,,Catalogue ephemeris may have been used in legacy segment labelling; verify provenance/disposition,K2_ephemerides.csv (NASA Exoplanet Archive ephemerides; confirmation disposition not retained in columns)=confirmed_planet,false,false,true,false,true,,,,false,,,,,
EPIC_211319617,candidate_like,confirmed_planet,K2_ephemerides.csv (NASA Exoplanet Archive ephemerides; confirmation disposition not retained in columns),,5,catalogued_ephemeris_unverified_disposition,,,none_seen,false,true,,Catalogue ephemeris may have been used in legacy segment labelling; verify provenance/disposition,K2_ephemerides.csv (NASA Exoplanet Archive ephemerides; confirmation disposition not retained in columns)=confirmed_planet,false,false,true,false,true,,,,false,,,,,
EPIC_211322563,reject_as_noise_or_artifact,reject_as_noise_or_artifact,plots/k2_batch/final_candidate_master_ledger.csv,2026-06-22,5,,,yes,none_seen,true,false,,EPIC appears in downstream pipeline/master-ledger products; split by EPIC and exclude decision fields,plots/k2_batch/final_candidate_master_ledger.csv=reject_as_noise_or_artifact || plots/k2_batch/final_candidate_master_ledger.csv=reject_as_noise_or_artifact,true,false,true,false,true,,,,true,,,,,
EPIC_211328173,reject_as_noise_or_artifact,reject_as_noise_or_artifact,plots/k2_batch/final_candidate_master_ledger.csv,2026-06-22,5,,,yes,none_seen,true,false,,EPIC appears in downstream pipeline/master-ledger products; split by EPIC and exclude decision fields,plots/k2_batch/final_candidate_master_ledger.csv=reject_as_noise_or_artifact,true,false,true,false,true,,,,true,,,,,
EPIC_211330591,reject_as_noise_or_artifact,reject_as_noise_or_artifact,plots/k2_batch/final_candidate_master_ledger.csv,2026-06-22,5,,,yes,none_seen,true,false,,EPIC appears in downstream pipeline/master-ledger products; split by EPIC and exclude decision fields,plots/k2_batch/final_candidate_master_ledger.csv=reject_as_noise_or_artifact,true,false,true,false,true,,,,true,,,,,
EPIC_211331236,candidate_like,confirmed_planet,K2_ephemerides.csv (NASA Exoplanet Archive ephemerides; confirmation disposition not retained in columns),,5,catalogued_ephemeris_unverified_disposition,,,none_seen,false,true,,Catalogue ephemeris may have been used in legacy segment labelling; verify provenance/disposition,K2_ephemerides.csv (NASA Exoplanet Archive ephemerides; confirmation disposition not retained in columns)=confirmed_planet,false,false,true,false,true,,,,false,,,,,
EPIC_211339469,reject_as_noise_or_artifact,noise_or_artifact,training_labels_v3.csv,2026-05-10,5,,,yes,none_seen,false,false,,EPIC appears in downstream pipeline/master-ledger products; split by EPIC and exclude decision fields,training_labels_v3.csv=noise_or_artifact,false,false,true,false,true,,,,false,,,,,
EPIC_211341364,false_positive_eb_or_variable,false_positive_eb_or_variable,plots/k2_batch/final_candidate_master_ledger.csv,2026-06-23,5,,yes,,none_seen,true,false,,EPIC appears in downstream pipeline/master-ledger products; split by EPIC and exclude decision fields,plots/k2_batch/final_candidate_master_ledger.csv=false_positive_eb_or_variable,true,false,true,false,true,,,,true,,,,,
EPIC_211346827,reject_as_noise_or_artifact,reject_as_noise_or_artifact,plots/k2_batch/final_candidate_master_ledger.csv,2026-06-22,5,,,yes,none_seen,true,false,,EPIC appears in downstream pipeline/master-ledger products; split by EPIC and exclude decision fields,plots/k2_batch/final_candidate_master_ledger.csv=reject_as_noise_or_artifact,true,false,true,false,true,,,,true,,,,,
EPIC_211349119,false_positive_eb_or_variable,variable_or_possible_eb,plots/k2_batch/final_candidate_master_ledger.csv,2026-06-23,5,,yes,,none_seen,true,false,,EPIC appears in downstream pipeline/master-ledger products; split by EPIC and exclude decision fields,plots/k2_batch/final_candidate_master_ledger.csv=variable_or_possible_eb,true,false,true,false,true,,,,true,,,,,
EPIC_211351798,false_positive_eb_or_variable,false_positive_eb_or_variable,gatevetter_v0_2_deep_review_manual_decisions.csv,2026-07-31,5,,yes,,none_seen,true,false,,EPIC appears in downstream pipeline/master-ledger products; split by EPIC and exclude decision fields,plots/k2_batch/final_candidate_master_ledger.csv=false_positive_eb_or_variable || gatevetter_v0_2_deep_review_manual_decisions.csv=false_positive_eb_or_variable,true,true,true,false,true,,,,true,,,,,
EPIC_211351816,candidate_like,confirmed_planet,K2_ephemerides.csv (NASA Exoplanet Archive ephemerides; confirmation disposition not retained in columns),,5,catalogued_ephemeris_unverified_disposition,,,none_seen,false,true,,Catalogue ephemeris may have been used in legacy segment labelling; verify provenance/disposition,K2_ephemerides.csv (NASA Exoplanet Archive ephemerides; confirmation disposition not retained in columns)=confirmed_planet,false,false,true,false,true,,,,false,,,,,
EPIC_211355342,candidate_like,confirmed_planet,K2_ephemerides.csv (NASA Exoplanet Archive ephemerides; confirmation disposition not retained in columns),,5,catalogued_ephemeris_unverified_disposition,,,none_seen,false,true,,Catalogue ephemeris may have been used in legacy segment labelling; verify provenance/disposition,K2_ephemerides.csv (NASA Exoplanet Archive ephemerides; confirmation disposition not retained in columns)=confirmed_planet,false,false,true,false,true,,,,false,,,,,
EPIC_211355462,reject_as_noise_or_artifact,reject_as_noise_or_artifact,plots/k2_batch/final_candidate_master_ledger.csv,2026-06-22,5,,,yes,none_seen,true,false,,EPIC appears in downstream pipeline/master-ledger products; split by EPIC and exclude decision fields,plots/k2_batch/final_candidate_master_ledger.csv=reject_as_noise_or_artifact,true,false,true,false,true,,,,true,,,,,
EPIC_211356395,uncertain_hold,uncertain_hold,plots/k2_batch/master_vetted_catalog/manual_vetting_decisions_ledger.csv,2026-05-19,5,,,,uncertain_or_conflicting,false,true,,EPIC appears in downstream pipeline/master-ledger products; split by EPIC and exclude decision fields,plots/k2_batch/final_candidate_master_ledger.csv=uncertain_hold || plots/k2_batch/master_vetted_catalog/manual_vetting_decisions_ledger.csv=uncertain_hold,false,false,true,false,true,,,,false,,,,,
EPIC_211357782,candidate_like,candidate_like,plots/k2_batch/master_vetted_catalog/manual_vetting_decisions_ledger.csv,2026-05-19,5,,,,none_seen,true,false,,EPIC appears in downstream pipeline/master-ledger products; split by EPIC and exclude decision fields,plots/k2_batch/final_candidate_master_ledger.csv=candidate_like || plots/k2_batch/master_vetted_catalog/manual_vetting_decisions_ledger.csv=candidate_like,false,false,true,false,true,positive_silver,,unconfirmed_candidate,true,candidate_positive_silver,,,true,false
EPIC_211358886,false_positive_eb_or_variable,variable_or_possible_eb,plots/k2_batch/final_candidate_master_ledger.csv,2026-06-23,5,,yes,,none_seen,true,false,,EPIC appears in downstream pipeline/master-ledger products; split by EPIC and exclude decision fields,plots/k2_batch/final_candidate_master_ledger.csv=variable_or_possible_eb,true,false,true,false,true,,,,true,,,,,
EPIC_211359660,candidate_like,confirmed_planet,K2_ephemerides.csv (NASA Exoplanet Archive ephemerides; confirmation disposition not retained in columns),,5,catalogued_ephemeris_unverified_disposition,,,none_seen,false,true,,Catalogue ephemeris may have been used in legacy segment labelling; verify provenance/disposition,K2_ephemerides.csv (NASA Exoplanet Archive ephemerides; confirmation disposition not retained in columns)=confirmed_planet,false,false,true,false,true,,,,false,,,,,
EPIC_211371463,uncertain_hold,uncertain_hold,plots/k2_batch/master_vetted_catalog/manual_vetting_decisions_ledger.csv,2026-05-19,5,,,,uncertain_or_conflicting,false,true,,EPIC appears in downstream pipeline/master-ledger products; split by EPIC and exclude decision fields,plots/k2_batch/final_candidate_master_ledger.csv=uncertain_hold || plots/k2_batch/master_vetted_catalog/manual_vetting_decisions_ledger.csv=uncertain_hold,false,false,true,false,true,,,,false,,,,,
EPIC_211373495,reject_as_noise_or_artifact,reject_as_noise_or_artifact,plots/k2_batch/final_candidate_master_ledger.csv,2026-06-23,5,,,yes,none_seen,true,false,,EPIC appears in downstream pipeline/master-ledger products; split by EPIC and exclude decision fields,plots/k2_batch/final_candidate_master_ledger.csv=reject_as_noise_or_artifact,true,false,true,false,true,,,,true,,,,,
EPIC_211376339,reject_as_noise_or_artifact,reject_as_noise_or_artifact,plots/k2_batch/final_candidate_master_ledger.csv,2026-06-23,5,,,yes,none_seen,true,false,,EPIC appears in downstream pipeline/master-ledger products; split by EPIC and exclude decision fields,plots/k2_batch/final_candidate_master_ledger.csv=reject_as_noise_or_artifact,true,false,true,false,true,,,,true,,,,,
EPIC_211377847,false_positive_eb_or_variable,variable_or_possible_eb,plots/k2_batch/final_candidate_master_ledger.csv,2026-06-23,5,,yes,,none_seen,true,false,,EPIC appears in downstream pipeline/master-ledger products; split by EPIC and exclude decision fields,plots/k2_batch/final_candidate_master_ledger.csv=variable_or_possible_eb,true,false,true,false,true,,,,true,,,,,
EPIC_211378170,reject_as_noise_or_artifact,reject_as_noise_or_artifact,plots/k2_batch/final_candidate_master_ledger.csv,2026-06-22,5,,,yes,none_seen,true,false,,EPIC appears in downstream pipeline/master-ledger products; split by EPIC and exclude decision fields,plots/k2_batch/final_candidate_master_ledger.csv=reject_as_noise_or_artifact,true,false,true,false,true,,,,true,,,,,
EPIC_211383838,reject_as_noise_or_artifact,reject_as_noise_or_artifact,plots/k2_batch/final_candidate_master_ledger.csv,2026-06-23,5,,,yes,none_seen,true,false,,EPIC appears in downstream pipeline/master-ledger products; split by EPIC and exclude decision fields,plots/k2_batch/final_candidate_master_ledger.csv=reject_as_noise_or_artifact,true,false,true,false,true,,,,true,,,,,
EPIC_211384981,reject_as_noise_or_artifact,reject_as_noise_or_artifact,plots/k2_batch/final_candidate_master_ledger.csv,2026-06-22,5,,,yes,none_seen,true,false,,EPIC appears in downstream pipeline/master-ledger products; split by EPIC and exclude decision fields,plots/k2_batch/final_candidate_master_ledger.csv=reject_as_noise_or_artifact || plots/k2_batch/final_candidate_master_ledger.csv=reject_as_noise_or_artifact,true,false,true,false,true,,,,true,,,,,
EPIC_211387236,false_positive_eb_or_variable,false_positive_eb_or_variable,gatevetter_v0_2_deep_review_manual_decisions.csv,2026-07-31,5,,yes,,uncertain_or_conflicting,false,true,false_positive_eb_or_variable | uncertain_hold_period_ambiguous,EPIC appears in downstream pipeline/master-ledger products; split by EPIC and exclude decision fields; conflicting normalized labels; adjudicate before training,plots/k2_batch/final_candidate_master_ledger.csv=uncertain_hold_period_ambiguous || gatevetter_v0_2_deep_review_manual_decisions.csv=false_positive_eb_or_variable,true,true,true,false,true,,,,false,,,,,
EPIC_211387425,reject_as_noise_or_artifact,noise_or_artifact,training_labels_v3.csv,2026-05-10,5,,,yes,none_seen,false,false,,EPIC appears in downstream pipeline/master-ledger products; split by EPIC and exclude decision fields,training_labels_v3.csv=noise_or_artifact,false,false,true,false,true,,,,false,,,,,
EPIC_211391664,candidate_like,confirmed_planet,K2_ephemerides.csv (NASA Exoplanet Archive ephemerides; confirmation disposition not retained in columns),,5,catalogued_ephemeris_unverified_disposition,,,none_seen,false,true,,Catalogue ephemeris may have been used in legacy segment labelling; verify provenance/disposition,K2_ephemerides.csv (NASA Exoplanet Archive ephemerides; confirmation disposition not retained in columns)=confirmed_planet,false,false,true,false,true,,,,false,,,,,
EPIC_211396246,reject_as_noise_or_artifact,reject_manual_false_positive,plots/k2_batch/final_candidate_master_ledger.csv,2026-05-04,5,,,yes,none_seen,true,false,noise_or_artifact | reject_manual_false_positive,EPIC appears in downstream pipeline/master-ledger products; split by EPIC and exclude decision fields,plots/k2_batch/final_candidate_master_ledger.csv=reject_manual_false_positive || training_labels_v3.csv=noise_or_artifact,false,false,true,true,true,,,,true,,,,,
EPIC_211396385,reject_as_noise_or_artifact,reject_as_noise_or_artifact,plots/k2_batch/final_candidate_master_ledger.csv,2026-06-23,5,,,yes,none_seen,true,false,,EPIC appears in downstream pipeline/master-ledger products; split by EPIC and exclude decision fields,plots/k2_batch/final_candidate_master_ledger.csv=reject_as_noise_or_artifact,true,false,true,false,true,,,,true,,,,,
EPIC_211399359,candidate_like,confirmed_planet,K2_ephemerides.csv (NASA Exoplanet Archive ephemerides; confirmation disposition not retained in columns),,5,catalogued_ephemeris_unverified_disposition,,,none_seen,false,true,,Catalogue ephemeris may have been used in legacy segment labelling; verify provenance/disposition,K2_ephemerides.csv (NASA Exoplanet Archive ephemerides; confirmation disposition not retained in columns)=confirmed_planet,false,false,true,false,true,,,,false,,,,,
EPIC_211401787,candidate_like,confirmed_planet,K2_ephemerides.csv (NASA Exoplanet Archive ephemerides; confirmation disposition not retained in columns),,5,catalogued_ephemeris_unverified_disposition,,,none_seen,false,true,,Catalogue ephemeris may have been used in legacy segment labelling; verify provenance/disposition,K2_ephemerides.csv (NASA Exoplanet Archive ephemerides; confirmation disposition not retained in columns)=confirmed_planet,false,false,true,false,true,,,,false,,,,,
EPIC_211402632,false_positive_eb_or_variable,variable_or_possible_eb,plots/k2_batch/final_candidate_master_ledger.csv,2026-06-23,5,,yes,,none_seen,true,false,,EPIC appears in downstream pipeline/master-ledger products; split by EPIC and exclude decision fields,plots/k2_batch/final_candidate_master_ledger.csv=variable_or_possible_eb,true,false,true,false,true,,,,true,,,,,
EPIC_211404127,uncertain_hold,candidate_needs_manual_followup,plots/k2_batch/final_candidate_master_ledger.csv,2026-05-07,5,,,,uncertain_or_conflicting,false,true,candidate_needs_manual_followup | uncertain_hold,EPIC appears in downstream pipeline/master-ledger products; split by EPIC and exclude decision fields,plots/k2_batch/final_candidate_master_ledger.csv=candidate_needs_manual_followup || training_labels_v3.csv=uncertain_hold,false,false,true,true,true,,,,false,,,,,
EPIC_211406539,reject_as_noise_or_artifact,reject_as_noise_or_artifact,plots/k2_batch/final_candidate_master_ledger.csv,2026-06-23,5,,,yes,none_seen,true,false,,EPIC appears in downstream pipeline/master-ledger products; split by EPIC and exclude decision fields,plots/k2_batch/final_candidate_master_ledger.csv=reject_as_noise_or_artifact,true,false,true,false,true,,,,true,,,,,
EPIC_211409604,uncertain_hold,uncertain_hold,training_labels_v3.csv,2026-05-05,5,,,,uncertain_or_conflicting,false,true,,EPIC appears in downstream pipeline/master-ledger products; split by EPIC and exclude decision fields,training_labels_v3.csv=uncertain_hold,false,false,true,true,true,,,,false,,,,,
EPIC_211409713,uncertain_hold,uncertain_hold,plots/k2_batch/master_vetted_catalog/manual_vetting_decisions_ledger.csv,2026-05-19,5,,,,uncertain_or_conflicting,false,true,,EPIC appears in downstream pipeline/master-ledger products; split by EPIC and exclude decision fields,plots/k2_batch/final_candidate_master_ledger.csv=uncertain_hold || plots/k2_batch/master_vetted_catalog/manual_vetting_decisions_ledger.csv=uncertain_hold,false,false,true,false,true,,,,false,,,,,
EPIC_211411882,false_positive_eb_or_variable,variable_or_possible_eb,plots/k2_batch/final_candidate_master_ledger.csv,2026-06-23,5,,yes,,none_seen,true,false,,EPIC appears in downstream pipeline/master-ledger products; split by EPIC and exclude decision fields,plots/k2_batch/final_candidate_master_ledger.csv=variable_or_possible_eb,true,false,true,false,true,,,,true,,,,,
EPIC_211412628,reject_as_noise_or_artifact,reject_as_noise_or_artifact,plots/k2_batch/final_candidate_master_ledger.csv,2026-06-23,5,,,yes,none_seen,true,false,,EPIC appears in downstream pipeline/master-ledger products; split by EPIC and exclude decision fields,plots/k2_batch/final_candidate_master_ledger.csv=reject_as_noise_or_artifact,true,false,true,false,true,,,,true,,,,,
EPIC_211413752,candidate_like,confirmed_planet,K2_ephemerides.csv (NASA Exoplanet Archive ephemerides; confirmation disposition not retained in columns),,5,catalogued_ephemeris_unverified_disposition,,,none_seen,false,true,,Catalogue ephemeris may have been used in legacy segment labelling; verify provenance/disposition,K2_ephemerides.csv (NASA Exoplanet Archive ephemerides; confirmation disposition not retained in columns)=confirmed_planet,false,false,true,false,true,,,,false,,,,,
EPIC_211414619,candidate_like,confirmed_planet,K2_ephemerides.csv (NASA Exoplanet Archive ephemerides; confirmation disposition not retained in columns),,,catalogued_ephemeris_unverified_disposition,,,none_seen,false,true,,Catalogue ephemeris may have been used in legacy segment labelling; verify provenance/disposition,K2_ephemerides.csv (NASA Exoplanet Archive ephemerides; confirmation disposition not retained in columns)=confirmed_planet,false,false,false,false,false,,,,false,,,,,
EPIC_211418290,uncertain_hold,uncertain_hold,plots/k2_batch/master_vetted_catalog/manual_vetting_decisions_ledger.csv,2026-05-19,5,,,,uncertain_or_conflicting,false,true,,EPIC appears in downstream pipeline/master-ledger products; split by EPIC and exclude decision fields,plots/k2_batch/final_candidate_master_ledger.csv=uncertain_hold || plots/k2_batch/master_vetted_catalog/manual_vetting_decisions_ledger.csv=uncertain_hold,false,false,true,false,true,,,,false,,,,,
EPIC_211418729,candidate_like,confirmed_planet,K2_ephemerides.csv (NASA Exoplanet Archive ephemerides; confirmation disposition not retained in columns),,5,catalogued_ephemeris_unverified_disposition,,,none_seen,false,true,,Catalogue ephemeris may have been used in legacy segment labelling; verify provenance/disposition,K2_ephemerides.csv (NASA Exoplanet Archive ephemerides; confirmation disposition not retained in columns)=confirmed_planet,false,false,true,false,true,,,,false,,,,,
EPIC_211421801,false_positive_eb_or_variable,variable_or_possible_eb,plots/k2_batch/final_candidate_master_ledger.csv,2026-06-22,5,,yes,,none_seen,true,false,,EPIC appears in downstream pipeline/master-ledger products; split by EPIC and exclude decision fields,plots/k2_batch/final_candidate_master_ledger.csv=variable_or_possible_eb,true,false,true,false,true,,,,true,,,,,
EPIC_211423229,reject_as_noise_or_artifact,noise_or_artifact,training_labels_v3.csv,2026-05-04,5,,,yes,none_seen,false,false,,EPIC appears in downstream pipeline/master-ledger products; split by EPIC and exclude decision fields,training_labels_v3.csv=noise_or_artifact,false,false,true,true,true,,,,false,,,,,
EPIC_211424769,false_positive_eb_or_variable,binary_system,plots/k2_batch/master_vetted_catalog/manual_vetting_decisions_ledger.csv,2026-05-19,5,,yes,,none_seen,true,false,,EPIC appears in downstream pipeline/master-ledger products; split by EPIC and exclude decision fields,plots/k2_batch/final_candidate_master_ledger.csv=binary_system || plots/k2_batch/master_vetted_catalog/manual_vetting_decisions_ledger.csv=binary_system,false,false,true,false,true,,,,true,,,,,
EPIC_211425098,reject_as_noise_or_artifact,reject_manual_false_positive,plots/k2_batch/final_candidate_master_ledger.csv,2026-05-04,5,,,yes,none_seen,true,false,noise_or_artifact | reject_manual_false_positive,EPIC appears in downstream pipeline/master-ledger products; split by EPIC and exclude decision fields,plots/k2_batch/final_candidate_master_ledger.csv=reject_manual_false_positive || training_labels_v3.csv=noise_or_artifact,false,false,true,true,true,,,,true,,,,,
EPIC_211428897,reject_as_noise_or_artifact,reject_as_noise_or_artifact,plots/k2_batch/final_candidate_master_ledger.csv,2026-06-22,5,,,yes,none_seen,true,false,,EPIC appears in downstream pipeline/master-ledger products; split by EPIC and exclude decision fields,plots/k2_batch/final_candidate_master_ledger.csv=reject_as_noise_or_artifact,true,false,true,false,true,,,,true,,,,,
EPIC_211429653,reject_as_noise_or_artifact,noise_or_artifact,plots/k2_batch/master_vetted_catalog/manual_vetting_decisions_ledger.csv,2026-05-19,5,,,yes,none_seen,true,false,,EPIC appears in downstream pipeline/master-ledger products; split by EPIC and exclude decision fields,plots/k2_batch/final_candidate_master_ledger.csv=noise_or_artifact || plots/k2_batch/master_vetted_catalog/manual_vetting_decisions_ledger.csv=noise_or_artifact,false,false,true,false,true,,,,true,,,,,
EPIC_211431812,reject_as_noise_or_artifact,reject_as_noise_or_artifact,gatevetter_v0_2_deep_review_manual_decisions.csv,2026-07-31,5,,yes,yes,uncertain_or_conflicting,false,true,reject_as_noise_or_artifact | variable_or_possible_eb,EPIC appears in downstream pipeline/master-ledger products; split by EPIC and exclude decision fields; conflicting normalized labels; adjudicate before training,plots/k2_batch/final_candidate_master_ledger.csv=variable_or_possible_eb || gatevetter_v0_2_deep_review_manual_decisions.csv=reject_as_noise_or_artifact,true,true,true,false,true,,,,false,,,,,
EPIC_211432167,reject_as_noise_or_artifact,reject_as_noise_or_artifact,plots/k2_batch/final_candidate_master_ledger.csv,2026-06-23,5,,,yes,none_seen,true,false,,EPIC appears in downstream pipeline/master-ledger products; split by EPIC and exclude decision fields,plots/k2_batch/final_candidate_master_ledger.csv=reject_as_noise_or_artifact,true,false,true,false,true,,,,true,,,,,
EPIC_211432321,reject_as_noise_or_artifact,noise_or_artifact,plots/k2_batch/master_vetted_catalog/manual_vetting_decisions_ledger.csv,2026-05-19,5,,,yes,none_seen,true,false,,EPIC appears in downstream pipeline/master-ledger products; split by EPIC and exclude decision fields,plots/k2_batch/final_candidate_master_ledger.csv=noise_or_artifact || plots/k2_batch/master_vetted_catalog/manual_vetting_decisions_ledger.csv=noise_or_artifact,false,false,true,false,true,,,,true,,,,,
EPIC_211432946,reject_as_noise_or_artifact,low_priority_negative,plots/k2_batch/final_candidate_master_ledger.csv,2026-06-16,5,,,yes,none_seen,true,false,,EPIC appears in downstream pipeline/master-ledger products; split by EPIC and exclude decision fields,plots/k2_batch/final_candidate_master_ledger.csv=low_priority_negative,true,false,true,false,true,,,,true,,,,,
EPIC_211442297,candidate_like,confirmed_planet,K2_ephemerides.csv (NASA Exoplanet Archive ephemerides; confirmation disposition not retained in columns),,5,catalogued_ephemeris_unverified_disposition,,,none_seen,false,true,,Catalogue ephemeris may have been used in legacy segment labelling; verify provenance/disposition,K2_ephemerides.csv (NASA Exoplanet Archive ephemerides; confirmation disposition not retained in columns)=confirmed_planet,false,false,true,false,true,,,,false,,,,,
EPIC_211480475,false_positive_eb_or_variable,false_positive_eb_or_variable,plots/k2_batch/final_candidate_master_ledger.csv,2026-06-22,5,,yes,,none_seen,true,false,,EPIC appears in downstream pipeline/master-ledger products; split by EPIC and exclude decision fields,plots/k2_batch/final_candidate_master_ledger.csv=false_positive_eb_or_variable,true,false,true,false,true,,,,true,,,,,
EPIC_211482556,uncertain_hold,uncertain_hold,plots/k2_batch/master_vetted_catalog/manual_vetting_decisions_ledger.csv,2026-05-19,5,,,,uncertain_or_conflicting,false,true,,EPIC appears in downstream pipeline/master-ledger products; split by EPIC and exclude decision fields,plots/k2_batch/final_candidate_master_ledger.csv=uncertain_hold || plots/k2_batch/master_vetted_catalog/manual_vetting_decisions_ledger.csv=uncertain_hold,false,false,true,false,true,,,,false,,,,,
EPIC_211483149,reject_as_noise_or_artifact,low_priority_negative,plots/k2_batch/final_candidate_master_ledger.csv,2026-06-22,5,,,yes,none_seen,true,false,,EPIC appears in downstream pipeline/master-ledger products; split by EPIC and exclude decision fields,plots/k2_batch/final_candidate_master_ledger.csv=low_priority_negative,true,false,true,false,true,,,,true,,,,,
EPIC_211485234,false_positive_eb_or_variable,variable_or_possible_eb,plots/k2_batch/final_candidate_master_ledger.csv,2026-06-22,5,,yes,,none_seen,true,false,,EPIC appears in downstream pipeline/master-ledger products; split by EPIC and exclude decision fields,plots/k2_batch/final_candidate_master_ledger.csv=variable_or_possible_eb,true,false,true,false,true,,,,true,,,,,
EPIC_211485867,false_positive_eb_or_variable,false_positive_eb_or_variable,gatevetter_v0_2_deep_review_manual_decisions.csv,2026-07-31,5,,yes,,uncertain_or_conflicting,false,true,false_positive_eb_or_variable | uncertain_hold_period_ambiguous,EPIC appears in downstream pipeline/master-ledger products; split by EPIC and exclude decision fields; conflicting normalized labels; adjudicate before training,plots/k2_batch/final_candidate_master_ledger.csv=uncertain_hold_period_ambiguous || gatevetter_v0_2_deep_review_manual_decisions.csv=false_positive_eb_or_variable,true,true,true,false,true,,,,false,,,,,
EPIC_211486822,false_positive_eb_or_variable,variable_or_possible_eb,plots/k2_batch/final_candidate_master_ledger.csv,2026-06-22,5,,yes,,none_seen,true,false,,EPIC appears in downstream pipeline/master-ledger products; split by EPIC and exclude decision fields,plots/k2_batch/final_candidate_master_ledger.csv=variable_or_possible_eb,true,false,true,false,true,,,,true,,,,,
EPIC_211490307,reject_as_noise_or_artifact,reject_manual_false_positive,plots/k2_batch/final_candidate_master_ledger.csv,2026-04-30,5,,,yes,none_seen,true,false,noise_or_artifact | reject_manual_false_positive,EPIC appears in downstream pipeline/master-ledger products; split by EPIC and exclude decision fields,plots/k2_batch/final_candidate_master_ledger.csv=reject_manual_false_positive || training_labels_v3.csv=noise_or_artifact,false,false,true,true,true,,,,true,,,,,
EPIC_211490678,reject_as_noise_or_artifact,low_priority_negative,plots/k2_batch/final_candidate_master_ledger.csv,2026-06-22,5,,,yes,none_seen,true,false,,EPIC appears in downstream pipeline/master-ledger products; split by EPIC and exclude decision fields,plots/k2_batch/final_candidate_master_ledger.csv=low_priority_negative || plots/k2_batch/final_candidate_master_ledger.csv=low_priority_negative,true,false,true,false,true,,,,true,,,,,
EPIC_211490999,candidate_like,confirmed_planet,K2_ephemerides.csv (NASA Exoplanet Archive ephemerides; confirmation disposition not retained in columns),,5,catalogued_ephemeris_unverified_disposition,,,none_seen,false,true,,Catalogue ephemeris may have been used in legacy segment labelling; verify provenance/disposition,K2_ephemerides.csv (NASA Exoplanet Archive ephemerides; confirmation disposition not retained in columns)=confirmed_planet,false,false,true,false,true,,,,false,,,,,
EPIC_211491383,candidate_like,confirmed_planet,K2_ephemerides.csv (NASA Exoplanet Archive ephemerides; confirmation disposition not retained in columns),,5,catalogued_ephemeris_unverified_disposition,,,none_seen,false,true,,Catalogue ephemeris may have been used in legacy segment labelling; verify provenance/disposition,K2_ephemerides.csv (NASA Exoplanet Archive ephemerides; confirmation disposition not retained in columns)=confirmed_planet,false,false,true,false,true,,,,false,,,,,
EPIC_211492164,false_positive_eb_or_variable,false_positive_eb_or_variable,plots/k2_batch/final_candidate_master_ledger.csv,2026-06-23,5,,yes,,none_seen,true,false,,EPIC appears in downstream pipeline/master-ledger products; split by EPIC and exclude decision fields,plots/k2_batch/final_candidate_master_ledger.csv=false_positive_eb_or_variable,true,false,true,false,true,,,,true,,,,,
EPIC_211493634,reject_as_noise_or_artifact,noise_or_artifact,plots/k2_batch/master_vetted_catalog/manual_vetting_decisions_ledger.csv,2026-05-20,5,,,yes,none_seen,true,false,,EPIC appears in downstream pipeline/master-ledger products; split by EPIC and exclude decision fields,plots/k2_batch/final_candidate_master_ledger.csv=noise_or_artifact || plots/k2_batch/master_vetted_catalog/manual_vetting_decisions_ledger.csv=noise_or_artifact,false,false,true,false,true,,,,true,,,,,
EPIC_211496260,reject_as_noise_or_artifact,reject_as_noise_or_artifact,plots/k2_batch/final_candidate_master_ledger.csv,2026-06-22,5,,,yes,none_seen,true,false,,EPIC appears in downstream pipeline/master-ledger products; split by EPIC and exclude decision fields,plots/k2_batch/final_candidate_master_ledger.csv=reject_as_noise_or_artifact,true,false,true,false,true,,,,true,,,,,
EPIC_211497712,candidate_like,candidate_like,plots/k2_batch/master_vetted_catalog/manual_vetting_decisions_ledger.csv,2026-05-20,5,,,,none_seen,true,false,,EPIC appears in downstream pipeline/master-ledger products; split by EPIC and exclude decision fields,plots/k2_batch/final_candidate_master_ledger.csv=candidate_like || plots/k2_batch/master_vetted_catalog/manual_vetting_decisions_ledger.csv=candidate_like,false,false,true,false,true,positive_silver,,unconfirmed_candidate,true,candidate_positive_silver,,,true,false
EPIC_211499454,reject_as_noise_or_artifact,reject_as_noise_or_artifact,plots/k2_batch/final_candidate_master_ledger.csv,2026-06-23,5,,,yes,none_seen,true,false,,EPIC appears in downstream pipeline/master-ledger products; split by EPIC and exclude decision fields,plots/k2_batch/final_candidate_master_ledger.csv=reject_as_noise_or_artifact,true,false,true,false,true,,,,true,,,,,
EPIC_211499472,reject_as_noise_or_artifact,reject_as_noise_or_artifact,plots/k2_batch/final_candidate_master_ledger.csv,2026-06-23,5,,,yes,none_seen,true,false,,EPIC appears in downstream pipeline/master-ledger products; split by EPIC and exclude decision fields,plots/k2_batch/final_candidate_master_ledger.csv=reject_as_noise_or_artifact,true,false,true,false,true,,,,true,,,,,
EPIC_211502222,candidate_like,confirmed_planet,K2_ephemerides.csv (NASA Exoplanet Archive ephemerides; confirmation disposition not retained in columns),,,catalogued_ephemeris_unverified_disposition,,,none_seen,false,true,,Catalogue ephemeris may have been used in legacy segment labelling; verify provenance/disposition,K2_ephemerides.csv (NASA Exoplanet Archive ephemerides; confirmation disposition not retained in columns)=confirmed_planet,false,false,false,false,false,,,,false,,,,,
EPIC_211504156,false_positive_eb_or_variable,variable_or_possible_eb,plots/k2_batch/final_candidate_master_ledger.csv,2026-06-22,5,,yes,,none_seen,true,false,,EPIC appears in downstream pipeline/master-ledger products; split by EPIC and exclude decision fields,plots/k2_batch/final_candidate_master_ledger.csv=variable_or_possible_eb || plots/k2_batch/final_candidate_master_ledger.csv=variable_or_possible_eb,true,false,true,false,true,,,,true,,,,,
EPIC_211504682,reject_as_noise_or_artifact,reject_as_noise_or_artifact,plots/k2_batch/final_candidate_master_ledger.csv,2026-06-16,5,,,yes,none_seen,true,false,,EPIC appears in downstream pipeline/master-ledger products; split by EPIC and exclude decision fields,plots/k2_batch/final_candidate_master_ledger.csv=reject_as_noise_or_artifact,true,false,true,false,true,,,,true,,,,,
EPIC_211506325,reject_as_noise_or_artifact,reject_as_noise_or_artifact,plots/k2_batch/final_candidate_master_ledger.csv,2026-06-23,5,,,yes,none_seen,true,false,,EPIC appears in downstream pipeline/master-ledger products; split by EPIC and exclude decision fields,plots/k2_batch/final_candidate_master_ledger.csv=reject_as_noise_or_artifact,true,false,true,false,true,,,,true,,,,,
EPIC_211507490,false_positive_eb_or_variable,false_positive_eb_or_variable,plots/k2_batch/final_candidate_master_ledger.csv,2026-06-23,5,,yes,,none_seen,true,false,,EPIC appears in downstream pipeline/master-ledger products; split by EPIC and exclude decision fields,plots/k2_batch/final_candidate_master_ledger.csv=false_positive_eb_or_variable,true,false,true,false,true,,,,true,,,,,
EPIC_211509129,reject_as_noise_or_artifact,reject_as_noise_or_artifact,plots/k2_batch/final_candidate_master_ledger.csv,2026-06-23,5,,,yes,none_seen,true,false,,EPIC appears in downstream pipeline/master-ledger products; split by EPIC and exclude decision fields,plots/k2_batch/final_candidate_master_ledger.csv=reject_as_noise_or_artifact,true,false,true,false,true,,,,true,,,,,
EPIC_211509553,candidate_like,confirmed_planet,K2_ephemerides.csv (NASA Exoplanet Archive ephemerides; confirmation disposition not retained in columns),,5,catalogued_ephemeris_unverified_disposition,,,none_seen,false,true,,Catalogue ephemeris may have been used in legacy segment labelling; verify provenance/disposition,K2_ephemerides.csv (NASA Exoplanet Archive ephemerides; confirmation disposition not retained in columns)=confirmed_planet,false,false,true,false,true,,,,false,,,,,
EPIC_211512262,uncertain_hold,uncertain_hold,plots/k2_batch/master_vetted_catalog/manual_vetting_decisions_ledger.csv,2026-05-20,5,,,,uncertain_or_conflicting,false,true,,EPIC appears in downstream pipeline/master-ledger products; split by EPIC and exclude decision fields,plots/k2_batch/final_candidate_master_ledger.csv=uncertain_hold || plots/k2_batch/master_vetted_catalog/manual_vetting_decisions_ledger.csv=uncertain_hold,false,false,true,false,true,,,,false,,,,,
EPIC_211518347,reject_as_noise_or_artifact,low_priority_negative,plots/k2_batch/final_candidate_master_ledger.csv,2026-06-16,5,,,yes,none_seen,true,false,,EPIC appears in downstream pipeline/master-ledger products; split by EPIC and exclude decision fields,plots/k2_batch/final_candidate_master_ledger.csv=low_priority_negative,true,false,true,false,true,,,,true,,,,,
EPIC_211520800,reject_as_noise_or_artifact,deprioritize_after_manual_visual_review,plots/k2_batch/final_candidate_master_ledger.csv,2026-04-30,5,,,yes,none_seen,true,false,deprioritize_after_manual_visual_review | low_priority_negative,EPIC appears in downstream pipeline/master-ledger products; split by EPIC and exclude decision fields,plots/k2_batch/final_candidate_master_ledger.csv=deprioritize_after_manual_visual_review || training_labels_v3.csv=low_priority_negative,false,false,true,true,true,,,,true,,,,,
EPIC_211524158,false_positive_eb_or_variable,variable_or_possible_eb,plots/k2_batch/final_candidate_master_ledger.csv,2026-06-22,5,,yes,,none_seen,true,false,,EPIC appears in downstream pipeline/master-ledger products; split by EPIC and exclude decision fields,plots/k2_batch/final_candidate_master_ledger.csv=variable_or_possible_eb,true,false,true,false,true,,,,true,,,,,
EPIC_211525389,candidate_like,confirmed_planet,K2_ephemerides.csv (NASA Exoplanet Archive ephemerides; confirmation disposition not retained in columns),,5,catalogued_ephemeris_unverified_disposition,,,none_seen,false,true,,Catalogue ephemeris may have been used in legacy segment labelling; verify provenance/disposition,K2_ephemerides.csv (NASA Exoplanet Archive ephemerides; confirmation disposition not retained in columns)=confirmed_planet,false,false,true,false,true,,,,false,,,,,
EPIC_211525754,reject_as_noise_or_artifact,reject_manual_false_positive,plots/k2_batch/final_candidate_master_ledger.csv,2026-04-30,5,,,yes,none_seen,true,false,noise_or_artifact | reject_manual_false_positive,EPIC appears in downstream pipeline/master-ledger products; split by EPIC and exclude decision fields,plots/k2_batch/final_candidate_master_ledger.csv=reject_manual_false_positive || training_labels_v3.csv=noise_or_artifact,false,false,true,true,true,,,,true,,,,,
EPIC_211527790,false_positive_eb_or_variable,false_positive_eb_or_variable,plots/k2_batch/final_candidate_master_ledger.csv,2026-06-23,5,,yes,,none_seen,true,false,,EPIC appears in downstream pipeline/master-ledger products; split by EPIC and exclude decision fields,plots/k2_batch/final_candidate_master_ledger.csv=false_positive_eb_or_variable,true,false,true,false,true,,,,true,,,,,
EPIC_211529065,candidate_like,confirmed_planet,K2_ephemerides.csv (NASA Exoplanet Archive ephemerides; confirmation disposition not retained in columns),,5,catalogued_ephemeris_unverified_disposition,,,none_seen,false,true,,Catalogue ephemeris may have been used in legacy segment labelling; verify provenance/disposition,K2_ephemerides.csv (NASA Exoplanet Archive ephemerides; confirmation disposition not retained in columns)=confirmed_planet,false,false,true,false,true,,,,false,,,,,
EPIC_211529191,reject_as_noise_or_artifact,noise_or_artifact,plots/k2_batch/master_vetted_catalog/manual_vetting_decisions_ledger.csv,2026-05-20,5,,,yes,none_seen,true,false,,EPIC appears in downstream pipeline/master-ledger products; split by EPIC and exclude decision fields,plots/k2_batch/final_candidate_master_ledger.csv=noise_or_artifact || plots/k2_batch/master_vetted_catalog/manual_vetting_decisions_ledger.csv=noise_or_artifact,false,false,true,false,true,,,,true,,,,,
EPIC_211530033,reject_as_noise_or_artifact,reject_manual_false_positive,plots/k2_batch/final_candidate_master_ledger.csv,2026-05-04,5,,,yes,none_seen,true,false,noise_or_artifact | reject_manual_false_positive,EPIC appears in downstream pipeline/master-ledger products; split by EPIC and exclude decision fields,plots/k2_batch/final_candidate_master_ledger.csv=reject_manual_false_positive || training_labels_v3.csv=noise_or_artifact,false,false,true,true,true,,,,true,,,,,
EPIC_211534076,candidate_like,recovered_known_unconfirmed_candidate,plots/k2_batch/final_candidate_master_ledger.csv,,5,,,,none_seen,true,false,candidate_like | recovered_known_unconfirmed_candidate,EPIC appears in downstream pipeline/master-ledger products; split by EPIC and exclude decision fields,plots/k2_batch/final_candidate_master_ledger.csv=recovered_known_unconfirmed_candidate || training_labels_v3.csv=candidate_like,false,false,true,true,true,positive_silver,,unconfirmed_candidate,true,candidate_positive_silver,,,true,false
EPIC_211534290,reject_as_noise_or_artifact,reject_as_noise_or_artifact,plots/k2_batch/final_candidate_master_ledger.csv,2026-06-23,5,,,yes,none_seen,true,false,,EPIC appears in downstream pipeline/master-ledger products; split by EPIC and exclude decision fields,plots/k2_batch/final_candidate_master_ledger.csv=reject_as_noise_or_artifact,true,false,true,false,true,,,,true,,,,,
EPIC_211536223,reject_as_noise_or_artifact,noise_or_artifact,plots/k2_batch/master_vetted_catalog/manual_vetting_decisions_ledger.csv,2026-05-20,5,,,yes,none_seen,true,false,,EPIC appears in downstream pipeline/master-ledger products; split by EPIC and exclude decision fields,plots/k2_batch/final_candidate_master_ledger.csv=noise_or_artifact || plots/k2_batch/master_vetted_catalog/manual_vetting_decisions_ledger.csv=noise_or_artifact,false,false,true,false,true,,,,true,,,,,
EPIC_211537297,uncertain_hold,uncertain_hold,training_labels_v3.csv,2026-05-04,5,,,,uncertain_or_conflicting,false,true,,EPIC appears in downstream pipeline/master-ledger products; split by EPIC and exclude decision fields,training_labels_v3.csv=uncertain_hold,false,false,true,true,true,,,,false,,,,,
EPIC_211539054,candidate_like,confirmed_planet,K2_ephemerides.csv (NASA Exoplanet Archive ephemerides; confirmation disposition not retained in columns),,5,catalogued_ephemeris_unverified_disposition,,,none_seen,false,true,,Catalogue ephemeris may have been used in legacy segment labelling; verify provenance/disposition,K2_ephemerides.csv (NASA Exoplanet Archive ephemerides; confirmation disposition not retained in columns)=confirmed_planet,false,false,true,false,true,,,,false,,,,,
EPIC_211542908,false_positive_eb_or_variable,binary_system,plots/k2_batch/master_vetted_catalog/manual_vetting_decisions_ledger.csv,2026-05-20,5,,yes,,none_seen,true,false,,EPIC appears in downstream pipeline/master-ledger products; split by EPIC and exclude decision fields,plots/k2_batch/final_candidate_master_ledger.csv=binary_system || plots/k2_batch/master_vetted_catalog/manual_vetting_decisions_ledger.csv=binary_system,false,false,true,false,true,,,,true,,,,,
EPIC_211548229,false_positive_eb_or_variable,noise_or_variable,plots/k2_batch/final_candidate_master_ledger.csv,2026-06-22,5,,yes,,none_seen,true,false,,EPIC appears in downstream pipeline/master-ledger products; split by EPIC and exclude decision fields,plots/k2_batch/final_candidate_master_ledger.csv=noise_or_variable,true,false,true,false,true,,,,true,,,,,
EPIC_211549072,reject_as_noise_or_artifact,noise_or_artifact,plots/k2_batch/master_vetted_catalog/manual_vetting_decisions_ledger.csv,2026-05-20,5,,,yes,none_seen,true,false,,EPIC appears in downstream pipeline/master-ledger products; split by EPIC and exclude decision fields,plots/k2_batch/final_candidate_master_ledger.csv=noise_or_artifact || plots/k2_batch/master_vetted_catalog/manual_vetting_decisions_ledger.csv=noise_or_artifact,false,false,true,false,true,,,,true,,,,,
EPIC_211551640,reject_as_noise_or_artifact,reject_manual_false_positive,plots/k2_batch/final_candidate_master_ledger.csv,2026-04-30,5,,,yes,none_seen,true,false,noise_or_artifact | reject_manual_false_positive,EPIC appears in downstream pipeline/master-ledger products; split by EPIC and exclude decision fields,plots/k2_batch/final_candidate_master_ledger.csv=reject_manual_false_positive || training_labels_v3.csv=noise_or_artifact,false,false,true,true,true,,,,true,,,,,
EPIC_211554121,reject_as_noise_or_artifact,reject_manual_false_positive,plots/k2_batch/final_candidate_master_ledger.csv,2026-04-30,5,,,yes,none_seen,true,false,noise_or_artifact | reject_manual_false_positive,EPIC appears in downstream pipeline/master-ledger products; split by EPIC and exclude decision fields,plots/k2_batch/final_candidate_master_ledger.csv=reject_manual_false_positive || training_labels_v3.csv=noise_or_artifact,false,false,true,true,true,,,,true,,,,,
EPIC_211555255,reject_as_noise_or_artifact,reject_manual_false_positive,plots/k2_batch/final_candidate_master_ledger.csv,2026-04-30,5,,,yes,none_seen,true,false,noise_or_artifact | reject_manual_false_positive,EPIC appears in downstream pipeline/master-ledger products; split by EPIC and exclude decision fields,plots/k2_batch/final_candidate_master_ledger.csv=reject_manual_false_positive || training_labels_v3.csv=noise_or_artifact,false,false,true,true,true,,,,true,,,,,
EPIC_211562654,candidate_like,confirmed_planet,K2_ephemerides.csv (NASA Exoplanet Archive ephemerides; confirmation disposition not retained in columns),,5,catalogued_ephemeris_unverified_disposition,,,none_seen,false,true,,Catalogue ephemeris may have been used in legacy segment labelling; verify provenance/disposition,K2_ephemerides.csv (NASA Exoplanet Archive ephemerides; confirmation disposition not retained in columns)=confirmed_planet,false,false,true,false,true,,,,false,,,,,
EPIC_211562803,uncertain_hold,uncertain_hold,training_labels_v3.csv,2026-05-04,5,,,,uncertain_or_conflicting,false,true,,EPIC appears in downstream pipeline/master-ledger products; split by EPIC and exclude decision fields,training_labels_v3.csv=uncertain_hold,false,false,true,true,true,,,,false,,,,,
EPIC_211563488,reject_as_noise_or_artifact,reject_as_noise_or_artifact,plots/k2_batch/final_candidate_master_ledger.csv,2026-06-23,5,,,yes,none_seen,true,false,,EPIC appears in downstream pipeline/master-ledger products; split by EPIC and exclude decision fields,plots/k2_batch/final_candidate_master_ledger.csv=reject_as_noise_or_artifact,true,false,true,false,true,,,,true,,,,,
EPIC_211563576,reject_as_noise_or_artifact,reject_manual_false_positive,plots/k2_batch/final_candidate_master_ledger.csv,2026-04-30,5,,,yes,none_seen,true,false,noise_or_artifact | reject_manual_false_positive,EPIC appears in downstream pipeline/master-ledger products; split by EPIC and exclude decision fields,plots/k2_batch/final_candidate_master_ledger.csv=reject_manual_false_positive || training_labels_v3.csv=noise_or_artifact,false,false,true,true,true,,,,true,,,,,
EPIC_211566160,reject_as_noise_or_artifact,reject_as_noise_or_artifact,plots/k2_batch/final_candidate_master_ledger.csv,2026-06-23,5,,,yes,none_seen,true,false,,EPIC appears in downstream pipeline/master-ledger products; split by EPIC and exclude decision fields,plots/k2_batch/final_candidate_master_ledger.csv=reject_as_noise_or_artifact,true,false,true,false,true,,,,true,,,,,
EPIC_211569204,reject_as_noise_or_artifact,reject_manual_false_positive,plots/k2_batch/final_candidate_master_ledger.csv,2026-05-04,5,,,yes,none_seen,true,false,noise_or_artifact | reject_manual_false_positive,EPIC appears in downstream pipeline/master-ledger products; split by EPIC and exclude decision fields,plots/k2_batch/final_candidate_master_ledger.csv=reject_manual_false_positive || training_labels_v3.csv=noise_or_artifact,false,false,true,true,true,,,,true,,,,,
EPIC_211569404,reject_as_noise_or_artifact,noise_or_artifact,plots/k2_batch/master_vetted_catalog/manual_vetting_decisions_ledger.csv,2026-05-20,5,,,yes,none_seen,true,false,,EPIC appears in downstream pipeline/master-ledger products; split by EPIC and exclude decision fields,plots/k2_batch/final_candidate_master_ledger.csv=noise_or_artifact || plots/k2_batch/master_vetted_catalog/manual_vetting_decisions_ledger.csv=noise_or_artifact,false,false,true,false,true,,,,true,,,,,
EPIC_211569427,reject_as_noise_or_artifact,reject_as_noise_or_artifact,plots/k2_batch/final_candidate_master_ledger.csv,2026-06-23,5,,,yes,none_seen,true,false,,EPIC appears in downstream pipeline/master-ledger products; split by EPIC and exclude decision fields,plots/k2_batch/final_candidate_master_ledger.csv=reject_as_noise_or_artifact,true,false,true,false,true,,,,true,,,,,
EPIC_211573482,false_positive_eb_or_variable,binary_system,plots/k2_batch/master_vetted_catalog/manual_vetting_decisions_ledger.csv,2026-05-20,5,,yes,,none_seen,true,false,,EPIC appears in downstream pipeline/master-ledger products; split by EPIC and exclude decision fields,plots/k2_batch/final_candidate_master_ledger.csv=binary_system || plots/k2_batch/master_vetted_catalog/manual_vetting_decisions_ledger.csv=binary_system,false,false,true,false,true,,,,true,,,,,
EPIC_211578168,reject_as_noise_or_artifact,reject_as_noise_or_artifact,plots/k2_batch/final_candidate_master_ledger.csv,2026-06-22,5,,,yes,none_seen,true,false,,EPIC appears in downstream pipeline/master-ledger products; split by EPIC and exclude decision fields,plots/k2_batch/final_candidate_master_ledger.csv=reject_as_noise_or_artifact,true,false,true,false,true,,,,true,,,,,
EPIC_211579112,candidate_like,confirmed_planet,K2_ephemerides.csv (NASA Exoplanet Archive ephemerides; confirmation disposition not retained in columns),,5,catalogued_ephemeris_unverified_disposition,,,none_seen,false,true,,Catalogue ephemeris may have been used in legacy segment labelling; verify provenance/disposition,K2_ephemerides.csv (NASA Exoplanet Archive ephemerides; confirmation disposition not retained in columns)=confirmed_planet,false,false,true,false,true,,,,false,,,,,
EPIC_211580521,reject_as_noise_or_artifact,noise_or_artifact,plots/k2_batch/master_vetted_catalog/manual_vetting_decisions_ledger.csv,2026-05-20,5,,,yes,none_seen,true,false,,EPIC appears in downstream pipeline/master-ledger products; split by EPIC and exclude decision fields,plots/k2_batch/final_candidate_master_ledger.csv=noise_or_artifact || plots/k2_batch/master_vetted_catalog/manual_vetting_decisions_ledger.csv=noise_or_artifact,false,false,true,false,true,,,,true,,,,,
EPIC_211581700,false_positive_eb_or_variable,binary_system,plots/k2_batch/master_vetted_catalog/manual_vetting_decisions_ledger.csv,2026-05-20,5,,yes,,none_seen,true,false,,EPIC appears in downstream pipeline/master-ledger products; split by EPIC and exclude decision fields,plots/k2_batch/final_candidate_master_ledger.csv=binary_system || plots/k2_batch/master_vetted_catalog/manual_vetting_decisions_ledger.csv=binary_system,false,false,true,false,true,,,,true,,,,,
EPIC_211584718,reject_as_noise_or_artifact,reject_as_noise_or_artifact,plots/k2_batch/final_candidate_master_ledger.csv,2026-06-22,5,,,yes,none_seen,true,false,,EPIC appears in downstream pipeline/master-ledger products; split by EPIC and exclude decision fields,plots/k2_batch/final_candidate_master_ledger.csv=reject_as_noise_or_artifact,true,false,true,false,true,,,,true,,,,,
EPIC_211586814,false_positive_eb_or_variable,binary_system,plots/k2_batch/master_vetted_catalog/manual_vetting_decisions_ledger.csv,2026-05-20,5,,yes,,none_seen,true,false,,EPIC appears in downstream pipeline/master-ledger products; split by EPIC and exclude decision fields,plots/k2_batch/final_candidate_master_ledger.csv=binary_system || plots/k2_batch/master_vetted_catalog/manual_vetting_decisions_ledger.csv=binary_system,false,false,true,false,true,,,,true,,,,,
EPIC_211592536,reject_as_noise_or_artifact,reject_as_noise_or_artifact,plots/k2_batch/final_candidate_master_ledger.csv,2026-06-16,5,,,yes,none_seen,true,false,,EPIC appears in downstream pipeline/master-ledger products; split by EPIC and exclude decision fields,plots/k2_batch/final_candidate_master_ledger.csv=reject_as_noise_or_artifact,true,false,true,false,true,,,,true,,,,,
EPIC_211592766,uncertain_hold,uncertain_hold,plots/k2_batch/master_vetted_catalog/manual_vetting_decisions_ledger.csv,2026-05-20,5,,,,uncertain_or_conflicting,false,true,,EPIC appears in downstream pipeline/master-ledger products; split by EPIC and exclude decision fields,plots/k2_batch/final_candidate_master_ledger.csv=uncertain_hold || plots/k2_batch/master_vetted_catalog/manual_vetting_decisions_ledger.csv=uncertain_hold,false,false,true,false,true,,,,false,,,,,
EPIC_211593145,false_positive_eb_or_variable,variable_or_possible_eb,plots/k2_batch/final_candidate_master_ledger.csv,2026-06-23,5,,yes,,none_seen,true,false,,EPIC appears in downstream pipeline/master-ledger products; split by EPIC and exclude decision fields,plots/k2_batch/final_candidate_master_ledger.csv=variable_or_possible_eb,true,false,true,false,true,,,,true,,,,,
EPIC_211594205,candidate_like,confirmed_planet,K2_ephemerides.csv (NASA Exoplanet Archive ephemerides; confirmation disposition not retained in columns),,5,catalogued_ephemeris_unverified_disposition,,,none_seen,false,true,,Catalogue ephemeris may have been used in legacy segment labelling; verify provenance/disposition,K2_ephemerides.csv (NASA Exoplanet Archive ephemerides; confirmation disposition not retained in columns)=confirmed_planet,false,false,true,false,true,,,,false,,,,,
EPIC_211598703,reject_as_noise_or_artifact,noise_or_artifact,training_labels_v3.csv,2026-05-04,5,,,yes,none_seen,false,false,,EPIC appears in downstream pipeline/master-ledger products; split by EPIC and exclude decision fields,training_labels_v3.csv=noise_or_artifact,false,false,true,true,true,,,,false,,,,,
EPIC_211599622,reject_as_noise_or_artifact,reject_as_noise_or_artifact,plots/k2_batch/final_candidate_master_ledger.csv,2026-06-22,5,,,yes,none_seen,true,false,,EPIC appears in downstream pipeline/master-ledger products; split by EPIC and exclude decision fields,plots/k2_batch/final_candidate_master_ledger.csv=reject_as_noise_or_artifact,true,false,true,false,true,,,,true,,,,,
EPIC_211600288,reject_as_noise_or_artifact,reject_as_noise_or_artifact,plots/k2_batch/final_candidate_master_ledger.csv,2026-06-22,5,,,yes,none_seen,true,false,,EPIC appears in downstream pipeline/master-ledger products; split by EPIC and exclude decision fields,plots/k2_batch/final_candidate_master_ledger.csv=reject_as_noise_or_artifact,true,false,true,false,true,,,,true,,,,,
EPIC_211610125,false_positive_eb_or_variable,false_positive_eb_or_variable,plots/k2_batch/final_candidate_master_ledger.csv,2026-06-23,5,,yes,,none_seen,true,false,,EPIC appears in downstream pipeline/master-ledger products; split by EPIC and exclude decision fields,plots/k2_batch/final_candidate_master_ledger.csv=false_positive_eb_or_variable,true,false,true,false,true,,,,true,,,,,
EPIC_211610944,reject_as_noise_or_artifact,reject_as_noise_or_artifact,plots/k2_batch/final_candidate_master_ledger.csv,2026-06-22,5,,,yes,none_seen,true,false,,EPIC appears in downstream pipeline/master-ledger products; split by EPIC and exclude decision fields,plots/k2_batch/final_candidate_master_ledger.csv=reject_as_noise_or_artifact,true,false,true,false,true,,,,true,,,,,
EPIC_211611158,candidate_like,confirmed_planet,K2_ephemerides.csv (NASA Exoplanet Archive ephemerides; confirmation disposition not retained in columns),,5,catalogued_ephemeris_unverified_disposition,,,none_seen,false,true,,Catalogue ephemeris may have been used in legacy segment labelling; verify provenance/disposition,K2_ephemerides.csv (NASA Exoplanet Archive ephemerides; confirmation disposition not retained in columns)=confirmed_planet,false,false,true,false,true,,,,false,,,,,
EPIC_211613728,reject_as_noise_or_artifact,reject_as_noise_or_artifact,plots/k2_batch/final_candidate_master_ledger.csv,2026-06-22,5,,,yes,none_seen,true,false,,EPIC appears in downstream pipeline/master-ledger products; split by EPIC and exclude decision fields,plots/k2_batch/final_candidate_master_ledger.csv=reject_as_noise_or_artifact || plots/k2_batch/final_candidate_master_ledger.csv=reject_as_noise_or_artifact,true,false,true,false,true,,,,true,,,,,
EPIC_211619120,uncertain_hold,uncertain_hold,plots/k2_batch/master_vetted_catalog/manual_vetting_decisions_ledger.csv,2026-05-22,5,,,,uncertain_or_conflicting,false,true,,EPIC appears in downstream pipeline/master-ledger products; split by EPIC and exclude decision fields,plots/k2_batch/final_candidate_master_ledger.csv=uncertain_hold || plots/k2_batch/master_vetted_catalog/manual_vetting_decisions_ledger.csv=uncertain_hold,false,false,true,false,true,,,,false,,,,,
EPIC_211624954,uncertain_hold,uncertain_hold_positive,gatevetter_v0_2_deep_review_manual_decisions.csv,2026-07-31,5,,,,uncertain_or_conflicting,false,true,,EPIC appears in downstream pipeline/master-ledger products; split by EPIC and exclude decision fields,plots/k2_batch/final_candidate_master_ledger.csv=uncertain_hold_positive || gatevetter_v0_2_deep_review_manual_decisions.csv=uncertain_hold_positive,true,true,true,false,true,,,,false,,,,,
EPIC_211626213,false_positive_eb_or_variable,variable_or_possible_eb,plots/k2_batch/final_candidate_master_ledger.csv,2026-06-23,5,,yes,,none_seen,true,false,,EPIC appears in downstream pipeline/master-ledger products; split by EPIC and exclude decision fields,plots/k2_batch/final_candidate_master_ledger.csv=variable_or_possible_eb,true,false,true,false,true,,,,true,,,,,
EPIC_211631955,uncertain_hold,uncertain_hold,training_labels_v3.csv,2026-05-04,5,,,,uncertain_or_conflicting,false,true,,EPIC appears in downstream pipeline/master-ledger products; split by EPIC and exclude decision fields,training_labels_v3.csv=uncertain_hold,false,false,true,true,true,,,,false,,,,,
EPIC_211633247,reject_as_noise_or_artifact,noise_or_artifact,training_labels_v3.csv,2026-05-10,5,,,yes,none_seen,false,false,,EPIC appears in downstream pipeline/master-ledger products; split by EPIC and exclude decision fields,training_labels_v3.csv=noise_or_artifact,false,false,true,false,true,,,,false,,,,,
EPIC_211635232,false_positive_eb_or_variable,variable_or_possible_eb,plots/k2_batch/final_candidate_master_ledger.csv,2026-06-22,5,,yes,,none_seen,true,false,,EPIC appears in downstream pipeline/master-ledger products; split by EPIC and exclude decision fields,plots/k2_batch/final_candidate_master_ledger.csv=variable_or_possible_eb,true,false,true,false,true,,,,true,,,,,
EPIC_211641677,reject_as_noise_or_artifact,noise_or_artifact,training_labels_v3.csv,2026-05-10,5,,,yes,none_seen,false,false,,EPIC appears in downstream pipeline/master-ledger products; split by EPIC and exclude decision fields,training_labels_v3.csv=noise_or_artifact,false,false,true,false,true,,,,false,,,,,
EPIC_211647930,candidate_like,confirmed_planet,K2_ephemerides.csv (NASA Exoplanet Archive ephemerides; confirmation disposition not retained in columns),,,catalogued_ephemeris_unverified_disposition,,,none_seen,false,true,,Catalogue ephemeris may have been used in legacy segment labelling; verify provenance/disposition,K2_ephemerides.csv (NASA Exoplanet Archive ephemerides; confirmation disposition not retained in columns)=confirmed_planet,false,false,false,false,false,,,,false,,,,,
EPIC_211678611,false_positive_eb_or_variable,variable_or_possible_eb,plots/k2_batch/final_candidate_master_ledger.csv,2026-06-23,5,,yes,,none_seen,true,false,,EPIC appears in downstream pipeline/master-ledger products; split by EPIC and exclude decision fields,plots/k2_batch/final_candidate_master_ledger.csv=variable_or_possible_eb,true,false,true,false,true,,,,true,,,,,
EPIC_211680698,candidate_like,confirmed_planet,K2_ephemerides.csv (NASA Exoplanet Archive ephemerides; confirmation disposition not retained in columns),,5,catalogued_ephemeris_unverified_disposition,,,none_seen,false,true,,Catalogue ephemeris may have been used in legacy segment labelling; verify provenance/disposition,K2_ephemerides.csv (NASA Exoplanet Archive ephemerides; confirmation disposition not retained in columns)=confirmed_planet,false,false,true,false,true,,,,false,,,,,
EPIC_211682544,candidate_like,confirmed_planet,K2_ephemerides.csv (NASA Exoplanet Archive ephemerides; confirmation disposition not retained in columns),,5,catalogued_ephemeris_unverified_disposition,,,none_seen,false,true,,Catalogue ephemeris may have been used in legacy segment labelling; verify provenance/disposition,K2_ephemerides.csv (NASA Exoplanet Archive ephemerides; confirmation disposition not retained in columns)=confirmed_planet,false,false,true,false,true,,,,false,,,,,
EPIC_211682657,candidate_like,promote_to_stage_g,plots/k2_batch/final_candidate_master_ledger.csv,2026-05-12,5,,,,none_seen,false,true,,EPIC appears in downstream pipeline/master-ledger products; split by EPIC and exclude decision fields,plots/k2_batch/final_candidate_master_ledger.csv=promote_to_stage_g,false,false,true,false,true,positive_bronze,,unconfirmed_candidate_excluded_bronze,false,candidate_bronze_traceability_only,,,true,false
EPIC_211683861,false_positive_eb_or_variable,variable_or_possible_eb,plots/k2_batch/final_candidate_master_ledger.csv,2026-06-23,5,,yes,,none_seen,true,false,,EPIC appears in downstream pipeline/master-ledger products; split by EPIC and exclude decision fields,plots/k2_batch/final_candidate_master_ledger.csv=variable_or_possible_eb,true,false,true,false,true,,,,true,,,,,
EPIC_211683904,reject_as_noise_or_artifact,noise_or_artifact,plots/k2_batch/master_vetted_catalog/manual_vetting_decisions_ledger.csv,2026-05-22,5,,,yes,none_seen,true,false,,EPIC appears in downstream pipeline/master-ledger products; split by EPIC and exclude decision fields,plots/k2_batch/final_candidate_master_ledger.csv=noise_or_artifact || plots/k2_batch/master_vetted_catalog/manual_vetting_decisions_ledger.csv=noise_or_artifact,false,false,true,false,true,,,,true,,,,,
EPIC_211685323,reject_as_noise_or_artifact,reject_as_noise_or_artifact,plots/k2_batch/final_candidate_master_ledger.csv,2026-06-23,5,,,yes,none_seen,true,false,,EPIC appears in downstream pipeline/master-ledger products; split by EPIC and exclude decision fields,plots/k2_batch/final_candidate_master_ledger.csv=reject_as_noise_or_artifact,true,false,true,false,true,,,,true,,,,,
EPIC_211685798,reject_as_noise_or_artifact,reject_as_noise_or_artifact,plots/k2_batch/final_candidate_master_ledger.csv,2026-06-23,5,,,yes,none_seen,true,false,,EPIC appears in downstream pipeline/master-ledger products; split by EPIC and exclude decision fields,plots/k2_batch/final_candidate_master_ledger.csv=reject_as_noise_or_artifact,true,false,true,false,true,,,,true,,,,,
EPIC_211687388,false_positive_eb_or_variable,false_positive_eb_or_variable,gatevetter_v0_2_deep_review_manual_decisions.csv,2026-07-31,5,,yes,,uncertain_or_conflicting,false,true,false_positive_eb_or_variable | uncertain_hold_positive,EPIC appears in downstream pipeline/master-ledger products; split by EPIC and exclude decision fields; conflicting normalized labels; adjudicate before training,plots/k2_batch/final_candidate_master_ledger.csv=uncertain_hold_positive || gatevetter_v0_2_deep_review_manual_decisions.csv=false_positive_eb_or_variable,true,true,true,false,true,,,,false,,,,,
EPIC_211693443,false_positive_eb_or_variable,false_positive_eb_or_variable,plots/k2_batch/final_candidate_master_ledger.csv,2026-06-22,5,,yes,,none_seen,true,false,,EPIC appears in downstream pipeline/master-ledger products; split by EPIC and exclude decision fields,plots/k2_batch/final_candidate_master_ledger.csv=false_positive_eb_or_variable,true,false,true,false,true,,,,true,,,,,
EPIC_211695616,reject_as_noise_or_artifact,reject_as_noise_or_artifact,plots/k2_batch/final_candidate_master_ledger.csv,2026-06-23,5,,,yes,none_seen,true,false,,EPIC appears in downstream pipeline/master-ledger products; split by EPIC and exclude decision fields,plots/k2_batch/final_candidate_master_ledger.csv=reject_as_noise_or_artifact,true,false,true,false,true,,,,true,,,,,
EPIC_211696209,false_positive_eb_or_variable,false_positive_eb_or_variable,gatevetter_v0_2_deep_review_manual_decisions.csv,2026-07-31,5,,yes,yes,uncertain_or_conflicting,false,true,false_positive_eb_or_variable | reject_as_noise_or_artifact,EPIC appears in downstream pipeline/master-ledger products; split by EPIC and exclude decision fields; conflicting normalized labels; adjudicate before training,plots/k2_batch/final_candidate_master_ledger.csv=reject_as_noise_or_artifact || gatevetter_v0_2_deep_review_manual_decisions.csv=false_positive_eb_or_variable,true,true,true,false,true,,,,false,,,,,
EPIC_211698963,false_positive_eb_or_variable,false_positive_eb_or_variable,plots/k2_batch/final_candidate_master_ledger.csv,2026-06-23,5,,yes,,none_seen,true,false,,EPIC appears in downstream pipeline/master-ledger products; split by EPIC and exclude decision fields,plots/k2_batch/final_candidate_master_ledger.csv=false_positive_eb_or_variable,true,false,true,false,true,,,,true,,,,,
EPIC_211700210,reject_as_noise_or_artifact,reject_as_noise_or_artifact,plots/k2_batch/final_candidate_master_ledger.csv,2026-06-22,5,,,yes,none_seen,true,false,,EPIC appears in downstream pipeline/master-ledger products; split by EPIC and exclude decision fields,plots/k2_batch/final_candidate_master_ledger.csv=reject_as_noise_or_artifact,true,false,true,false,true,,,,true,,,,,
EPIC_211702989,reject_as_noise_or_artifact,noise_or_artifact,plots/k2_batch/master_vetted_catalog/manual_vetting_decisions_ledger.csv,2026-05-22,5,,,yes,none_seen,true,false,,EPIC appears in downstream pipeline/master-ledger products; split by EPIC and exclude decision fields,plots/k2_batch/final_candidate_master_ledger.csv=noise_or_artifact || plots/k2_batch/master_vetted_catalog/manual_vetting_decisions_ledger.csv=noise_or_artifact,false,false,true,false,true,,,,true,,,,,
EPIC_211703338,false_positive_eb_or_variable,false_positive_eb_or_variable,plots/k2_batch/final_candidate_master_ledger.csv,2026-06-22,5,,yes,,none_seen,true,false,,EPIC appears in downstream pipeline/master-ledger products; split by EPIC and exclude decision fields,plots/k2_batch/final_candidate_master_ledger.csv=false_positive_eb_or_variable,true,false,true,false,true,,,,true,,,,,
EPIC_211705299,reject_as_noise_or_artifact,reject_as_noise_or_artifact,plots/k2_batch/final_candidate_master_ledger.csv,2026-06-22,5,,,yes,none_seen,true,false,,EPIC appears in downstream pipeline/master-ledger products; split by EPIC and exclude decision fields,plots/k2_batch/final_candidate_master_ledger.csv=reject_as_noise_or_artifact,true,false,true,false,true,,,,true,,,,,
EPIC_211705654,reject_as_noise_or_artifact,reject_as_noise_or_artifact,plots/k2_batch/final_candidate_master_ledger.csv,2026-06-22,5,,,yes,none_seen,true,false,,EPIC appears in downstream pipeline/master-ledger products; split by EPIC and exclude decision fields,plots/k2_batch/final_candidate_master_ledger.csv=reject_as_noise_or_artifact || plots/k2_batch/final_candidate_master_ledger.csv=reject_as_noise_or_artifact,true,false,true,false,true,,,,true,,,,,
EPIC_211707161,uncertain_hold,uncertain_hold_positive,plots/k2_batch/final_candidate_master_ledger.csv,2026-06-16,5,,,,uncertain_or_conflicting,false,true,,EPIC appears in downstream pipeline/master-ledger products; split by EPIC and exclude decision fields,plots/k2_batch/final_candidate_master_ledger.csv=uncertain_hold_positive,true,false,true,false,true,,,,false,,,,,
EPIC_211708484,reject_as_noise_or_artifact,reject_as_noise_or_artifact,plots/k2_batch/final_candidate_master_ledger.csv,2026-06-23,5,,,yes,none_seen,true,false,,EPIC appears in downstream pipeline/master-ledger products; split by EPIC and exclude decision fields,plots/k2_batch/final_candidate_master_ledger.csv=reject_as_noise_or_artifact,true,false,true,false,true,,,,true,,,,,
EPIC_211713099,candidate_like,confirmed_planet,K2_ephemerides.csv (NASA Exoplanet Archive ephemerides; confirmation disposition not retained in columns),,5,catalogued_ephemeris_unverified_disposition,,,none_seen,false,true,,Catalogue ephemeris may have been used in legacy segment labelling; verify provenance/disposition,K2_ephemerides.csv (NASA Exoplanet Archive ephemerides; confirmation disposition not retained in columns)=confirmed_planet,false,false,true,false,true,,,,false,,,,,
EPIC_211713182,reject_as_noise_or_artifact,reject_as_noise_or_artifact,plots/k2_batch/final_candidate_master_ledger.csv,2026-06-23,5,,,yes,none_seen,true,false,,EPIC appears in downstream pipeline/master-ledger products; split by EPIC and exclude decision fields,plots/k2_batch/final_candidate_master_ledger.csv=reject_as_noise_or_artifact,true,false,true,false,true,,,,true,,,,,
EPIC_211716614,reject_as_noise_or_artifact,reject_as_noise_or_artifact,plots/k2_batch/final_candidate_master_ledger.csv,2026-06-23,5,,,yes,none_seen,true,false,,EPIC appears in downstream pipeline/master-ledger products; split by EPIC and exclude decision fields,plots/k2_batch/final_candidate_master_ledger.csv=reject_as_noise_or_artifact,true,false,true,false,true,,,,true,,,,,
EPIC_211719484,false_positive_eb_or_variable,false_positive_eb_or_variable,plots/k2_batch/final_candidate_master_ledger.csv,2026-06-22,5,,yes,,none_seen,true,false,,EPIC appears in downstream pipeline/master-ledger products; split by EPIC and exclude decision fields,plots/k2_batch/final_candidate_master_ledger.csv=false_positive_eb_or_variable,true,false,true,false,true,,,,true,,,,,
EPIC_211721876,reject_as_noise_or_artifact,reject_as_noise_or_artifact,plots/k2_batch/final_candidate_master_ledger.csv,2026-06-23,5,,,yes,none_seen,true,false,,EPIC appears in downstream pipeline/master-ledger products; split by EPIC and exclude decision fields,plots/k2_batch/final_candidate_master_ledger.csv=reject_as_noise_or_artifact,true,false,true,false,true,,,,true,,,,,
EPIC_211722736,false_positive_eb_or_variable,false_positive_eb_or_variable,plots/k2_batch/final_candidate_master_ledger.csv,2026-06-23,5,,yes,,none_seen,true,false,,EPIC appears in downstream pipeline/master-ledger products; split by EPIC and exclude decision fields,plots/k2_batch/final_candidate_master_ledger.csv=false_positive_eb_or_variable,true,false,true,false,true,,,,true,,,,,
EPIC_211726466,reject_as_noise_or_artifact,noise_or_artifact,training_labels_v3.csv,2026-05-10,5,,,yes,none_seen,false,false,,EPIC appears in downstream pipeline/master-ledger products; split by EPIC and exclude decision fields,training_labels_v3.csv=noise_or_artifact,false,false,true,false,true,,,,false,,,,,
EPIC_211730024,candidate_like,confirmed_planet,K2_ephemerides.csv (NASA Exoplanet Archive ephemerides; confirmation disposition not retained in columns),,,catalogued_ephemeris_unverified_disposition,,,none_seen,false,true,,Catalogue ephemeris may have been used in legacy segment labelling; verify provenance/disposition,K2_ephemerides.csv (NASA Exoplanet Archive ephemerides; confirmation disposition not retained in columns)=confirmed_planet,false,false,false,false,false,,,,false,,,,,
EPIC_211730838,false_positive_eb_or_variable,binary_system,plots/k2_batch/master_vetted_catalog/manual_vetting_decisions_ledger.csv,2026-05-22,5,,yes,,none_seen,true,false,,EPIC appears in downstream pipeline/master-ledger products; split by EPIC and exclude decision fields,plots/k2_batch/final_candidate_master_ledger.csv=binary_system || plots/k2_batch/master_vetted_catalog/manual_vetting_decisions_ledger.csv=binary_system,false,false,true,false,true,,,,true,,,,,
EPIC_211732116,candidate_like,confirmed_planet,K2_ephemerides.csv (NASA Exoplanet Archive ephemerides; confirmation disposition not retained in columns),,,catalogued_ephemeris_unverified_disposition,,,none_seen,false,true,,Catalogue ephemeris may have been used in legacy segment labelling; verify provenance/disposition,K2_ephemerides.csv (NASA Exoplanet Archive ephemerides; confirmation disposition not retained in columns)=confirmed_planet,false,false,false,false,false,,,,false,,,,,
EPIC_211732801,false_positive_eb_or_variable,reject_likely_eclipsing_binary,plots/k2_batch/final_candidate_master_ledger.csv,2026-05-04,5,,yes,,none_seen,true,false,binary_system | reject_likely_eclipsing_binary,EPIC appears in downstream pipeline/master-ledger products; split by EPIC and exclude decision fields,plots/k2_batch/final_candidate_master_ledger.csv=reject_likely_eclipsing_binary || training_labels_v3.csv=binary_system,false,false,true,true,true,,,,true,,,,,
EPIC_211736671,candidate_like,confirmed_planet,K2_ephemerides.csv (NASA Exoplanet Archive ephemerides; confirmation disposition not retained in columns),,5,catalogued_ephemeris_unverified_disposition,,,none_seen,false,true,,Catalogue ephemeris may have been used in legacy segment labelling; verify provenance/disposition,K2_ephemerides.csv (NASA Exoplanet Archive ephemerides; confirmation disposition not retained in columns)=confirmed_planet,false,false,true,false,true,,,,false,,,,,
EPIC_211739276,reject_as_noise_or_artifact,reject_manual_false_positive,plots/k2_batch/final_candidate_master_ledger.csv,2026-04-30,5,,,yes,none_seen,true,false,noise_or_artifact | reject_manual_false_positive,EPIC appears in downstream pipeline/master-ledger products; split by EPIC and exclude decision fields,plots/k2_batch/final_candidate_master_ledger.csv=reject_manual_false_positive || training_labels_v3.csv=noise_or_artifact,false,false,true,true,true,,,,true,,,,,
EPIC_211743874,candidate_like,confirmed_planet,K2_ephemerides.csv (NASA Exoplanet Archive ephemerides; confirmation disposition not retained in columns),,5,catalogued_ephemeris_unverified_disposition,,,none_seen,false,true,,Catalogue ephemeris may have been used in legacy segment labelling; verify provenance/disposition,K2_ephemerides.csv (NASA Exoplanet Archive ephemerides; confirmation disposition not retained in columns)=confirmed_planet,false,false,true,false,true,,,,false,,,,,
EPIC_211745624,uncertain_hold,uncertain_hold,plots/k2_batch/master_vetted_catalog/manual_vetting_decisions_ledger.csv,2026-05-22,5,,,,uncertain_or_conflicting,false,true,,EPIC appears in downstream pipeline/master-ledger products; split by EPIC and exclude decision fields,plots/k2_batch/final_candidate_master_ledger.csv=uncertain_hold || plots/k2_batch/master_vetted_catalog/manual_vetting_decisions_ledger.csv=uncertain_hold,false,false,true,false,true,,,,false,,,,,
EPIC_211746706,reject_as_noise_or_artifact,noise_or_artifact,training_labels_v3.csv,2026-05-04,5,,,yes,none_seen,false,false,,EPIC appears in downstream pipeline/master-ledger products; split by EPIC and exclude decision fields,training_labels_v3.csv=noise_or_artifact,false,false,true,true,true,,,,false,,,,,
EPIC_211746807,reject_as_noise_or_artifact,reject_as_noise_or_artifact,plots/k2_batch/final_candidate_master_ledger.csv,2026-06-23,5,,,yes,none_seen,true,false,,EPIC appears in downstream pipeline/master-ledger products; split by EPIC and exclude decision fields,plots/k2_batch/final_candidate_master_ledger.csv=reject_as_noise_or_artifact,true,false,true,false,true,,,,true,,,,,
EPIC_211748059,uncertain_hold,secondary_hold,plots/k2_batch/final_candidate_master_ledger.csv,2026-04-30,5,,,,uncertain_or_conflicting,false,true,secondary_hold | uncertain_hold,EPIC appears in downstream pipeline/master-ledger products; split by EPIC and exclude decision fields,plots/k2_batch/final_candidate_master_ledger.csv=secondary_hold || training_labels_v3.csv=uncertain_hold,false,false,true,true,true,,,,false,,,,,
EPIC_211751400,false_positive_eb_or_variable,variable_or_possible_eb,plots/k2_batch/final_candidate_master_ledger.csv,2026-06-23,5,,yes,,none_seen,true,false,,EPIC appears in downstream pipeline/master-ledger products; split by EPIC and exclude decision fields,plots/k2_batch/final_candidate_master_ledger.csv=variable_or_possible_eb,true,false,true,false,true,,,,true,,,,,
EPIC_211753405,reject_as_noise_or_artifact,reject_as_noise_or_artifact,plots/k2_batch/final_candidate_master_ledger.csv,2026-06-23,5,,,yes,none_seen,true,false,,EPIC appears in downstream pipeline/master-ledger products; split by EPIC and exclude decision fields,plots/k2_batch/final_candidate_master_ledger.csv=reject_as_noise_or_artifact,true,false,true,false,true,,,,true,,,,,
EPIC_211753556,false_positive_eb_or_variable,variable_or_possible_eb,plots/k2_batch/final_candidate_master_ledger.csv,2026-06-23,5,,yes,,none_seen,true,false,,EPIC appears in downstream pipeline/master-ledger products; split by EPIC and exclude decision fields,plots/k2_batch/final_candidate_master_ledger.csv=variable_or_possible_eb,true,false,true,false,true,,,,true,,,,,
EPIC_211755452,reject_as_noise_or_artifact,reject_as_noise_or_artifact,plots/k2_batch/final_candidate_master_ledger.csv,2026-06-23,5,,,yes,none_seen,true,false,,EPIC appears in downstream pipeline/master-ledger products; split by EPIC and exclude decision fields,plots/k2_batch/final_candidate_master_ledger.csv=reject_as_noise_or_artifact,true,false,true,false,true,,,,true,,,,,
EPIC_211759361,uncertain_hold,candidate_with_caveat,plots/k2_batch/final_candidate_master_ledger.csv,2026-05-07,5,,,,uncertain_or_conflicting,false,true,candidate_like | candidate_with_caveat,EPIC appears in downstream pipeline/master-ledger products; split by EPIC and exclude decision fields; conflicting normalized labels; adjudicate before training,plots/k2_batch/final_candidate_master_ledger.csv=candidate_with_caveat || training_labels_v3.csv=candidate_like,false,false,true,true,true,,,,false,,,,,
EPIC_211759736,reject_as_noise_or_artifact,noise_or_artifact,training_labels_v3.csv,2026-05-10,5,,,yes,none_seen,false,false,,EPIC appears in downstream pipeline/master-ledger products; split by EPIC and exclude decision fields,training_labels_v3.csv=noise_or_artifact,false,false,true,false,true,,,,false,,,,,
EPIC_211759880,reject_as_noise_or_artifact,reject_as_noise_or_artifact,plots/k2_batch/final_candidate_master_ledger.csv,2026-06-23,5,,,yes,none_seen,true,false,,EPIC appears in downstream pipeline/master-ledger products; split by EPIC and exclude decision fields,plots/k2_batch/final_candidate_master_ledger.csv=reject_as_noise_or_artifact,true,false,true,false,true,,,,true,,,,,
EPIC_211763214,candidate_like,confirmed_planet,K2_ephemerides.csv (NASA Exoplanet Archive ephemerides; confirmation disposition not retained in columns),,5,catalogued_ephemeris_unverified_disposition,,,none_seen,false,true,,Catalogue ephemeris may have been used in legacy segment labelling; verify provenance/disposition,K2_ephemerides.csv (NASA Exoplanet Archive ephemerides; confirmation disposition not retained in columns)=confirmed_planet,false,false,true,false,true,,,,false,,,,,
EPIC_211766291,false_positive_eb_or_variable,false_positive_eb_or_variable,plots/k2_batch/final_candidate_master_ledger.csv,2026-06-23,5,,yes,,none_seen,true,false,,EPIC appears in downstream pipeline/master-ledger products; split by EPIC and exclude decision fields,plots/k2_batch/final_candidate_master_ledger.csv=false_positive_eb_or_variable,true,false,true,false,true,,,,true,,,,,
EPIC_211768258,false_positive_eb_or_variable,variable_or_possible_eb,plots/k2_batch/final_candidate_master_ledger.csv,2026-06-23,5,,yes,,none_seen,true,false,,EPIC appears in downstream pipeline/master-ledger products; split by EPIC and exclude decision fields,plots/k2_batch/final_candidate_master_ledger.csv=variable_or_possible_eb,true,false,true,false,true,,,,true,,,,,
EPIC_211768304,false_positive_eb_or_variable,false_positive_eb_or_variable,gatevetter_v0_2_deep_review_manual_decisions.csv,2026-07-31,5,,yes,,uncertain_or_conflicting,false,true,false_positive_eb_or_variable | uncertain_hold_positive,EPIC appears in downstream pipeline/master-ledger products; split by EPIC and exclude decision fields; conflicting normalized labels; adjudicate before training,plots/k2_batch/final_candidate_master_ledger.csv=uncertain_hold_positive || gatevetter_v0_2_deep_review_manual_decisions.csv=false_positive_eb_or_variable,true,true,true,false,true,,,,false,,,,,
EPIC_211769243,false_positive_eb_or_variable,variable_or_possible_eb,plots/k2_batch/final_candidate_master_ledger.csv,2026-06-22,5,,yes,,none_seen,true,false,,EPIC appears in downstream pipeline/master-ledger products; split by EPIC and exclude decision fields,plots/k2_batch/final_candidate_master_ledger.csv=variable_or_possible_eb,true,false,true,false,true,,,,true,,,,,
EPIC_211770390,uncertain_hold,uncertain_hold,plots/k2_batch/master_vetted_catalog/manual_vetting_decisions_ledger.csv,2026-05-22,5,,,,uncertain_or_conflicting,false,true,,EPIC appears in downstream pipeline/master-ledger products; split by EPIC and exclude decision fields,plots/k2_batch/final_candidate_master_ledger.csv=uncertain_hold || plots/k2_batch/master_vetted_catalog/manual_vetting_decisions_ledger.csv=uncertain_hold,false,false,true,false,true,,,,false,,,,,
EPIC_211770415,uncertain_hold,uncertain_hold,training_labels_v3.csv,2026-05-05,5,,,,uncertain_or_conflicting,false,true,,EPIC appears in downstream pipeline/master-ledger products; split by EPIC and exclude decision fields,training_labels_v3.csv=uncertain_hold,false,false,true,true,true,,,,false,,,,,
EPIC_211770696,candidate_like,confirmed_planet,K2_ephemerides.csv (NASA Exoplanet Archive ephemerides; confirmation disposition not retained in columns),,5,catalogued_ephemeris_unverified_disposition,,,none_seen,false,true,,Catalogue ephemeris may have been used in legacy segment labelling; verify provenance/disposition,K2_ephemerides.csv (NASA Exoplanet Archive ephemerides; confirmation disposition not retained in columns)=confirmed_planet,false,false,true,false,true,,,,false,,,,,
EPIC_211770795,candidate_like,confirmed_planet,K2_ephemerides.csv (NASA Exoplanet Archive ephemerides; confirmation disposition not retained in columns),,5,catalogued_ephemeris_unverified_disposition,,,none_seen,false,true,,Catalogue ephemeris may have been used in legacy segment labelling; verify provenance/disposition,K2_ephemerides.csv (NASA Exoplanet Archive ephemerides; confirmation disposition not retained in columns)=confirmed_planet,false,false,true,false,true,,,,false,,,,,
EPIC_211775229,false_positive_eb_or_variable,variable_or_possible_eb,plots/k2_batch/final_candidate_master_ledger.csv,2026-06-22,5,,yes,,none_seen,true,false,,EPIC appears in downstream pipeline/master-ledger products; split by EPIC and exclude decision fields,plots/k2_batch/final_candidate_master_ledger.csv=variable_or_possible_eb,true,false,true,false,true,,,,true,,,,,
EPIC_211775796,false_positive_eb_or_variable,variable_or_possible_eb,plots/k2_batch/final_candidate_master_ledger.csv,2026-06-22,5,,yes,,none_seen,true,false,,EPIC appears in downstream pipeline/master-ledger products; split by EPIC and exclude decision fields,plots/k2_batch/final_candidate_master_ledger.csv=variable_or_possible_eb,true,false,true,false,true,,,,true,,,,,
EPIC_211778092,false_positive_eb_or_variable,variable_or_possible_eb,plots/k2_batch/final_candidate_master_ledger.csv,2026-06-23,5,,yes,,none_seen,true,false,,EPIC appears in downstream pipeline/master-ledger products; split by EPIC and exclude decision fields,plots/k2_batch/final_candidate_master_ledger.csv=variable_or_possible_eb,true,false,true,false,true,,,,true,,,,,
EPIC_211779390,candidate_like,confirmed_planet,K2_ephemerides.csv (NASA Exoplanet Archive ephemerides; confirmation disposition not retained in columns),,5,catalogued_ephemeris_unverified_disposition,,,none_seen,false,true,,Catalogue ephemeris may have been used in legacy segment labelling; verify provenance/disposition,K2_ephemerides.csv (NASA Exoplanet Archive ephemerides; confirmation disposition not retained in columns)=confirmed_planet,false,false,true,false,true,,,,false,,,,,
EPIC_211780791,reject_as_noise_or_artifact,reject_as_noise_or_artifact,plots/k2_batch/final_candidate_master_ledger.csv,2026-06-23,5,,,yes,none_seen,true,false,,EPIC appears in downstream pipeline/master-ledger products; split by EPIC and exclude decision fields,plots/k2_batch/final_candidate_master_ledger.csv=reject_as_noise_or_artifact,true,false,true,false,true,,,,true,,,,,
EPIC_211781094,reject_as_noise_or_artifact,noise_or_artifact,plots/k2_batch/master_vetted_catalog/manual_vetting_decisions_ledger.csv,2026-05-22,5,,,yes,none_seen,true,false,,EPIC appears in downstream pipeline/master-ledger products; split by EPIC and exclude decision fields,plots/k2_batch/final_candidate_master_ledger.csv=noise_or_artifact || plots/k2_batch/master_vetted_catalog/manual_vetting_decisions_ledger.csv=noise_or_artifact,false,false,true,false,true,,,,true,,,,,
EPIC_211781289,reject_as_noise_or_artifact,reject_as_noise_or_artifact,plots/k2_batch/final_candidate_master_ledger.csv,2026-06-16,5,,,yes,none_seen,true,false,,EPIC appears in downstream pipeline/master-ledger products; split by EPIC and exclude decision fields,plots/k2_batch/final_candidate_master_ledger.csv=reject_as_noise_or_artifact,true,false,true,false,true,,,,true,,,,,
EPIC_211790174,reject_as_noise_or_artifact,reject_as_noise_or_artifact,plots/k2_batch/final_candidate_master_ledger.csv,2026-06-22,5,,,yes,none_seen,true,false,,EPIC appears in downstream pipeline/master-ledger products; split by EPIC and exclude decision fields,plots/k2_batch/final_candidate_master_ledger.csv=reject_as_noise_or_artifact,true,false,true,false,true,,,,true,,,,,
EPIC_211790348,reject_as_noise_or_artifact,reject_as_noise_or_artifact,plots/k2_batch/final_candidate_master_ledger.csv,2026-06-22,5,,,yes,none_seen,true,false,,EPIC appears in downstream pipeline/master-ledger products; split by EPIC and exclude decision fields,plots/k2_batch/final_candidate_master_ledger.csv=reject_as_noise_or_artifact,true,false,true,false,true,,,,true,,,,,
EPIC_211791780,uncertain_hold,uncertain_hold,training_labels_v3.csv,2026-05-04,5,,,,uncertain_or_conflicting,false,true,,EPIC appears in downstream pipeline/master-ledger products; split by EPIC and exclude decision fields,training_labels_v3.csv=uncertain_hold,false,false,true,true,true,,,,false,,,,,
EPIC_211792360,reject_as_noise_or_artifact,low_priority_negative,plots/k2_batch/final_candidate_master_ledger.csv,2026-06-16,5,,,yes,none_seen,true,false,,EPIC appears in downstream pipeline/master-ledger products; split by EPIC and exclude decision fields,plots/k2_batch/final_candidate_master_ledger.csv=low_priority_negative,true,false,true,false,true,,,,true,,,,,
EPIC_211793748,false_positive_eb_or_variable,variable_or_possible_eb,plots/k2_batch/final_candidate_master_ledger.csv,2026-06-23,5,,yes,,none_seen,true,false,,EPIC appears in downstream pipeline/master-ledger products; split by EPIC and exclude decision fields,plots/k2_batch/final_candidate_master_ledger.csv=variable_or_possible_eb,true,false,true,false,true,,,,true,,,,,
EPIC_211795325,uncertain_hold,uncertain_hold,training_labels_v3.csv,2026-05-10,5,,,,uncertain_or_conflicting,false,true,,EPIC appears in downstream pipeline/master-ledger products; split by EPIC and exclude decision fields,training_labels_v3.csv=uncertain_hold,false,false,true,false,true,,,,false,,,,,
EPIC_211796395,reject_as_noise_or_artifact,reject_as_noise_or_artifact,plots/k2_batch/final_candidate_master_ledger.csv,2026-06-22,5,,,yes,none_seen,true,false,,EPIC appears in downstream pipeline/master-ledger products; split by EPIC and exclude decision fields,plots/k2_batch/final_candidate_master_ledger.csv=reject_as_noise_or_artifact,true,false,true,false,true,,,,true,,,,,
EPIC_211797554,reject_as_noise_or_artifact,reject_as_noise_or_artifact,plots/k2_batch/final_candidate_master_ledger.csv,2026-06-22,5,,,yes,none_seen,true,false,,EPIC appears in downstream pipeline/master-ledger products; split by EPIC and exclude decision fields,plots/k2_batch/final_candidate_master_ledger.csv=reject_as_noise_or_artifact,true,false,true,false,true,,,,true,,,,,
EPIC_211799289,false_positive_eb_or_variable,variable_or_possible_eb,plots/k2_batch/final_candidate_master_ledger.csv,2026-06-22,5,,yes,,none_seen,true,false,,EPIC appears in downstream pipeline/master-ledger products; split by EPIC and exclude decision fields,plots/k2_batch/final_candidate_master_ledger.csv=variable_or_possible_eb,true,false,true,false,true,,,,true,,,,,
EPIC_211800810,false_positive_eb_or_variable,binary_system,plots/k2_batch/master_vetted_catalog/manual_vetting_decisions_ledger.csv,2026-05-22,5,,yes,,none_seen,true,false,,EPIC appears in downstream pipeline/master-ledger products; split by EPIC and exclude decision fields,plots/k2_batch/final_candidate_master_ledger.csv=binary_system || plots/k2_batch/master_vetted_catalog/manual_vetting_decisions_ledger.csv=binary_system,false,false,true,false,true,,,,true,,,,,
EPIC_211803640,reject_as_noise_or_artifact,reject_as_noise_or_artifact,plots/k2_batch/final_candidate_master_ledger.csv,2026-06-22,5,,,yes,none_seen,true,false,,EPIC appears in downstream pipeline/master-ledger products; split by EPIC and exclude decision fields,plots/k2_batch/final_candidate_master_ledger.csv=reject_as_noise_or_artifact,true,false,true,false,true,,,,true,,,,,
EPIC_211804680,reject_as_noise_or_artifact,reject_as_noise_or_artifact,plots/k2_batch/final_candidate_master_ledger.csv,2026-06-22,5,,,yes,none_seen,true,false,,EPIC appears in downstream pipeline/master-ledger products; split by EPIC and exclude decision fields,plots/k2_batch/final_candidate_master_ledger.csv=reject_as_noise_or_artifact,true,false,true,false,true,,,,true,,,,,
EPIC_211805860,uncertain_hold,uncertain_hold,plots/k2_batch/master_vetted_catalog/manual_vetting_decisions_ledger.csv,2026-05-22,5,,,,uncertain_or_conflicting,false,true,,EPIC appears in downstream pipeline/master-ledger products; split by EPIC and exclude decision fields,plots/k2_batch/final_candidate_master_ledger.csv=uncertain_hold || plots/k2_batch/master_vetted_catalog/manual_vetting_decisions_ledger.csv=uncertain_hold,false,false,true,false,true,,,,false,,,,,
EPIC_211811904,false_positive_eb_or_variable,variable_or_possible_eb,plots/k2_batch/final_candidate_master_ledger.csv,2026-06-22,5,,yes,,none_seen,true,false,,EPIC appears in downstream pipeline/master-ledger products; split by EPIC and exclude decision fields,plots/k2_batch/final_candidate_master_ledger.csv=variable_or_possible_eb,true,false,true,false,true,,,,true,,,,,
EPIC_211812028,reject_as_noise_or_artifact,reject_as_noise_or_artifact,plots/k2_batch/final_candidate_master_ledger.csv,2026-06-22,5,,,yes,none_seen,true,false,,EPIC appears in downstream pipeline/master-ledger products; split by EPIC and exclude decision fields,plots/k2_batch/final_candidate_master_ledger.csv=reject_as_noise_or_artifact,true,false,true,false,true,,,,true,,,,,
EPIC_211812160,reject_as_noise_or_artifact,reject_as_noise_or_artifact,plots/k2_batch/final_candidate_master_ledger.csv,2026-06-22,5,,,yes,none_seen,true,false,,EPIC appears in downstream pipeline/master-ledger products; split by EPIC and exclude decision fields,plots/k2_batch/final_candidate_master_ledger.csv=reject_as_noise_or_artifact,true,false,true,false,true,,,,true,,,,,
EPIC_211813818,false_positive_eb_or_variable,false_positive_eb_or_variable,plots/k2_batch/final_candidate_master_ledger.csv,2026-06-22,5,,yes,,none_seen,true,false,,EPIC appears in downstream pipeline/master-ledger products; split by EPIC and exclude decision fields,plots/k2_batch/final_candidate_master_ledger.csv=false_positive_eb_or_variable,true,false,true,false,true,,,,true,,,,,
EPIC_211813858,reject_as_noise_or_artifact,deprioritize_after_manual_visual_review,plots/k2_batch/final_candidate_master_ledger.csv,2026-04-30,5,,,yes,none_seen,true,false,deprioritize_after_manual_visual_review | low_priority_negative,EPIC appears in downstream pipeline/master-ledger products; split by EPIC and exclude decision fields,plots/k2_batch/final_candidate_master_ledger.csv=deprioritize_after_manual_visual_review || training_labels_v3.csv=low_priority_negative,false,false,true,true,true,,,,true,,,,,
EPIC_211816003,candidate_like,confirmed_planet,K2_ephemerides.csv (NASA Exoplanet Archive ephemerides; confirmation disposition not retained in columns),,5,catalogued_ephemeris_unverified_disposition,,,none_seen,false,true,,Catalogue ephemeris may have been used in legacy segment labelling; verify provenance/disposition,K2_ephemerides.csv (NASA Exoplanet Archive ephemerides; confirmation disposition not retained in columns)=confirmed_planet,false,false,true,false,true,,,,false,,,,,
EPIC_211816343,false_positive_eb_or_variable,false_positive_eb_or_variable,gatevetter_v0_2_deep_review_manual_decisions.csv,2026-07-31,5,,yes,,none_seen,true,false,false_positive_eb_or_variable | variable_or_possible_eb,EPIC appears in downstream pipeline/master-ledger products; split by EPIC and exclude decision fields,plots/k2_batch/final_candidate_master_ledger.csv=variable_or_possible_eb || gatevetter_v0_2_deep_review_manual_decisions.csv=false_positive_eb_or_variable,true,true,true,false,true,,,,true,,,,,
EPIC_211818569,candidate_like,confirmed_planet,K2_ephemerides.csv (NASA Exoplanet Archive ephemerides; confirmation disposition not retained in columns),,5,catalogued_ephemeris_unverified_disposition,,,none_seen,false,true,,Catalogue ephemeris may have been used in legacy segment labelling; verify provenance/disposition,K2_ephemerides.csv (NASA Exoplanet Archive ephemerides; confirmation disposition not retained in columns)=confirmed_planet,false,false,true,false,true,,,,false,,,,,
EPIC_211821200,uncertain_hold,uncertain_hold,training_labels_v3.csv,2026-05-04,5,,,,uncertain_or_conflicting,false,true,,EPIC appears in downstream pipeline/master-ledger products; split by EPIC and exclude decision fields,training_labels_v3.csv=uncertain_hold,false,false,true,true,true,,,,false,,,,,
EPIC_211822797,candidate_like,confirmed_planet,K2_ephemerides.csv (NASA Exoplanet Archive ephemerides; confirmation disposition not retained in columns),,5,catalogued_ephemeris_unverified_disposition,,,none_seen,false,true,,Catalogue ephemeris may have been used in legacy segment labelling; verify provenance/disposition,K2_ephemerides.csv (NASA Exoplanet Archive ephemerides; confirmation disposition not retained in columns)=confirmed_planet,false,false,true,false,true,,,,false,,,,,
EPIC_211825860,reject_as_noise_or_artifact,reject_as_noise_or_artifact,plots/k2_batch/final_candidate_master_ledger.csv,2026-06-23,5,,,yes,none_seen,true,false,,EPIC appears in downstream pipeline/master-ledger products; split by EPIC and exclude decision fields,plots/k2_batch/final_candidate_master_ledger.csv=reject_as_noise_or_artifact,true,false,true,false,true,,,,true,,,,,
EPIC_211828464,reject_as_noise_or_artifact,reject_as_noise_or_artifact,plots/k2_batch/final_candidate_master_ledger.csv,2026-06-23,5,,,yes,none_seen,true,false,,EPIC appears in downstream pipeline/master-ledger products; split by EPIC and exclude decision fields,plots/k2_batch/final_candidate_master_ledger.csv=reject_as_noise_or_artifact,true,false,true,false,true,,,,true,,,,,
EPIC_211833851,reject_as_noise_or_artifact,reject_manual_false_positive,plots/k2_batch/final_candidate_master_ledger.csv,2026-05-04,5,,,yes,none_seen,true,false,noise_or_artifact | reject_manual_false_positive,EPIC appears in downstream pipeline/master-ledger products; split by EPIC and exclude decision fields,plots/k2_batch/final_candidate_master_ledger.csv=reject_manual_false_positive || training_labels_v3.csv=noise_or_artifact,false,false,true,true,true,,,,true,,,,,
EPIC_211836788,reject_as_noise_or_artifact,noise_or_artifact,training_labels_v3.csv,2026-05-10,5,,,yes,none_seen,false,false,,EPIC appears in downstream pipeline/master-ledger products; split by EPIC and exclude decision fields,training_labels_v3.csv=noise_or_artifact,false,false,true,false,true,,,,false,,,,,
EPIC_211839462,false_positive_eb_or_variable,variable_or_possible_eb,plots/k2_batch/master_vetted_catalog/manual_vetting_decisions_ledger.csv,2026-06-09,5,,yes,,uncertain_or_conflicting,false,true,keep_hold_for_variability_review | variable_or_possible_eb,EPIC appears in downstream pipeline/master-ledger products; split by EPIC and exclude decision fields; conflicting normalized labels; adjudicate before training,plots/k2_batch/final_candidate_master_ledger.csv=keep_hold_for_variability_review || plots/k2_batch/master_vetted_catalog/manual_vetting_decisions_ledger.csv=variable_or_possible_eb,false,false,true,false,true,,,,false,,,,,
EPIC_211842439,uncertain_hold,hold_low_priority_candidate,plots/k2_batch/final_candidate_master_ledger.csv,2026-04-30,5,,,,uncertain_or_conflicting,false,true,hold_low_priority_candidate | uncertain_hold,EPIC appears in downstream pipeline/master-ledger products; split by EPIC and exclude decision fields,plots/k2_batch/final_candidate_master_ledger.csv=hold_low_priority_candidate || training_labels_v3.csv=uncertain_hold,false,false,true,true,true,,,,false,,,,,
EPIC_211842777,uncertain_hold,uncertain_hold_positive,plots/k2_batch/final_candidate_master_ledger.csv,2026-06-23,5,,,,uncertain_or_conflicting,false,true,,EPIC appears in downstream pipeline/master-ledger products; split by EPIC and exclude decision fields,plots/k2_batch/final_candidate_master_ledger.csv=uncertain_hold_positive,true,false,true,false,true,,,,false,,,,,
EPIC_211844348,reject_as_noise_or_artifact,noise_or_artifact,plots/k2_batch/master_vetted_catalog/manual_vetting_decisions_ledger.csv,2026-05-22,5,,,yes,none_seen,true,false,,EPIC appears in downstream pipeline/master-ledger products; split by EPIC and exclude decision fields,plots/k2_batch/final_candidate_master_ledger.csv=noise_or_artifact || plots/k2_batch/master_vetted_catalog/manual_vetting_decisions_ledger.csv=noise_or_artifact,false,false,true,false,true,,,,true,,,,,
EPIC_211845034,false_positive_eb_or_variable,false_positive_eb_or_variable,gatevetter_v0_2_deep_review_manual_decisions.csv,2026-06-23,5,,yes,,none_seen,true,false,false_positive_eb_or_variable | variable_or_possible_eb,EPIC appears in downstream pipeline/master-ledger products; split by EPIC and exclude decision fields,plots/k2_batch/final_candidate_master_ledger.csv=variable_or_possible_eb || gatevetter_v0_2_deep_review_manual_decisions.csv=false_positive_eb_or_variable,true,true,true,false,true,,,,true,,,,,
EPIC_211851580,uncertain_hold,uncertain_hold,plots/k2_batch/master_vetted_catalog/manual_vetting_decisions_ledger.csv,2026-05-22,5,,,,uncertain_or_conflicting,false,true,,EPIC appears in downstream pipeline/master-ledger products; split by EPIC and exclude decision fields,plots/k2_batch/final_candidate_master_ledger.csv=uncertain_hold || plots/k2_batch/master_vetted_catalog/manual_vetting_decisions_ledger.csv=uncertain_hold,false,false,true,false,true,,,,false,,,,,
EPIC_211874676,reject_as_noise_or_artifact,reject_as_noise_or_artifact,plots/k2_batch/final_candidate_master_ledger.csv,2026-06-23,5,,,yes,none_seen,true,false,,EPIC appears in downstream pipeline/master-ledger products; split by EPIC and exclude decision fields,plots/k2_batch/final_candidate_master_ledger.csv=reject_as_noise_or_artifact,true,false,true,false,true,,,,true,,,,,
EPIC_211878672,reject_as_noise_or_artifact,deprioritize_after_manual_visual_review,plots/k2_batch/final_candidate_master_ledger.csv,2026-04-30,5,,,yes,none_seen,true,false,deprioritize_after_manual_visual_review | low_priority_negative,EPIC appears in downstream pipeline/master-ledger products; split by EPIC and exclude decision fields,plots/k2_batch/final_candidate_master_ledger.csv=deprioritize_after_manual_visual_review || training_labels_v3.csv=low_priority_negative,false,false,true,true,true,,,,true,,,,,
EPIC_211884720,reject_as_noise_or_artifact,reject_as_noise_or_artifact,plots/k2_batch/final_candidate_master_ledger.csv,2026-06-23,5,,,yes,none_seen,true,false,,EPIC appears in downstream pipeline/master-ledger products; split by EPIC and exclude decision fields,plots/k2_batch/final_candidate_master_ledger.csv=reject_as_noise_or_artifact,true,false,true,false,true,,,,true,,,,,
EPIC_211887206,reject_as_noise_or_artifact,deprioritize_after_manual_visual_review,plots/k2_batch/final_candidate_master_ledger.csv,2026-04-30,5,,,yes,none_seen,true,false,deprioritize_after_manual_visual_review | low_priority_negative,EPIC appears in downstream pipeline/master-ledger products; split by EPIC and exclude decision fields,plots/k2_batch/final_candidate_master_ledger.csv=deprioritize_after_manual_visual_review || training_labels_v3.csv=low_priority_negative,false,false,true,true,true,,,,true,,,,,
EPIC_211887839,reject_as_noise_or_artifact,reject_as_noise_or_artifact,plots/k2_batch/final_candidate_master_ledger.csv,2026-06-23,5,,,yes,none_seen,true,false,,EPIC appears in downstream pipeline/master-ledger products; split by EPIC and exclude decision fields,plots/k2_batch/final_candidate_master_ledger.csv=reject_as_noise_or_artifact,true,false,true,false,true,,,,true,,,,,
EPIC_211889082,false_positive_eb_or_variable,false_positive_eb_or_variable,gatevetter_v0_2_deep_review_manual_decisions.csv,2026-07-31,5,,yes,,uncertain_or_conflicting,false,true,false_positive_eb_or_variable | uncertain_hold_period_ambiguous,EPIC appears in downstream pipeline/master-ledger products; split by EPIC and exclude decision fields; conflicting normalized labels; adjudicate before training,plots/k2_batch/final_candidate_master_ledger.csv=uncertain_hold_period_ambiguous || gatevetter_v0_2_deep_review_manual_decisions.csv=false_positive_eb_or_variable,true,true,true,false,true,,,,false,,,,,
EPIC_211889692,candidate_like,recovered_known_confirmed_planet,docs/phase2/phase2_positive_tier_corrections.csv,,5,external_confirmation_pending_unverified_mapping,,,external_confirmation_mapping_pending,false,true,planet_like | recovered_known_confirmed_planet,EPIC appears in downstream pipeline/master-ledger products; split by EPIC and exclude decision fields,plots/k2_batch/final_candidate_master_ledger.csv=recovered_known_confirmed_planet || training_labels_v3.csv=planet_like || docs/phase2/phase2_positive_tier_corrections.csv=external_confirmation_pending/unverified_mapping,false,false,true,true,true,external_confirmation_pending,confirmation_pending_exact_epic_mapping,unverified_mapping,false,quarantine_until_catalogue_verification,,docs/phase2/phase2_positive_tier_corrections.csv,true,false
EPIC_211890606,false_positive_eb_or_variable,variable_or_possible_eb,plots/k2_batch/final_candidate_master_ledger.csv,2026-06-23,5,,yes,,none_seen,true,false,,EPIC appears in downstream pipeline/master-ledger products; split by EPIC and exclude decision fields,plots/k2_batch/final_candidate_master_ledger.csv=variable_or_possible_eb,true,false,true,false,true,,,,true,,,,,
EPIC_211891774,false_positive_eb_or_variable,false_positive_eb_or_variable,plots/k2_batch/final_candidate_master_ledger.csv,2026-06-23,5,,yes,,none_seen,true,false,,EPIC appears in downstream pipeline/master-ledger products; split by EPIC and exclude decision fields,plots/k2_batch/final_candidate_master_ledger.csv=false_positive_eb_or_variable,true,false,true,false,true,,,,true,,,,,
EPIC_211892055,reject_as_noise_or_artifact,low_priority_negative,plots/k2_batch/final_candidate_master_ledger.csv,2026-06-16,5,,,yes,none_seen,true,false,,EPIC appears in downstream pipeline/master-ledger products; split by EPIC and exclude decision fields,plots/k2_batch/final_candidate_master_ledger.csv=low_priority_negative,true,false,true,false,true,,,,true,,,,,
EPIC_211894518,reject_as_noise_or_artifact,low_priority_negative,plots/k2_batch/final_candidate_master_ledger.csv,2026-06-16,5,,,yes,none_seen,true,false,,EPIC appears in downstream pipeline/master-ledger products; split by EPIC and exclude decision fields,plots/k2_batch/final_candidate_master_ledger.csv=low_priority_negative,true,false,true,false,true,,,,true,,,,,
EPIC_211895138,reject_as_noise_or_artifact,reject_as_noise_or_artifact,plots/k2_batch/final_candidate_master_ledger.csv,2026-06-23,5,,,yes,none_seen,true,false,,EPIC appears in downstream pipeline/master-ledger products; split by EPIC and exclude decision fields,plots/k2_batch/final_candidate_master_ledger.csv=reject_as_noise_or_artifact,true,false,true,false,true,,,,true,,,,,
EPIC_211897691,candidate_like,confirmed_planet,K2_ephemerides.csv (NASA Exoplanet Archive ephemerides; confirmation disposition not retained in columns),,5,catalogued_ephemeris_unverified_disposition,,,none_seen,false,true,,Catalogue ephemeris may have been used in legacy segment labelling; verify provenance/disposition,K2_ephemerides.csv (NASA Exoplanet Archive ephemerides; confirmation disposition not retained in columns)=confirmed_planet,false,false,true,false,true,,,,false,,,,,
EPIC_211899798,reject_as_noise_or_artifact,reject_as_noise_or_artifact,plots/k2_batch/final_candidate_master_ledger.csv,2026-06-22,5,,,yes,none_seen,true,false,,EPIC appears in downstream pipeline/master-ledger products; split by EPIC and exclude decision fields,plots/k2_batch/final_candidate_master_ledger.csv=reject_as_noise_or_artifact,true,false,true,false,true,,,,true,,,,,
EPIC_211902535,reject_as_noise_or_artifact,noise_or_artifact,plots/k2_batch/master_vetted_catalog/manual_vetting_decisions_ledger.csv,2026-05-25,5,,,yes,none_seen,true,false,,EPIC appears in downstream pipeline/master-ledger products; split by EPIC and exclude decision fields,plots/k2_batch/final_candidate_master_ledger.csv=noise_or_artifact || plots/k2_batch/master_vetted_catalog/manual_vetting_decisions_ledger.csv=noise_or_artifact,false,false,true,false,true,,,,true,,,,,
EPIC_211904163,false_positive_eb_or_variable,variable_or_possible_eb,plots/k2_batch/final_candidate_master_ledger.csv,2026-06-23,5,,yes,,none_seen,true,false,,EPIC appears in downstream pipeline/master-ledger products; split by EPIC and exclude decision fields,plots/k2_batch/final_candidate_master_ledger.csv=variable_or_possible_eb,true,false,true,false,true,,,,true,,,,,
EPIC_211904513,reject_as_noise_or_artifact,reject_as_noise_or_artifact,plots/k2_batch/final_candidate_master_ledger.csv,2026-06-23,5,,,yes,none_seen,true,false,,EPIC appears in downstream pipeline/master-ledger products; split by EPIC and exclude decision fields,plots/k2_batch/final_candidate_master_ledger.csv=reject_as_noise_or_artifact,true,false,true,false,true,,,,true,,,,,
EPIC_211905009,reject_as_noise_or_artifact,reject_as_noise_or_artifact,plots/k2_batch/final_candidate_master_ledger.csv,2026-06-23,5,,,yes,none_seen,true,false,,EPIC appears in downstream pipeline/master-ledger products; split by EPIC and exclude decision fields,plots/k2_batch/final_candidate_master_ledger.csv=reject_as_noise_or_artifact,true,false,true,false,true,,,,true,,,,,
EPIC_211906650,candidate_like,confirmed_planet,K2_ephemerides.csv (NASA Exoplanet Archive ephemerides; confirmation disposition not retained in columns),,5,catalogued_ephemeris_unverified_disposition,,,none_seen,false,true,,Catalogue ephemeris may have been used in legacy segment labelling; verify provenance/disposition,K2_ephemerides.csv (NASA Exoplanet Archive ephemerides; confirmation disposition not retained in columns)=confirmed_planet,false,false,true,false,true,,,,false,,,,,
EPIC_211908778,uncertain_hold,candidate_demoted_after_stage_h,plots/k2_batch/final_candidate_master_ledger.csv,2026-05-07,5,,,,uncertain_or_conflicting,false,true,candidate_demoted_after_stage_h | uncertain_hold,EPIC appears in downstream pipeline/master-ledger products; split by EPIC and exclude decision fields,plots/k2_batch/final_candidate_master_ledger.csv=candidate_demoted_after_stage_h || training_labels_v3.csv=uncertain_hold,false,false,true,true,true,,,,false,,,,,
EPIC_211910082,reject_as_noise_or_artifact,reject_manual_false_positive,plots/k2_batch/final_candidate_master_ledger.csv,2026-05-04,5,,,yes,none_seen,true,false,noise_or_artifact | reject_manual_false_positive,EPIC appears in downstream pipeline/master-ledger products; split by EPIC and exclude decision fields,plots/k2_batch/final_candidate_master_ledger.csv=reject_manual_false_positive || training_labels_v3.csv=noise_or_artifact,false,false,true,true,true,,,,true,,,,,
EPIC_211910237,uncertain_hold,uncertain_hold,plots/k2_batch/master_vetted_catalog/manual_vetting_decisions_ledger.csv,2026-05-25,5,,,,uncertain_or_conflicting,false,true,,EPIC appears in downstream pipeline/master-ledger products; split by EPIC and exclude decision fields,plots/k2_batch/final_candidate_master_ledger.csv=uncertain_hold || plots/k2_batch/master_vetted_catalog/manual_vetting_decisions_ledger.csv=uncertain_hold,false,false,true,false,true,,,,false,,,,,
EPIC_211910338,uncertain_hold,uncertain_hold_positive,plots/k2_batch/final_candidate_master_ledger.csv,2026-06-23,5,,,,uncertain_or_conflicting,false,true,,EPIC appears in downstream pipeline/master-ledger products; split by EPIC and exclude decision fields,plots/k2_batch/final_candidate_master_ledger.csv=uncertain_hold_positive,true,false,true,false,true,,,,false,,,,,
EPIC_211911273,reject_as_noise_or_artifact,noise_or_artifact,plots/k2_batch/master_vetted_catalog/manual_vetting_decisions_ledger.csv,2026-05-25,5,,,yes,none_seen,true,false,,EPIC appears in downstream pipeline/master-ledger products; split by EPIC and exclude decision fields,plots/k2_batch/final_candidate_master_ledger.csv=noise_or_artifact || plots/k2_batch/master_vetted_catalog/manual_vetting_decisions_ledger.csv=noise_or_artifact,false,false,true,false,true,,,,true,,,,,
EPIC_211912465,reject_as_noise_or_artifact,reject_as_noise_or_artifact,gatevetter_v0_2_deep_review_manual_decisions.csv,2026-07-31,5,,,yes,uncertain_or_conflicting,false,true,reject_as_noise_or_artifact | uncertain_hold_period_ambiguous,EPIC appears in downstream pipeline/master-ledger products; split by EPIC and exclude decision fields; conflicting normalized labels; adjudicate before training,plots/k2_batch/final_candidate_master_ledger.csv=uncertain_hold_period_ambiguous || plots/k2_batch/final_candidate_master_ledger.csv=uncertain_hold_period_ambiguous || gatevetter_v0_2_deep_review_manual_decisions.csv=reject_as_noise_or_artifact,true,true,true,false,true,,,,false,,,,,
EPIC_211913977,candidate_like,confirmed_planet,K2_ephemerides.csv (NASA Exoplanet Archive ephemerides; confirmation disposition not retained in columns),,5,catalogued_ephemeris_unverified_disposition,,,none_seen,false,true,,Catalogue ephemeris may have been used in legacy segment labelling; verify provenance/disposition,K2_ephemerides.csv (NASA Exoplanet Archive ephemerides; confirmation disposition not retained in columns)=confirmed_planet,false,false,true,false,true,,,,false,,,,,
EPIC_211914980,reject_as_noise_or_artifact,low_priority_negative,plots/k2_batch/final_candidate_master_ledger.csv,2026-06-22,5,,,yes,none_seen,true,false,,EPIC appears in downstream pipeline/master-ledger products; split by EPIC and exclude decision fields,plots/k2_batch/final_candidate_master_ledger.csv=low_priority_negative || plots/k2_batch/final_candidate_master_ledger.csv=low_priority_negative,true,false,true,false,true,,,,true,,,,,
EPIC_211915085,reject_as_noise_or_artifact,reject_as_noise_or_artifact,plots/k2_batch/final_candidate_master_ledger.csv,2026-06-23,5,,,yes,none_seen,true,false,,EPIC appears in downstream pipeline/master-ledger products; split by EPIC and exclude decision fields,plots/k2_batch/final_candidate_master_ledger.csv=reject_as_noise_or_artifact,true,false,true,false,true,,,,true,,,,,
EPIC_211915147,false_positive_eb_or_variable,candidate_like,docs/phase2/phase2_positive_tier_corrections.csv,2026-05-25,5,,published_eclipsing_binary,,resolved_external_evidence_supersedes_manual_target,true,false,candidate_like | published_eclipsing_binary,EPIC appears in downstream pipeline/master-ledger products; split by EPIC and exclude decision fields; correction/provenance fields are target metadata and must be excluded from model features,plots/k2_batch/final_candidate_master_ledger.csv=candidate_like || plots/k2_batch/master_vetted_catalog/manual_vetting_decisions_ledger.csv=candidate_like || docs/phase2/phase2_positive_tier_corrections.csv=published_eclipsing_binary->false_positive_eb_or_variable,false,false,true,false,true,,published_eclipsing_binary,published_eclipsing_binary,true,negative_eb_variable,high_value_manual_and_cnn_morphology_false_positive,docs/phase2/phase2_positive_tier_corrections.csv,true,true
EPIC_211916756,candidate_like,confirmed_planet,K2_ephemerides.csv (NASA Exoplanet Archive ephemerides; confirmation disposition not retained in columns),,5,catalogued_ephemeris_unverified_disposition,,,none_seen,false,true,,Catalogue ephemeris may have been used in legacy segment labelling; verify provenance/disposition,K2_ephemerides.csv (NASA Exoplanet Archive ephemerides; confirmation disposition not retained in columns)=confirmed_planet,false,false,true,false,true,,,,false,,,,,
EPIC_211918830,false_positive_eb_or_variable,false_positive_eb_or_variable,plots/k2_batch/final_candidate_master_ledger.csv,2026-06-22,5,,yes,,none_seen,true,false,,EPIC appears in downstream pipeline/master-ledger products; split by EPIC and exclude decision fields,plots/k2_batch/final_candidate_master_ledger.csv=false_positive_eb_or_variable,true,false,true,false,true,,,,true,,,,,
EPIC_211919004,candidate_like,confirmed_planet,K2_ephemerides.csv (NASA Exoplanet Archive ephemerides; confirmation disposition not retained in columns),,5,catalogued_ephemeris_unverified_disposition,,,none_seen,false,true,,Catalogue ephemeris may have been used in legacy segment labelling; verify provenance/disposition,K2_ephemerides.csv (NASA Exoplanet Archive ephemerides; confirmation disposition not retained in columns)=confirmed_planet,false,false,true,false,true,,,,false,,,,,
EPIC_211920612,reject_as_noise_or_artifact,reject_as_noise_or_artifact,plots/k2_batch/master_vetted_catalog/manual_vetting_decisions_ledger.csv,2026-05-25,5,,,yes,none_seen,true,false,,EPIC appears in downstream pipeline/master-ledger products; split by EPIC and exclude decision fields,plots/k2_batch/final_candidate_master_ledger.csv=reject_as_noise_or_artifact || plots/k2_batch/master_vetted_catalog/manual_vetting_decisions_ledger.csv=reject_as_noise_or_artifact,false,false,true,false,true,,,,true,,,,,
EPIC_211923431,candidate_like,confirmed_planet,K2_ephemerides.csv (NASA Exoplanet Archive ephemerides; confirmation disposition not retained in columns),,5,catalogued_ephemeris_unverified_disposition,,,none_seen,false,true,,Catalogue ephemeris may have been used in legacy segment labelling; verify provenance/disposition,K2_ephemerides.csv (NASA Exoplanet Archive ephemerides; confirmation disposition not retained in columns)=confirmed_planet,false,false,true,false,true,,,,false,,,,,
EPIC_211923932,false_positive_eb_or_variable,false_positive_eb_or_variable,plots/k2_batch/final_candidate_master_ledger.csv,2026-06-22,5,,yes,,none_seen,true,false,,EPIC appears in downstream pipeline/master-ledger products; split by EPIC and exclude decision fields,plots/k2_batch/final_candidate_master_ledger.csv=false_positive_eb_or_variable,true,false,true,false,true,,,,true,,,,,
EPIC_211924657,candidate_like,confirmed_planet,K2_ephemerides.csv (NASA Exoplanet Archive ephemerides; confirmation disposition not retained in columns),,5,catalogued_ephemeris_unverified_disposition,,,none_seen,false,true,,Catalogue ephemeris may have been used in legacy segment labelling; verify provenance/disposition,K2_ephemerides.csv (NASA Exoplanet Archive ephemerides; confirmation disposition not retained in columns)=confirmed_planet,false,false,true,false,true,,,,false,,,,,
EPIC_211926132,uncertain_hold,secondary_hold,plots/k2_batch/final_candidate_master_ledger.csv,2026-04-30,5,,,,uncertain_or_conflicting,false,true,secondary_hold | uncertain_hold,EPIC appears in downstream pipeline/master-ledger products; split by EPIC and exclude decision fields,plots/k2_batch/final_candidate_master_ledger.csv=secondary_hold || training_labels_v3.csv=uncertain_hold,false,false,true,true,true,,,,false,,,,,
EPIC_211927125,false_positive_eb_or_variable,false_positive_eb_or_variable,plots/k2_batch/final_candidate_master_ledger.csv,2026-06-22,5,,yes,,none_seen,true,false,,EPIC appears in downstream pipeline/master-ledger products; split by EPIC and exclude decision fields,plots/k2_batch/final_candidate_master_ledger.csv=false_positive_eb_or_variable,true,false,true,false,true,,,,true,,,,,
EPIC_211927492,false_positive_eb_or_variable,false_positive_eb_or_variable,plots/k2_batch/final_candidate_master_ledger.csv,2026-06-23,5,,yes,,none_seen,true,false,,EPIC appears in downstream pipeline/master-ledger products; split by EPIC and exclude decision fields,plots/k2_batch/final_candidate_master_ledger.csv=false_positive_eb_or_variable,true,false,true,false,true,,,,true,,,,,
EPIC_211927964,reject_as_noise_or_artifact,reject_as_noise_or_artifact,plots/k2_batch/final_candidate_master_ledger.csv,2026-06-23,5,,,yes,none_seen,true,false,,EPIC appears in downstream pipeline/master-ledger products; split by EPIC and exclude decision fields,plots/k2_batch/final_candidate_master_ledger.csv=reject_as_noise_or_artifact,true,false,true,false,true,,,,true,,,,,
EPIC_211931266,reject_as_noise_or_artifact,reject_as_noise_or_artifact,plots/k2_batch/final_candidate_master_ledger.csv,2026-06-23,5,,,yes,none_seen,true,false,,EPIC appears in downstream pipeline/master-ledger products; split by EPIC and exclude decision fields,plots/k2_batch/final_candidate_master_ledger.csv=reject_as_noise_or_artifact,true,false,true,false,true,,,,true,,,,,
EPIC_211933215,reject_as_noise_or_artifact,reject_as_noise_or_artifact,plots/k2_batch/master_vetted_catalog/manual_vetting_decisions_ledger.csv,2026-05-25,5,,,yes,none_seen,true,false,,EPIC appears in downstream pipeline/master-ledger products; split by EPIC and exclude decision fields,plots/k2_batch/final_candidate_master_ledger.csv=reject_as_noise_or_artifact || plots/k2_batch/master_vetted_catalog/manual_vetting_decisions_ledger.csv=reject_as_noise_or_artifact,false,false,true,false,true,,,,true,,,,,
EPIC_211933577,reject_as_noise_or_artifact,reject_as_noise_or_artifact,plots/k2_batch/final_candidate_master_ledger.csv,2026-06-23,5,,,yes,none_seen,true,false,,EPIC appears in downstream pipeline/master-ledger products; split by EPIC and exclude decision fields,plots/k2_batch/final_candidate_master_ledger.csv=reject_as_noise_or_artifact,true,false,true,false,true,,,,true,,,,,
EPIC_211933828,reject_as_noise_or_artifact,reject_as_noise_or_artifact,plots/k2_batch/final_candidate_master_ledger.csv,2026-06-22,5,,,yes,none_seen,true,false,,EPIC appears in downstream pipeline/master-ledger products; split by EPIC and exclude decision fields,plots/k2_batch/final_candidate_master_ledger.csv=reject_as_noise_or_artifact,true,false,true,false,true,,,,true,,,,,
EPIC_211935518,reject_as_noise_or_artifact,low_priority_negative,plots/k2_batch/master_vetted_catalog/manual_vetting_decisions_ledger.csv,2026-05-25,5,,,yes,none_seen,true,false,,EPIC appears in downstream pipeline/master-ledger products; split by EPIC and exclude decision fields,plots/k2_batch/final_candidate_master_ledger.csv=low_priority_negative || plots/k2_batch/master_vetted_catalog/manual_vetting_decisions_ledger.csv=low_priority_negative,false,false,true,false,true,,,,true,,,,,
EPIC_211936869,false_positive_eb_or_variable,false_positive_eb_or_variable,plots/k2_batch/final_candidate_master_ledger.csv,2026-06-23,5,,yes,,none_seen,true,false,,EPIC appears in downstream pipeline/master-ledger products; split by EPIC and exclude decision fields,plots/k2_batch/final_candidate_master_ledger.csv=false_positive_eb_or_variable,true,false,true,false,true,,,,true,,,,,
EPIC_211938794,false_positive_eb_or_variable,false_positive_eb_or_variable,plots/k2_batch/final_candidate_master_ledger.csv,2026-06-22,5,,yes,,none_seen,true,false,,EPIC appears in downstream pipeline/master-ledger products; split by EPIC and exclude decision fields,plots/k2_batch/final_candidate_master_ledger.csv=false_positive_eb_or_variable,true,false,true,false,true,,,,true,,,,,
EPIC_211939094,uncertain_hold,uncertain_hold_period_ambiguous,plots/k2_batch/final_candidate_master_ledger.csv,2026-06-16,5,,,,uncertain_or_conflicting,false,true,,EPIC appears in downstream pipeline/master-ledger products; split by EPIC and exclude decision fields,plots/k2_batch/final_candidate_master_ledger.csv=uncertain_hold_period_ambiguous,true,false,true,false,true,,,,false,,,,,
EPIC_211939206,reject_as_noise_or_artifact,low_priority_negative,plots/k2_batch/master_vetted_catalog/manual_vetting_decisions_ledger.csv,2026-05-25,5,,,yes,none_seen,true,false,,EPIC appears in downstream pipeline/master-ledger products; split by EPIC and exclude decision fields,plots/k2_batch/final_candidate_master_ledger.csv=low_priority_negative || plots/k2_batch/master_vetted_catalog/manual_vetting_decisions_ledger.csv=low_priority_negative,false,false,true,false,true,,,,true,,,,,
EPIC_211939380,reject_as_noise_or_artifact,reject_as_noise_or_artifact,plots/k2_batch/final_candidate_master_ledger.csv,2026-06-23,5,,,yes,none_seen,true,false,,EPIC appears in downstream pipeline/master-ledger products; split by EPIC and exclude decision fields,plots/k2_batch/final_candidate_master_ledger.csv=reject_as_noise_or_artifact,true,false,true,false,true,,,,true,,,,,
EPIC_211940500,reject_as_noise_or_artifact,reject_as_noise_or_artifact,plots/k2_batch/final_candidate_master_ledger.csv,2026-06-22,5,,,yes,none_seen,true,false,,EPIC appears in downstream pipeline/master-ledger products; split by EPIC and exclude decision fields,plots/k2_batch/final_candidate_master_ledger.csv=reject_as_noise_or_artifact,true,false,true,false,true,,,,true,,,,,
EPIC_211942823,reject_as_noise_or_artifact,reject_as_noise_or_artifact,plots/k2_batch/master_vetted_catalog/manual_vetting_decisions_ledger.csv,2026-05-25,5,,,yes,none_seen,true,false,,EPIC appears in downstream pipeline/master-ledger products; split by EPIC and exclude decision fields,plots/k2_batch/final_candidate_master_ledger.csv=reject_as_noise_or_artifact || plots/k2_batch/master_vetted_catalog/manual_vetting_decisions_ledger.csv=reject_as_noise_or_artifact,false,false,true,false,true,,,,true,,,,,
EPIC_211944122,reject_as_noise_or_artifact,reject_as_noise_or_artifact,plots/k2_batch/final_candidate_master_ledger.csv,2026-06-22,5,,,yes,none_seen,true,false,,EPIC appears in downstream pipeline/master-ledger products; split by EPIC and exclude decision fields,plots/k2_batch/final_candidate_master_ledger.csv=reject_as_noise_or_artifact,true,false,true,false,true,,,,true,,,,,
EPIC_211944237,false_positive_eb_or_variable,variable_or_possible_eb,plots/k2_batch/final_candidate_master_ledger.csv,2026-06-23,5,,yes,,none_seen,true,false,,EPIC appears in downstream pipeline/master-ledger products; split by EPIC and exclude decision fields,plots/k2_batch/final_candidate_master_ledger.csv=variable_or_possible_eb,true,false,true,false,true,,,,true,,,,,
EPIC_211944670,reject_as_noise_or_artifact,low_priority_negative,plots/k2_batch/master_vetted_catalog/manual_vetting_decisions_ledger.csv,2026-05-25,5,,,yes,none_seen,true,false,,EPIC appears in downstream pipeline/master-ledger products; split by EPIC and exclude decision fields,plots/k2_batch/final_candidate_master_ledger.csv=low_priority_negative || plots/k2_batch/master_vetted_catalog/manual_vetting_decisions_ledger.csv=low_priority_negative,false,false,true,false,true,,,,true,,,,,
EPIC_211944929,reject_as_noise_or_artifact,reject_as_noise_or_artifact,plots/k2_batch/final_candidate_master_ledger.csv,2026-06-23,5,,,yes,none_seen,true,false,,EPIC appears in downstream pipeline/master-ledger products; split by EPIC and exclude decision fields,plots/k2_batch/final_candidate_master_ledger.csv=reject_as_noise_or_artifact,true,false,true,false,true,,,,true,,,,,
EPIC_211945201,candidate_like,confirmed_planet,K2_ephemerides.csv (NASA Exoplanet Archive ephemerides; confirmation disposition not retained in columns),,5,catalogued_ephemeris_unverified_disposition,,,none_seen,false,true,,Catalogue ephemeris may have been used in legacy segment labelling; verify provenance/disposition,K2_ephemerides.csv (NASA Exoplanet Archive ephemerides; confirmation disposition not retained in columns)=confirmed_planet,false,false,true,false,true,,,,false,,,,,
EPIC_211945246,reject_as_noise_or_artifact,low_priority_negative,plots/k2_batch/master_vetted_catalog/manual_vetting_decisions_ledger.csv,2026-05-28,5,,,yes,none_seen,true,false,,EPIC appears in downstream pipeline/master-ledger products; split by EPIC and exclude decision fields,plots/k2_batch/final_candidate_master_ledger.csv=low_priority_negative || plots/k2_batch/master_vetted_catalog/manual_vetting_decisions_ledger.csv=low_priority_negative,false,false,true,false,true,,,,true,,,,,
EPIC_211945502,reject_as_noise_or_artifact,low_priority_negative,plots/k2_batch/final_candidate_master_ledger.csv,2026-06-17,5,,,yes,none_seen,true,false,,EPIC appears in downstream pipeline/master-ledger products; split by EPIC and exclude decision fields,plots/k2_batch/final_candidate_master_ledger.csv=low_priority_negative,true,false,true,false,true,,,,true,,,,,
EPIC_211945592,reject_as_noise_or_artifact,reject_as_noise_or_artifact,plots/k2_batch/master_vetted_catalog/manual_vetting_decisions_ledger.csv,2026-05-28,5,,,yes,none_seen,true,false,,EPIC appears in downstream pipeline/master-ledger products; split by EPIC and exclude decision fields,plots/k2_batch/final_candidate_master_ledger.csv=reject_as_noise_or_artifact || plots/k2_batch/master_vetted_catalog/manual_vetting_decisions_ledger.csv=reject_as_noise_or_artifact,false,false,true,false,true,,,,true,,,,,
EPIC_211946205,reject_as_noise_or_artifact,reject_as_noise_or_artifact,plots/k2_batch/final_candidate_master_ledger.csv,2026-06-23,5,,,yes,none_seen,true,false,,EPIC appears in downstream pipeline/master-ledger products; split by EPIC and exclude decision fields,plots/k2_batch/final_candidate_master_ledger.csv=reject_as_noise_or_artifact,true,false,true,false,true,,,,true,,,,,
EPIC_211947216,reject_as_noise_or_artifact,reject_as_noise_or_artifact,plots/k2_batch/final_candidate_master_ledger.csv,2026-06-22,5,,,yes,none_seen,true,false,,EPIC appears in downstream pipeline/master-ledger products; split by EPIC and exclude decision fields,plots/k2_batch/final_candidate_master_ledger.csv=reject_as_noise_or_artifact,true,false,true,false,true,,,,true,,,,,
EPIC_211947686,reject_as_noise_or_artifact,reject_manual_false_positive,plots/k2_batch/final_candidate_master_ledger.csv,2026-05-04,5,,,yes,none_seen,true,false,noise_or_artifact | reject_manual_false_positive,EPIC appears in downstream pipeline/master-ledger products; split by EPIC and exclude decision fields,plots/k2_batch/final_candidate_master_ledger.csv=reject_manual_false_positive || training_labels_v3.csv=noise_or_artifact,false,false,true,true,true,,,,true,,,,,
EPIC_211949114,reject_as_noise_or_artifact,reject_as_noise_or_artifact,plots/k2_batch/master_vetted_catalog/manual_vetting_decisions_ledger.csv,2026-05-28,5,,,yes,none_seen,true,false,,EPIC appears in downstream pipeline/master-ledger products; split by EPIC and exclude decision fields,plots/k2_batch/final_candidate_master_ledger.csv=reject_as_noise_or_artifact || plots/k2_batch/master_vetted_catalog/manual_vetting_decisions_ledger.csv=reject_as_noise_or_artifact,false,false,true,false,true,,,,true,,,,,
EPIC_211949473,reject_as_noise_or_artifact,reject_as_noise_or_artifact,plots/k2_batch/final_candidate_master_ledger.csv,2026-06-23,5,,,yes,none_seen,true,false,,EPIC appears in downstream pipeline/master-ledger products; split by EPIC and exclude decision fields,plots/k2_batch/final_candidate_master_ledger.csv=reject_as_noise_or_artifact,true,false,true,false,true,,,,true,,,,,
EPIC_211950430,false_positive_eb_or_variable,variable_or_possible_eb,plots/k2_batch/final_candidate_master_ledger.csv,2026-06-23,5,,yes,,none_seen,true,false,,EPIC appears in downstream pipeline/master-ledger products; split by EPIC and exclude decision fields,plots/k2_batch/final_candidate_master_ledger.csv=variable_or_possible_eb,true,false,true,false,true,,,,true,,,,,
EPIC_211952381,reject_as_noise_or_artifact,reject_as_noise_or_artifact,plots/k2_batch/master_vetted_catalog/manual_vetting_decisions_ledger.csv,2026-05-28,5,,,yes,none_seen,true,false,,EPIC appears in downstream pipeline/master-ledger products; split by EPIC and exclude decision fields,plots/k2_batch/final_candidate_master_ledger.csv=reject_as_noise_or_artifact || plots/k2_batch/master_vetted_catalog/manual_vetting_decisions_ledger.csv=reject_as_noise_or_artifact,false,false,true,false,true,,,,true,,,,,
EPIC_211953866,candidate_like,candidate_like,plots/k2_batch/master_vetted_catalog/manual_vetting_decisions_ledger.csv,2026-05-28,5,,,,none_seen,true,false,,EPIC appears in downstream pipeline/master-ledger products; split by EPIC and exclude decision fields,plots/k2_batch/final_candidate_master_ledger.csv=candidate_like || plots/k2_batch/master_vetted_catalog/manual_vetting_decisions_ledger.csv=candidate_like,false,false,true,false,true,positive_silver,,unconfirmed_candidate,true,candidate_positive_silver,,,true,false
EPIC_211953962,reject_as_noise_or_artifact,reject_as_noise_or_artifact,plots/k2_batch/final_candidate_master_ledger.csv,2026-06-23,5,,,yes,none_seen,true,false,,EPIC appears in downstream pipeline/master-ledger products; split by EPIC and exclude decision fields,plots/k2_batch/final_candidate_master_ledger.csv=reject_as_noise_or_artifact,true,false,true,false,true,,,,true,,,,,
EPIC_211954033,uncertain_hold,candidate_with_caveat,plots/k2_batch/final_candidate_master_ledger.csv,2026-04-30,5,,,,uncertain_or_conflicting,false,true,candidate_like | candidate_with_caveat,EPIC appears in downstream pipeline/master-ledger products; split by EPIC and exclude decision fields; conflicting normalized labels; adjudicate before training,plots/k2_batch/final_candidate_master_ledger.csv=candidate_with_caveat || training_labels_v3.csv=candidate_like,false,false,true,true,true,,,,false,,,,,
EPIC_211954593,reject_as_noise_or_artifact,reject_as_noise_or_artifact,plots/k2_batch/final_candidate_master_ledger.csv,2026-06-22,5,,,yes,none_seen,true,false,,EPIC appears in downstream pipeline/master-ledger products; split by EPIC and exclude decision fields,plots/k2_batch/final_candidate_master_ledger.csv=reject_as_noise_or_artifact,true,false,true,false,true,,,,true,,,,,
EPIC_211955365,reject_as_noise_or_artifact,deprioritize_after_manual_visual_review,plots/k2_batch/final_candidate_master_ledger.csv,2026-04-30,5,,,yes,none_seen,true,false,deprioritize_after_manual_visual_review | low_priority_negative,EPIC appears in downstream pipeline/master-ledger products; split by EPIC and exclude decision fields,plots/k2_batch/final_candidate_master_ledger.csv=deprioritize_after_manual_visual_review || training_labels_v3.csv=low_priority_negative,false,false,true,true,true,,,,true,,,,,
EPIC_211957146,false_positive_eb_or_variable,variable_or_possible_eb,plots/k2_batch/final_candidate_master_ledger.csv,2026-06-22,5,,yes,,none_seen,true,false,,EPIC appears in downstream pipeline/master-ledger products; split by EPIC and exclude decision fields,plots/k2_batch/final_candidate_master_ledger.csv=variable_or_possible_eb,true,false,true,false,true,,,,true,,,,,
EPIC_211958260,false_positive_eb_or_variable,variable_or_possible_eb,plots/k2_batch/final_candidate_master_ledger.csv,2026-06-22,5,,yes,,none_seen,true,false,,EPIC appears in downstream pipeline/master-ledger products; split by EPIC and exclude decision fields,plots/k2_batch/final_candidate_master_ledger.csv=variable_or_possible_eb,true,false,true,false,true,,,,true,,,,,
EPIC_211958946,reject_as_noise_or_artifact,reject_as_noise_or_artifact,plots/k2_batch/final_candidate_master_ledger.csv,2026-06-23,5,,,yes,none_seen,true,false,,EPIC appears in downstream pipeline/master-ledger products; split by EPIC and exclude decision fields,plots/k2_batch/final_candidate_master_ledger.csv=reject_as_noise_or_artifact,true,false,true,false,true,,,,true,,,,,
EPIC_211959522,uncertain_hold,uncertain_hold,plots/k2_batch/master_vetted_catalog/manual_vetting_decisions_ledger.csv,2026-05-28,5,,,,uncertain_or_conflicting,false,true,,EPIC appears in downstream pipeline/master-ledger products; split by EPIC and exclude decision fields,plots/k2_batch/final_candidate_master_ledger.csv=uncertain_hold || plots/k2_batch/master_vetted_catalog/manual_vetting_decisions_ledger.csv=uncertain_hold,false,false,true,false,true,,,,false,,,,,
EPIC_211959779,false_positive_eb_or_variable,false_positive_eb_or_variable,plots/k2_batch/final_candidate_master_ledger.csv,2026-06-22,5,,yes,,none_seen,true,false,,EPIC appears in downstream pipeline/master-ledger products; split by EPIC and exclude decision fields,plots/k2_batch/final_candidate_master_ledger.csv=false_positive_eb_or_variable,true,false,true,false,true,,,,true,,,,,
EPIC_211959909,false_positive_eb_or_variable,false_positive_eb_or_variable,gatevetter_v0_2_deep_review_manual_decisions.csv,2026-07-31,5,,yes,,uncertain_or_conflicting,false,true,false_positive_eb_or_variable | uncertain_hold_positive,EPIC appears in downstream pipeline/master-ledger products; split by EPIC and exclude decision fields; conflicting normalized labels; adjudicate before training,plots/k2_batch/final_candidate_master_ledger.csv=uncertain_hold_positive || gatevetter_v0_2_deep_review_manual_decisions.csv=false_positive_eb_or_variable,true,true,true,false,true,,,,false,,,,,
EPIC_211960228,false_positive_eb_or_variable,variable_or_possible_eb,plots/k2_batch/final_candidate_master_ledger.csv,2026-06-22,5,,yes,,none_seen,true,false,,EPIC appears in downstream pipeline/master-ledger products; split by EPIC and exclude decision fields,plots/k2_batch/final_candidate_master_ledger.csv=variable_or_possible_eb,true,false,true,false,true,,,,true,,,,,
EPIC_211963291,reject_as_noise_or_artifact,reject_as_noise_or_artifact,plots/k2_batch/final_candidate_master_ledger.csv,2026-06-22,5,,,yes,none_seen,true,false,,EPIC appears in downstream pipeline/master-ledger products; split by EPIC and exclude decision fields,plots/k2_batch/final_candidate_master_ledger.csv=reject_as_noise_or_artifact,true,false,true,false,true,,,,true,,,,,
EPIC_211963425,reject_as_noise_or_artifact,reject_as_noise_or_artifact,plots/k2_batch/final_candidate_master_ledger.csv,2026-06-23,5,,,yes,none_seen,true,false,,EPIC appears in downstream pipeline/master-ledger products; split by EPIC and exclude decision fields,plots/k2_batch/final_candidate_master_ledger.csv=reject_as_noise_or_artifact,true,false,true,false,true,,,,true,,,,,
EPIC_211964543,uncertain_hold,uncertain_hold_period_ambiguous,plots/k2_batch/final_candidate_master_ledger.csv,2026-06-17,5,,,,uncertain_or_conflicting,false,true,,EPIC appears in downstream pipeline/master-ledger products; split by EPIC and exclude decision fields,plots/k2_batch/final_candidate_master_ledger.csv=uncertain_hold_period_ambiguous,true,false,true,false,true,,,,false,,,,,
EPIC_211964830,candidate_like,confirmed_planet,K2_ephemerides.csv (NASA Exoplanet Archive ephemerides; confirmation disposition not retained in columns),,,catalogued_ephemeris_unverified_disposition,,,none_seen,false,true,,Catalogue ephemeris may have been used in legacy segment labelling; verify provenance/disposition,K2_ephemerides.csv (NASA Exoplanet Archive ephemerides; confirmation disposition not retained in columns)=confirmed_planet,false,false,false,false,false,,,,false,,,,,
EPIC_211965141,reject_as_noise_or_artifact,reject_as_noise_or_artifact,plots/k2_batch/final_candidate_master_ledger.csv,2026-06-23,5,,,yes,none_seen,true,false,,EPIC appears in downstream pipeline/master-ledger products; split by EPIC and exclude decision fields,plots/k2_batch/final_candidate_master_ledger.csv=reject_as_noise_or_artifact,true,false,true,false,true,,,,true,,,,,
EPIC_211969807,candidate_like,confirmed_planet,K2_ephemerides.csv (NASA Exoplanet Archive ephemerides; confirmation disposition not retained in columns),,5,catalogued_ephemeris_unverified_disposition,,,none_seen,false,true,,Catalogue ephemeris may have been used in legacy segment labelling; verify provenance/disposition,K2_ephemerides.csv (NASA Exoplanet Archive ephemerides; confirmation disposition not retained in columns)=confirmed_planet,false,false,true,false,true,,,,false,,,,,
EPIC_211970147,candidate_like,confirmed_planet,K2_ephemerides.csv (NASA Exoplanet Archive ephemerides; confirmation disposition not retained in columns),,5,catalogued_ephemeris_unverified_disposition,,,none_seen,false,true,,Catalogue ephemeris may have been used in legacy segment labelling; verify provenance/disposition,K2_ephemerides.csv (NASA Exoplanet Archive ephemerides; confirmation disposition not retained in columns)=confirmed_planet,false,false,true,false,true,,,,false,,,,,
EPIC_211972200,false_positive_eb_or_variable,reject_as_planet_binary_system,plots/k2_batch/final_candidate_master_ledger.csv,2026-04-30,5,,yes,,none_seen,true,false,binary_system | reject_as_planet_binary_system,EPIC appears in downstream pipeline/master-ledger products; split by EPIC and exclude decision fields,plots/k2_batch/final_candidate_master_ledger.csv=reject_as_planet_binary_system || training_labels_v3.csv=binary_system,false,false,true,true,true,,,,true,,,,,
EPIC_211972431,false_positive_eb_or_variable,false_positive_eb_or_variable,plots/k2_batch/final_candidate_master_ledger.csv,2026-06-23,5,,yes,,none_seen,true,false,,EPIC appears in downstream pipeline/master-ledger products; split by EPIC and exclude decision fields,plots/k2_batch/final_candidate_master_ledger.csv=false_positive_eb_or_variable,true,false,true,false,true,,,,true,,,,,
EPIC_211972767,false_positive_eb_or_variable,reject_likely_variable_or_binary,plots/k2_batch/final_candidate_master_ledger.csv,2026-05-04,5,,yes,,none_seen,true,false,reject_likely_variable_or_binary | variable_or_artifact,EPIC appears in downstream pipeline/master-ledger products; split by EPIC and exclude decision fields,plots/k2_batch/final_candidate_master_ledger.csv=reject_likely_variable_or_binary || training_labels_v3.csv=variable_or_artifact,false,false,true,true,true,,,,true,,,,,
EPIC_211972837,false_positive_eb_or_variable,false_positive_eb_or_variable,plots/k2_batch/final_candidate_master_ledger.csv,2026-06-22,5,,yes,,none_seen,true,false,,EPIC appears in downstream pipeline/master-ledger products; split by EPIC and exclude decision fields,plots/k2_batch/final_candidate_master_ledger.csv=false_positive_eb_or_variable,true,false,true,false,true,,,,true,,,,,
EPIC_211973836,reject_as_noise_or_artifact,reject_as_noise_or_artifact,plots/k2_batch/final_candidate_master_ledger.csv,2026-06-22,5,,,yes,none_seen,true,false,,EPIC appears in downstream pipeline/master-ledger products; split by EPIC and exclude decision fields,plots/k2_batch/final_candidate_master_ledger.csv=reject_as_noise_or_artifact,true,false,true,false,true,,,,true,,,,,
EPIC_211974687,false_positive_eb_or_variable,false_positive_eb_or_variable,plots/k2_batch/final_candidate_master_ledger.csv,2026-06-23,5,,yes,,none_seen,true,false,,EPIC appears in downstream pipeline/master-ledger products; split by EPIC and exclude decision fields,plots/k2_batch/final_candidate_master_ledger.csv=false_positive_eb_or_variable,true,false,true,false,true,,,,true,,,,,
EPIC_211975006,reject_as_noise_or_artifact,reject_as_noise_or_artifact,plots/k2_batch/master_vetted_catalog/manual_vetting_decisions_ledger.csv,2026-05-28,5,,,yes,none_seen,true,false,,EPIC appears in downstream pipeline/master-ledger products; split by EPIC and exclude decision fields,plots/k2_batch/final_candidate_master_ledger.csv=reject_as_noise_or_artifact || plots/k2_batch/master_vetted_catalog/manual_vetting_decisions_ledger.csv=reject_as_noise_or_artifact,false,false,true,false,true,,,,true,,,,,
EPIC_211976838,false_positive_eb_or_variable,false_positive_eb_or_variable,plots/k2_batch/final_candidate_master_ledger.csv,2026-06-23,5,,yes,,none_seen,true,false,,EPIC appears in downstream pipeline/master-ledger products; split by EPIC and exclude decision fields,plots/k2_batch/final_candidate_master_ledger.csv=false_positive_eb_or_variable,true,false,true,false,true,,,,true,,,,,
EPIC_211976999,reject_as_noise_or_artifact,reject_as_noise_or_artifact,plots/k2_batch/final_candidate_master_ledger.csv,2026-06-23,5,,,yes,none_seen,true,false,,EPIC appears in downstream pipeline/master-ledger products; split by EPIC and exclude decision fields,plots/k2_batch/final_candidate_master_ledger.csv=reject_as_noise_or_artifact,true,false,true,false,true,,,,true,,,,,
EPIC_211977134,reject_as_noise_or_artifact,reject_as_noise_or_artifact,plots/k2_batch/final_candidate_master_ledger.csv,2026-06-23,5,,,yes,none_seen,true,false,,EPIC appears in downstream pipeline/master-ledger products; split by EPIC and exclude decision fields,plots/k2_batch/final_candidate_master_ledger.csv=reject_as_noise_or_artifact,true,false,true,false,true,,,,true,,,,,
EPIC_211977407,reject_as_noise_or_artifact,reject_as_noise_or_artifact,plots/k2_batch/master_vetted_catalog/manual_vetting_decisions_ledger.csv,2026-05-28,5,,,yes,none_seen,true,false,,EPIC appears in downstream pipeline/master-ledger products; split by EPIC and exclude decision fields,plots/k2_batch/final_candidate_master_ledger.csv=reject_as_noise_or_artifact || plots/k2_batch/master_vetted_catalog/manual_vetting_decisions_ledger.csv=reject_as_noise_or_artifact,false,false,true,false,true,,,,true,,,,,
EPIC_211978488,reject_as_noise_or_artifact,reject_as_noise_or_artifact,plots/k2_batch/final_candidate_master_ledger.csv,2026-06-23,5,,,yes,none_seen,true,false,,EPIC appears in downstream pipeline/master-ledger products; split by EPIC and exclude decision fields,plots/k2_batch/final_candidate_master_ledger.csv=reject_as_noise_or_artifact,true,false,true,false,true,,,,true,,,,,
EPIC_211978988,candidate_like,confirmed_planet,K2_ephemerides.csv (NASA Exoplanet Archive ephemerides; confirmation disposition not retained in columns),,5,catalogued_ephemeris_unverified_disposition,,,none_seen,false,true,,Catalogue ephemeris may have been used in legacy segment labelling; verify provenance/disposition,K2_ephemerides.csv (NASA Exoplanet Archive ephemerides; confirmation disposition not retained in columns)=confirmed_planet,false,false,true,false,true,,,,false,,,,,
EPIC_211979334,reject_as_noise_or_artifact,reject_as_noise_or_artifact,plots/k2_batch/master_vetted_catalog/manual_vetting_decisions_ledger.csv,2026-05-28,5,,,yes,none_seen,true,false,,EPIC appears in downstream pipeline/master-ledger products; split by EPIC and exclude decision fields,plots/k2_batch/final_candidate_master_ledger.csv=reject_as_noise_or_artifact || plots/k2_batch/master_vetted_catalog/manual_vetting_decisions_ledger.csv=reject_as_noise_or_artifact,false,false,true,false,true,,,,true,,,,,
EPIC_211980250,reject_as_noise_or_artifact,reject_as_noise_or_artifact,plots/k2_batch/master_vetted_catalog/manual_vetting_decisions_ledger.csv,2026-05-28,5,,,yes,none_seen,true,false,,EPIC appears in downstream pipeline/master-ledger products; split by EPIC and exclude decision fields,plots/k2_batch/final_candidate_master_ledger.csv=reject_as_noise_or_artifact || plots/k2_batch/master_vetted_catalog/manual_vetting_decisions_ledger.csv=reject_as_noise_or_artifact,false,false,true,false,true,,,,true,,,,,
EPIC_211980366,false_positive_eb_or_variable,variable_or_possible_eb,plots/k2_batch/master_vetted_catalog/manual_vetting_decisions_ledger.csv,2026-05-28,5,,yes,,none_seen,true,false,,EPIC appears in downstream pipeline/master-ledger products; split by EPIC and exclude decision fields,plots/k2_batch/final_candidate_master_ledger.csv=variable_or_possible_eb || plots/k2_batch/master_vetted_catalog/manual_vetting_decisions_ledger.csv=variable_or_possible_eb,false,false,true,false,true,,,,true,,,,,
EPIC_211980688,uncertain_hold,uncertain_hold_positive,plots/k2_batch/master_vetted_catalog/manual_vetting_decisions_ledger.csv,2026-05-28,5,,,,uncertain_or_conflicting,false,true,,EPIC appears in downstream pipeline/master-ledger products; split by EPIC and exclude decision fields,plots/k2_batch/final_candidate_master_ledger.csv=uncertain_hold_positive || plots/k2_batch/master_vetted_catalog/manual_vetting_decisions_ledger.csv=uncertain_hold_positive,false,false,true,false,true,,,,false,,,,,
EPIC_211980815,false_positive_eb_or_variable,variable_or_possible_eb,plots/k2_batch/final_candidate_master_ledger.csv,2026-06-22,5,,yes,,none_seen,true,false,,EPIC appears in downstream pipeline/master-ledger products; split by EPIC and exclude decision fields,plots/k2_batch/final_candidate_master_ledger.csv=variable_or_possible_eb,true,false,true,false,true,,,,true,,,,,
EPIC_211982300,reject_as_noise_or_artifact,reject_as_noise_or_artifact,plots/k2_batch/final_candidate_master_ledger.csv,2026-06-23,5,,,yes,none_seen,true,false,,EPIC appears in downstream pipeline/master-ledger products; split by EPIC and exclude decision fields,plots/k2_batch/final_candidate_master_ledger.csv=reject_as_noise_or_artifact,true,false,true,false,true,,,,true,,,,,
EPIC_211988531,uncertain_hold,secondary_hold,plots/k2_batch/final_candidate_master_ledger.csv,2026-04-30,5,,,,uncertain_or_conflicting,false,true,secondary_hold | uncertain_hold,EPIC appears in downstream pipeline/master-ledger products; split by EPIC and exclude decision fields,plots/k2_batch/final_candidate_master_ledger.csv=secondary_hold || training_labels_v3.csv=uncertain_hold,false,false,true,true,true,,,,false,,,,,
EPIC_211990732,reject_as_noise_or_artifact,reject_as_noise_or_artifact,plots/k2_batch/final_candidate_master_ledger.csv,2026-06-22,5,,,yes,none_seen,true,false,,EPIC appears in downstream pipeline/master-ledger products; split by EPIC and exclude decision fields,plots/k2_batch/final_candidate_master_ledger.csv=reject_as_noise_or_artifact,true,false,true,false,true,,,,true,,,,,
EPIC_211990866,candidate_like,confirmed_planet,K2_ephemerides.csv (NASA Exoplanet Archive ephemerides; confirmation disposition not retained in columns),,5,catalogued_ephemeris_unverified_disposition,,,none_seen,false,true,,Catalogue ephemeris may have been used in legacy segment labelling; verify provenance/disposition,K2_ephemerides.csv (NASA Exoplanet Archive ephemerides; confirmation disposition not retained in columns)=confirmed_planet,false,false,true,false,true,,,,false,,,,,
EPIC_211990908,reject_as_noise_or_artifact,reject_as_noise_or_artifact,plots/k2_batch/master_vetted_catalog/manual_vetting_decisions_ledger.csv,2026-05-28,5,,,yes,none_seen,true,false,,EPIC appears in downstream pipeline/master-ledger products; split by EPIC and exclude decision fields,plots/k2_batch/final_candidate_master_ledger.csv=reject_as_noise_or_artifact || plots/k2_batch/master_vetted_catalog/manual_vetting_decisions_ledger.csv=reject_as_noise_or_artifact,false,false,true,false,true,,,,true,,,,,
EPIC_211991001,reject_as_noise_or_artifact,reject_as_noise_or_artifact,plots/k2_batch/master_vetted_catalog/manual_vetting_decisions_ledger.csv,2026-06-01,5,,,yes,none_seen,true,false,,EPIC appears in downstream pipeline/master-ledger products; split by EPIC and exclude decision fields,plots/k2_batch/final_candidate_master_ledger.csv=reject_as_noise_or_artifact || plots/k2_batch/master_vetted_catalog/manual_vetting_decisions_ledger.csv=reject_as_noise_or_artifact,false,false,true,false,true,,,,true,,,,,
EPIC_211992776,false_positive_eb_or_variable,variable_or_possible_eb,plots/k2_batch/final_candidate_master_ledger.csv,2026-06-22,5,,yes,,none_seen,true,false,,EPIC appears in downstream pipeline/master-ledger products; split by EPIC and exclude decision fields,plots/k2_batch/final_candidate_master_ledger.csv=variable_or_possible_eb,true,false,true,false,true,,,,true,,,,,
EPIC_211995639,false_positive_eb_or_variable,false_positive_eb_or_variable,plots/k2_batch/final_candidate_master_ledger.csv,2026-06-23,5,,yes,,none_seen,true,false,,EPIC appears in downstream pipeline/master-ledger products; split by EPIC and exclude decision fields,plots/k2_batch/final_candidate_master_ledger.csv=false_positive_eb_or_variable,true,false,true,false,true,,,,true,,,,,
EPIC_211995966,reject_as_noise_or_artifact,reject_as_noise_or_artifact,plots/k2_batch/master_vetted_catalog/manual_vetting_decisions_ledger.csv,2026-06-01,5,,,yes,none_seen,true,false,,EPIC appears in downstream pipeline/master-ledger products; split by EPIC and exclude decision fields,plots/k2_batch/final_candidate_master_ledger.csv=reject_as_noise_or_artifact || plots/k2_batch/master_vetted_catalog/manual_vetting_decisions_ledger.csv=reject_as_noise_or_artifact,false,false,true,false,true,,,,true,,,,,
EPIC_211996306,reject_as_noise_or_artifact,reject_as_noise_or_artifact,gatevetter_v0_2_deep_review_manual_decisions.csv,2026-07-31,5,,,yes,uncertain_or_conflicting,false,true,reject_as_noise_or_artifact | uncertain_hold_positive,EPIC appears in downstream pipeline/master-ledger products; split by EPIC and exclude decision fields; conflicting normalized labels; adjudicate before training,plots/k2_batch/final_candidate_master_ledger.csv=uncertain_hold_positive || gatevetter_v0_2_deep_review_manual_decisions.csv=reject_as_noise_or_artifact,true,true,true,false,true,,,,false,,,,,
EPIC_211998546,reject_as_noise_or_artifact,reject_as_noise_or_artifact,plots/k2_batch/final_candidate_master_ledger.csv,2026-06-17,5,,,yes,none_seen,true,false,,EPIC appears in downstream pipeline/master-ledger products; split by EPIC and exclude decision fields,plots/k2_batch/final_candidate_master_ledger.csv=reject_as_noise_or_artifact,true,false,true,false,true,,,,true,,,,,
EPIC_212001099,candidate_like,candidate_ready_for_ledger,plots/k2_batch/final_candidate_master_ledger.csv,2026-04-30,5,,,,none_seen,false,true,candidate_ready_for_ledger | planet_like,EPIC appears in downstream pipeline/master-ledger products; split by EPIC and exclude decision fields,plots/k2_batch/final_candidate_master_ledger.csv=candidate_ready_for_ledger || training_labels_v3.csv=planet_like,false,false,true,true,true,positive_bronze,,unconfirmed_candidate_excluded_bronze,false,candidate_bronze_traceability_only,,,true,false
EPIC_212003686,reject_as_noise_or_artifact,reject_manual_false_positive,plots/k2_batch/final_candidate_master_ledger.csv,2026-04-30,5,,,yes,none_seen,true,false,noise_or_artifact | reject_manual_false_positive,EPIC appears in downstream pipeline/master-ledger products; split by EPIC and exclude decision fields,plots/k2_batch/final_candidate_master_ledger.csv=reject_manual_false_positive || training_labels_v3.csv=noise_or_artifact,false,false,true,true,true,,,,true,,,,,
EPIC_212005801,uncertain_hold,uncertain_hold_positive,plots/k2_batch/final_candidate_master_ledger.csv,2026-06-17,5,,,,uncertain_or_conflicting,false,true,,EPIC appears in downstream pipeline/master-ledger products; split by EPIC and exclude decision fields,plots/k2_batch/final_candidate_master_ledger.csv=uncertain_hold_positive,true,false,true,false,true,,,,false,,,,,
EPIC_212006318,candidate_like,confirmed_planet,K2_ephemerides.csv (NASA Exoplanet Archive ephemerides; confirmation disposition not retained in columns),,5,catalogued_ephemeris_unverified_disposition,,,none_seen,false,true,,Catalogue ephemeris may have been used in legacy segment labelling; verify provenance/disposition,K2_ephemerides.csv (NASA Exoplanet Archive ephemerides; confirmation disposition not retained in columns)=confirmed_planet,false,false,true,false,true,,,,false,,,,,
EPIC_212006344,candidate_like,confirmed_planet,K2_ephemerides.csv (NASA Exoplanet Archive ephemerides; confirmation disposition not retained in columns),,5,catalogued_ephemeris_unverified_disposition,,,none_seen,false,true,,Catalogue ephemeris may have been used in legacy segment labelling; verify provenance/disposition,K2_ephemerides.csv (NASA Exoplanet Archive ephemerides; confirmation disposition not retained in columns)=confirmed_planet,false,false,true,false,true,,,,false,,,,,
EPIC_212007527,reject_as_noise_or_artifact,reject_as_noise_or_artifact,plots/k2_batch/master_vetted_catalog/manual_vetting_decisions_ledger.csv,2026-06-01,5,,,yes,none_seen,true,false,,EPIC appears in downstream pipeline/master-ledger products; split by EPIC and exclude decision fields,plots/k2_batch/final_candidate_master_ledger.csv=reject_as_noise_or_artifact || plots/k2_batch/master_vetted_catalog/manual_vetting_decisions_ledger.csv=reject_as_noise_or_artifact,false,false,true,false,true,,,,true,,,,,
EPIC_212008766,candidate_like,confirmed_planet,K2_ephemerides.csv (NASA Exoplanet Archive ephemerides; confirmation disposition not retained in columns),,5,catalogued_ephemeris_unverified_disposition,,,none_seen,false,true,,Catalogue ephemeris may have been used in legacy segment labelling; verify provenance/disposition,K2_ephemerides.csv (NASA Exoplanet Archive ephemerides; confirmation disposition not retained in columns)=confirmed_planet,false,false,true,false,true,,,,false,,,,,
EPIC_212009056,reject_as_noise_or_artifact,reject_as_noise_or_artifact,plots/k2_batch/final_candidate_master_ledger.csv,2026-06-23,5,,,yes,none_seen,true,false,,EPIC appears in downstream pipeline/master-ledger products; split by EPIC and exclude decision fields,plots/k2_batch/final_candidate_master_ledger.csv=reject_as_noise_or_artifact,true,false,true,false,true,,,,true,,,,,
EPIC_212009427,false_positive_eb_or_variable,variable_or_possible_eb,plots/k2_batch/master_vetted_catalog/manual_vetting_decisions_ledger.csv,2026-06-01,5,,yes,,none_seen,true,false,,EPIC appears in downstream pipeline/master-ledger products; split by EPIC and exclude decision fields,plots/k2_batch/final_candidate_master_ledger.csv=variable_or_possible_eb || plots/k2_batch/master_vetted_catalog/manual_vetting_decisions_ledger.csv=variable_or_possible_eb,false,false,true,false,true,,,,true,,,,,
EPIC_212011152,reject_as_noise_or_artifact,reject_as_noise_or_artifact,plots/k2_batch/final_candidate_master_ledger.csv,2026-06-17,5,,,yes,none_seen,true,false,,EPIC appears in downstream pipeline/master-ledger products; split by EPIC and exclude decision fields,plots/k2_batch/final_candidate_master_ledger.csv=reject_as_noise_or_artifact,true,false,true,false,true,,,,true,,,,,
EPIC_212011476,false_positive_eb_or_variable,false_positive_eb_or_variable,plots/k2_batch/final_candidate_master_ledger.csv,2026-06-22,5,,yes,,none_seen,true,false,,EPIC appears in downstream pipeline/master-ledger products; split by EPIC and exclude decision fields,plots/k2_batch/final_candidate_master_ledger.csv=false_positive_eb_or_variable,true,false,true,false,true,,,,true,,,,,
EPIC_212012119,candidate_like,confirmed_planet,K2_ephemerides.csv (NASA Exoplanet Archive ephemerides; confirmation disposition not retained in columns),,5,catalogued_ephemeris_unverified_disposition,,,none_seen,false,true,,Catalogue ephemeris may have been used in legacy segment labelling; verify provenance/disposition,K2_ephemerides.csv (NASA Exoplanet Archive ephemerides; confirmation disposition not retained in columns)=confirmed_planet,false,false,true,false,true,,,,false,,,,,
EPIC_212012387,reject_as_noise_or_artifact,reject_as_noise_or_artifact,plots/k2_batch/final_candidate_master_ledger.csv,2026-06-22,5,,,yes,none_seen,true,false,,EPIC appears in downstream pipeline/master-ledger products; split by EPIC and exclude decision fields,plots/k2_batch/final_candidate_master_ledger.csv=reject_as_noise_or_artifact,true,false,true,false,true,,,,true,,,,,
EPIC_212013215,reject_as_noise_or_artifact,reject_as_noise_or_artifact,plots/k2_batch/final_candidate_master_ledger.csv,2026-06-22,5,,,yes,none_seen,true,false,,EPIC appears in downstream pipeline/master-ledger products; split by EPIC and exclude decision fields,plots/k2_batch/final_candidate_master_ledger.csv=reject_as_noise_or_artifact,true,false,true,false,true,,,,true,,,,,
EPIC_212015396,uncertain_hold,uncertain_hold_positive,plots/k2_batch/final_candidate_master_ledger.csv,2026-06-17,5,,,,uncertain_or_conflicting,false,true,,EPIC appears in downstream pipeline/master-ledger products; split by EPIC and exclude decision fields,plots/k2_batch/final_candidate_master_ledger.csv=uncertain_hold_positive,true,false,true,false,true,,,,false,,,,,
EPIC_212015640,reject_as_noise_or_artifact,reject_as_noise_or_artifact,plots/k2_batch/final_candidate_master_ledger.csv,2026-06-23,5,,,yes,none_seen,true,false,,EPIC appears in downstream pipeline/master-ledger products; split by EPIC and exclude decision fields,plots/k2_batch/final_candidate_master_ledger.csv=reject_as_noise_or_artifact,true,false,true,false,true,,,,true,,,,,
EPIC_212017960,reject_as_noise_or_artifact,low_priority_negative,plots/k2_batch/final_candidate_master_ledger.csv,2026-06-22,5,,,yes,none_seen,true,false,,EPIC appears in downstream pipeline/master-ledger products; split by EPIC and exclude decision fields,plots/k2_batch/final_candidate_master_ledger.csv=low_priority_negative,true,false,true,false,true,,,,true,,,,,
EPIC_212019055,false_positive_eb_or_variable,false_positive_eb_or_variable,plots/k2_batch/final_candidate_master_ledger.csv,2026-06-22,5,,yes,,none_seen,true,false,,EPIC appears in downstream pipeline/master-ledger products; split by EPIC and exclude decision fields,plots/k2_batch/final_candidate_master_ledger.csv=false_positive_eb_or_variable,true,false,true,false,true,,,,true,,,,,
EPIC_212019207,uncertain_hold,uncertain_hold_period_ambiguous,plots/k2_batch/master_vetted_catalog/manual_vetting_decisions_ledger.csv,2026-06-09,5,,,,uncertain_or_conflicting,false,true,,EPIC appears in downstream pipeline/master-ledger products; split by EPIC and exclude decision fields,plots/k2_batch/master_vetted_catalog/manual_vetting_decisions_ledger.csv=uncertain_hold_period_ambiguous,false,false,true,false,true,,,,false,,,,,
EPIC_212019726,false_positive_eb_or_variable,variable_or_possible_eb,plots/k2_batch/final_candidate_master_ledger.csv,2026-06-23,5,,yes,,none_seen,true,false,,EPIC appears in downstream pipeline/master-ledger products; split by EPIC and exclude decision fields,plots/k2_batch/final_candidate_master_ledger.csv=variable_or_possible_eb,true,false,true,false,true,,,,true,,,,,
EPIC_212020442,reject_as_noise_or_artifact,reject_as_noise_or_artifact,plots/k2_batch/master_vetted_catalog/manual_vetting_decisions_ledger.csv,2026-06-01,5,,,yes,none_seen,true,false,,EPIC appears in downstream pipeline/master-ledger products; split by EPIC and exclude decision fields,plots/k2_batch/final_candidate_master_ledger.csv=reject_as_noise_or_artifact || plots/k2_batch/master_vetted_catalog/manual_vetting_decisions_ledger.csv=reject_as_noise_or_artifact,false,false,true,false,true,,,,true,,,,,
EPIC_212020821,reject_as_noise_or_artifact,reject_as_noise_or_artifact,plots/k2_batch/final_candidate_master_ledger.csv,2026-06-22,5,,,yes,none_seen,true,false,,EPIC appears in downstream pipeline/master-ledger products; split by EPIC and exclude decision fields,plots/k2_batch/final_candidate_master_ledger.csv=reject_as_noise_or_artifact,true,false,true,false,true,,,,true,,,,,
EPIC_212020858,reject_as_noise_or_artifact,noise_or_artifact,training_labels_v3.csv,2026-05-10,5,,,yes,none_seen,false,false,,EPIC appears in downstream pipeline/master-ledger products; split by EPIC and exclude decision fields,training_labels_v3.csv=noise_or_artifact,false,false,true,false,true,,,,false,,,,,
EPIC_212021367,reject_as_noise_or_artifact,reject_as_noise_or_artifact,plots/k2_batch/final_candidate_master_ledger.csv,2026-06-23,5,,,yes,none_seen,true,false,,EPIC appears in downstream pipeline/master-ledger products; split by EPIC and exclude decision fields,plots/k2_batch/final_candidate_master_ledger.csv=reject_as_noise_or_artifact,true,false,true,false,true,,,,true,,,,,
EPIC_212021968,reject_as_noise_or_artifact,reject_as_noise_or_artifact,plots/k2_batch/final_candidate_master_ledger.csv,2026-06-23,5,,,yes,none_seen,true,false,,EPIC appears in downstream pipeline/master-ledger products; split by EPIC and exclude decision fields,plots/k2_batch/final_candidate_master_ledger.csv=reject_as_noise_or_artifact,true,false,true,false,true,,,,true,,,,,
EPIC_212023491,reject_as_noise_or_artifact,noise_or_artifact,training_labels_v3.csv,2026-05-10,5,,,yes,none_seen,false,false,,EPIC appears in downstream pipeline/master-ledger products; split by EPIC and exclude decision fields,training_labels_v3.csv=noise_or_artifact,false,false,true,false,true,,,,false,,,,,
EPIC_212024647,false_positive_eb_or_variable,promote_to_stage_g,docs/phase2/phase2_positive_tier_corrections.csv,2026-05-12,5,,archive_false_positive,,resolved_archive_evidence_supersedes_internal_candidate_target,true,false,historical_candidate_like | archive_false_positive,EPIC appears in downstream pipeline/master-ledger products; split by EPIC and exclude decision fields; archive disposition/correction metadata must remain excluded from scientific features,plots/k2_batch/final_candidate_master_ledger.csv=promote_to_stage_g || docs/phase2/phase2_positive_tier_corrections.csv=k2pandc_archive_false_positive->false_positive_eb_or_variable,false,false,true,false,true,,archive_false_positive,archive_false_positive_adjudicated,true,negative_archive_false_positive,authoritative_archive_false_positive_with_candidate_like_morphology,docs/phase2/phase2_positive_tier_corrections.csv,true,true
EPIC_212025784,reject_as_noise_or_artifact,reject_as_noise_or_artifact,plots/k2_batch/master_vetted_catalog/manual_vetting_decisions_ledger.csv,2026-06-01,5,,,yes,none_seen,true,false,,EPIC appears in downstream pipeline/master-ledger products; split by EPIC and exclude decision fields,plots/k2_batch/final_candidate_master_ledger.csv=reject_as_noise_or_artifact || plots/k2_batch/master_vetted_catalog/manual_vetting_decisions_ledger.csv=reject_as_noise_or_artifact,false,false,true,false,true,,,,true,,,,,
EPIC_212029715,reject_as_noise_or_artifact,low_priority_negative,plots/k2_batch/final_candidate_master_ledger.csv,2026-06-22,5,,,yes,none_seen,true,false,,EPIC appears in downstream pipeline/master-ledger products; split by EPIC and exclude decision fields,plots/k2_batch/final_candidate_master_ledger.csv=low_priority_negative || plots/k2_batch/final_candidate_master_ledger.csv=low_priority_negative,true,false,true,false,true,,,,true,,,,,
EPIC_212029934,false_positive_eb_or_variable,false_positive_eb_or_variable,gatevetter_v0_2_deep_review_manual_decisions.csv,2026-07-31,5,,yes,,none_seen,true,false,,EPIC appears in downstream pipeline/master-ledger products; split by EPIC and exclude decision fields,plots/k2_batch/final_candidate_master_ledger.csv=false_positive_eb_or_variable || gatevetter_v0_2_deep_review_manual_decisions.csv=false_positive_eb_or_variable,true,true,true,false,true,,,,true,,,,,
EPIC_212031287,reject_as_noise_or_artifact,reject_as_noise_or_artifact,plots/k2_batch/final_candidate_master_ledger.csv,2026-06-22,5,,,yes,none_seen,true,false,,EPIC appears in downstream pipeline/master-ledger products; split by EPIC and exclude decision fields,plots/k2_batch/final_candidate_master_ledger.csv=reject_as_noise_or_artifact,true,false,true,false,true,,,,true,,,,,
EPIC_212032390,reject_as_noise_or_artifact,reject_as_noise_or_artifact,plots/k2_batch/final_candidate_master_ledger.csv,2026-06-22,5,,,yes,none_seen,true,false,,EPIC appears in downstream pipeline/master-ledger products; split by EPIC and exclude decision fields,plots/k2_batch/final_candidate_master_ledger.csv=reject_as_noise_or_artifact,true,false,true,false,true,,,,true,,,,,
EPIC_212034839,reject_as_noise_or_artifact,reject_as_noise_or_artifact,plots/k2_batch/final_candidate_master_ledger.csv,2026-06-23,5,,,yes,none_seen,true,false,,EPIC appears in downstream pipeline/master-ledger products; split by EPIC and exclude decision fields,plots/k2_batch/final_candidate_master_ledger.csv=reject_as_noise_or_artifact,true,false,true,false,true,,,,true,,,,,
EPIC_212048748,candidate_like,confirmed_planet,K2_ephemerides.csv (NASA Exoplanet Archive ephemerides; confirmation disposition not retained in columns),,,catalogued_ephemeris_unverified_disposition,,,none_seen,false,true,,Catalogue ephemeris may have been used in legacy segment labelling; verify provenance/disposition,K2_ephemerides.csv (NASA Exoplanet Archive ephemerides; confirmation disposition not retained in columns)=confirmed_planet,false,false,false,false,false,,,,false,,,,,
EPIC_212058012,candidate_like,confirmed_planet,K2_ephemerides.csv (NASA Exoplanet Archive ephemerides; confirmation disposition not retained in columns),,,catalogued_ephemeris_unverified_disposition,,,none_seen,false,true,,Catalogue ephemeris may have been used in legacy segment labelling; verify provenance/disposition,K2_ephemerides.csv (NASA Exoplanet Archive ephemerides; confirmation disposition not retained in columns)=confirmed_planet,false,false,false,false,false,,,,false,,,,,
EPIC_212066407,false_positive_eb_or_variable,false_positive_eb_or_variable,plots/k2_batch/final_candidate_master_ledger.csv,2026-06-23,5,,yes,,none_seen,true,false,,EPIC appears in downstream pipeline/master-ledger products; split by EPIC and exclude decision fields,plots/k2_batch/final_candidate_master_ledger.csv=false_positive_eb_or_variable,true,false,true,false,true,,,,true,,,,,
EPIC_212069861,candidate_like,confirmed_planet,K2_ephemerides.csv (NASA Exoplanet Archive ephemerides; confirmation disposition not retained in columns),,5,catalogued_ephemeris_unverified_disposition,,,none_seen,false,true,,Catalogue ephemeris may have been used in legacy segment labelling; verify provenance/disposition,K2_ephemerides.csv (NASA Exoplanet Archive ephemerides; confirmation disposition not retained in columns)=confirmed_planet,false,false,true,false,true,,,,false,,,,,
EPIC_212072539,candidate_like,confirmed_planet,K2_ephemerides.csv (NASA Exoplanet Archive ephemerides; confirmation disposition not retained in columns),,5,catalogued_ephemeris_unverified_disposition,,,none_seen,false,true,,Catalogue ephemeris may have been used in legacy segment labelling; verify provenance/disposition,K2_ephemerides.csv (NASA Exoplanet Archive ephemerides; confirmation disposition not retained in columns)=confirmed_planet,false,false,true,false,true,,,,false,,,,,
EPIC_212075775,false_positive_eb_or_variable,variable_or_possible_eb,plots/k2_batch/final_candidate_master_ledger.csv,2026-06-23,5,,yes,,none_seen,true,false,,EPIC appears in downstream pipeline/master-ledger products; split by EPIC and exclude decision fields,plots/k2_batch/final_candidate_master_ledger.csv=variable_or_possible_eb,true,false,true,false,true,,,,true,,,,,
EPIC_212081533,candidate_like,confirmed_planet,K2_ephemerides.csv (NASA Exoplanet Archive ephemerides; confirmation disposition not retained in columns),,,catalogued_ephemeris_unverified_disposition,,,none_seen,false,true,,Catalogue ephemeris may have been used in legacy segment labelling; verify provenance/disposition,K2_ephemerides.csv (NASA Exoplanet Archive ephemerides; confirmation disposition not retained in columns)=confirmed_planet,false,false,false,false,false,,,,false,,,,,
EPIC_212088059,candidate_like,confirmed_planet,K2_ephemerides.csv (NASA Exoplanet Archive ephemerides; confirmation disposition not retained in columns),,5,catalogued_ephemeris_unverified_disposition,,,none_seen,false,true,,Catalogue ephemeris may have been used in legacy segment labelling; verify provenance/disposition,K2_ephemerides.csv (NASA Exoplanet Archive ephemerides; confirmation disposition not retained in columns)=confirmed_planet,false,false,true,false,true,,,,false,,,,,
EPIC_212110888,candidate_like,confirmed_planet,K2_ephemerides.csv (NASA Exoplanet Archive ephemerides; confirmation disposition not retained in columns),,5,catalogued_ephemeris_unverified_disposition,,,none_seen,false,true,,Catalogue ephemeris may have been used in legacy segment labelling; verify provenance/disposition,K2_ephemerides.csv (NASA Exoplanet Archive ephemerides; confirmation disposition not retained in columns)=confirmed_planet,false,false,true,false,true,,,,false,,,,,
EPIC_212130773,candidate_like,confirmed_planet,K2_ephemerides.csv (NASA Exoplanet Archive ephemerides; confirmation disposition not retained in columns),,5,catalogued_ephemeris_unverified_disposition,,,none_seen,false,true,,Catalogue ephemeris may have been used in legacy segment labelling; verify provenance/disposition,K2_ephemerides.csv (NASA Exoplanet Archive ephemerides; confirmation disposition not retained in columns)=confirmed_planet,false,false,true,false,true,,,,false,,,,,
EPIC_212132195,candidate_like,confirmed_planet,K2_ephemerides.csv (NASA Exoplanet Archive ephemerides; confirmation disposition not retained in columns),,5,catalogued_ephemeris_unverified_disposition,,,none_seen,false,true,,Catalogue ephemeris may have been used in legacy segment labelling; verify provenance/disposition,K2_ephemerides.csv (NASA Exoplanet Archive ephemerides; confirmation disposition not retained in columns)=confirmed_planet,false,false,true,false,true,,,,false,,,,,
EPIC_212154564,candidate_like,confirmed_planet,K2_ephemerides.csv (NASA Exoplanet Archive ephemerides; confirmation disposition not retained in columns),,5,catalogued_ephemeris_unverified_disposition,,,none_seen,false,true,,Catalogue ephemeris may have been used in legacy segment labelling; verify provenance/disposition,K2_ephemerides.csv (NASA Exoplanet Archive ephemerides; confirmation disposition not retained in columns)=confirmed_planet,false,false,true,false,true,,,,false,,,,,
EPIC_212157262,candidate_like,confirmed_planet,K2_ephemerides.csv (NASA Exoplanet Archive ephemerides; confirmation disposition not retained in columns),,5,catalogued_ephemeris_unverified_disposition,,,none_seen,false,true,,Catalogue ephemeris may have been used in legacy segment labelling; verify provenance/disposition,K2_ephemerides.csv (NASA Exoplanet Archive ephemerides; confirmation disposition not retained in columns)=confirmed_planet,false,false,true,false,true,,,,false,,,,,
EPIC_212161956,candidate_like,confirmed_planet,K2_ephemerides.csv (NASA Exoplanet Archive ephemerides; confirmation disposition not retained in columns),,5,catalogued_ephemeris_unverified_disposition,,,none_seen,false,true,,Catalogue ephemeris may have been used in legacy segment labelling; verify provenance/disposition,K2_ephemerides.csv (NASA Exoplanet Archive ephemerides; confirmation disposition not retained in columns)=confirmed_planet,false,false,true,false,true,,,,false,,,,,
EPIC_212164470,candidate_like,confirmed_planet,K2_ephemerides.csv (NASA Exoplanet Archive ephemerides; confirmation disposition not retained in columns),,5,catalogued_ephemeris_unverified_disposition,,,none_seen,false,true,,Catalogue ephemeris may have been used in legacy segment labelling; verify provenance/disposition,K2_ephemerides.csv (NASA Exoplanet Archive ephemerides; confirmation disposition not retained in columns)=confirmed_planet,false,false,true,false,true,,,,false,,,,,
EPIC_212178066,candidate_like,confirmed_planet,K2_ephemerides.csv (NASA Exoplanet Archive ephemerides; confirmation disposition not retained in columns),,,catalogued_ephemeris_unverified_disposition,,,none_seen,false,true,,Catalogue ephemeris may have been used in legacy segment labelling; verify provenance/disposition,K2_ephemerides.csv (NASA Exoplanet Archive ephemerides; confirmation disposition not retained in columns)=confirmed_planet,false,false,false,false,false,,,,false,,,,,
EPIC_212204403,candidate_like,confirmed_planet,K2_ephemerides.csv (NASA Exoplanet Archive ephemerides; confirmation disposition not retained in columns),,,catalogued_ephemeris_unverified_disposition,,,none_seen,false,true,,Catalogue ephemeris may have been used in legacy segment labelling; verify provenance/disposition,K2_ephemerides.csv (NASA Exoplanet Archive ephemerides; confirmation disposition not retained in columns)=confirmed_planet,false,false,false,false,false,,,,false,,,,,
EPIC_212222383,candidate_like,confirmed_planet,K2_ephemerides.csv (NASA Exoplanet Archive ephemerides; confirmation disposition not retained in columns),,,catalogued_ephemeris_unverified_disposition,,,none_seen,false,true,,Catalogue ephemeris may have been used in legacy segment labelling; verify provenance/disposition,K2_ephemerides.csv (NASA Exoplanet Archive ephemerides; confirmation disposition not retained in columns)=confirmed_planet,false,false,false,false,false,,,,false,,,,,
EPIC_212297394,candidate_like,confirmed_planet,K2_ephemerides.csv (NASA Exoplanet Archive ephemerides; confirmation disposition not retained in columns),,,catalogued_ephemeris_unverified_disposition,,,none_seen,false,true,,Catalogue ephemeris may have been used in legacy segment labelling; verify provenance/disposition,K2_ephemerides.csv (NASA Exoplanet Archive ephemerides; confirmation disposition not retained in columns)=confirmed_planet,false,false,false,false,false,,,,false,,,,,
EPIC_212300977,candidate_like,confirmed_planet,K2_ephemerides.csv (NASA Exoplanet Archive ephemerides; confirmation disposition not retained in columns),,,catalogued_ephemeris_unverified_disposition,,,none_seen,false,true,,Catalogue ephemeris may have been used in legacy segment labelling; verify provenance/disposition,K2_ephemerides.csv (NASA Exoplanet Archive ephemerides; confirmation disposition not retained in columns)=confirmed_planet,false,false,false,false,false,,,,false,,,,,
EPIC_212357477,candidate_like,confirmed_planet,K2_ephemerides.csv (NASA Exoplanet Archive ephemerides; confirmation disposition not retained in columns),,,catalogued_ephemeris_unverified_disposition,,,none_seen,false,true,,Catalogue ephemeris may have been used in legacy segment labelling; verify provenance/disposition,K2_ephemerides.csv (NASA Exoplanet Archive ephemerides; confirmation disposition not retained in columns)=confirmed_planet,false,false,false,false,false,,,,false,,,,,
EPIC_212394689,candidate_like,confirmed_planet,K2_ephemerides.csv (NASA Exoplanet Archive ephemerides; confirmation disposition not retained in columns),,,catalogued_ephemeris_unverified_disposition,,,none_seen,false,true,,Catalogue ephemeris may have been used in legacy segment labelling; verify provenance/disposition,K2_ephemerides.csv (NASA Exoplanet Archive ephemerides; confirmation disposition not retained in columns)=confirmed_planet,false,false,false,false,false,,,,false,,,,,
EPIC_212418133,candidate_like,confirmed_planet,K2_ephemerides.csv (NASA Exoplanet Archive ephemerides; confirmation disposition not retained in columns),,,catalogued_ephemeris_unverified_disposition,,,none_seen,false,true,,Catalogue ephemeris may have been used in legacy segment labelling; verify provenance/disposition,K2_ephemerides.csv (NASA Exoplanet Archive ephemerides; confirmation disposition not retained in columns)=confirmed_planet,false,false,false,false,false,,,,false,,,,,
EPIC_212420823,candidate_like,confirmed_planet,K2_ephemerides.csv (NASA Exoplanet Archive ephemerides; confirmation disposition not retained in columns),,,catalogued_ephemeris_unverified_disposition,,,none_seen,false,true,,Catalogue ephemeris may have been used in legacy segment labelling; verify provenance/disposition,K2_ephemerides.csv (NASA Exoplanet Archive ephemerides; confirmation disposition not retained in columns)=confirmed_planet,false,false,false,false,false,,,,false,,,,,
EPIC_212424622,candidate_like,confirmed_planet,K2_ephemerides.csv (NASA Exoplanet Archive ephemerides; confirmation disposition not retained in columns),,,catalogued_ephemeris_unverified_disposition,,,none_seen,false,true,,Catalogue ephemeris may have been used in legacy segment labelling; verify provenance/disposition,K2_ephemerides.csv (NASA Exoplanet Archive ephemerides; confirmation disposition not retained in columns)=confirmed_planet,false,false,false,false,false,,,,false,,,,,
EPIC_212440430,candidate_like,confirmed_planet,K2_ephemerides.csv (NASA Exoplanet Archive ephemerides; confirmation disposition not retained in columns),,,catalogued_ephemeris_unverified_disposition,,,none_seen,false,true,,Catalogue ephemeris may have been used in legacy segment labelling; verify provenance/disposition,K2_ephemerides.csv (NASA Exoplanet Archive ephemerides; confirmation disposition not retained in columns)=confirmed_planet,false,false,false,false,false,,,,false,,,,,
EPIC_212460519,candidate_like,confirmed_planet,K2_ephemerides.csv (NASA Exoplanet Archive ephemerides; confirmation disposition not retained in columns),,,catalogued_ephemeris_unverified_disposition,,,none_seen,false,true,,Catalogue ephemeris may have been used in legacy segment labelling; verify provenance/disposition,K2_ephemerides.csv (NASA Exoplanet Archive ephemerides; confirmation disposition not retained in columns)=confirmed_planet,false,false,false,false,false,,,,false,,,,,
EPIC_212480208,candidate_like,confirmed_planet,K2_ephemerides.csv (NASA Exoplanet Archive ephemerides; confirmation disposition not retained in columns),,,catalogued_ephemeris_unverified_disposition,,,none_seen,false,true,,Catalogue ephemeris may have been used in legacy segment labelling; verify provenance/disposition,K2_ephemerides.csv (NASA Exoplanet Archive ephemerides; confirmation disposition not retained in columns)=confirmed_planet,false,false,false,false,false,,,,false,,,,,
EPIC_212496592,candidate_like,confirmed_planet,K2_ephemerides.csv (NASA Exoplanet Archive ephemerides; confirmation disposition not retained in columns),,,catalogued_ephemeris_unverified_disposition,,,none_seen,false,true,,Catalogue ephemeris may have been used in legacy segment labelling; verify provenance/disposition,K2_ephemerides.csv (NASA Exoplanet Archive ephemerides; confirmation disposition not retained in columns)=confirmed_planet,false,false,false,false,false,,,,false,,,,,
EPIC_212521166,candidate_like,confirmed_planet,K2_ephemerides.csv (NASA Exoplanet Archive ephemerides; confirmation disposition not retained in columns),,,catalogued_ephemeris_unverified_disposition,,,none_seen,false,true,,Catalogue ephemeris may have been used in legacy segment labelling; verify provenance/disposition,K2_ephemerides.csv (NASA Exoplanet Archive ephemerides; confirmation disposition not retained in columns)=confirmed_planet,false,false,false,false,false,,,,false,,,,,
EPIC_212530118,candidate_like,confirmed_planet,K2_ephemerides.csv (NASA Exoplanet Archive ephemerides; confirmation disposition not retained in columns),,,catalogued_ephemeris_unverified_disposition,,,none_seen,false,true,,Catalogue ephemeris may have been used in legacy segment labelling; verify provenance/disposition,K2_ephemerides.csv (NASA Exoplanet Archive ephemerides; confirmation disposition not retained in columns)=confirmed_planet,false,false,false,false,false,,,,false,,,,,
EPIC_212543933,candidate_like,confirmed_planet,K2_ephemerides.csv (NASA Exoplanet Archive ephemerides; confirmation disposition not retained in columns),,,catalogued_ephemeris_unverified_disposition,,,none_seen,false,true,,Catalogue ephemeris may have been used in legacy segment labelling; verify provenance/disposition,K2_ephemerides.csv (NASA Exoplanet Archive ephemerides; confirmation disposition not retained in columns)=confirmed_planet,false,false,false,false,false,,,,false,,,,,
EPIC_212554013,candidate_like,confirmed_planet,K2_ephemerides.csv (NASA Exoplanet Archive ephemerides; confirmation disposition not retained in columns),,,catalogued_ephemeris_unverified_disposition,,,none_seen,false,true,,Catalogue ephemeris may have been used in legacy segment labelling; verify provenance/disposition,K2_ephemerides.csv (NASA Exoplanet Archive ephemerides; confirmation disposition not retained in columns)=confirmed_planet,false,false,false,false,false,,,,false,,,,,
EPIC_212555594,candidate_like,confirmed_planet,K2_ephemerides.csv (NASA Exoplanet Archive ephemerides; confirmation disposition not retained in columns),,,catalogued_ephemeris_unverified_disposition,,,none_seen,false,true,,Catalogue ephemeris may have been used in legacy segment labelling; verify provenance/disposition,K2_ephemerides.csv (NASA Exoplanet Archive ephemerides; confirmation disposition not retained in columns)=confirmed_planet,false,false,false,false,false,,,,false,,,,,
EPIC_212575828,candidate_like,confirmed_planet,K2_ephemerides.csv (NASA Exoplanet Archive ephemerides; confirmation disposition not retained in columns),,,catalogued_ephemeris_unverified_disposition,,,none_seen,false,true,,Catalogue ephemeris may have been used in legacy segment labelling; verify provenance/disposition,K2_ephemerides.csv (NASA Exoplanet Archive ephemerides; confirmation disposition not retained in columns)=confirmed_planet,false,false,false,false,false,,,,false,,,,,
EPIC_212580872,candidate_like,confirmed_planet,K2_ephemerides.csv (NASA Exoplanet Archive ephemerides; confirmation disposition not retained in columns),,,catalogued_ephemeris_unverified_disposition,,,none_seen,false,true,,Catalogue ephemeris may have been used in legacy segment labelling; verify provenance/disposition,K2_ephemerides.csv (NASA Exoplanet Archive ephemerides; confirmation disposition not retained in columns)=confirmed_planet,false,false,false,false,false,,,,false,,,,,
EPIC_212587672,candidate_like,confirmed_planet,K2_ephemerides.csv (NASA Exoplanet Archive ephemerides; confirmation disposition not retained in columns),,,catalogued_ephemeris_unverified_disposition,,,none_seen,false,true,,Catalogue ephemeris may have been used in legacy segment labelling; verify provenance/disposition,K2_ephemerides.csv (NASA Exoplanet Archive ephemerides; confirmation disposition not retained in columns)=confirmed_planet,false,false,false,false,false,,,,false,,,,,
EPIC_212624936,candidate_like,confirmed_planet,K2_ephemerides.csv (NASA Exoplanet Archive ephemerides; confirmation disposition not retained in columns),,,catalogued_ephemeris_unverified_disposition,,,none_seen,false,true,,Catalogue ephemeris may have been used in legacy segment labelling; verify provenance/disposition,K2_ephemerides.csv (NASA Exoplanet Archive ephemerides; confirmation disposition not retained in columns)=confirmed_planet,false,false,false,false,false,,,,false,,,,,
EPIC_212628254,candidate_like,confirmed_planet,K2_ephemerides.csv (NASA Exoplanet Archive ephemerides; confirmation disposition not retained in columns),,,catalogued_ephemeris_unverified_disposition,,,none_seen,false,true,,Catalogue ephemeris may have been used in legacy segment labelling; verify provenance/disposition,K2_ephemerides.csv (NASA Exoplanet Archive ephemerides; confirmation disposition not retained in columns)=confirmed_planet,false,false,false,false,false,,,,false,,,,,
EPIC_212672300,candidate_like,confirmed_planet,K2_ephemerides.csv (NASA Exoplanet Archive ephemerides; confirmation disposition not retained in columns),,,catalogued_ephemeris_unverified_disposition,,,none_seen,false,true,,Catalogue ephemeris may have been used in legacy segment labelling; verify provenance/disposition,K2_ephemerides.csv (NASA Exoplanet Archive ephemerides; confirmation disposition not retained in columns)=confirmed_planet,false,false,false,false,false,,,,false,,,,,
EPIC_212686205,candidate_like,confirmed_planet,K2_ephemerides.csv (NASA Exoplanet Archive ephemerides; confirmation disposition not retained in columns),,,catalogued_ephemeris_unverified_disposition,,,none_seen,false,true,,Catalogue ephemeris may have been used in legacy segment labelling; verify provenance/disposition,K2_ephemerides.csv (NASA Exoplanet Archive ephemerides; confirmation disposition not retained in columns)=confirmed_planet,false,false,false,false,false,,,,false,,,,,
EPIC_212689874,candidate_like,confirmed_planet,K2_ephemerides.csv (NASA Exoplanet Archive ephemerides; confirmation disposition not retained in columns),,,catalogued_ephemeris_unverified_disposition,,,none_seen,false,true,,Catalogue ephemeris may have been used in legacy segment labelling; verify provenance/disposition,K2_ephemerides.csv (NASA Exoplanet Archive ephemerides; confirmation disposition not retained in columns)=confirmed_planet,false,false,false,false,false,,,,false,,,,,
EPIC_212697709,candidate_like,confirmed_planet,K2_ephemerides.csv (NASA Exoplanet Archive ephemerides; confirmation disposition not retained in columns),,,catalogued_ephemeris_unverified_disposition,,,none_seen,false,true,,Catalogue ephemeris may have been used in legacy segment labelling; verify provenance/disposition,K2_ephemerides.csv (NASA Exoplanet Archive ephemerides; confirmation disposition not retained in columns)=confirmed_planet,false,false,false,false,false,,,,false,,,,,
EPIC_212735333,candidate_like,confirmed_planet,K2_ephemerides.csv (NASA Exoplanet Archive ephemerides; confirmation disposition not retained in columns),,,catalogued_ephemeris_unverified_disposition,,,none_seen,false,true,,Catalogue ephemeris may have been used in legacy segment labelling; verify provenance/disposition,K2_ephemerides.csv (NASA Exoplanet Archive ephemerides; confirmation disposition not retained in columns)=confirmed_planet,false,false,false,false,false,,,,false,,,,,
EPIC_212737443,candidate_like,confirmed_planet,K2_ephemerides.csv (NASA Exoplanet Archive ephemerides; confirmation disposition not retained in columns),,,catalogued_ephemeris_unverified_disposition,,,none_seen,false,true,,Catalogue ephemeris may have been used in legacy segment labelling; verify provenance/disposition,K2_ephemerides.csv (NASA Exoplanet Archive ephemerides; confirmation disposition not retained in columns)=confirmed_planet,false,false,false,false,false,,,,false,,,,,
EPIC_212756297,candidate_like,confirmed_planet,K2_ephemerides.csv (NASA Exoplanet Archive ephemerides; confirmation disposition not retained in columns),,,catalogued_ephemeris_unverified_disposition,,,none_seen,false,true,,Catalogue ephemeris may have been used in legacy segment labelling; verify provenance/disposition,K2_ephemerides.csv (NASA Exoplanet Archive ephemerides; confirmation disposition not retained in columns)=confirmed_planet,false,false,false,false,false,,,,false,,,,,
EPIC_212768333,candidate_like,confirmed_planet,K2_ephemerides.csv (NASA Exoplanet Archive ephemerides; confirmation disposition not retained in columns),,,catalogued_ephemeris_unverified_disposition,,,none_seen,false,true,,Catalogue ephemeris may have been used in legacy segment labelling; verify provenance/disposition,K2_ephemerides.csv (NASA Exoplanet Archive ephemerides; confirmation disposition not retained in columns)=confirmed_planet,false,false,false,false,false,,,,false,,,,,
EPIC_212779563,candidate_like,confirmed_planet,K2_ephemerides.csv (NASA Exoplanet Archive ephemerides; confirmation disposition not retained in columns),,,catalogued_ephemeris_unverified_disposition,,,none_seen,false,true,,Catalogue ephemeris may have been used in legacy segment labelling; verify provenance/disposition,K2_ephemerides.csv (NASA Exoplanet Archive ephemerides; confirmation disposition not retained in columns)=confirmed_planet,false,false,false,false,false,,,,false,,,,,
EPIC_212779596,candidate_like,confirmed_planet,K2_ephemerides.csv (NASA Exoplanet Archive ephemerides; confirmation disposition not retained in columns),,,catalogued_ephemeris_unverified_disposition,,,none_seen,false,true,,Catalogue ephemeris may have been used in legacy segment labelling; verify provenance/disposition,K2_ephemerides.csv (NASA Exoplanet Archive ephemerides; confirmation disposition not retained in columns)=confirmed_planet,false,false,false,false,false,,,,false,,,,,
EPIC_212782836,candidate_like,confirmed_planet,K2_ephemerides.csv (NASA Exoplanet Archive ephemerides; confirmation disposition not retained in columns),,,catalogued_ephemeris_unverified_disposition,,,none_seen,false,true,,Catalogue ephemeris may have been used in legacy segment labelling; verify provenance/disposition,K2_ephemerides.csv (NASA Exoplanet Archive ephemerides; confirmation disposition not retained in columns)=confirmed_planet,false,false,false,false,false,,,,false,,,,,
EPIC_212803289,candidate_like,confirmed_planet,K2_ephemerides.csv (NASA Exoplanet Archive ephemerides; confirmation disposition not retained in columns),,,catalogued_ephemeris_unverified_disposition,,,none_seen,false,true,,Catalogue ephemeris may have been used in legacy segment labelling; verify provenance/disposition,K2_ephemerides.csv (NASA Exoplanet Archive ephemerides; confirmation disposition not retained in columns)=confirmed_planet,false,false,false,false,false,,,,false,,,,,
EPIC_212828909,candidate_like,confirmed_planet,K2_ephemerides.csv (NASA Exoplanet Archive ephemerides; confirmation disposition not retained in columns),,,catalogued_ephemeris_unverified_disposition,,,none_seen,false,true,,Catalogue ephemeris may have been used in legacy segment labelling; verify provenance/disposition,K2_ephemerides.csv (NASA Exoplanet Archive ephemerides; confirmation disposition not retained in columns)=confirmed_planet,false,false,false,false,false,,,,false,,,,,
EPIC_213715787,candidate_like,confirmed_planet,K2_ephemerides.csv (NASA Exoplanet Archive ephemerides; confirmation disposition not retained in columns),,,catalogued_ephemeris_unverified_disposition,,,none_seen,false,true,,Catalogue ephemeris may have been used in legacy segment labelling; verify provenance/disposition,K2_ephemerides.csv (NASA Exoplanet Archive ephemerides; confirmation disposition not retained in columns)=confirmed_planet,false,false,false,false,false,,,,false,,,,,
EPIC_214173069,candidate_like,confirmed_planet,K2_ephemerides.csv (NASA Exoplanet Archive ephemerides; confirmation disposition not retained in columns),,,catalogued_ephemeris_unverified_disposition,,,none_seen,false,true,,Catalogue ephemeris may have been used in legacy segment labelling; verify provenance/disposition,K2_ephemerides.csv (NASA Exoplanet Archive ephemerides; confirmation disposition not retained in columns)=confirmed_planet,false,false,false,false,false,,,,false,,,,,
EPIC_214419545,candidate_like,confirmed_planet,K2_ephemerides.csv (NASA Exoplanet Archive ephemerides; confirmation disposition not retained in columns),,,catalogued_ephemeris_unverified_disposition,,,none_seen,false,true,,Catalogue ephemeris may have been used in legacy segment labelling; verify provenance/disposition,K2_ephemerides.csv (NASA Exoplanet Archive ephemerides; confirmation disposition not retained in columns)=confirmed_planet,false,false,false,false,false,,,,false,,,,,
EPIC_214787262,candidate_like,confirmed_planet,K2_ephemerides.csv (NASA Exoplanet Archive ephemerides; confirmation disposition not retained in columns),,,catalogued_ephemeris_unverified_disposition,,,none_seen,false,true,,Catalogue ephemeris may have been used in legacy segment labelling; verify provenance/disposition,K2_ephemerides.csv (NASA Exoplanet Archive ephemerides; confirmation disposition not retained in columns)=confirmed_planet,false,false,false,false,false,,,,false,,,,,
EPIC_215969174,candidate_like,confirmed_planet,K2_ephemerides.csv (NASA Exoplanet Archive ephemerides; confirmation disposition not retained in columns),,,catalogued_ephemeris_unverified_disposition,,,none_seen,false,true,,Catalogue ephemeris may have been used in legacy segment labelling; verify provenance/disposition,K2_ephemerides.csv (NASA Exoplanet Archive ephemerides; confirmation disposition not retained in columns)=confirmed_planet,false,false,false,false,false,,,,false,,,,,
EPIC_216008129,candidate_like,confirmed_planet,K2_ephemerides.csv (NASA Exoplanet Archive ephemerides; confirmation disposition not retained in columns),,,catalogued_ephemeris_unverified_disposition,,,none_seen,false,true,,Catalogue ephemeris may have been used in legacy segment labelling; verify provenance/disposition,K2_ephemerides.csv (NASA Exoplanet Archive ephemerides; confirmation disposition not retained in columns)=confirmed_planet,false,false,false,false,false,,,,false,,,,,
EPIC_216405287,candidate_like,confirmed_planet,K2_ephemerides.csv (NASA Exoplanet Archive ephemerides; confirmation disposition not retained in columns),,,catalogued_ephemeris_unverified_disposition,,,none_seen,false,true,,Catalogue ephemeris may have been used in legacy segment labelling; verify provenance/disposition,K2_ephemerides.csv (NASA Exoplanet Archive ephemerides; confirmation disposition not retained in columns)=confirmed_planet,false,false,false,false,false,,,,false,,,,,
EPIC_216414930,candidate_like,confirmed_planet,K2_ephemerides.csv (NASA Exoplanet Archive ephemerides; confirmation disposition not retained in columns),,,catalogued_ephemeris_unverified_disposition,,,none_seen,false,true,,Catalogue ephemeris may have been used in legacy segment labelling; verify provenance/disposition,K2_ephemerides.csv (NASA Exoplanet Archive ephemerides; confirmation disposition not retained in columns)=confirmed_planet,false,false,false,false,false,,,,false,,,,,
EPIC_216468514,candidate_like,confirmed_planet,K2_ephemerides.csv (NASA Exoplanet Archive ephemerides; confirmation disposition not retained in columns),,,catalogued_ephemeris_unverified_disposition,,,none_seen,false,true,,Catalogue ephemeris may have been used in legacy segment labelling; verify provenance/disposition,K2_ephemerides.csv (NASA Exoplanet Archive ephemerides; confirmation disposition not retained in columns)=confirmed_planet,false,false,false,false,false,,,,false,,,,,
EPIC_216494238,candidate_like,confirmed_planet,K2_ephemerides.csv (NASA Exoplanet Archive ephemerides; confirmation disposition not retained in columns),,,catalogued_ephemeris_unverified_disposition,,,none_seen,false,true,,Catalogue ephemeris may have been used in legacy segment labelling; verify provenance/disposition,K2_ephemerides.csv (NASA Exoplanet Archive ephemerides; confirmation disposition not retained in columns)=confirmed_planet,false,false,false,false,false,,,,false,,,,,
EPIC_217192839,candidate_like,confirmed_planet,K2_ephemerides.csv (NASA Exoplanet Archive ephemerides; confirmation disposition not retained in columns),,,catalogued_ephemeris_unverified_disposition,,,none_seen,false,true,,Catalogue ephemeris may have been used in legacy segment labelling; verify provenance/disposition,K2_ephemerides.csv (NASA Exoplanet Archive ephemerides; confirmation disposition not retained in columns)=confirmed_planet,false,false,false,false,false,,,,false,,,,,
EPIC_217671466,candidate_like,confirmed_planet,K2_ephemerides.csv (NASA Exoplanet Archive ephemerides; confirmation disposition not retained in columns),,,catalogued_ephemeris_unverified_disposition,,,none_seen,false,true,,Catalogue ephemeris may have been used in legacy segment labelling; verify provenance/disposition,K2_ephemerides.csv (NASA Exoplanet Archive ephemerides; confirmation disposition not retained in columns)=confirmed_planet,false,false,false,false,false,,,,false,,,,,
EPIC_217941732,candidate_like,confirmed_planet,K2_ephemerides.csv (NASA Exoplanet Archive ephemerides; confirmation disposition not retained in columns),,,catalogued_ephemeris_unverified_disposition,,,none_seen,false,true,,Catalogue ephemeris may have been used in legacy segment labelling; verify provenance/disposition,K2_ephemerides.csv (NASA Exoplanet Archive ephemerides; confirmation disposition not retained in columns)=confirmed_planet,false,false,false,false,false,,,,false,,,,,
EPIC_217977895,candidate_like,confirmed_planet,K2_ephemerides.csv (NASA Exoplanet Archive ephemerides; confirmation disposition not retained in columns),,,catalogued_ephemeris_unverified_disposition,,,none_seen,false,true,,Catalogue ephemeris may have been used in legacy segment labelling; verify provenance/disposition,K2_ephemerides.csv (NASA Exoplanet Archive ephemerides; confirmation disposition not retained in columns)=confirmed_planet,false,false,false,false,false,,,,false,,,,,
EPIC_218131080,candidate_like,confirmed_planet,K2_ephemerides.csv (NASA Exoplanet Archive ephemerides; confirmation disposition not retained in columns),,,catalogued_ephemeris_unverified_disposition,,,none_seen,false,true,,Catalogue ephemeris may have been used in legacy segment labelling; verify provenance/disposition,K2_ephemerides.csv (NASA Exoplanet Archive ephemerides; confirmation disposition not retained in columns)=confirmed_planet,false,false,false,false,false,,,,false,,,,,
EPIC_218668602,candidate_like,confirmed_planet,K2_ephemerides.csv (NASA Exoplanet Archive ephemerides; confirmation disposition not retained in columns),,,catalogued_ephemeris_unverified_disposition,,,none_seen,false,true,,Catalogue ephemeris may have been used in legacy segment labelling; verify provenance/disposition,K2_ephemerides.csv (NASA Exoplanet Archive ephemerides; confirmation disposition not retained in columns)=confirmed_planet,false,false,false,false,false,,,,false,,,,,
EPIC_218916923,candidate_like,confirmed_planet,K2_ephemerides.csv (NASA Exoplanet Archive ephemerides; confirmation disposition not retained in columns),,,catalogued_ephemeris_unverified_disposition,,,none_seen,false,true,,Catalogue ephemeris may have been used in legacy segment labelling; verify provenance/disposition,K2_ephemerides.csv (NASA Exoplanet Archive ephemerides; confirmation disposition not retained in columns)=confirmed_planet,false,false,false,false,false,,,,false,,,,,
EPIC_219800881,candidate_like,confirmed_planet,K2_ephemerides.csv (NASA Exoplanet Archive ephemerides; confirmation disposition not retained in columns),,,catalogued_ephemeris_unverified_disposition,,,none_seen,false,true,,Catalogue ephemeris may have been used in legacy segment labelling; verify provenance/disposition,K2_ephemerides.csv (NASA Exoplanet Archive ephemerides; confirmation disposition not retained in columns)=confirmed_planet,false,false,false,false,false,,,,false,,,,,
EPIC_220170303,candidate_like,confirmed_planet,K2_ephemerides.csv (NASA Exoplanet Archive ephemerides; confirmation disposition not retained in columns),,,catalogued_ephemeris_unverified_disposition,,,none_seen,false,true,,Catalogue ephemeris may have been used in legacy segment labelling; verify provenance/disposition,K2_ephemerides.csv (NASA Exoplanet Archive ephemerides; confirmation disposition not retained in columns)=confirmed_planet,false,false,false,false,false,,,,false,,,,,
EPIC_220186645,candidate_like,confirmed_planet,K2_ephemerides.csv (NASA Exoplanet Archive ephemerides; confirmation disposition not retained in columns),,,catalogued_ephemeris_unverified_disposition,,,none_seen,false,true,,Catalogue ephemeris may have been used in legacy segment labelling; verify provenance/disposition,K2_ephemerides.csv (NASA Exoplanet Archive ephemerides; confirmation disposition not retained in columns)=confirmed_planet,false,false,false,false,false,,,,false,,,,,
EPIC_220194974,candidate_like,confirmed_planet,K2_ephemerides.csv (NASA Exoplanet Archive ephemerides; confirmation disposition not retained in columns),,,catalogued_ephemeris_unverified_disposition,,,none_seen,false,true,,Catalogue ephemeris may have been used in legacy segment labelling; verify provenance/disposition,K2_ephemerides.csv (NASA Exoplanet Archive ephemerides; confirmation disposition not retained in columns)=confirmed_planet,false,false,false,false,false,,,,false,,,,,
EPIC_220211923,candidate_like,confirmed_planet,K2_ephemerides.csv (NASA Exoplanet Archive ephemerides; confirmation disposition not retained in columns),,,catalogued_ephemeris_unverified_disposition,,,none_seen,false,true,,Catalogue ephemeris may have been used in legacy segment labelling; verify provenance/disposition,K2_ephemerides.csv (NASA Exoplanet Archive ephemerides; confirmation disposition not retained in columns)=confirmed_planet,false,false,false,false,false,,,,false,,,,,
EPIC_220218012,candidate_like,confirmed_planet,K2_ephemerides.csv (NASA Exoplanet Archive ephemerides; confirmation disposition not retained in columns),,,catalogued_ephemeris_unverified_disposition,,,none_seen,false,true,,Catalogue ephemeris may have been used in legacy segment labelling; verify provenance/disposition,K2_ephemerides.csv (NASA Exoplanet Archive ephemerides; confirmation disposition not retained in columns)=confirmed_planet,false,false,false,false,false,,,,false,,,,,
EPIC_220221272,candidate_like,confirmed_planet,K2_ephemerides.csv (NASA Exoplanet Archive ephemerides; confirmation disposition not retained in columns),,,catalogued_ephemeris_unverified_disposition,,,none_seen,false,true,,Catalogue ephemeris may have been used in legacy segment labelling; verify provenance/disposition,K2_ephemerides.csv (NASA Exoplanet Archive ephemerides; confirmation disposition not retained in columns)=confirmed_planet,false,false,false,false,false,,,,false,,,,,
EPIC_220225178,candidate_like,confirmed_planet,K2_ephemerides.csv (NASA Exoplanet Archive ephemerides; confirmation disposition not retained in columns),,,catalogued_ephemeris_unverified_disposition,,,none_seen,false,true,,Catalogue ephemeris may have been used in legacy segment labelling; verify provenance/disposition,K2_ephemerides.csv (NASA Exoplanet Archive ephemerides; confirmation disposition not retained in columns)=confirmed_planet,false,false,false,false,false,,,,false,,,,,
EPIC_220256496,candidate_like,confirmed_planet,K2_ephemerides.csv (NASA Exoplanet Archive ephemerides; confirmation disposition not retained in columns),,,catalogued_ephemeris_unverified_disposition,,,none_seen,false,true,,Catalogue ephemeris may have been used in legacy segment labelling; verify provenance/disposition,K2_ephemerides.csv (NASA Exoplanet Archive ephemerides; confirmation disposition not retained in columns)=confirmed_planet,false,false,false,false,false,,,,false,,,,,
EPIC_220303276,candidate_like,confirmed_planet,K2_ephemerides.csv (NASA Exoplanet Archive ephemerides; confirmation disposition not retained in columns),,,catalogued_ephemeris_unverified_disposition,,,none_seen,false,true,,Catalogue ephemeris may have been used in legacy segment labelling; verify provenance/disposition,K2_ephemerides.csv (NASA Exoplanet Archive ephemerides; confirmation disposition not retained in columns)=confirmed_planet,false,false,false,false,false,,,,false,,,,,
EPIC_220321605,candidate_like,confirmed_planet,K2_ephemerides.csv (NASA Exoplanet Archive ephemerides; confirmation disposition not retained in columns),,,catalogued_ephemeris_unverified_disposition,,,none_seen,false,true,,Catalogue ephemeris may have been used in legacy segment labelling; verify provenance/disposition,K2_ephemerides.csv (NASA Exoplanet Archive ephemerides; confirmation disposition not retained in columns)=confirmed_planet,false,false,false,false,false,,,,false,,,,,
EPIC_220376054,candidate_like,confirmed_planet,K2_ephemerides.csv (NASA Exoplanet Archive ephemerides; confirmation disposition not retained in columns),,,catalogued_ephemeris_unverified_disposition,,,none_seen,false,true,,Catalogue ephemeris may have been used in legacy segment labelling; verify provenance/disposition,K2_ephemerides.csv (NASA Exoplanet Archive ephemerides; confirmation disposition not retained in columns)=confirmed_planet,false,false,false,false,false,,,,false,,,,,
EPIC_220383386,candidate_like,confirmed_planet,K2_ephemerides.csv (NASA Exoplanet Archive ephemerides; confirmation disposition not retained in columns),,,catalogued_ephemeris_unverified_disposition,,,none_seen,false,true,,Catalogue ephemeris may have been used in legacy segment labelling; verify provenance/disposition,K2_ephemerides.csv (NASA Exoplanet Archive ephemerides; confirmation disposition not retained in columns)=confirmed_planet,false,false,false,false,false,,,,false,,,,,
EPIC_220459477,candidate_like,confirmed_planet,K2_ephemerides.csv (NASA Exoplanet Archive ephemerides; confirmation disposition not retained in columns),,,catalogued_ephemeris_unverified_disposition,,,none_seen,false,true,,Catalogue ephemeris may have been used in legacy segment labelling; verify provenance/disposition,K2_ephemerides.csv (NASA Exoplanet Archive ephemerides; confirmation disposition not retained in columns)=confirmed_planet,false,false,false,false,false,,,,false,,,,,
EPIC_220471666,candidate_like,confirmed_planet,K2_ephemerides.csv (NASA Exoplanet Archive ephemerides; confirmation disposition not retained in columns),,,catalogued_ephemeris_unverified_disposition,,,none_seen,false,true,,Catalogue ephemeris may have been used in legacy segment labelling; verify provenance/disposition,K2_ephemerides.csv (NASA Exoplanet Archive ephemerides; confirmation disposition not retained in columns)=confirmed_planet,false,false,false,false,false,,,,false,,,,,
EPIC_220481411,candidate_like,confirmed_planet,K2_ephemerides.csv (NASA Exoplanet Archive ephemerides; confirmation disposition not retained in columns),,,catalogued_ephemeris_unverified_disposition,,,none_seen,false,true,,Catalogue ephemeris may have been used in legacy segment labelling; verify provenance/disposition,K2_ephemerides.csv (NASA Exoplanet Archive ephemerides; confirmation disposition not retained in columns)=confirmed_planet,false,false,false,false,false,,,,false,,,,,
EPIC_220487418,candidate_like,confirmed_planet,K2_ephemerides.csv (NASA Exoplanet Archive ephemerides; confirmation disposition not retained in columns),,,catalogued_ephemeris_unverified_disposition,,,none_seen,false,true,,Catalogue ephemeris may have been used in legacy segment labelling; verify provenance/disposition,K2_ephemerides.csv (NASA Exoplanet Archive ephemerides; confirmation disposition not retained in columns)=confirmed_planet,false,false,false,false,false,,,,false,,,,,
EPIC_220501947,candidate_like,confirmed_planet,K2_ephemerides.csv (NASA Exoplanet Archive ephemerides; confirmation disposition not retained in columns),,,catalogued_ephemeris_unverified_disposition,,,none_seen,false,true,,Catalogue ephemeris may have been used in legacy segment labelling; verify provenance/disposition,K2_ephemerides.csv (NASA Exoplanet Archive ephemerides; confirmation disposition not retained in columns)=confirmed_planet,false,false,false,false,false,,,,false,,,,,
EPIC_220503236,candidate_like,confirmed_planet,K2_ephemerides.csv (NASA Exoplanet Archive ephemerides; confirmation disposition not retained in columns),,,catalogued_ephemeris_unverified_disposition,,,none_seen,false,true,,Catalogue ephemeris may have been used in legacy segment labelling; verify provenance/disposition,K2_ephemerides.csv (NASA Exoplanet Archive ephemerides; confirmation disposition not retained in columns)=confirmed_planet,false,false,false,false,false,,,,false,,,,,
EPIC_220504338,candidate_like,confirmed_planet,K2_ephemerides.csv (NASA Exoplanet Archive ephemerides; confirmation disposition not retained in columns),,,catalogued_ephemeris_unverified_disposition,,,none_seen,false,true,,Catalogue ephemeris may have been used in legacy segment labelling; verify provenance/disposition,K2_ephemerides.csv (NASA Exoplanet Archive ephemerides; confirmation disposition not retained in columns)=confirmed_planet,false,false,false,false,false,,,,false,,,,,
EPIC_220510874,candidate_like,confirmed_planet,K2_ephemerides.csv (NASA Exoplanet Archive ephemerides; confirmation disposition not retained in columns),,,catalogued_ephemeris_unverified_disposition,,,none_seen,false,true,,Catalogue ephemeris may have been used in legacy segment labelling; verify provenance/disposition,K2_ephemerides.csv (NASA Exoplanet Archive ephemerides; confirmation disposition not retained in columns)=confirmed_planet,false,false,false,false,false,,,,false,,,,,
EPIC_220522262,candidate_like,confirmed_planet,K2_ephemerides.csv (NASA Exoplanet Archive ephemerides; confirmation disposition not retained in columns),,,catalogued_ephemeris_unverified_disposition,,,none_seen,false,true,,Catalogue ephemeris may have been used in legacy segment labelling; verify provenance/disposition,K2_ephemerides.csv (NASA Exoplanet Archive ephemerides; confirmation disposition not retained in columns)=confirmed_planet,false,false,false,false,false,,,,false,,,,,
EPIC_220554210,candidate_like,confirmed_planet,K2_ephemerides.csv (NASA Exoplanet Archive ephemerides; confirmation disposition not retained in columns),,,catalogued_ephemeris_unverified_disposition,,,none_seen,false,true,,Catalogue ephemeris may have been used in legacy segment labelling; verify provenance/disposition,K2_ephemerides.csv (NASA Exoplanet Archive ephemerides; confirmation disposition not retained in columns)=confirmed_planet,false,false,false,false,false,,,,false,,,,,
EPIC_220592745,candidate_like,confirmed_planet,K2_ephemerides.csv (NASA Exoplanet Archive ephemerides; confirmation disposition not retained in columns),,,catalogued_ephemeris_unverified_disposition,,,none_seen,false,true,,Catalogue ephemeris may have been used in legacy segment labelling; verify provenance/disposition,K2_ephemerides.csv (NASA Exoplanet Archive ephemerides; confirmation disposition not retained in columns)=confirmed_planet,false,false,false,false,false,,,,false,,,,,
EPIC_220598331,candidate_like,confirmed_planet,K2_ephemerides.csv (NASA Exoplanet Archive ephemerides; confirmation disposition not retained in columns),,,catalogued_ephemeris_unverified_disposition,,,none_seen,false,true,,Catalogue ephemeris may have been used in legacy segment labelling; verify provenance/disposition,K2_ephemerides.csv (NASA Exoplanet Archive ephemerides; confirmation disposition not retained in columns)=confirmed_planet,false,false,false,false,false,,,,false,,,,,
EPIC_220621087,candidate_like,confirmed_planet,K2_ephemerides.csv (NASA Exoplanet Archive ephemerides; confirmation disposition not retained in columns),,,catalogued_ephemeris_unverified_disposition,,,none_seen,false,true,,Catalogue ephemeris may have been used in legacy segment labelling; verify provenance/disposition,K2_ephemerides.csv (NASA Exoplanet Archive ephemerides; confirmation disposition not retained in columns)=confirmed_planet,false,false,false,false,false,,,,false,,,,,
EPIC_220621788,candidate_like,confirmed_planet,K2_ephemerides.csv (NASA Exoplanet Archive ephemerides; confirmation disposition not retained in columns),,,catalogued_ephemeris_unverified_disposition,,,none_seen,false,true,,Catalogue ephemeris may have been used in legacy segment labelling; verify provenance/disposition,K2_ephemerides.csv (NASA Exoplanet Archive ephemerides; confirmation disposition not retained in columns)=confirmed_planet,false,false,false,false,false,,,,false,,,,,
EPIC_220629489,candidate_like,confirmed_planet,K2_ephemerides.csv (NASA Exoplanet Archive ephemerides; confirmation disposition not retained in columns),,,catalogued_ephemeris_unverified_disposition,,,none_seen,false,true,,Catalogue ephemeris may have been used in legacy segment labelling; verify provenance/disposition,K2_ephemerides.csv (NASA Exoplanet Archive ephemerides; confirmation disposition not retained in columns)=confirmed_planet,false,false,false,false,false,,,,false,,,,,
EPIC_220650439,candidate_like,confirmed_planet,K2_ephemerides.csv (NASA Exoplanet Archive ephemerides; confirmation disposition not retained in columns),,,catalogued_ephemeris_unverified_disposition,,,none_seen,false,true,,Catalogue ephemeris may have been used in legacy segment labelling; verify provenance/disposition,K2_ephemerides.csv (NASA Exoplanet Archive ephemerides; confirmation disposition not retained in columns)=confirmed_planet,false,false,false,false,false,,,,false,,,,,
EPIC_220674823,candidate_like,confirmed_planet,K2_ephemerides.csv (NASA Exoplanet Archive ephemerides; confirmation disposition not retained in columns),,,catalogued_ephemeris_unverified_disposition,,,none_seen,false,true,,Catalogue ephemeris may have been used in legacy segment labelling; verify provenance/disposition,K2_ephemerides.csv (NASA Exoplanet Archive ephemerides; confirmation disposition not retained in columns)=confirmed_planet,false,false,false,false,false,,,,false,,,,,
EPIC_220696233,candidate_like,confirmed_planet,K2_ephemerides.csv (NASA Exoplanet Archive ephemerides; confirmation disposition not retained in columns),,,catalogued_ephemeris_unverified_disposition,,,none_seen,false,true,,Catalogue ephemeris may have been used in legacy segment labelling; verify provenance/disposition,K2_ephemerides.csv (NASA Exoplanet Archive ephemerides; confirmation disposition not retained in columns)=confirmed_planet,false,false,false,false,false,,,,false,,,,,
EPIC_220709978,candidate_like,confirmed_planet,K2_ephemerides.csv (NASA Exoplanet Archive ephemerides; confirmation disposition not retained in columns),,,catalogued_ephemeris_unverified_disposition,,,none_seen,false,true,,Catalogue ephemeris may have been used in legacy segment labelling; verify provenance/disposition,K2_ephemerides.csv (NASA Exoplanet Archive ephemerides; confirmation disposition not retained in columns)=confirmed_planet,false,false,false,false,false,,,,false,,,,,
EPIC_228721452,candidate_like,confirmed_planet,K2_ephemerides.csv (NASA Exoplanet Archive ephemerides; confirmation disposition not retained in columns),,,catalogued_ephemeris_unverified_disposition,,,none_seen,false,true,,Catalogue ephemeris may have been used in legacy segment labelling; verify provenance/disposition,K2_ephemerides.csv (NASA Exoplanet Archive ephemerides; confirmation disposition not retained in columns)=confirmed_planet,false,false,false,false,false,,,,false,,,,,
EPIC_228724232,candidate_like,confirmed_planet,K2_ephemerides.csv (NASA Exoplanet Archive ephemerides; confirmation disposition not retained in columns),,,catalogued_ephemeris_unverified_disposition,,,none_seen,false,true,,Catalogue ephemeris may have been used in legacy segment labelling; verify provenance/disposition,K2_ephemerides.csv (NASA Exoplanet Archive ephemerides; confirmation disposition not retained in columns)=confirmed_planet,false,false,false,false,false,,,,false,,,,,
EPIC_228725791,candidate_like,confirmed_planet,K2_ephemerides.csv (NASA Exoplanet Archive ephemerides; confirmation disposition not retained in columns),,,catalogued_ephemeris_unverified_disposition,,,none_seen,false,true,,Catalogue ephemeris may have been used in legacy segment labelling; verify provenance/disposition,K2_ephemerides.csv (NASA Exoplanet Archive ephemerides; confirmation disposition not retained in columns)=confirmed_planet,false,false,false,false,false,,,,false,,,,,
EPIC_228725972,candidate_like,confirmed_planet,K2_ephemerides.csv (NASA Exoplanet Archive ephemerides; confirmation disposition not retained in columns),,,catalogued_ephemeris_unverified_disposition,,,none_seen,false,true,,Catalogue ephemeris may have been used in legacy segment labelling; verify provenance/disposition,K2_ephemerides.csv (NASA Exoplanet Archive ephemerides; confirmation disposition not retained in columns)=confirmed_planet,false,false,false,false,false,,,,false,,,,,
EPIC_228732031,candidate_like,confirmed_planet,K2_ephemerides.csv (NASA Exoplanet Archive ephemerides; confirmation disposition not retained in columns),,,catalogued_ephemeris_unverified_disposition,,,none_seen,false,true,,Catalogue ephemeris may have been used in legacy segment labelling; verify provenance/disposition,K2_ephemerides.csv (NASA Exoplanet Archive ephemerides; confirmation disposition not retained in columns)=confirmed_planet,false,false,false,false,false,,,,false,,,,,
EPIC_228734900,candidate_like,confirmed_planet,K2_ephemerides.csv (NASA Exoplanet Archive ephemerides; confirmation disposition not retained in columns),,,catalogued_ephemeris_unverified_disposition,,,none_seen,false,true,,Catalogue ephemeris may have been used in legacy segment labelling; verify provenance/disposition,K2_ephemerides.csv (NASA Exoplanet Archive ephemerides; confirmation disposition not retained in columns)=confirmed_planet,false,false,false,false,false,,,,false,,,,,
EPIC_228735255,candidate_like,confirmed_planet,K2_ephemerides.csv (NASA Exoplanet Archive ephemerides; confirmation disposition not retained in columns),,,catalogued_ephemeris_unverified_disposition,,,none_seen,false,true,,Catalogue ephemeris may have been used in legacy segment labelling; verify provenance/disposition,K2_ephemerides.csv (NASA Exoplanet Archive ephemerides; confirmation disposition not retained in columns)=confirmed_planet,false,false,false,false,false,,,,false,,,,,
EPIC_228736155,candidate_like,confirmed_planet,K2_ephemerides.csv (NASA Exoplanet Archive ephemerides; confirmation disposition not retained in columns),,,catalogued_ephemeris_unverified_disposition,,,none_seen,false,true,,Catalogue ephemeris may have been used in legacy segment labelling; verify provenance/disposition,K2_ephemerides.csv (NASA Exoplanet Archive ephemerides; confirmation disposition not retained in columns)=confirmed_planet,false,false,false,false,false,,,,false,,,,,
EPIC_228739306,candidate_like,confirmed_planet,K2_ephemerides.csv (NASA Exoplanet Archive ephemerides; confirmation disposition not retained in columns),,,catalogued_ephemeris_unverified_disposition,,,none_seen,false,true,,Catalogue ephemeris may have been used in legacy segment labelling; verify provenance/disposition,K2_ephemerides.csv (NASA Exoplanet Archive ephemerides; confirmation disposition not retained in columns)=confirmed_planet,false,false,false,false,false,,,,false,,,,,
EPIC_228748383,candidate_like,confirmed_planet,K2_ephemerides.csv (NASA Exoplanet Archive ephemerides; confirmation disposition not retained in columns),,,catalogued_ephemeris_unverified_disposition,,,none_seen,false,true,,Catalogue ephemeris may have been used in legacy segment labelling; verify provenance/disposition,K2_ephemerides.csv (NASA Exoplanet Archive ephemerides; confirmation disposition not retained in columns)=confirmed_planet,false,false,false,false,false,,,,false,,,,,
EPIC_228748826,candidate_like,confirmed_planet,K2_ephemerides.csv (NASA Exoplanet Archive ephemerides; confirmation disposition not retained in columns),,,catalogued_ephemeris_unverified_disposition,,,none_seen,false,true,,Catalogue ephemeris may have been used in legacy segment labelling; verify provenance/disposition,K2_ephemerides.csv (NASA Exoplanet Archive ephemerides; confirmation disposition not retained in columns)=confirmed_planet,false,false,false,false,false,,,,false,,,,,
EPIC_228754001,candidate_like,confirmed_planet,K2_ephemerides.csv (NASA Exoplanet Archive ephemerides; confirmation disposition not retained in columns),,,catalogued_ephemeris_unverified_disposition,,,none_seen,false,true,,Catalogue ephemeris may have been used in legacy segment labelling; verify provenance/disposition,K2_ephemerides.csv (NASA Exoplanet Archive ephemerides; confirmation disposition not retained in columns)=confirmed_planet,false,false,false,false,false,,,,false,,,,,
EPIC_228758778,candidate_like,confirmed_planet,K2_ephemerides.csv (NASA Exoplanet Archive ephemerides; confirmation disposition not retained in columns),,,catalogued_ephemeris_unverified_disposition,,,none_seen,false,true,,Catalogue ephemeris may have been used in legacy segment labelling; verify provenance/disposition,K2_ephemerides.csv (NASA Exoplanet Archive ephemerides; confirmation disposition not retained in columns)=confirmed_planet,false,false,false,false,false,,,,false,,,,,
EPIC_228763938,candidate_like,confirmed_planet,K2_ephemerides.csv (NASA Exoplanet Archive ephemerides; confirmation disposition not retained in columns),,,catalogued_ephemeris_unverified_disposition,,,none_seen,false,true,,Catalogue ephemeris may have been used in legacy segment labelling; verify provenance/disposition,K2_ephemerides.csv (NASA Exoplanet Archive ephemerides; confirmation disposition not retained in columns)=confirmed_planet,false,false,false,false,false,,,,false,,,,,
EPIC_228798746,candidate_like,confirmed_planet,K2_ephemerides.csv (NASA Exoplanet Archive ephemerides; confirmation disposition not retained in columns),,,catalogued_ephemeris_unverified_disposition,,,none_seen,false,true,,Catalogue ephemeris may have been used in legacy segment labelling; verify provenance/disposition,K2_ephemerides.csv (NASA Exoplanet Archive ephemerides; confirmation disposition not retained in columns)=confirmed_planet,false,false,false,false,false,,,,false,,,,,
EPIC_228801451,candidate_like,confirmed_planet,K2_ephemerides.csv (NASA Exoplanet Archive ephemerides; confirmation disposition not retained in columns),,,catalogued_ephemeris_unverified_disposition,,,none_seen,false,true,,Catalogue ephemeris may have been used in legacy segment labelling; verify provenance/disposition,K2_ephemerides.csv (NASA Exoplanet Archive ephemerides; confirmation disposition not retained in columns)=confirmed_planet,false,false,false,false,false,,,,false,,,,,
EPIC_228804845,candidate_like,confirmed_planet,K2_ephemerides.csv (NASA Exoplanet Archive ephemerides; confirmation disposition not retained in columns),,,catalogued_ephemeris_unverified_disposition,,,none_seen,false,true,,Catalogue ephemeris may have been used in legacy segment labelling; verify provenance/disposition,K2_ephemerides.csv (NASA Exoplanet Archive ephemerides; confirmation disposition not retained in columns)=confirmed_planet,false,false,false,false,false,,,,false,,,,,
EPIC_228809550,candidate_like,confirmed_planet,K2_ephemerides.csv (NASA Exoplanet Archive ephemerides; confirmation disposition not retained in columns),,,catalogued_ephemeris_unverified_disposition,,,none_seen,false,true,,Catalogue ephemeris may have been used in legacy segment labelling; verify provenance/disposition,K2_ephemerides.csv (NASA Exoplanet Archive ephemerides; confirmation disposition not retained in columns)=confirmed_planet,false,false,false,false,false,,,,false,,,,,
EPIC_228813918,candidate_like,confirmed_planet,K2_ephemerides.csv (NASA Exoplanet Archive ephemerides; confirmation disposition not retained in columns),,,catalogued_ephemeris_unverified_disposition,,,none_seen,false,true,,Catalogue ephemeris may have been used in legacy segment labelling; verify provenance/disposition,K2_ephemerides.csv (NASA Exoplanet Archive ephemerides; confirmation disposition not retained in columns)=confirmed_planet,false,false,false,false,false,,,,false,,,,,
EPIC_228836835,candidate_like,confirmed_planet,K2_ephemerides.csv (NASA Exoplanet Archive ephemerides; confirmation disposition not retained in columns),,,catalogued_ephemeris_unverified_disposition,,,none_seen,false,true,,Catalogue ephemeris may have been used in legacy segment labelling; verify provenance/disposition,K2_ephemerides.csv (NASA Exoplanet Archive ephemerides; confirmation disposition not retained in columns)=confirmed_planet,false,false,false,false,false,,,,false,,,,,
EPIC_228849382,candidate_like,confirmed_planet,K2_ephemerides.csv (NASA Exoplanet Archive ephemerides; confirmation disposition not retained in columns),,,catalogued_ephemeris_unverified_disposition,,,none_seen,false,true,,Catalogue ephemeris may have been used in legacy segment labelling; verify provenance/disposition,K2_ephemerides.csv (NASA Exoplanet Archive ephemerides; confirmation disposition not retained in columns)=confirmed_planet,false,false,false,false,false,,,,false,,,,,
EPIC_228894622,candidate_like,confirmed_planet,K2_ephemerides.csv (NASA Exoplanet Archive ephemerides; confirmation disposition not retained in columns),,,catalogued_ephemeris_unverified_disposition,,,none_seen,false,true,,Catalogue ephemeris may have been used in legacy segment labelling; verify provenance/disposition,K2_ephemerides.csv (NASA Exoplanet Archive ephemerides; confirmation disposition not retained in columns)=confirmed_planet,false,false,false,false,false,,,,false,,,,,
EPIC_228934525,candidate_like,confirmed_planet,K2_ephemerides.csv (NASA Exoplanet Archive ephemerides; confirmation disposition not retained in columns),,,catalogued_ephemeris_unverified_disposition,,,none_seen,false,true,,Catalogue ephemeris may have been used in legacy segment labelling; verify provenance/disposition,K2_ephemerides.csv (NASA Exoplanet Archive ephemerides; confirmation disposition not retained in columns)=confirmed_planet,false,false,false,false,false,,,,false,,,,,
EPIC_228974324,candidate_like,confirmed_planet,K2_ephemerides.csv (NASA Exoplanet Archive ephemerides; confirmation disposition not retained in columns),,,catalogued_ephemeris_unverified_disposition,,,none_seen,false,true,,Catalogue ephemeris may have been used in legacy segment labelling; verify provenance/disposition,K2_ephemerides.csv (NASA Exoplanet Archive ephemerides; confirmation disposition not retained in columns)=confirmed_planet,false,false,false,false,false,,,,false,,,,,
EPIC_229004835,candidate_like,confirmed_planet,K2_ephemerides.csv (NASA Exoplanet Archive ephemerides; confirmation disposition not retained in columns),,,catalogued_ephemeris_unverified_disposition,,,none_seen,false,true,,Catalogue ephemeris may have been used in legacy segment labelling; verify provenance/disposition,K2_ephemerides.csv (NASA Exoplanet Archive ephemerides; confirmation disposition not retained in columns)=confirmed_planet,false,false,false,false,false,,,,false,,,,,
EPIC_229017395,candidate_like,confirmed_planet,K2_ephemerides.csv (NASA Exoplanet Archive ephemerides; confirmation disposition not retained in columns),,,catalogued_ephemeris_unverified_disposition,,,none_seen,false,true,,Catalogue ephemeris may have been used in legacy segment labelling; verify provenance/disposition,K2_ephemerides.csv (NASA Exoplanet Archive ephemerides; confirmation disposition not retained in columns)=confirmed_planet,false,false,false,false,false,,,,false,,,,,
EPIC_229131722,candidate_like,confirmed_planet,K2_ephemerides.csv (NASA Exoplanet Archive ephemerides; confirmation disposition not retained in columns),,,catalogued_ephemeris_unverified_disposition,,,none_seen,false,true,,Catalogue ephemeris may have been used in legacy segment labelling; verify provenance/disposition,K2_ephemerides.csv (NASA Exoplanet Archive ephemerides; confirmation disposition not retained in columns)=confirmed_planet,false,false,false,false,false,,,,false,,,,,
EPIC_229426032,candidate_like,confirmed_planet,K2_ephemerides.csv (NASA Exoplanet Archive ephemerides; confirmation disposition not retained in columns),,,catalogued_ephemeris_unverified_disposition,,,none_seen,false,true,,Catalogue ephemeris may have been used in legacy segment labelling; verify provenance/disposition,K2_ephemerides.csv (NASA Exoplanet Archive ephemerides; confirmation disposition not retained in columns)=confirmed_planet,false,false,false,false,false,,,,false,,,,,
EPIC_245943455,candidate_like,confirmed_planet,K2_ephemerides.csv (NASA Exoplanet Archive ephemerides; confirmation disposition not retained in columns),,,catalogued_ephemeris_unverified_disposition,,,none_seen,false,true,,Catalogue ephemeris may have been used in legacy segment labelling; verify provenance/disposition,K2_ephemerides.csv (NASA Exoplanet Archive ephemerides; confirmation disposition not retained in columns)=confirmed_planet,false,false,false,false,false,,,,false,,,,,
EPIC_245950175,candidate_like,confirmed_planet,K2_ephemerides.csv (NASA Exoplanet Archive ephemerides; confirmation disposition not retained in columns),,,catalogued_ephemeris_unverified_disposition,,,none_seen,false,true,,Catalogue ephemeris may have been used in legacy segment labelling; verify provenance/disposition,K2_ephemerides.csv (NASA Exoplanet Archive ephemerides; confirmation disposition not retained in columns)=confirmed_planet,false,false,false,false,false,,,,false,,,,,
EPIC_245978988,candidate_like,confirmed_planet,K2_ephemerides.csv (NASA Exoplanet Archive ephemerides; confirmation disposition not retained in columns),,,catalogued_ephemeris_unverified_disposition,,,none_seen,false,true,,Catalogue ephemeris may have been used in legacy segment labelling; verify provenance/disposition,K2_ephemerides.csv (NASA Exoplanet Archive ephemerides; confirmation disposition not retained in columns)=confirmed_planet,false,false,false,false,false,,,,false,,,,,
EPIC_245991048,candidate_like,confirmed_planet,K2_ephemerides.csv (NASA Exoplanet Archive ephemerides; confirmation disposition not retained in columns),,,catalogued_ephemeris_unverified_disposition,,,none_seen,false,true,,Catalogue ephemeris may have been used in legacy segment labelling; verify provenance/disposition,K2_ephemerides.csv (NASA Exoplanet Archive ephemerides; confirmation disposition not retained in columns)=confirmed_planet,false,false,false,false,false,,,,false,,,,,
EPIC_245995977,candidate_like,confirmed_planet,K2_ephemerides.csv (NASA Exoplanet Archive ephemerides; confirmation disposition not retained in columns),,,catalogued_ephemeris_unverified_disposition,,,none_seen,false,true,,Catalogue ephemeris may have been used in legacy segment labelling; verify provenance/disposition,K2_ephemerides.csv (NASA Exoplanet Archive ephemerides; confirmation disposition not retained in columns)=confirmed_planet,false,false,false,false,false,,,,false,,,,,
EPIC_246067459,candidate_like,confirmed_planet,K2_ephemerides.csv (NASA Exoplanet Archive ephemerides; confirmation disposition not retained in columns),,,catalogued_ephemeris_unverified_disposition,,,none_seen,false,true,,Catalogue ephemeris may have been used in legacy segment labelling; verify provenance/disposition,K2_ephemerides.csv (NASA Exoplanet Archive ephemerides; confirmation disposition not retained in columns)=confirmed_planet,false,false,false,false,false,,,,false,,,,,
EPIC_246074314,candidate_like,confirmed_planet,K2_ephemerides.csv (NASA Exoplanet Archive ephemerides; confirmation disposition not retained in columns),,,catalogued_ephemeris_unverified_disposition,,,none_seen,false,true,,Catalogue ephemeris may have been used in legacy segment labelling; verify provenance/disposition,K2_ephemerides.csv (NASA Exoplanet Archive ephemerides; confirmation disposition not retained in columns)=confirmed_planet,false,false,false,false,false,,,,false,,,,,
EPIC_246078672,candidate_like,confirmed_planet,K2_ephemerides.csv (NASA Exoplanet Archive ephemerides; confirmation disposition not retained in columns),,,catalogued_ephemeris_unverified_disposition,,,none_seen,false,true,,Catalogue ephemeris may have been used in legacy segment labelling; verify provenance/disposition,K2_ephemerides.csv (NASA Exoplanet Archive ephemerides; confirmation disposition not retained in columns)=confirmed_planet,false,false,false,false,false,,,,false,,,,,
EPIC_246084398,candidate_like,confirmed_planet,K2_ephemerides.csv (NASA Exoplanet Archive ephemerides; confirmation disposition not retained in columns),,,catalogued_ephemeris_unverified_disposition,,,none_seen,false,true,,Catalogue ephemeris may have been used in legacy segment labelling; verify provenance/disposition,K2_ephemerides.csv (NASA Exoplanet Archive ephemerides; confirmation disposition not retained in columns)=confirmed_planet,false,false,false,false,false,,,,false,,,,,
EPIC_246151543,candidate_like,confirmed_planet,K2_ephemerides.csv (NASA Exoplanet Archive ephemerides; confirmation disposition not retained in columns),,,catalogued_ephemeris_unverified_disposition,,,none_seen,false,true,,Catalogue ephemeris may have been used in legacy segment labelling; verify provenance/disposition,K2_ephemerides.csv (NASA Exoplanet Archive ephemerides; confirmation disposition not retained in columns)=confirmed_planet,false,false,false,false,false,,,,false,,,,,
EPIC_246191231,candidate_like,confirmed_planet,K2_ephemerides.csv (NASA Exoplanet Archive ephemerides; confirmation disposition not retained in columns),,,catalogued_ephemeris_unverified_disposition,,,none_seen,false,true,,Catalogue ephemeris may have been used in legacy segment labelling; verify provenance/disposition,K2_ephemerides.csv (NASA Exoplanet Archive ephemerides; confirmation disposition not retained in columns)=confirmed_planet,false,false,false,false,false,,,,false,,,,,
EPIC_246193072,candidate_like,confirmed_planet,K2_ephemerides.csv (NASA Exoplanet Archive ephemerides; confirmation disposition not retained in columns),,,catalogued_ephemeris_unverified_disposition,,,none_seen,false,true,,Catalogue ephemeris may have been used in legacy segment labelling; verify provenance/disposition,K2_ephemerides.csv (NASA Exoplanet Archive ephemerides; confirmation disposition not retained in columns)=confirmed_planet,false,false,false,false,false,,,,false,,,,,
EPIC_246199087,candidate_like,confirmed_planet,K2_ephemerides.csv (NASA Exoplanet Archive ephemerides; confirmation disposition not retained in columns),,,catalogued_ephemeris_unverified_disposition,,,none_seen,false,true,,Catalogue ephemeris may have been used in legacy segment labelling; verify provenance/disposition,K2_ephemerides.csv (NASA Exoplanet Archive ephemerides; confirmation disposition not retained in columns)=confirmed_planet,false,false,false,false,false,,,,false,,,,,
EPIC_246389858,candidate_like,confirmed_planet,K2_ephemerides.csv (NASA Exoplanet Archive ephemerides; confirmation disposition not retained in columns),,,catalogued_ephemeris_unverified_disposition,,,none_seen,false,true,,Catalogue ephemeris may have been used in legacy segment labelling; verify provenance/disposition,K2_ephemerides.csv (NASA Exoplanet Archive ephemerides; confirmation disposition not retained in columns)=confirmed_planet,false,false,false,false,false,,,,false,,,,,
EPIC_246393474,candidate_like,confirmed_planet,K2_ephemerides.csv (NASA Exoplanet Archive ephemerides; confirmation disposition not retained in columns),,,catalogued_ephemeris_unverified_disposition,,,none_seen,false,true,,Catalogue ephemeris may have been used in legacy segment labelling; verify provenance/disposition,K2_ephemerides.csv (NASA Exoplanet Archive ephemerides; confirmation disposition not retained in columns)=confirmed_planet,false,false,false,false,false,,,,false,,,,,
EPIC_246441449,candidate_like,confirmed_planet,K2_ephemerides.csv (NASA Exoplanet Archive ephemerides; confirmation disposition not retained in columns),,,catalogued_ephemeris_unverified_disposition,,,none_seen,false,true,,Catalogue ephemeris may have been used in legacy segment labelling; verify provenance/disposition,K2_ephemerides.csv (NASA Exoplanet Archive ephemerides; confirmation disposition not retained in columns)=confirmed_planet,false,false,false,false,false,,,,false,,,,,
EPIC_246471491,candidate_like,confirmed_planet,K2_ephemerides.csv (NASA Exoplanet Archive ephemerides; confirmation disposition not retained in columns),,,catalogued_ephemeris_unverified_disposition,,,none_seen,false,true,,Catalogue ephemeris may have been used in legacy segment labelling; verify provenance/disposition,K2_ephemerides.csv (NASA Exoplanet Archive ephemerides; confirmation disposition not retained in columns)=confirmed_planet,false,false,false,false,false,,,,false,,,,,
EPIC_246851721,candidate_like,confirmed_planet,K2_ephemerides.csv (NASA Exoplanet Archive ephemerides; confirmation disposition not retained in columns),,,catalogued_ephemeris_unverified_disposition,,,none_seen,false,true,,Catalogue ephemeris may have been used in legacy segment labelling; verify provenance/disposition,K2_ephemerides.csv (NASA Exoplanet Archive ephemerides; confirmation disposition not retained in columns)=confirmed_planet,false,false,false,false,false,,,,false,,,,,
EPIC_246865365,candidate_like,confirmed_planet,K2_ephemerides.csv (NASA Exoplanet Archive ephemerides; confirmation disposition not retained in columns),,,catalogued_ephemeris_unverified_disposition,,,none_seen,false,true,,Catalogue ephemeris may have been used in legacy segment labelling; verify provenance/disposition,K2_ephemerides.csv (NASA Exoplanet Archive ephemerides; confirmation disposition not retained in columns)=confirmed_planet,false,false,false,false,false,,,,false,,,,,
EPIC_246876040,candidate_like,confirmed_planet,K2_ephemerides.csv (NASA Exoplanet Archive ephemerides; confirmation disposition not retained in columns),,,catalogued_ephemeris_unverified_disposition,,,none_seen,false,true,,Catalogue ephemeris may have been used in legacy segment labelling; verify provenance/disposition,K2_ephemerides.csv (NASA Exoplanet Archive ephemerides; confirmation disposition not retained in columns)=confirmed_planet,false,false,false,false,false,,,,false,,,,,
EPIC_246891819,candidate_like,confirmed_planet,K2_ephemerides.csv (NASA Exoplanet Archive ephemerides; confirmation disposition not retained in columns),,,catalogued_ephemeris_unverified_disposition,,,none_seen,false,true,,Catalogue ephemeris may have been used in legacy segment labelling; verify provenance/disposition,K2_ephemerides.csv (NASA Exoplanet Archive ephemerides; confirmation disposition not retained in columns)=confirmed_planet,false,false,false,false,false,,,,false,,,,,
EPIC_246911830,candidate_like,confirmed_planet,K2_ephemerides.csv (NASA Exoplanet Archive ephemerides; confirmation disposition not retained in columns),,,catalogued_ephemeris_unverified_disposition,,,none_seen,false,true,,Catalogue ephemeris may have been used in legacy segment labelling; verify provenance/disposition,K2_ephemerides.csv (NASA Exoplanet Archive ephemerides; confirmation disposition not retained in columns)=confirmed_planet,false,false,false,false,false,,,,false,,,,,
EPIC_246953392,candidate_like,confirmed_planet,K2_ephemerides.csv (NASA Exoplanet Archive ephemerides; confirmation disposition not retained in columns),,,catalogued_ephemeris_unverified_disposition,,,none_seen,false,true,,Catalogue ephemeris may have been used in legacy segment labelling; verify provenance/disposition,K2_ephemerides.csv (NASA Exoplanet Archive ephemerides; confirmation disposition not retained in columns)=confirmed_planet,false,false,false,false,false,,,,false,,,,,
EPIC_247098361,candidate_like,confirmed_planet,K2_ephemerides.csv (NASA Exoplanet Archive ephemerides; confirmation disposition not retained in columns),,,catalogued_ephemeris_unverified_disposition,,,none_seen,false,true,,Catalogue ephemeris may have been used in legacy segment labelling; verify provenance/disposition,K2_ephemerides.csv (NASA Exoplanet Archive ephemerides; confirmation disposition not retained in columns)=confirmed_planet,false,false,false,false,false,,,,false,,,,,
EPIC_247267267,candidate_like,confirmed_planet,K2_ephemerides.csv (NASA Exoplanet Archive ephemerides; confirmation disposition not retained in columns),,,catalogued_ephemeris_unverified_disposition,,,none_seen,false,true,,Catalogue ephemeris may have been used in legacy segment labelling; verify provenance/disposition,K2_ephemerides.csv (NASA Exoplanet Archive ephemerides; confirmation disposition not retained in columns)=confirmed_planet,false,false,false,false,false,,,,false,,,,,
EPIC_247383003,candidate_like,confirmed_planet,K2_ephemerides.csv (NASA Exoplanet Archive ephemerides; confirmation disposition not retained in columns),,,catalogued_ephemeris_unverified_disposition,,,none_seen,false,true,,Catalogue ephemeris may have been used in legacy segment labelling; verify provenance/disposition,K2_ephemerides.csv (NASA Exoplanet Archive ephemerides; confirmation disposition not retained in columns)=confirmed_planet,false,false,false,false,false,,,,false,,,,,
EPIC_247418783,candidate_like,confirmed_planet,K2_ephemerides.csv (NASA Exoplanet Archive ephemerides; confirmation disposition not retained in columns),,,catalogued_ephemeris_unverified_disposition,,,none_seen,false,true,,Catalogue ephemeris may have been used in legacy segment labelling; verify provenance/disposition,K2_ephemerides.csv (NASA Exoplanet Archive ephemerides; confirmation disposition not retained in columns)=confirmed_planet,false,false,false,false,false,,,,false,,,,,
EPIC_247589423,candidate_like,confirmed_planet,K2_ephemerides.csv (NASA Exoplanet Archive ephemerides; confirmation disposition not retained in columns),,,catalogued_ephemeris_unverified_disposition,,,none_seen,false,true,,Catalogue ephemeris may have been used in legacy segment labelling; verify provenance/disposition,K2_ephemerides.csv (NASA Exoplanet Archive ephemerides; confirmation disposition not retained in columns)=confirmed_planet,false,false,false,false,false,,,,false,,,,,
EPIC_247887989,candidate_like,confirmed_planet,K2_ephemerides.csv (NASA Exoplanet Archive ephemerides; confirmation disposition not retained in columns),,,catalogued_ephemeris_unverified_disposition,,,none_seen,false,true,,Catalogue ephemeris may have been used in legacy segment labelling; verify provenance/disposition,K2_ephemerides.csv (NASA Exoplanet Archive ephemerides; confirmation disposition not retained in columns)=confirmed_planet,false,false,false,false,false,,,,false,,,,,
EPIC_248435473,candidate_like,confirmed_planet,K2_ephemerides.csv (NASA Exoplanet Archive ephemerides; confirmation disposition not retained in columns),,,catalogued_ephemeris_unverified_disposition,,,none_seen,false,true,,Catalogue ephemeris may have been used in legacy segment labelling; verify provenance/disposition,K2_ephemerides.csv (NASA Exoplanet Archive ephemerides; confirmation disposition not retained in columns)=confirmed_planet,false,false,false,false,false,,,,false,,,,,
EPIC_248463350,candidate_like,confirmed_planet,K2_ephemerides.csv (NASA Exoplanet Archive ephemerides; confirmation disposition not retained in columns),,,catalogued_ephemeris_unverified_disposition,,,none_seen,false,true,,Catalogue ephemeris may have been used in legacy segment labelling; verify provenance/disposition,K2_ephemerides.csv (NASA Exoplanet Archive ephemerides; confirmation disposition not retained in columns)=confirmed_planet,false,false,false,false,false,,,,false,,,,,
EPIC_248480671,candidate_like,confirmed_planet,K2_ephemerides.csv (NASA Exoplanet Archive ephemerides; confirmation disposition not retained in columns),,,catalogued_ephemeris_unverified_disposition,,,none_seen,false,true,,Catalogue ephemeris may have been used in legacy segment labelling; verify provenance/disposition,K2_ephemerides.csv (NASA Exoplanet Archive ephemerides; confirmation disposition not retained in columns)=confirmed_planet,false,false,false,false,false,,,,false,,,,,
EPIC_248518307,candidate_like,confirmed_planet,K2_ephemerides.csv (NASA Exoplanet Archive ephemerides; confirmation disposition not retained in columns),,,catalogued_ephemeris_unverified_disposition,,,none_seen,false,true,,Catalogue ephemeris may have been used in legacy segment labelling; verify provenance/disposition,K2_ephemerides.csv (NASA Exoplanet Archive ephemerides; confirmation disposition not retained in columns)=confirmed_planet,false,false,false,false,false,,,,false,,,,,
EPIC_248527514,candidate_like,confirmed_planet,K2_ephemerides.csv (NASA Exoplanet Archive ephemerides; confirmation disposition not retained in columns),,,catalogued_ephemeris_unverified_disposition,,,none_seen,false,true,,Catalogue ephemeris may have been used in legacy segment labelling; verify provenance/disposition,K2_ephemerides.csv (NASA Exoplanet Archive ephemerides; confirmation disposition not retained in columns)=confirmed_planet,false,false,false,false,false,,,,false,,,,,
EPIC_248545986,candidate_like,confirmed_planet,K2_ephemerides.csv (NASA Exoplanet Archive ephemerides; confirmation disposition not retained in columns),,,catalogued_ephemeris_unverified_disposition,,,none_seen,false,true,,Catalogue ephemeris may have been used in legacy segment labelling; verify provenance/disposition,K2_ephemerides.csv (NASA Exoplanet Archive ephemerides; confirmation disposition not retained in columns)=confirmed_planet,false,false,false,false,false,,,,false,,,,,
EPIC_248621597,candidate_like,confirmed_planet,K2_ephemerides.csv (NASA Exoplanet Archive ephemerides; confirmation disposition not retained in columns),,,catalogued_ephemeris_unverified_disposition,,,none_seen,false,true,,Catalogue ephemeris may have been used in legacy segment labelling; verify provenance/disposition,K2_ephemerides.csv (NASA Exoplanet Archive ephemerides; confirmation disposition not retained in columns)=confirmed_planet,false,false,false,false,false,,,,false,,,,,
EPIC_248758353,candidate_like,confirmed_planet,K2_ephemerides.csv (NASA Exoplanet Archive ephemerides; confirmation disposition not retained in columns),,,catalogued_ephemeris_unverified_disposition,,,none_seen,false,true,,Catalogue ephemeris may have been used in legacy segment labelling; verify provenance/disposition,K2_ephemerides.csv (NASA Exoplanet Archive ephemerides; confirmation disposition not retained in columns)=confirmed_planet,false,false,false,false,false,,,,false,,,,,
EPIC_248777106,candidate_like,confirmed_planet,K2_ephemerides.csv (NASA Exoplanet Archive ephemerides; confirmation disposition not retained in columns),,,catalogued_ephemeris_unverified_disposition,,,none_seen,false,true,,Catalogue ephemeris may have been used in legacy segment labelling; verify provenance/disposition,K2_ephemerides.csv (NASA Exoplanet Archive ephemerides; confirmation disposition not retained in columns)=confirmed_planet,false,false,false,false,false,,,,false,,,,,
EPIC_248847494,candidate_like,confirmed_planet,K2_ephemerides.csv (NASA Exoplanet Archive ephemerides; confirmation disposition not retained in columns),,,catalogued_ephemeris_unverified_disposition,,,none_seen,false,true,,Catalogue ephemeris may have been used in legacy segment labelling; verify provenance/disposition,K2_ephemerides.csv (NASA Exoplanet Archive ephemerides; confirmation disposition not retained in columns)=confirmed_planet,false,false,false,false,false,,,,false,,,,,
EPIC_248861279,candidate_like,confirmed_planet,K2_ephemerides.csv (NASA Exoplanet Archive ephemerides; confirmation disposition not retained in columns),,,catalogued_ephemeris_unverified_disposition,,,none_seen,false,true,,Catalogue ephemeris may have been used in legacy segment labelling; verify provenance/disposition,K2_ephemerides.csv (NASA Exoplanet Archive ephemerides; confirmation disposition not retained in columns)=confirmed_planet,false,false,false,false,false,,,,false,,,,,
EPIC_248874928,candidate_like,confirmed_planet,K2_ephemerides.csv (NASA Exoplanet Archive ephemerides; confirmation disposition not retained in columns),,,catalogued_ephemeris_unverified_disposition,,,none_seen,false,true,,Catalogue ephemeris may have been used in legacy segment labelling; verify provenance/disposition,K2_ephemerides.csv (NASA Exoplanet Archive ephemerides; confirmation disposition not retained in columns)=confirmed_planet,false,false,false,false,false,,,,false,,,,,
EPIC_249223471,candidate_like,confirmed_planet,K2_ephemerides.csv (NASA Exoplanet Archive ephemerides; confirmation disposition not retained in columns),,,catalogued_ephemeris_unverified_disposition,,,none_seen,false,true,,Catalogue ephemeris may have been used in legacy segment labelling; verify provenance/disposition,K2_ephemerides.csv (NASA Exoplanet Archive ephemerides; confirmation disposition not retained in columns)=confirmed_planet,false,false,false,false,false,,,,false,,,,,
EPIC_249403651,candidate_like,confirmed_planet,K2_ephemerides.csv (NASA Exoplanet Archive ephemerides; confirmation disposition not retained in columns),,,catalogued_ephemeris_unverified_disposition,,,none_seen,false,true,,Catalogue ephemeris may have been used in legacy segment labelling; verify provenance/disposition,K2_ephemerides.csv (NASA Exoplanet Archive ephemerides; confirmation disposition not retained in columns)=confirmed_planet,false,false,false,false,false,,,,false,,,,,
EPIC_249622103,candidate_like,confirmed_planet,K2_ephemerides.csv (NASA Exoplanet Archive ephemerides; confirmation disposition not retained in columns),,,catalogued_ephemeris_unverified_disposition,,,none_seen,false,true,,Catalogue ephemeris may have been used in legacy segment labelling; verify provenance/disposition,K2_ephemerides.csv (NASA Exoplanet Archive ephemerides; confirmation disposition not retained in columns)=confirmed_planet,false,false,false,false,false,,,,false,,,,,
EPIC_249624646,candidate_like,confirmed_planet,K2_ephemerides.csv (NASA Exoplanet Archive ephemerides; confirmation disposition not retained in columns),,,catalogued_ephemeris_unverified_disposition,,,none_seen,false,true,,Catalogue ephemeris may have been used in legacy segment labelling; verify provenance/disposition,K2_ephemerides.csv (NASA Exoplanet Archive ephemerides; confirmation disposition not retained in columns)=confirmed_planet,false,false,false,false,false,,,,false,,,,,
EPIC_249631677,candidate_like,confirmed_planet,K2_ephemerides.csv (NASA Exoplanet Archive ephemerides; confirmation disposition not retained in columns),,,catalogued_ephemeris_unverified_disposition,,,none_seen,false,true,,Catalogue ephemeris may have been used in legacy segment labelling; verify provenance/disposition,K2_ephemerides.csv (NASA Exoplanet Archive ephemerides; confirmation disposition not retained in columns)=confirmed_planet,false,false,false,false,false,,,,false,,,,,
EPIC_249801827,candidate_like,confirmed_planet,K2_ephemerides.csv (NASA Exoplanet Archive ephemerides; confirmation disposition not retained in columns),,,catalogued_ephemeris_unverified_disposition,,,none_seen,false,true,,Catalogue ephemeris may have been used in legacy segment labelling; verify provenance/disposition,K2_ephemerides.csv (NASA Exoplanet Archive ephemerides; confirmation disposition not retained in columns)=confirmed_planet,false,false,false,false,false,,,,false,,,,,
EPIC_249816490,candidate_like,confirmed_planet,K2_ephemerides.csv (NASA Exoplanet Archive ephemerides; confirmation disposition not retained in columns),,,catalogued_ephemeris_unverified_disposition,,,none_seen,false,true,,Catalogue ephemeris may have been used in legacy segment labelling; verify provenance/disposition,K2_ephemerides.csv (NASA Exoplanet Archive ephemerides; confirmation disposition not retained in columns)=confirmed_planet,false,false,false,false,false,,,,false,,,,,
EPIC_249889081,candidate_like,confirmed_planet,K2_ephemerides.csv (NASA Exoplanet Archive ephemerides; confirmation disposition not retained in columns),,,catalogued_ephemeris_unverified_disposition,,,none_seen,false,true,,Catalogue ephemeris may have been used in legacy segment labelling; verify provenance/disposition,K2_ephemerides.csv (NASA Exoplanet Archive ephemerides; confirmation disposition not retained in columns)=confirmed_planet,false,false,false,false,false,,,,false,,,,,
EPIC_249893012,candidate_like,confirmed_planet,K2_ephemerides.csv (NASA Exoplanet Archive ephemerides; confirmation disposition not retained in columns),,,catalogued_ephemeris_unverified_disposition,,,none_seen,false,true,,Catalogue ephemeris may have been used in legacy segment labelling; verify provenance/disposition,K2_ephemerides.csv (NASA Exoplanet Archive ephemerides; confirmation disposition not retained in columns)=confirmed_planet,false,false,false,false,false,,,,false,,,,,
EPIC_249910734,candidate_like,confirmed_planet,K2_ephemerides.csv (NASA Exoplanet Archive ephemerides; confirmation disposition not retained in columns),,,catalogued_ephemeris_unverified_disposition,,,none_seen,false,true,,Catalogue ephemeris may have been used in legacy segment labelling; verify provenance/disposition,K2_ephemerides.csv (NASA Exoplanet Archive ephemerides; confirmation disposition not retained in columns)=confirmed_planet,false,false,false,false,false,,,,false,,,,,
EPIC_249924395,candidate_like,confirmed_planet,K2_ephemerides.csv (NASA Exoplanet Archive ephemerides; confirmation disposition not retained in columns),,,catalogued_ephemeris_unverified_disposition,,,none_seen,false,true,,Catalogue ephemeris may have been used in legacy segment labelling; verify provenance/disposition,K2_ephemerides.csv (NASA Exoplanet Archive ephemerides; confirmation disposition not retained in columns)=confirmed_planet,false,false,false,false,false,,,,false,,,,,
EPIC_251279430,candidate_like,confirmed_planet,K2_ephemerides.csv (NASA Exoplanet Archive ephemerides; confirmation disposition not retained in columns),,,catalogued_ephemeris_unverified_disposition,,,none_seen,false,true,,Catalogue ephemeris may have been used in legacy segment labelling; verify provenance/disposition,K2_ephemerides.csv (NASA Exoplanet Archive ephemerides; confirmation disposition not retained in columns)=confirmed_planet,false,false,false,false,false,,,,false,,,,,
EPIC_251319382,candidate_like,confirmed_planet,K2_ephemerides.csv (NASA Exoplanet Archive ephemerides; confirmation disposition not retained in columns),,,catalogued_ephemeris_unverified_disposition,,,none_seen,false,true,,Catalogue ephemeris may have been used in legacy segment labelling; verify provenance/disposition,K2_ephemerides.csv (NASA Exoplanet Archive ephemerides; confirmation disposition not retained in columns)=confirmed_planet,false,false,false,false,false,,,,false,,,,,
EPIC_60017806,candidate_like,confirmed_planet,K2_ephemerides.csv (NASA Exoplanet Archive ephemerides; confirmation disposition not retained in columns),,,catalogued_ephemeris_unverified_disposition,,,none_seen,false,true,,Catalogue ephemeris may have been used in legacy segment labelling; verify provenance/disposition,K2_ephemerides.csv (NASA Exoplanet Archive ephemerides; confirmation disposition not retained in columns)=confirmed_planet,false,false,false,false,false,,,,false,,,,,
EPIC_60021410,candidate_like,confirmed_planet,K2_ephemerides.csv (NASA Exoplanet Archive ephemerides; confirmation disposition not retained in columns),,,catalogued_ephemeris_unverified_disposition,,,none_seen,false,true,,Catalogue ephemeris may have been used in legacy segment labelling; verify provenance/disposition,K2_ephemerides.csv (NASA Exoplanet Archive ephemerides; confirmation disposition not retained in columns)=confirmed_planet,false,false,false,false,false,,,,false,,,,,
